\BOOKMARK [0][-]{chapter.1}{\376\377\0001\000\040\000T\000o\000p\000i\000c\000\040\000I\000n\000d\000e\000x}{}% 1
\BOOKMARK [1][-]{section.1.1}{\376\377\0001\000.\0001\000\040\000T\000o\000p\000i\000c\000s}{chapter.1}% 2
\BOOKMARK [0][-]{chapter.2}{\376\377\0002\000\040\000D\000a\000t\000a\000\040\000S\000t\000r\000u\000c\000t\000u\000r\000e\000\040\000I\000n\000d\000e\000x}{}% 3
\BOOKMARK [1][-]{section.2.1}{\376\377\0002\000.\0001\000\040\000D\000a\000t\000a\000\040\000S\000t\000r\000u\000c\000t\000u\000r\000e\000s}{chapter.2}% 4
\BOOKMARK [0][-]{chapter.3}{\376\377\0003\000\040\000F\000i\000l\000e\000\040\000I\000n\000d\000e\000x}{}% 5
\BOOKMARK [1][-]{section.3.1}{\376\377\0003\000.\0001\000\040\000F\000i\000l\000e\000\040\000L\000i\000s\000t}{chapter.3}% 6
\BOOKMARK [0][-]{chapter.4}{\376\377\0004\000\040\000T\000o\000p\000i\000c\000\040\000D\000o\000c\000u\000m\000e\000n\000t\000a\000t\000i\000o\000n}{}% 7
\BOOKMARK [1][-]{section.4.1}{\376\377\0004\000.\0001\000\040\000A\000P\000I}{chapter.4}% 8
\BOOKMARK [2][-]{subsection.4.1.1}{\376\377\0004\000.\0001\000.\0001\000\040\000D\000e\000t\000a\000i\000l\000e\000d\000\040\000D\000e\000s\000c\000r\000i\000p\000t\000i\000o\000n}{section.4.1}% 9
\BOOKMARK [2][-]{subsection.4.1.2}{\376\377\0004\000.\0001\000.\0002\000\040\000E\000n\000u\000m\000e\000r\000a\000t\000i\000o\000n\000\040\000T\000y\000p\000e\000\040\000D\000o\000c\000u\000m\000e\000n\000t\000a\000t\000i\000o\000n}{section.4.1}% 10
\BOOKMARK [3][-]{subsubsection.4.1.2.1}{\376\377\0004\000.\0001\000.\0002\000.\0001\000\040\000M\000Q\000T\000T\000E\000r\000r\000o\000r\000s}{subsection.4.1.2}% 11
\BOOKMARK [2][-]{subsection.4.1.3}{\376\377\0004\000.\0001\000.\0003\000\040\000F\000u\000n\000c\000t\000i\000o\000n\000\040\000D\000o\000c\000u\000m\000e\000n\000t\000a\000t\000i\000o\000n}{section.4.1}% 12
\BOOKMARK [3][-]{subsubsection.4.1.3.1}{\376\377\0004\000.\0001\000.\0003\000.\0001\000\040\000m\000q\000t\000t\000\137\000c\000o\000n\000n\000e\000c\000t\000\050\000\051}{subsection.4.1.3}% 13
\BOOKMARK [3][-]{subsubsection.4.1.3.2}{\376\377\0004\000.\0001\000.\0003\000.\0002\000\040\000m\000q\000t\000t\000\137\000d\000i\000s\000c\000o\000n\000n\000e\000c\000t\000\050\000\051}{subsection.4.1.3}% 14
\BOOKMARK [3][-]{subsubsection.4.1.3.3}{\376\377\0004\000.\0001\000.\0003\000.\0003\000\040\000m\000q\000t\000t\000\137\000e\000r\000r\000o\000r\000\137\000s\000t\000r\000\050\000\051}{subsection.4.1.3}% 15
\BOOKMARK [3][-]{subsubsection.4.1.3.4}{\376\377\0004\000.\0001\000.\0003\000.\0004\000\040\000m\000q\000t\000t\000\137\000i\000n\000i\000t\000\050\000\051}{subsection.4.1.3}% 16
\BOOKMARK [3][-]{subsubsection.4.1.3.5}{\376\377\0004\000.\0001\000.\0003\000.\0005\000\040\000m\000q\000t\000t\000\137\000i\000n\000i\000t\000\137\000r\000e\000c\000o\000n\000n\000e\000c\000t\000\050\000\051}{subsection.4.1.3}% 17
\BOOKMARK [3][-]{subsubsection.4.1.3.6}{\376\377\0004\000.\0001\000.\0003\000.\0006\000\040\000m\000q\000t\000t\000\137\000p\000i\000n\000g\000\050\000\051}{subsection.4.1.3}% 18
\BOOKMARK [3][-]{subsubsection.4.1.3.7}{\376\377\0004\000.\0001\000.\0003\000.\0007\000\040\000m\000q\000t\000t\000\137\000p\000u\000b\000l\000i\000s\000h\000\050\000\051}{subsection.4.1.3}% 19
\BOOKMARK [3][-]{subsubsection.4.1.3.8}{\376\377\0004\000.\0001\000.\0003\000.\0008\000\040\000m\000q\000t\000t\000\137\000r\000e\000c\000o\000n\000n\000e\000c\000t\000\050\000\051}{subsection.4.1.3}% 20
\BOOKMARK [3][-]{subsubsection.4.1.3.9}{\376\377\0004\000.\0001\000.\0003\000.\0009\000\040\000m\000q\000t\000t\000\137\000r\000e\000i\000n\000i\000t\000\050\000\051}{subsection.4.1.3}% 21
\BOOKMARK [3][-]{subsubsection.4.1.3.10}{\376\377\0004\000.\0001\000.\0003\000.\0001\0000\000\040\000m\000q\000t\000t\000\137\000s\000u\000b\000s\000c\000r\000i\000b\000e\000\050\000\051}{subsection.4.1.3}% 22
\BOOKMARK [3][-]{subsubsection.4.1.3.11}{\376\377\0004\000.\0001\000.\0003\000.\0001\0001\000\040\000m\000q\000t\000t\000\137\000s\000y\000n\000c\000\050\000\051}{subsection.4.1.3}% 23
\BOOKMARK [3][-]{subsubsection.4.1.3.12}{\376\377\0004\000.\0001\000.\0003\000.\0001\0002\000\040\000m\000q\000t\000t\000\137\000u\000n\000s\000u\000b\000s\000c\000r\000i\000b\000e\000\050\000\051}{subsection.4.1.3}% 24
\BOOKMARK [1][-]{section.4.2}{\376\377\0004\000.\0002\000\040\000C\000o\000n\000t\000r\000o\000l\000\040\000P\000a\000c\000k\000e\000t\000\040\000S\000e\000r\000i\000a\000l\000i\000z\000a\000t\000i\000o\000n}{chapter.4}% 25
\BOOKMARK [2][-]{subsection.4.2.1}{\376\377\0004\000.\0002\000.\0001\000\040\000D\000e\000t\000a\000i\000l\000e\000d\000\040\000D\000e\000s\000c\000r\000i\000p\000t\000i\000o\000n}{section.4.2}% 26
\BOOKMARK [2][-]{subsection.4.2.2}{\376\377\0004\000.\0002\000.\0002\000\040\000M\000a\000c\000r\000o\000\040\000D\000e\000f\000i\000n\000i\000t\000i\000o\000n\000\040\000D\000o\000c\000u\000m\000e\000n\000t\000a\000t\000i\000o\000n}{section.4.2}% 27
\BOOKMARK [3][-]{subsubsection.4.2.2.1}{\376\377\0004\000.\0002\000.\0002\000.\0001\000\040\000M\000Q\000T\000T\000\137\000P\000R\000O\000T\000O\000C\000O\000L\000\137\000L\000E\000V\000E\000L}{subsection.4.2.2}% 28
\BOOKMARK [3][-]{subsubsection.4.2.2.2}{\376\377\0004\000.\0002\000.\0002\000.\0002\000\040\000M\000Q\000T\000T\000\137\000S\000U\000B\000S\000C\000R\000I\000B\000E\000\137\000R\000E\000Q\000U\000E\000S\000T\000\137\000M\000A\000X\000\137\000N\000U\000M\000\137\000T\000O\000P\000I\000C\000S}{subsection.4.2.2}% 29
\BOOKMARK [3][-]{subsubsection.4.2.2.3}{\376\377\0004\000.\0002\000.\0002\000.\0003\000\040\000M\000Q\000T\000T\000\137\000U\000N\000S\000U\000B\000S\000C\000R\000I\000B\000E\000\137\000R\000E\000Q\000U\000E\000S\000T\000\137\000M\000A\000X\000\137\000N\000U\000M\000\137\000T\000O\000P\000I\000C\000S}{subsection.4.2.2}% 30
\BOOKMARK [2][-]{subsection.4.2.3}{\376\377\0004\000.\0002\000.\0003\000\040\000E\000n\000u\000m\000e\000r\000a\000t\000i\000o\000n\000\040\000T\000y\000p\000e\000\040\000D\000o\000c\000u\000m\000e\000n\000t\000a\000t\000i\000o\000n}{section.4.2}% 31
\BOOKMARK [3][-]{subsubsection.4.2.3.1}{\376\377\0004\000.\0002\000.\0003\000.\0001\000\040\000M\000Q\000T\000T\000C\000o\000n\000n\000e\000c\000t\000F\000l\000a\000g\000s}{subsection.4.2.3}% 32
\BOOKMARK [3][-]{subsubsection.4.2.3.2}{\376\377\0004\000.\0002\000.\0003\000.\0002\000\040\000M\000Q\000T\000T\000P\000u\000b\000l\000i\000s\000h\000F\000l\000a\000g\000s}{subsection.4.2.3}% 33
\BOOKMARK [2][-]{subsection.4.2.4}{\376\377\0004\000.\0002\000.\0004\000\040\000F\000u\000n\000c\000t\000i\000o\000n\000\040\000D\000o\000c\000u\000m\000e\000n\000t\000a\000t\000i\000o\000n}{section.4.2}% 34
\BOOKMARK [3][-]{subsubsection.4.2.4.1}{\376\377\0004\000.\0002\000.\0004\000.\0001\000\040\000m\000q\000t\000t\000\137\000p\000a\000c\000k\000\137\000c\000o\000n\000n\000e\000c\000t\000i\000o\000n\000\137\000r\000e\000q\000u\000e\000s\000t\000\050\000\051}{subsection.4.2.4}% 35
\BOOKMARK [3][-]{subsubsection.4.2.4.2}{\376\377\0004\000.\0002\000.\0004\000.\0002\000\040\000m\000q\000t\000t\000\137\000p\000a\000c\000k\000\137\000d\000i\000s\000c\000o\000n\000n\000e\000c\000t\000\050\000\051}{subsection.4.2.4}% 36
\BOOKMARK [3][-]{subsubsection.4.2.4.3}{\376\377\0004\000.\0002\000.\0004\000.\0003\000\040\000m\000q\000t\000t\000\137\000p\000a\000c\000k\000\137\000f\000i\000x\000e\000d\000\137\000h\000e\000a\000d\000e\000r\000\050\000\051}{subsection.4.2.4}% 37
\BOOKMARK [3][-]{subsubsection.4.2.4.4}{\376\377\0004\000.\0002\000.\0004\000.\0004\000\040\000m\000q\000t\000t\000\137\000p\000a\000c\000k\000\137\000p\000i\000n\000g\000\137\000r\000e\000q\000u\000e\000s\000t\000\050\000\051}{subsection.4.2.4}% 38
\BOOKMARK [3][-]{subsubsection.4.2.4.5}{\376\377\0004\000.\0002\000.\0004\000.\0005\000\040\000m\000q\000t\000t\000\137\000p\000a\000c\000k\000\137\000p\000u\000b\000l\000i\000s\000h\000\137\000r\000e\000q\000u\000e\000s\000t\000\050\000\051}{subsection.4.2.4}% 39
\BOOKMARK [3][-]{subsubsection.4.2.4.6}{\376\377\0004\000.\0002\000.\0004\000.\0006\000\040\000m\000q\000t\000t\000\137\000p\000a\000c\000k\000\137\000p\000u\000b\000x\000x\000x\000\137\000r\000e\000q\000u\000e\000s\000t\000\050\000\051}{subsection.4.2.4}% 40
\BOOKMARK [3][-]{subsubsection.4.2.4.7}{\376\377\0004\000.\0002\000.\0004\000.\0007\000\040\000m\000q\000t\000t\000\137\000p\000a\000c\000k\000\137\000s\000u\000b\000s\000c\000r\000i\000b\000e\000\137\000r\000e\000q\000u\000e\000s\000t\000\050\000\051}{subsection.4.2.4}% 41
\BOOKMARK [3][-]{subsubsection.4.2.4.8}{\376\377\0004\000.\0002\000.\0004\000.\0008\000\040\000m\000q\000t\000t\000\137\000p\000a\000c\000k\000\137\000u\000n\000s\000u\000b\000s\000c\000r\000i\000b\000e\000\137\000r\000e\000q\000u\000e\000s\000t\000\050\000\051}{subsection.4.2.4}% 42
\BOOKMARK [1][-]{section.4.3}{\376\377\0004\000.\0003\000\040\000C\000o\000n\000t\000r\000o\000l\000\040\000P\000a\000c\000k\000e\000t\000\040\000D\000e\000s\000e\000r\000i\000a\000l\000i\000z\000a\000t\000i\000o\000n}{chapter.4}% 43
\BOOKMARK [2][-]{subsection.4.3.1}{\376\377\0004\000.\0003\000.\0001\000\040\000D\000e\000t\000a\000i\000l\000e\000d\000\040\000D\000e\000s\000c\000r\000i\000p\000t\000i\000o\000n}{section.4.3}% 44
\BOOKMARK [2][-]{subsection.4.3.2}{\376\377\0004\000.\0003\000.\0002\000\040\000E\000n\000u\000m\000e\000r\000a\000t\000i\000o\000n\000\040\000T\000y\000p\000e\000\040\000D\000o\000c\000u\000m\000e\000n\000t\000a\000t\000i\000o\000n}{section.4.3}% 45
\BOOKMARK [3][-]{subsubsection.4.3.2.1}{\376\377\0004\000.\0003\000.\0002\000.\0001\000\040\000M\000Q\000T\000T\000C\000o\000n\000n\000a\000c\000k\000R\000e\000t\000u\000r\000n\000C\000o\000d\000e}{subsection.4.3.2}% 46
\BOOKMARK [3][-]{subsubsection.4.3.2.2}{\376\377\0004\000.\0003\000.\0002\000.\0002\000\040\000M\000Q\000T\000T\000C\000o\000n\000t\000r\000o\000l\000P\000a\000c\000k\000e\000t\000T\000y\000p\000e}{subsection.4.3.2}% 47
\BOOKMARK [3][-]{subsubsection.4.3.2.3}{\376\377\0004\000.\0003\000.\0002\000.\0003\000\040\000M\000Q\000T\000T\000S\000u\000b\000a\000c\000k\000R\000e\000t\000u\000r\000n\000C\000o\000d\000e\000s}{subsection.4.3.2}% 48
\BOOKMARK [2][-]{subsection.4.3.3}{\376\377\0004\000.\0003\000.\0003\000\040\000F\000u\000n\000c\000t\000i\000o\000n\000\040\000D\000o\000c\000u\000m\000e\000n\000t\000a\000t\000i\000o\000n}{section.4.3}% 49
\BOOKMARK [3][-]{subsubsection.4.3.3.1}{\376\377\0004\000.\0003\000.\0003\000.\0001\000\040\000m\000q\000t\000t\000\137\000u\000n\000p\000a\000c\000k\000\137\000c\000o\000n\000n\000a\000c\000k\000\137\000r\000e\000s\000p\000o\000n\000s\000e\000\050\000\051}{subsection.4.3.3}% 50
\BOOKMARK [3][-]{subsubsection.4.3.3.2}{\376\377\0004\000.\0003\000.\0003\000.\0002\000\040\000m\000q\000t\000t\000\137\000u\000n\000p\000a\000c\000k\000\137\000f\000i\000x\000e\000d\000\137\000h\000e\000a\000d\000e\000r\000\050\000\051}{subsection.4.3.3}% 51
\BOOKMARK [3][-]{subsubsection.4.3.3.3}{\376\377\0004\000.\0003\000.\0003\000.\0003\000\040\000m\000q\000t\000t\000\137\000u\000n\000p\000a\000c\000k\000\137\000p\000u\000b\000l\000i\000s\000h\000\137\000r\000e\000s\000p\000o\000n\000s\000e\000\050\000\051}{subsection.4.3.3}% 52
\BOOKMARK [3][-]{subsubsection.4.3.3.4}{\376\377\0004\000.\0003\000.\0003\000.\0004\000\040\000m\000q\000t\000t\000\137\000u\000n\000p\000a\000c\000k\000\137\000p\000u\000b\000x\000x\000x\000\137\000r\000e\000s\000p\000o\000n\000s\000e\000\050\000\051}{subsection.4.3.3}% 53
\BOOKMARK [3][-]{subsubsection.4.3.3.5}{\376\377\0004\000.\0003\000.\0003\000.\0005\000\040\000m\000q\000t\000t\000\137\000u\000n\000p\000a\000c\000k\000\137\000r\000e\000s\000p\000o\000n\000s\000e\000\050\000\051}{subsection.4.3.3}% 54
\BOOKMARK [1][-]{section.4.4}{\376\377\0004\000.\0004\000\040\000U\000t\000i\000l\000i\000t\000i\000e\000s}{chapter.4}% 55
\BOOKMARK [2][-]{subsection.4.4.1}{\376\377\0004\000.\0004\000.\0001\000\040\000D\000e\000t\000a\000i\000l\000e\000d\000\040\000D\000e\000s\000c\000r\000i\000p\000t\000i\000o\000n}{section.4.4}% 56
\BOOKMARK [2][-]{subsection.4.4.2}{\376\377\0004\000.\0004\000.\0002\000\040\000M\000a\000c\000r\000o\000\040\000D\000e\000f\000i\000n\000i\000t\000i\000o\000n\000\040\000D\000o\000c\000u\000m\000e\000n\000t\000a\000t\000i\000o\000n}{section.4.4}% 57
\BOOKMARK [3][-]{subsubsection.4.4.2.1}{\376\377\0004\000.\0004\000.\0002\000.\0001\000\040\000m\000q\000t\000t\000\137\000m\000q\000\137\000c\000u\000r\000r\000s\000z}{subsection.4.4.2}% 58
\BOOKMARK [3][-]{subsubsection.4.4.2.2}{\376\377\0004\000.\0004\000.\0002\000.\0002\000\040\000m\000q\000t\000t\000\137\000m\000q\000\137\000g\000e\000t}{subsection.4.4.2}% 59
\BOOKMARK [3][-]{subsubsection.4.4.2.3}{\376\377\0004\000.\0004\000.\0002\000.\0003\000\040\000m\000q\000t\000t\000\137\000m\000q\000\137\000l\000e\000n\000g\000t\000h}{subsection.4.4.2}% 60
\BOOKMARK [2][-]{subsection.4.4.3}{\376\377\0004\000.\0004\000.\0003\000\040\000E\000n\000u\000m\000e\000r\000a\000t\000i\000o\000n\000\040\000T\000y\000p\000e\000\040\000D\000o\000c\000u\000m\000e\000n\000t\000a\000t\000i\000o\000n}{section.4.4}% 61
\BOOKMARK [3][-]{subsubsection.4.4.3.1}{\376\377\0004\000.\0004\000.\0003\000.\0001\000\040\000M\000Q\000T\000T\000Q\000u\000e\000u\000e\000d\000M\000e\000s\000s\000a\000g\000e\000S\000t\000a\000t\000e}{subsection.4.4.3}% 62
\BOOKMARK [2][-]{subsection.4.4.4}{\376\377\0004\000.\0004\000.\0004\000\040\000F\000u\000n\000c\000t\000i\000o\000n\000\040\000D\000o\000c\000u\000m\000e\000n\000t\000a\000t\000i\000o\000n}{section.4.4}% 63
\BOOKMARK [3][-]{subsubsection.4.4.4.1}{\376\377\0004\000.\0004\000.\0004\000.\0001\000\040\000\137\000\137\000m\000q\000t\000t\000\137\000n\000e\000x\000t\000\137\000p\000i\000d\000\050\000\051}{subsection.4.4.4}% 64
\BOOKMARK [3][-]{subsubsection.4.4.4.2}{\376\377\0004\000.\0004\000.\0004\000.\0002\000\040\000\137\000\137\000m\000q\000t\000t\000\137\000p\000u\000b\000a\000c\000k\000\050\000\051}{subsection.4.4.4}% 65
\BOOKMARK [3][-]{subsubsection.4.4.4.3}{\376\377\0004\000.\0004\000.\0004\000.\0003\000\040\000\137\000\137\000m\000q\000t\000t\000\137\000p\000u\000b\000c\000o\000m\000p\000\050\000\051}{subsection.4.4.4}% 66
\BOOKMARK [3][-]{subsubsection.4.4.4.4}{\376\377\0004\000.\0004\000.\0004\000.\0004\000\040\000\137\000\137\000m\000q\000t\000t\000\137\000p\000u\000b\000r\000e\000c\000\050\000\051}{subsection.4.4.4}% 67
\BOOKMARK [3][-]{subsubsection.4.4.4.5}{\376\377\0004\000.\0004\000.\0004\000.\0005\000\040\000\137\000\137\000m\000q\000t\000t\000\137\000p\000u\000b\000r\000e\000l\000\050\000\051}{subsection.4.4.4}% 68
\BOOKMARK [3][-]{subsubsection.4.4.4.6}{\376\377\0004\000.\0004\000.\0004\000.\0006\000\040\000\137\000\137\000m\000q\000t\000t\000\137\000r\000e\000c\000v\000\050\000\051}{subsection.4.4.4}% 69
\BOOKMARK [3][-]{subsubsection.4.4.4.7}{\376\377\0004\000.\0004\000.\0004\000.\0007\000\040\000\137\000\137\000m\000q\000t\000t\000\137\000s\000e\000n\000d\000\050\000\051}{subsection.4.4.4}% 70
\BOOKMARK [3][-]{subsubsection.4.4.4.8}{\376\377\0004\000.\0004\000.\0004\000.\0008\000\040\000m\000q\000t\000t\000\137\000m\000q\000\137\000c\000l\000e\000a\000n\000\050\000\051}{subsection.4.4.4}% 71
\BOOKMARK [3][-]{subsubsection.4.4.4.9}{\376\377\0004\000.\0004\000.\0004\000.\0009\000\040\000m\000q\000t\000t\000\137\000m\000q\000\137\000f\000i\000n\000d\000\050\000\051}{subsection.4.4.4}% 72
\BOOKMARK [3][-]{subsubsection.4.4.4.10}{\376\377\0004\000.\0004\000.\0004\000.\0001\0000\000\040\000m\000q\000t\000t\000\137\000m\000q\000\137\000i\000n\000i\000t\000\050\000\051}{subsection.4.4.4}% 73
\BOOKMARK [3][-]{subsubsection.4.4.4.11}{\376\377\0004\000.\0004\000.\0004\000.\0001\0001\000\040\000m\000q\000t\000t\000\137\000m\000q\000\137\000r\000e\000g\000i\000s\000t\000e\000r\000\050\000\051}{subsection.4.4.4}% 74
\BOOKMARK [1][-]{section.4.5}{\376\377\0004\000.\0005\000\040\000P\000l\000a\000t\000f\000o\000r\000m\000\040\000a\000b\000s\000t\000r\000a\000c\000t\000i\000o\000n\000\040\000l\000a\000y\000e\000r}{chapter.4}% 75
\BOOKMARK [2][-]{subsection.4.5.1}{\376\377\0004\000.\0005\000.\0001\000\040\000D\000e\000t\000a\000i\000l\000e\000d\000\040\000D\000e\000s\000c\000r\000i\000p\000t\000i\000o\000n}{section.4.5}% 76
\BOOKMARK [2][-]{subsection.4.5.2}{\376\377\0004\000.\0005\000.\0002\000\040\000F\000u\000n\000c\000t\000i\000o\000n\000\040\000D\000o\000c\000u\000m\000e\000n\000t\000a\000t\000i\000o\000n}{section.4.5}% 77
\BOOKMARK [3][-]{subsubsection.4.5.2.1}{\376\377\0004\000.\0005\000.\0002\000.\0001\000\040\000m\000q\000t\000t\000\137\000p\000a\000l\000\137\000r\000e\000c\000v\000a\000l\000l\000\050\000\051}{subsection.4.5.2}% 78
\BOOKMARK [3][-]{subsubsection.4.5.2.2}{\376\377\0004\000.\0005\000.\0002\000.\0002\000\040\000m\000q\000t\000t\000\137\000p\000a\000l\000\137\000s\000e\000n\000d\000a\000l\000l\000\050\000\051}{subsection.4.5.2}% 79
\BOOKMARK [1][-]{section.4.6}{\376\377\0004\000.\0006\000\040\000A\000D\000C\0003\000:\000\040\000A\000n\000a\000l\000o\000g\000-\000t\000o\000-\000D\000i\000g\000i\000t\000a\000l\000\040\000C\000o\000n\000v\000e\000r\000t\000e\000r\000\040\000w\000i\000t\000h\000\040\000C\000o\000n\000t\000e\000x\000t}{chapter.4}% 80
\BOOKMARK [2][-]{subsection.4.6.1}{\376\377\0004\000.\0006\000.\0001\000\040\000D\000e\000t\000a\000i\000l\000e\000d\000\040\000D\000e\000s\000c\000r\000i\000p\000t\000i\000o\000n}{section.4.6}% 81
\BOOKMARK [2][-]{subsection.4.6.2}{\376\377\0004\000.\0006\000.\0002\000\040\000T\000y\000p\000e\000d\000e\000f\000\040\000D\000o\000c\000u\000m\000e\000n\000t\000a\000t\000i\000o\000n}{section.4.6}% 82
\BOOKMARK [3][-]{subsubsection.4.6.2.1}{\376\377\0004\000.\0006\000.\0002\000.\0001\000\040\000a\000d\000c\000\137\000r\000e\000s\000u\000l\000t\000\137\000t}{subsection.4.6.2}% 83
\BOOKMARK [2][-]{subsection.4.6.3}{\376\377\0004\000.\0006\000.\0003\000\040\000E\000n\000u\000m\000e\000r\000a\000t\000i\000o\000n\000\040\000T\000y\000p\000e\000\040\000D\000o\000c\000u\000m\000e\000n\000t\000a\000t\000i\000o\000n}{section.4.6}% 84
\BOOKMARK [3][-]{subsubsection.4.6.3.1}{\376\377\0004\000.\0006\000.\0003\000.\0001\000\040\000A\000D\000C\000\137\000c\000h\000a\000n\000n\000e\000l\000\137\000t}{subsection.4.6.3}% 85
\BOOKMARK [3][-]{subsubsection.4.6.3.2}{\376\377\0004\000.\0006\000.\0003\000.\0002\000\040\000A\000D\000C\000\137\000c\000o\000n\000t\000e\000x\000t\000\137\000t}{subsection.4.6.3}% 86
\BOOKMARK [2][-]{subsection.4.6.4}{\376\377\0004\000.\0006\000.\0004\000\040\000F\000u\000n\000c\000t\000i\000o\000n\000\040\000D\000o\000c\000u\000m\000e\000n\000t\000a\000t\000i\000o\000n}{section.4.6}% 87
\BOOKMARK [3][-]{subsubsection.4.6.4.1}{\376\377\0004\000.\0006\000.\0004\000.\0001\000\040\000A\000D\000C\000\137\000C\000l\000e\000a\000r\000A\000c\000c\000u\000m\000u\000l\000a\000t\000o\000r\000\050\000\051}{subsection.4.6.4}% 88
\BOOKMARK [3][-]{subsubsection.4.6.4.2}{\376\377\0004\000.\0006\000.\0004\000.\0002\000\040\000A\000D\000C\000\137\000D\000e\000f\000i\000n\000e\000S\000e\000t\000P\000o\000i\000n\000t\000\050\000\051}{subsection.4.6.4}% 89
\BOOKMARK [3][-]{subsubsection.4.6.4.3}{\376\377\0004\000.\0006\000.\0004\000.\0003\000\040\000A\000D\000C\000\137\000D\000i\000s\000a\000b\000l\000e\000C\000h\000a\000n\000n\000e\000l\000S\000c\000a\000n\000\050\000\051}{subsection.4.6.4}% 90
\BOOKMARK [3][-]{subsubsection.4.6.4.4}{\376\377\0004\000.\0006\000.\0004\000.\0004\000\040\000A\000D\000C\000\137\000D\000i\000s\000a\000b\000l\000e\000C\000h\000a\000n\000n\000e\000l\000S\000e\000q\000u\000e\000n\000c\000e\000r\000\050\000\051}{subsection.4.6.4}% 91
\BOOKMARK [3][-]{subsubsection.4.6.4.5}{\376\377\0004\000.\0006\000.\0004\000.\0005\000\040\000A\000D\000C\000\137\000D\000i\000s\000a\000b\000l\000e\000C\000h\000a\000r\000g\000e\000P\000u\000m\000p\000\050\000\051}{subsection.4.6.4}% 92
\BOOKMARK [3][-]{subsubsection.4.6.4.6}{\376\377\0004\000.\0006\000.\0004\000.\0006\000\040\000A\000D\000C\000\137\000D\000i\000s\000a\000b\000l\000e\000C\000o\000n\000t\000i\000n\000u\000o\000u\000s\000C\000o\000n\000v\000e\000r\000s\000i\000o\000n\000\050\000\051}{subsection.4.6.4}% 93
\BOOKMARK [3][-]{subsubsection.4.6.4.7}{\376\377\0004\000.\0006\000.\0004\000.\0007\000\040\000A\000D\000C\000\137\000D\000i\000s\000c\000h\000a\000r\000g\000e\000S\000a\000m\000p\000l\000e\000C\000a\000p\000a\000c\000i\000t\000o\000r\000\050\000\051}{subsection.4.6.4}% 94
\BOOKMARK [3][-]{subsubsection.4.6.4.8}{\376\377\0004\000.\0006\000.\0004\000.\0008\000\040\000A\000D\000C\000\137\000E\000n\000a\000b\000l\000e\000C\000h\000a\000n\000n\000e\000l\000S\000c\000a\000n\000\050\000\051}{subsection.4.6.4}% 95
\BOOKMARK [3][-]{subsubsection.4.6.4.9}{\376\377\0004\000.\0006\000.\0004\000.\0009\000\040\000A\000D\000C\000\137\000E\000n\000a\000b\000l\000e\000C\000h\000a\000n\000n\000e\000l\000S\000e\000q\000u\000e\000n\000c\000e\000r\000\050\000\051}{subsection.4.6.4}% 96
\BOOKMARK [3][-]{subsubsection.4.6.4.10}{\376\377\0004\000.\0006\000.\0004\000.\0001\0000\000\040\000A\000D\000C\000\137\000E\000n\000a\000b\000l\000e\000C\000h\000a\000r\000g\000e\000P\000u\000m\000p\000\050\000\051}{subsection.4.6.4}% 97
\BOOKMARK [3][-]{subsubsection.4.6.4.11}{\376\377\0004\000.\0006\000.\0004\000.\0001\0001\000\040\000A\000D\000C\000\137\000E\000n\000a\000b\000l\000e\000C\000o\000n\000t\000i\000n\000u\000o\000u\000s\000C\000o\000n\000v\000e\000r\000s\000i\000o\000n\000\050\000\051}{subsection.4.6.4}% 98
\BOOKMARK [3][-]{subsubsection.4.6.4.12}{\376\377\0004\000.\0006\000.\0004\000.\0001\0002\000\040\000A\000D\000C\000\137\000E\000n\000a\000b\000l\000e\000D\000o\000u\000b\000l\000e\000S\000a\000m\000p\000l\000i\000n\000g\000\050\000\051}{subsection.4.6.4}% 99
\BOOKMARK [3][-]{subsubsection.4.6.4.13}{\376\377\0004\000.\0006\000.\0004\000.\0001\0003\000\040\000A\000D\000C\000\137\000G\000e\000t\000A\000c\000c\000u\000m\000u\000l\000a\000t\000o\000r\000V\000a\000l\000u\000e\000\050\000\051}{subsection.4.6.4}% 100
\BOOKMARK [3][-]{subsubsection.4.6.4.14}{\376\377\0004\000.\0006\000.\0004\000.\0001\0004\000\040\000A\000D\000C\000\137\000G\000e\000t\000C\000o\000n\000v\000e\000r\000s\000i\000o\000n\000R\000e\000s\000u\000l\000t\000\050\000\051}{subsection.4.6.4}% 101
\BOOKMARK [3][-]{subsubsection.4.6.4.15}{\376\377\0004\000.\0006\000.\0004\000.\0001\0005\000\040\000A\000D\000C\000\137\000G\000e\000t\000C\000o\000n\000v\000e\000r\000s\000i\000o\000n\000S\000t\000a\000g\000e\000S\000t\000a\000t\000u\000s\000\050\000\051}{subsection.4.6.4}% 102
\BOOKMARK [3][-]{subsubsection.4.6.4.16}{\376\377\0004\000.\0006\000.\0004\000.\0001\0006\000\040\000A\000D\000C\000\137\000G\000e\000t\000C\000u\000r\000r\000e\000n\000t\000C\000o\000u\000n\000t\000o\000f\000C\000o\000n\000v\000e\000r\000s\000i\000o\000n\000s\000\050\000\051}{subsection.4.6.4}% 103
\BOOKMARK [3][-]{subsubsection.4.6.4.17}{\376\377\0004\000.\0006\000.\0004\000.\0001\0007\000\040\000A\000D\000C\000\137\000G\000e\000t\000E\000r\000r\000o\000r\000C\000a\000l\000c\000u\000l\000a\000t\000i\000o\000n\000\050\000\051}{subsection.4.6.4}% 104
\BOOKMARK [3][-]{subsubsection.4.6.4.18}{\376\377\0004\000.\0006\000.\0004\000.\0001\0008\000\040\000A\000D\000C\000\137\000G\000e\000t\000F\000i\000l\000t\000e\000r\000V\000a\000l\000u\000e\000\050\000\051}{subsection.4.6.4}% 105
\BOOKMARK [3][-]{subsubsection.4.6.4.19}{\376\377\0004\000.\0006\000.\0004\000.\0001\0009\000\040\000A\000D\000C\000\137\000G\000e\000t\000P\000r\000e\000v\000i\000o\000u\000s\000R\000e\000s\000u\000l\000t\000\050\000\051}{subsection.4.6.4}% 106
\BOOKMARK [3][-]{subsubsection.4.6.4.20}{\376\377\0004\000.\0006\000.\0004\000.\0002\0000\000\040\000A\000D\000C\000\137\000G\000e\000t\000S\000i\000n\000g\000l\000e\000C\000o\000n\000v\000e\000r\000s\000i\000o\000n\000\050\000\051}{subsection.4.6.4}% 107
\BOOKMARK [3][-]{subsubsection.4.6.4.21}{\376\377\0004\000.\0006\000.\0004\000.\0002\0001\000\040\000A\000D\000C\000\137\000H\000a\000s\000A\000c\000c\000u\000m\000u\000l\000a\000t\000o\000r\000O\000v\000e\000r\000f\000l\000o\000w\000e\000d\000\050\000\051}{subsection.4.6.4}% 108
\BOOKMARK [3][-]{subsubsection.4.6.4.22}{\376\377\0004\000.\0006\000.\0004\000.\0002\0002\000\040\000A\000D\000C\000\137\000H\000a\000s\000E\000r\000r\000o\000r\000C\000r\000o\000s\000s\000e\000d\000L\000o\000w\000e\000r\000T\000h\000r\000e\000s\000h\000o\000l\000d\000\050\000\051}{subsection.4.6.4}% 109
\BOOKMARK [3][-]{subsubsection.4.6.4.23}{\376\377\0004\000.\0006\000.\0004\000.\0002\0003\000\040\000A\000D\000C\000\137\000H\000a\000s\000E\000r\000r\000o\000r\000C\000r\000o\000s\000s\000e\000d\000U\000p\000p\000e\000r\000T\000h\000r\000e\000s\000h\000o\000l\000d\000\050\000\051}{subsection.4.6.4}% 110
\BOOKMARK [3][-]{subsubsection.4.6.4.24}{\376\377\0004\000.\0006\000.\0004\000.\0002\0004\000\040\000A\000D\000C\000\137\000I\000n\000i\000t\000i\000a\000l\000i\000z\000e\000\050\000\051}{subsection.4.6.4}% 111
\BOOKMARK [3][-]{subsubsection.4.6.4.25}{\376\377\0004\000.\0006\000.\0004\000.\0002\0005\000\040\000A\000D\000C\000\137\000I\000s\000C\000o\000n\000v\000e\000r\000s\000i\000o\000n\000D\000o\000n\000e\000\050\000\051}{subsection.4.6.4}% 112
\BOOKMARK [3][-]{subsubsection.4.6.4.26}{\376\377\0004\000.\0006\000.\0004\000.\0002\0006\000\040\000A\000D\000C\000\137\000L\000o\000a\000d\000A\000c\000q\000u\000i\000s\000i\000t\000i\000o\000n\000R\000e\000g\000i\000s\000t\000e\000r\000\050\000\051}{subsection.4.6.4}% 113
\BOOKMARK [3][-]{subsubsection.4.6.4.27}{\376\377\0004\000.\0006\000.\0004\000.\0002\0007\000\040\000A\000D\000C\000\137\000S\000e\000l\000e\000c\000t\000C\000o\000n\000t\000e\000x\000t\000\050\000\051}{subsection.4.6.4}% 114
\BOOKMARK [3][-]{subsubsection.4.6.4.28}{\376\377\0004\000.\0006\000.\0004\000.\0002\0008\000\040\000A\000D\000C\000\137\000S\000e\000t\000A\000c\000t\000i\000v\000e\000C\000l\000o\000c\000k\000T\000u\000n\000i\000n\000g\000I\000n\000t\000e\000r\000r\000u\000p\000t\000H\000a\000n\000d\000l\000e\000r\000\050\000\051}{subsection.4.6.4}% 115
\BOOKMARK [3][-]{subsubsection.4.6.4.29}{\376\377\0004\000.\0006\000.\0004\000.\0002\0009\000\040\000A\000D\000C\000\137\000S\000e\000t\000A\000D\000I\000I\000n\000t\000e\000r\000r\000u\000p\000t\000H\000a\000n\000d\000l\000e\000r\000\050\000\051}{subsection.4.6.4}% 116
\BOOKMARK [3][-]{subsubsection.4.6.4.30}{\376\377\0004\000.\0006\000.\0004\000.\0003\0000\000\040\000A\000D\000C\000\137\000S\000e\000t\000C\000o\000n\000t\000e\000x\000t\0001\000T\000h\000r\000e\000s\000h\000o\000l\000d\000I\000n\000t\000e\000r\000r\000u\000p\000t\000H\000a\000n\000d\000l\000e\000r\000\050\000\051}{subsection.4.6.4}% 117
\BOOKMARK [3][-]{subsubsection.4.6.4.31}{\376\377\0004\000.\0006\000.\0004\000.\0003\0001\000\040\000A\000D\000C\000\137\000S\000e\000t\000C\000o\000n\000t\000e\000x\000t\0002\000T\000h\000r\000e\000s\000h\000o\000l\000d\000I\000n\000t\000e\000r\000r\000u\000p\000t\000H\000a\000n\000d\000l\000e\000r\000\050\000\051}{subsection.4.6.4}% 118
\BOOKMARK [3][-]{subsubsection.4.6.4.32}{\376\377\0004\000.\0006\000.\0004\000.\0003\0002\000\040\000A\000D\000C\000\137\000S\000e\000t\000C\000o\000n\000t\000e\000x\000t\0003\000T\000h\000r\000e\000s\000h\000o\000l\000d\000I\000n\000t\000e\000r\000r\000u\000p\000t\000H\000a\000n\000d\000l\000e\000r\000\050\000\051}{subsection.4.6.4}% 119
\BOOKMARK [3][-]{subsubsection.4.6.4.33}{\376\377\0004\000.\0006\000.\0004\000.\0003\0003\000\040\000A\000D\000C\000\137\000S\000e\000t\000C\000o\000n\000t\000e\000x\000t\0004\000T\000h\000r\000e\000s\000h\000o\000l\000d\000I\000n\000t\000e\000r\000r\000u\000p\000t\000H\000a\000n\000d\000l\000e\000r\000\050\000\051}{subsection.4.6.4}% 120
\BOOKMARK [3][-]{subsubsection.4.6.4.34}{\376\377\0004\000.\0006\000.\0004\000.\0003\0004\000\040\000A\000D\000C\000\137\000S\000e\000t\000L\000o\000w\000e\000r\000T\000h\000r\000e\000s\000h\000o\000l\000d\000\050\000\051}{subsection.4.6.4}% 121
\BOOKMARK [3][-]{subsubsection.4.6.4.35}{\376\377\0004\000.\0006\000.\0004\000.\0003\0005\000\040\000A\000D\000C\000\137\000S\000e\000t\000P\000r\000e\000c\000h\000a\000r\000g\000e\000T\000i\000m\000e\000\050\000\051}{subsection.4.6.4}% 122
\BOOKMARK [3][-]{subsubsection.4.6.4.36}{\376\377\0004\000.\0006\000.\0004\000.\0003\0006\000\040\000A\000D\000C\000\137\000S\000e\000t\000R\000e\000p\000e\000a\000t\000C\000o\000u\000n\000t\000\050\000\051}{subsection.4.6.4}% 123
\BOOKMARK [3][-]{subsubsection.4.6.4.37}{\376\377\0004\000.\0006\000.\0004\000.\0003\0007\000\040\000A\000D\000C\000\137\000S\000e\000t\000S\000t\000o\000p\000O\000n\000I\000n\000t\000e\000r\000r\000u\000p\000t\000\050\000\051}{subsection.4.6.4}% 124
\BOOKMARK [3][-]{subsubsection.4.6.4.38}{\376\377\0004\000.\0006\000.\0004\000.\0003\0008\000\040\000A\000D\000C\000\137\000S\000e\000t\000U\000p\000p\000e\000r\000T\000h\000r\000e\000s\000h\000o\000l\000d\000\050\000\051}{subsection.4.6.4}% 125
\BOOKMARK [3][-]{subsubsection.4.6.4.39}{\376\377\0004\000.\0006\000.\0004\000.\0003\0009\000\040\000A\000D\000C\000\137\000S\000t\000a\000r\000t\000C\000h\000a\000n\000n\000e\000l\000S\000e\000q\000u\000e\000n\000c\000e\000r\000\050\000\051}{subsection.4.6.4}% 126
\BOOKMARK [3][-]{subsubsection.4.6.4.40}{\376\377\0004\000.\0006\000.\0004\000.\0004\0000\000\040\000A\000D\000C\000\137\000S\000t\000a\000r\000t\000C\000o\000n\000v\000e\000r\000s\000i\000o\000n\000\050\000\051}{subsection.4.6.4}% 127
\BOOKMARK [3][-]{subsubsection.4.6.4.41}{\376\377\0004\000.\0006\000.\0004\000.\0004\0001\000\040\000A\000D\000C\000\137\000S\000t\000o\000p\000C\000o\000n\000v\000e\000r\000s\000i\000o\000n\000\050\000\051}{subsection.4.6.4}% 128
\BOOKMARK [0][-]{chapter.5}{\376\377\0005\000\040\000D\000a\000t\000a\000\040\000S\000t\000r\000u\000c\000t\000u\000r\000e\000\040\000D\000o\000c\000u\000m\000e\000n\000t\000a\000t\000i\000o\000n}{}% 129
\BOOKMARK [1][-]{section.5.1}{\376\377\0005\000.\0001\000\040\000B\000\137\000t\000y\000p\000e\000\040\000S\000t\000r\000u\000c\000t\000\040\000R\000e\000f\000e\000r\000e\000n\000c\000e}{chapter.5}% 130
\BOOKMARK [2][-]{subsection.5.1.1}{\376\377\0005\000.\0001\000.\0001\000\040\000F\000i\000e\000l\000d\000\040\000D\000o\000c\000u\000m\000e\000n\000t\000a\000t\000i\000o\000n}{section.5.1}% 131
\BOOKMARK [3][-]{subsubsection.5.1.1.1}{\376\377\0005\000.\0001\000.\0001\000.\0001\000\040\000a\000\137\000p\000i\000n}{subsection.5.1.1}% 132
\BOOKMARK [3][-]{subsubsection.5.1.1.2}{\376\377\0005\000.\0001\000.\0001\000.\0002\000\040\000a\000\137\000s\000w\000i\000t\000c\000h}{subsection.5.1.1}% 133
\BOOKMARK [3][-]{subsubsection.5.1.1.3}{\376\377\0005\000.\0001\000.\0001\000.\0003\000\040\000a\000\137\000t\000r\000i\000g\000g\000e\000r}{subsection.5.1.1}% 134
\BOOKMARK [3][-]{subsubsection.5.1.1.4}{\376\377\0005\000.\0001\000.\0001\000.\0004\000\040\000a\000\137\000t\000y\000p\000e}{subsection.5.1.1}% 135
\BOOKMARK [3][-]{subsubsection.5.1.1.5}{\376\377\0005\000.\0001\000.\0001\000.\0005\000\040\000a\000l\000t\000\137\000d\000i\000s\000p\000l\000a\000y}{subsection.5.1.1}% 136
\BOOKMARK [3][-]{subsubsection.5.1.1.6}{\376\377\0005\000.\0001\000.\0001\000.\0006\000\040\000c\000a\000n\000b\000u\000s\000\137\000o\000n\000l\000i\000n\000e}{subsection.5.1.1}% 137
\BOOKMARK [3][-]{subsubsection.5.1.1.7}{\376\377\0005\000.\0001\000.\0001\000.\0007\000\040\000d\000a\000y\000\137\000c\000h\000e\000c\000k}{subsection.5.1.1}% 138
\BOOKMARK [3][-]{subsubsection.5.1.1.8}{\376\377\0005\000.\0001\000.\0001\000.\0008\000\040\000d\000i\000m\000\137\000d\000e\000l\000a\000y}{subsection.5.1.1}% 139
\BOOKMARK [3][-]{subsubsection.5.1.1.9}{\376\377\0005\000.\0001\000.\0001\000.\0009\000\040\000d\000i\000s\000p\000l\000a\000y\000\137\000d\000i\000m}{subsection.5.1.1}% 140
\BOOKMARK [3][-]{subsubsection.5.1.1.10}{\376\377\0005\000.\0001\000.\0001\000.\0001\0000\000\040\000d\000i\000s\000p\000l\000a\000y\000\137\000o\000n}{subsection.5.1.1}% 141
\BOOKMARK [3][-]{subsubsection.5.1.1.11}{\376\377\0005\000.\0001\000.\0001\000.\0001\0001\000\040\000d\000i\000s\000p\000l\000a\000y\000\137\000u\000p\000d\000a\000t\000e}{subsection.5.1.1}% 142
\BOOKMARK [3][-]{subsubsection.5.1.1.12}{\376\377\0005\000.\0001\000.\0001\000.\0001\0002\000\040\000f\000l\000u\000s\000h}{subsection.5.1.1}% 143
\BOOKMARK [3][-]{subsubsection.5.1.1.13}{\376\377\0005\000.\0001\000.\0001\000.\0001\0003\000\040\000F\000M\0008\0000\000\137\000c\000h\000a\000r\000g\000e\000d}{subsection.5.1.1}% 144
\BOOKMARK [3][-]{subsubsection.5.1.1.14}{\376\377\0005\000.\0001\000.\0001\000.\0001\0004\000\040\000F\000M\0008\0000\000\137\000i\000o}{subsection.5.1.1}% 145
\BOOKMARK [3][-]{subsubsection.5.1.1.15}{\376\377\0005\000.\0001\000.\0001\000.\0001\0005\000\040\000F\000M\0008\0000\000\137\000o\000n\000l\000i\000n\000e}{subsection.5.1.1}% 146
\BOOKMARK [3][-]{subsubsection.5.1.1.16}{\376\377\0005\000.\0001\000.\0001\000.\0001\0006\000\040\000f\000w\000r\000e\000v}{subsection.5.1.1}% 147
\BOOKMARK [3][-]{subsubsection.5.1.1.17}{\376\377\0005\000.\0001\000.\0001\000.\0001\0007\000\040\000L\000O\000G}{subsection.5.1.1}% 148
\BOOKMARK [3][-]{subsubsection.5.1.1.18}{\376\377\0005\000.\0001\000.\0001\000.\0001\0008\000\040\000l\000o\000g}{subsection.5.1.1}% 149
\BOOKMARK [3][-]{subsubsection.5.1.1.19}{\376\377\0005\000.\0001\000.\0001\000.\0001\0009\000\040\000m\000o\000d\000b\000u\000s\000\137\000o\000n\000l\000i\000n\000e}{subsection.5.1.1}% 150
\BOOKMARK [3][-]{subsubsection.5.1.1.20}{\376\377\0005\000.\0001\000.\0001\000.\0002\0000\000\040\000m\000u\000i}{subsection.5.1.1}% 151
\BOOKMARK [3][-]{subsubsection.5.1.1.21}{\376\377\0005\000.\0001\000.\0001\000.\0002\0001\000\040\000n\000e\000t\000\137\000b\000a\000l\000a\000n\000c\000e}{subsection.5.1.1}% 152
\BOOKMARK [3][-]{subsubsection.5.1.1.22}{\376\377\0005\000.\0001\000.\0001\000.\0002\0002\000\040\000n\000o\000d\000e\000\137\000i\000d}{subsection.5.1.1}% 153
\BOOKMARK [3][-]{subsubsection.5.1.1.23}{\376\377\0005\000.\0001\000.\0001\000.\0002\0003\000\040\000o\000n\000c\000e}{subsection.5.1.1}% 154
\BOOKMARK [3][-]{subsubsection.5.1.1.24}{\376\377\0005\000.\0001\000.\0001\000.\0002\0004\000\040\000o\000n\000e\000\137\000s\000e\000c\000\137\000f\000l\000a\000g}{subsection.5.1.1}% 155
\BOOKMARK [3][-]{subsubsection.5.1.1.25}{\376\377\0005\000.\0001\000.\0001\000.\0002\0005\000\040\000p\000a\000c\000i\000n\000g}{subsection.5.1.1}% 156
\BOOKMARK [3][-]{subsubsection.5.1.1.26}{\376\377\0005\000.\0001\000.\0001\000.\0002\0006\000\040\000p\000v\000\137\000h\000i\000g\000h}{subsection.5.1.1}% 157
\BOOKMARK [3][-]{subsubsection.5.1.1.27}{\376\377\0005\000.\0001\000.\0001\000.\0002\0007\000\040\000p\000v\000\137\000p\000r\000e\000v}{subsection.5.1.1}% 158
\BOOKMARK [3][-]{subsubsection.5.1.1.28}{\376\377\0005\000.\0001\000.\0001\000.\0002\0008\000\040\000p\000v\000\137\000u\000p\000d\000a\000t\000e}{subsection.5.1.1}% 159
\BOOKMARK [3][-]{subsubsection.5.1.1.29}{\376\377\0005\000.\0001\000.\0001\000.\0002\0009\000\040\000r\000u\000n\000\137\000t\000i\000m\000e}{subsection.5.1.1}% 160
\BOOKMARK [3][-]{subsubsection.5.1.1.30}{\376\377\0005\000.\0001\000.\0001\000.\0003\0000\000\040\000r\000x\000\137\000c\000o\000u\000n\000t}{subsection.5.1.1}% 161
\BOOKMARK [3][-]{subsubsection.5.1.1.31}{\376\377\0005\000.\0001\000.\0001\000.\0003\0001\000\040\000t\000e\000n\000\137\000s\000e\000c\000\137\000f\000l\000a\000g}{subsection.5.1.1}% 162
\BOOKMARK [1][-]{section.5.2}{\376\377\0005\000.\0002\000\040\000b\000l\000o\000b\000\137\000l\000o\000g\000\040\000U\000n\000i\000o\000n\000\040\000R\000e\000f\000e\000r\000e\000n\000c\000e}{chapter.5}% 163
\BOOKMARK [2][-]{subsection.5.2.1}{\376\377\0005\000.\0002\000.\0001\000\040\000F\000i\000e\000l\000d\000\040\000D\000o\000c\000u\000m\000e\000n\000t\000a\000t\000i\000o\000n}{section.5.2}% 164
\BOOKMARK [3][-]{subsubsection.5.2.1.1}{\376\377\0005\000.\0002\000.\0001\000.\0001\000\040\000b\000l\000o\000b}{subsection.5.2.1}% 165
\BOOKMARK [3][-]{subsubsection.5.2.1.2}{\376\377\0005\000.\0002\000.\0001\000.\0002\000\040\000l\000o\000g}{subsection.5.2.1}% 166
\BOOKMARK [1][-]{section.5.3}{\376\377\0005\000.\0003\000\040\000b\000l\000o\000b\000\137\000t\000y\000p\000e\000\040\000S\000t\000r\000u\000c\000t\000\040\000R\000e\000f\000e\000r\000e\000n\000c\000e}{chapter.5}% 167
\BOOKMARK [2][-]{subsection.5.3.1}{\376\377\0005\000.\0003\000.\0001\000\040\000F\000i\000e\000l\000d\000\040\000D\000o\000c\000u\000m\000e\000n\000t\000a\000t\000i\000o\000n}{section.5.3}% 168
\BOOKMARK [3][-]{subsubsection.5.3.1.1}{\376\377\0005\000.\0003\000.\0001\000.\0001\000\040\000b\000l\000o\000b}{subsection.5.3.1}% 169
\BOOKMARK [3][-]{subsubsection.5.3.1.2}{\376\377\0005\000.\0003\000.\0001\000.\0002\000\040\000r\000x\000\137\000f\000l\000a\000g}{subsection.5.3.1}% 170
\BOOKMARK [3][-]{subsubsection.5.3.1.3}{\376\377\0005\000.\0003\000.\0001\000.\0003\000\040\000t\000x\000\137\000f\000l\000a\000g}{subsection.5.3.1}% 171
\BOOKMARK [1][-]{section.5.4}{\376\377\0005\000.\0004\000\040\000C\000\137\000d\000a\000t\000a\000\040\000S\000t\000r\000u\000c\000t\000\040\000R\000e\000f\000e\000r\000e\000n\000c\000e}{chapter.5}% 172
\BOOKMARK [2][-]{subsection.5.4.1}{\376\377\0005\000.\0004\000.\0001\000\040\000F\000i\000e\000l\000d\000\040\000D\000o\000c\000u\000m\000e\000n\000t\000a\000t\000i\000o\000n}{section.5.4}% 173
\BOOKMARK [3][-]{subsubsection.5.4.1.1}{\376\377\0005\000.\0004\000.\0001\000.\0001\000\040\000c\000o\000n\000f\000i\000g\000\137\000o\000k}{subsection.5.4.1}% 174
\BOOKMARK [3][-]{subsubsection.5.4.1.2}{\376\377\0005\000.\0004\000.\0001\000.\0002\000\040\000c\000s\000t\000a\000t\000e}{subsection.5.4.1}% 175
\BOOKMARK [3][-]{subsubsection.5.4.1.3}{\376\377\0005\000.\0004\000.\0001\000.\0003\000\040\000d\000a\000t\000a\000\137\000c\000o\000u\000n\000t}{subsection.5.4.1}% 176
\BOOKMARK [3][-]{subsubsection.5.4.1.4}{\376\377\0005\000.\0004\000.\0001\000.\0004\000\040\000d\000a\000t\000a\000\137\000o\000k}{subsection.5.4.1}% 177
\BOOKMARK [3][-]{subsubsection.5.4.1.5}{\376\377\0005\000.\0004\000.\0001\000.\0005\000\040\000d\000a\000t\000a\000\137\000p\000r\000e\000v}{subsection.5.4.1}% 178
\BOOKMARK [3][-]{subsubsection.5.4.1.6}{\376\377\0005\000.\0004\000.\0001\000.\0006\000\040\000i\000d\000\137\000o\000k}{subsection.5.4.1}% 179
\BOOKMARK [3][-]{subsubsection.5.4.1.7}{\376\377\0005\000.\0004\000.\0001\000.\0007\000\040\000l\000i\000g\000h\000t\000\137\000o\000k}{subsection.5.4.1}% 180
\BOOKMARK [3][-]{subsubsection.5.4.1.8}{\376\377\0005\000.\0004\000.\0001\000.\0008\000\040\000M}{subsection.5.4.1}% 181
\BOOKMARK [3][-]{subsubsection.5.4.1.9}{\376\377\0005\000.\0004\000.\0001\000.\0009\000\040\000m\000c\000m\000d}{subsection.5.4.1}% 182
\BOOKMARK [3][-]{subsubsection.5.4.1.10}{\376\377\0005\000.\0004\000.\0001\000.\0001\0000\000\040\000m\000o\000d\000b\000u\000s\000\137\000c\000o\000m\000m\000a\000n\000d}{subsection.5.4.1}% 183
\BOOKMARK [3][-]{subsubsection.5.4.1.11}{\376\377\0005\000.\0004\000.\0001\000.\0001\0001\000\040\000p\000a\000s\000s\000w\000d\000\137\000o\000k}{subsection.5.4.1}% 184
\BOOKMARK [3][-]{subsubsection.5.4.1.12}{\376\377\0005\000.\0004\000.\0001\000.\0001\0002\000\040\000r\000e\000q\000\137\000l\000e\000n\000g\000t\000h}{subsection.5.4.1}% 185
\BOOKMARK [3][-]{subsubsection.5.4.1.13}{\376\377\0005\000.\0004\000.\0001\000.\0001\0003\000\040\000s\000e\000r\000i\000a\000l\000\137\000o\000k}{subsection.5.4.1}% 186
\BOOKMARK [3][-]{subsubsection.5.4.1.14}{\376\377\0005\000.\0004\000.\0001\000.\0001\0004\000\040\000t\000m\000\137\000o\000k}{subsection.5.4.1}% 187
\BOOKMARK [3][-]{subsubsection.5.4.1.15}{\376\377\0005\000.\0004\000.\0001\000.\0001\0005\000\040\000t\000r\000a\000c\000e}{subsection.5.4.1}% 188
\BOOKMARK [3][-]{subsubsection.5.4.1.16}{\376\377\0005\000.\0004\000.\0001\000.\0001\0006\000\040\000v\000e\000r\000s\000i\000o\000n\000\137\000o\000k}{subsection.5.4.1}% 189
\BOOKMARK [1][-]{section.5.5}{\376\377\0005\000.\0005\000\040\000C\000A\000N\0001\000\137\000R\000X\000\137\000F\000I\000F\000O\000\040\000S\000t\000r\000u\000c\000t\000\040\000R\000e\000f\000e\000r\000e\000n\000c\000e}{chapter.5}% 190
\BOOKMARK [2][-]{subsection.5.5.1}{\376\377\0005\000.\0005\000.\0001\000\040\000F\000i\000e\000l\000d\000\040\000D\000o\000c\000u\000m\000e\000n\000t\000a\000t\000i\000o\000n}{section.5.5}% 191
\BOOKMARK [3][-]{subsubsection.5.5.1.1}{\376\377\0005\000.\0005\000.\0001\000.\0001\000\040\000c\000h\000a\000n\000n\000e\000l}{subsection.5.5.1}% 192
\BOOKMARK [3][-]{subsubsection.5.5.1.2}{\376\377\0005\000.\0005\000.\0001\000.\0002\000\040\000f\000i\000f\000o\000H\000e\000a\000d}{subsection.5.5.1}% 193
\BOOKMARK [1][-]{section.5.6}{\376\377\0005\000.\0006\000\040\000C\000A\000N\000\137\000F\000I\000F\000O\000R\000E\000G\000\040\000S\000t\000r\000u\000c\000t\000\040\000R\000e\000f\000e\000r\000e\000n\000c\000e}{chapter.5}% 194
\BOOKMARK [2][-]{subsection.5.6.1}{\376\377\0005\000.\0006\000.\0001\000\040\000F\000i\000e\000l\000d\000\040\000D\000o\000c\000u\000m\000e\000n\000t\000a\000t\000i\000o\000n}{section.5.6}% 195
\BOOKMARK [3][-]{subsubsection.5.6.1.1}{\376\377\0005\000.\0006\000.\0001\000.\0001\000\040\000C\000O\000N\000H}{subsection.5.6.1}% 196
\BOOKMARK [3][-]{subsubsection.5.6.1.2}{\376\377\0005\000.\0006\000.\0001\000.\0002\000\040\000C\000O\000N\000L}{subsection.5.6.1}% 197
\BOOKMARK [3][-]{subsubsection.5.6.1.3}{\376\377\0005\000.\0006\000.\0001\000.\0003\000\040\000C\000O\000N\000T}{subsection.5.6.1}% 198
\BOOKMARK [3][-]{subsubsection.5.6.1.4}{\376\377\0005\000.\0006\000.\0001\000.\0004\000\040\000C\000O\000N\000U}{subsection.5.6.1}% 199
\BOOKMARK [3][-]{subsubsection.5.6.1.5}{\376\377\0005\000.\0006\000.\0001\000.\0005\000\040\000S\000T\000A\000H}{subsection.5.6.1}% 200
\BOOKMARK [3][-]{subsubsection.5.6.1.6}{\376\377\0005\000.\0006\000.\0001\000.\0006\000\040\000S\000T\000A\000L}{subsection.5.6.1}% 201
\BOOKMARK [3][-]{subsubsection.5.6.1.7}{\376\377\0005\000.\0006\000.\0001\000.\0007\000\040\000S\000T\000A\000T}{subsection.5.6.1}% 202
\BOOKMARK [3][-]{subsubsection.5.6.1.8}{\376\377\0005\000.\0006\000.\0001\000.\0008\000\040\000S\000T\000A\000U}{subsection.5.6.1}% 203
\BOOKMARK [3][-]{subsubsection.5.6.1.9}{\376\377\0005\000.\0006\000.\0001\000.\0009\000\040\000U\000A}{subsection.5.6.1}% 204
\BOOKMARK [1][-]{section.5.7}{\376\377\0005\000.\0007\000\040\000c\000a\000n\000\137\000f\000r\000a\000m\000e\000s\000\137\000t\000\040\000S\000t\000r\000u\000c\000t\000\040\000R\000e\000f\000e\000r\000e\000n\000c\000e}{chapter.5}% 205
\BOOKMARK [2][-]{subsection.5.7.1}{\376\377\0005\000.\0007\000.\0001\000\040\000F\000i\000e\000l\000d\000\040\000D\000o\000c\000u\000m\000e\000n\000t\000a\000t\000i\000o\000n}{section.5.7}% 206
\BOOKMARK [3][-]{subsubsection.5.7.1.1}{\376\377\0005\000.\0007\000.\0001\000.\0001\000\040\000r\000e\000c\000\137\000c\000o\000u\000n\000t}{subsection.5.7.1}% 207
\BOOKMARK [3][-]{subsubsection.5.7.1.2}{\376\377\0005\000.\0007\000.\0001\000.\0002\000\040\000t\000x\000\137\000c\000o\000u\000n\000t}{subsection.5.7.1}% 208
\BOOKMARK [1][-]{section.5.8}{\376\377\0005\000.\0008\000\040\000C\000A\000N\000\137\000M\000S\000G\000\137\000F\000I\000E\000L\000D\000\040\000U\000n\000i\000o\000n\000\040\000R\000e\000f\000e\000r\000e\000n\000c\000e}{chapter.5}% 209
\BOOKMARK [2][-]{subsection.5.8.1}{\376\377\0005\000.\0008\000.\0001\000\040\000D\000e\000t\000a\000i\000l\000e\000d\000\040\000D\000e\000s\000c\000r\000i\000p\000t\000i\000o\000n}{section.5.8}% 210
\BOOKMARK [2][-]{subsection.5.8.2}{\376\377\0005\000.\0008\000.\0002\000\040\000F\000i\000e\000l\000d\000\040\000D\000o\000c\000u\000m\000e\000n\000t\000a\000t\000i\000o\000n}{section.5.8}% 211
\BOOKMARK [3][-]{subsubsection.5.8.2.1}{\376\377\0005\000.\0008\000.\0002\000.\0001\000\040\000[\000s\000t\000r\000u\000c\000t\000]}{subsection.5.8.2}% 212
\BOOKMARK [3][-]{subsubsection.5.8.2.2}{\376\377\0005\000.\0008\000.\0002\000.\0002\000\040\000b\000r\000s}{subsection.5.8.2}% 213
\BOOKMARK [3][-]{subsubsection.5.8.2.3}{\376\377\0005\000.\0008\000.\0002\000.\0003\000\040\000d\000l\000c}{subsection.5.8.2}% 214
\BOOKMARK [3][-]{subsubsection.5.8.2.4}{\376\377\0005\000.\0008\000.\0002\000.\0004\000\040\000f\000o\000r\000m\000a\000t\000T\000y\000p\000e}{subsection.5.8.2}% 215
\BOOKMARK [3][-]{subsubsection.5.8.2.5}{\376\377\0005\000.\0008\000.\0002\000.\0005\000\040\000f\000r\000a\000m\000e\000T\000y\000p\000e}{subsection.5.8.2}% 216
\BOOKMARK [3][-]{subsubsection.5.8.2.6}{\376\377\0005\000.\0008\000.\0002\000.\0006\000\040\000i\000d\000T\000y\000p\000e}{subsection.5.8.2}% 217
\BOOKMARK [3][-]{subsubsection.5.8.2.7}{\376\377\0005\000.\0008\000.\0002\000.\0007\000\040\000m\000s\000g\000f\000i\000e\000l\000d\000s}{subsection.5.8.2}% 218
\BOOKMARK [1][-]{section.5.9}{\376\377\0005\000.\0009\000\040\000C\000A\000N\000\137\000M\000S\000G\000\137\000O\000B\000J\000\040\000S\000t\000r\000u\000c\000t\000\040\000R\000e\000f\000e\000r\000e\000n\000c\000e}{chapter.5}% 219
\BOOKMARK [2][-]{subsection.5.9.1}{\376\377\0005\000.\0009\000.\0001\000\040\000F\000i\000e\000l\000d\000\040\000D\000o\000c\000u\000m\000e\000n\000t\000a\000t\000i\000o\000n}{section.5.9}% 220
\BOOKMARK [3][-]{subsubsection.5.9.1.1}{\376\377\0005\000.\0009\000.\0001\000.\0001\000\040\000d\000a\000t\000a}{subsection.5.9.1}% 221
\BOOKMARK [3][-]{subsubsection.5.9.1.2}{\376\377\0005\000.\0009\000.\0001\000.\0002\000\040\000f\000i\000e\000l\000d}{subsection.5.9.1}% 222
\BOOKMARK [3][-]{subsubsection.5.9.1.3}{\376\377\0005\000.\0009\000.\0001\000.\0003\000\040\000m\000s\000g\000I\000d}{subsection.5.9.1}% 223
\BOOKMARK [1][-]{section.5.10}{\376\377\0005\000.\0001\0000\000\040\000c\000a\000n\000\137\000r\000e\000c\000\137\000c\000o\000u\000n\000t\000\137\000t\000\040\000S\000t\000r\000u\000c\000t\000\040\000R\000e\000f\000e\000r\000e\000n\000c\000e}{chapter.5}% 224
\BOOKMARK [2][-]{subsection.5.10.1}{\376\377\0005\000.\0001\0000\000.\0001\000\040\000F\000i\000e\000l\000d\000\040\000D\000o\000c\000u\000m\000e\000n\000t\000a\000t\000i\000o\000n}{section.5.10}% 225
\BOOKMARK [3][-]{subsubsection.5.10.1.1}{\376\377\0005\000.\0001\0000\000.\0001\000.\0001\000\040\000r\000e\000c\000\137\000c\000o\000u\000n\000t}{subsection.5.10.1}% 226
\BOOKMARK [3][-]{subsubsection.5.10.1.2}{\376\377\0005\000.\0001\0000\000.\0001\000.\0002\000\040\000r\000e\000c\000\137\000f\000l\000a\000g}{subsection.5.10.1}% 227
\BOOKMARK [1][-]{section.5.11}{\376\377\0005\000.\0001\0001\000\040\000E\000B\000\137\000d\000a\000t\000a\000\040\000S\000t\000r\000u\000c\000t\000\040\000R\000e\000f\000e\000r\000e\000n\000c\000e}{chapter.5}% 228
\BOOKMARK [2][-]{subsection.5.11.1}{\376\377\0005\000.\0001\0001\000.\0001\000\040\000F\000i\000e\000l\000d\000\040\000D\000o\000c\000u\000m\000e\000n\000t\000a\000t\000i\000o\000n}{section.5.11}% 229
\BOOKMARK [3][-]{subsubsection.5.11.1.1}{\376\377\0005\000.\0001\0001\000.\0001\000.\0001\000\040\000a\000l\000t\000\137\000d\000i\000s\000p\000l\000a\000y}{subsection.5.11.1}% 230
\BOOKMARK [3][-]{subsubsection.5.11.1.2}{\376\377\0005\000.\0001\0001\000.\0001\000.\0002\000\040\000b\000a\000t\000\137\000a\000m\000p\000\137\000w\000h\000o\000l\000e}{subsection.5.11.1}% 231
\BOOKMARK [3][-]{subsubsection.5.11.1.3}{\376\377\0005\000.\0001\0001\000.\0001\000.\0003\000\040\000b\000a\000t\000\137\000c\000y\000c\000l\000e\000s}{subsection.5.11.1}% 232
\BOOKMARK [3][-]{subsubsection.5.11.1.4}{\376\377\0005\000.\0001\0001\000.\0001\000.\0004\000\040\000b\000a\000t\000\137\000e\000n\000e\000r\000g\000y}{subsection.5.11.1}% 233
\BOOKMARK [3][-]{subsubsection.5.11.1.5}{\376\377\0005\000.\0001\0001\000.\0001\000.\0005\000\040\000b\000a\000t\000\137\000m\000o\000d\000e}{subsection.5.11.1}% 234
\BOOKMARK [3][-]{subsubsection.5.11.1.6}{\376\377\0005\000.\0001\0001\000.\0001\000.\0006\000\040\000b\000a\000t\000\137\000t\000i\000m\000e}{subsection.5.11.1}% 235
\BOOKMARK [3][-]{subsubsection.5.11.1.7}{\376\377\0005\000.\0001\0001\000.\0001\000.\0007\000\040\000c\000c\000\137\000m\000o\000d\000e}{subsection.5.11.1}% 236
\BOOKMARK [3][-]{subsubsection.5.11.1.8}{\376\377\0005\000.\0001\0001\000.\0001\000.\0008\000\040\000c\000h\000e\000c\000k\000m\000a\000r\000k}{subsection.5.11.1}% 237
\BOOKMARK [3][-]{subsubsection.5.11.1.9}{\376\377\0005\000.\0001\0001\000.\0001\000.\0009\000\040\000c\000r\000c}{subsection.5.11.1}% 238
\BOOKMARK [3][-]{subsubsection.5.11.1.10}{\376\377\0005\000.\0001\0001\000.\0001\000.\0001\0000\000\040\000d\000a\000t\000e}{subsection.5.11.1}% 239
\BOOKMARK [3][-]{subsubsection.5.11.1.11}{\376\377\0005\000.\0001\0001\000.\0001\000.\0001\0001\000\040\000E\000N\000a\000c}{subsection.5.11.1}% 240
\BOOKMARK [3][-]{subsubsection.5.11.1.12}{\376\377\0005\000.\0001\0001\000.\0001\000.\0001\0002\000\040\000E\000N\000v\000a}{subsection.5.11.1}% 241
\BOOKMARK [3][-]{subsubsection.5.11.1.13}{\376\377\0005\000.\0001\0001\000.\0001\000.\0001\0003\000\040\000E\000N\000v\000a\000r}{subsection.5.11.1}% 242
\BOOKMARK [3][-]{subsubsection.5.11.1.14}{\376\377\0005\000.\0001\0001\000.\0001\000.\0001\0004\000\040\000E\000N\000w}{subsection.5.11.1}% 243
\BOOKMARK [3][-]{subsubsection.5.11.1.15}{\376\377\0005\000.\0001\0001\000.\0001\000.\0001\0005\000\040\000f\000m\0008\0000\000\137\000t\000i\000m\000e}{subsection.5.11.1}% 244
\BOOKMARK [3][-]{subsubsection.5.11.1.16}{\376\377\0005\000.\0001\0001\000.\0001\000.\0001\0006\000\040\000F\000M\000a}{subsection.5.11.1}% 245
\BOOKMARK [3][-]{subsubsection.5.11.1.17}{\376\377\0005\000.\0001\0001\000.\0001\000.\0001\0007\000\040\000F\000M\000b\000v}{subsection.5.11.1}% 246
\BOOKMARK [3][-]{subsubsection.5.11.1.18}{\376\377\0005\000.\0001\0001\000.\0001\000.\0001\0008\000\040\000F\000M\000p\000v}{subsection.5.11.1}% 247
\BOOKMARK [3][-]{subsubsection.5.11.1.19}{\376\377\0005\000.\0001\0001\000.\0001\000.\0001\0009\000\040\000F\000M\000w}{subsection.5.11.1}% 248
\BOOKMARK [3][-]{subsubsection.5.11.1.20}{\376\377\0005\000.\0001\0001\000.\0001\000.\0002\0000\000\040\000l\000o\000a\000d\000e\000d}{subsection.5.11.1}% 249
\BOOKMARK [3][-]{subsubsection.5.11.1.21}{\376\377\0005\000.\0001\0001\000.\0001\000.\0002\0001\000\040\000q\0008\0004\000\137\000s\000e\000q\000u\000e\000n\000c\000e}{subsection.5.11.1}% 250
\BOOKMARK [3][-]{subsubsection.5.11.1.22}{\376\377\0005\000.\0001\0001\000.\0001\000.\0002\0002\000\040\000t\000i\000m\000e}{subsection.5.11.1}% 251
\BOOKMARK [3][-]{subsubsection.5.11.1.23}{\376\377\0005\000.\0001\0001\000.\0001\000.\0002\0003\000\040\000v\000e\000r\000s\000i\000o\000n}{subsection.5.11.1}% 252
\BOOKMARK [3][-]{subsubsection.5.11.1.24}{\376\377\0005\000.\0001\0001\000.\0001\000.\0002\0004\000\040\000v\000o\000l\000t\000\137\000w\000h\000o\000l\000e}{subsection.5.11.1}% 253
\BOOKMARK [1][-]{section.5.12}{\376\377\0005\000.\0001\0002\000\040\000E\000M\000\137\000d\000a\000t\000a\0001\000\040\000S\000t\000r\000u\000c\000t\000\040\000R\000e\000f\000e\000r\000e\000n\000c\000e}{chapter.5}% 254
\BOOKMARK [2][-]{subsection.5.12.1}{\376\377\0005\000.\0001\0002\000.\0001\000\040\000F\000i\000e\000l\000d\000\040\000D\000o\000c\000u\000m\000e\000n\000t\000a\000t\000i\000o\000n}{section.5.12}% 255
\BOOKMARK [3][-]{subsubsection.5.12.1.1}{\376\377\0005\000.\0001\0002\000.\0001\000.\0001\000\040\000a\000l\0001}{subsection.5.12.1}% 256
\BOOKMARK [3][-]{subsubsection.5.12.1.2}{\376\377\0005\000.\0001\0002\000.\0001\000.\0002\000\040\000a\000l\0002}{subsection.5.12.1}% 257
\BOOKMARK [3][-]{subsubsection.5.12.1.3}{\376\377\0005\000.\0001\0002\000.\0001\000.\0003\000\040\000a\000l\0003}{subsection.5.12.1}% 258
\BOOKMARK [3][-]{subsubsection.5.12.1.4}{\376\377\0005\000.\0001\0002\000.\0001\000.\0004\000\040\000h\000z}{subsection.5.12.1}% 259
\BOOKMARK [3][-]{subsubsection.5.12.1.5}{\376\377\0005\000.\0001\0002\000.\0001\000.\0005\000\040\000p\000f\000l\0001}{subsection.5.12.1}% 260
\BOOKMARK [3][-]{subsubsection.5.12.1.6}{\376\377\0005\000.\0001\0002\000.\0001\000.\0006\000\040\000p\000f\000l\0002}{subsection.5.12.1}% 261
\BOOKMARK [3][-]{subsubsection.5.12.1.7}{\376\377\0005\000.\0001\0002\000.\0001\000.\0007\000\040\000p\000f\000l\0003}{subsection.5.12.1}% 262
\BOOKMARK [3][-]{subsubsection.5.12.1.8}{\376\377\0005\000.\0001\0002\000.\0001\000.\0008\000\040\000p\000f\000s\000y\000s}{subsection.5.12.1}% 263
\BOOKMARK [3][-]{subsubsection.5.12.1.9}{\376\377\0005\000.\0001\0002\000.\0001\000.\0009\000\040\000p\000h\000a\000s\000e\000s\000e\000q}{subsection.5.12.1}% 264
\BOOKMARK [3][-]{subsubsection.5.12.1.10}{\376\377\0005\000.\0001\0002\000.\0001\000.\0001\0000\000\040\000v\000a\000l\0001}{subsection.5.12.1}% 265
\BOOKMARK [3][-]{subsubsection.5.12.1.11}{\376\377\0005\000.\0001\0002\000.\0001\000.\0001\0001\000\040\000v\000a\000l\0002}{subsection.5.12.1}% 266
\BOOKMARK [3][-]{subsubsection.5.12.1.12}{\376\377\0005\000.\0001\0002\000.\0001\000.\0001\0002\000\040\000v\000a\000l\0003}{subsection.5.12.1}% 267
\BOOKMARK [3][-]{subsubsection.5.12.1.13}{\376\377\0005\000.\0001\0002\000.\0001\000.\0001\0003\000\040\000v\000a\000r\000l\0001}{subsection.5.12.1}% 268
\BOOKMARK [3][-]{subsubsection.5.12.1.14}{\376\377\0005\000.\0001\0002\000.\0001\000.\0001\0004\000\040\000v\000a\000r\000l\0002}{subsection.5.12.1}% 269
\BOOKMARK [3][-]{subsubsection.5.12.1.15}{\376\377\0005\000.\0001\0002\000.\0001\000.\0001\0005\000\040\000v\000a\000r\000l\0003}{subsection.5.12.1}% 270
\BOOKMARK [3][-]{subsubsection.5.12.1.16}{\376\377\0005\000.\0001\0002\000.\0001\000.\0001\0006\000\040\000v\000a\000r\000s\000y\000s}{subsection.5.12.1}% 271
\BOOKMARK [3][-]{subsubsection.5.12.1.17}{\376\377\0005\000.\0001\0002\000.\0001\000.\0001\0007\000\040\000v\000a\000s\000y\000s}{subsection.5.12.1}% 272
\BOOKMARK [3][-]{subsubsection.5.12.1.18}{\376\377\0005\000.\0001\0002\000.\0001\000.\0001\0008\000\040\000v\000l\0001\000l\0002}{subsection.5.12.1}% 273
\BOOKMARK [3][-]{subsubsection.5.12.1.19}{\376\377\0005\000.\0001\0002\000.\0001\000.\0001\0009\000\040\000v\000l\0001\000n}{subsection.5.12.1}% 274
\BOOKMARK [3][-]{subsubsection.5.12.1.20}{\376\377\0005\000.\0001\0002\000.\0001\000.\0002\0000\000\040\000v\000l\0002\000l\0003}{subsection.5.12.1}% 275
\BOOKMARK [3][-]{subsubsection.5.12.1.21}{\376\377\0005\000.\0001\0002\000.\0001\000.\0002\0001\000\040\000v\000l\0002\000n}{subsection.5.12.1}% 276
\BOOKMARK [3][-]{subsubsection.5.12.1.22}{\376\377\0005\000.\0001\0002\000.\0001\000.\0002\0002\000\040\000v\000l\0003\000l\0001}{subsection.5.12.1}% 277
\BOOKMARK [3][-]{subsubsection.5.12.1.23}{\376\377\0005\000.\0001\0002\000.\0001\000.\0002\0003\000\040\000v\000l\0003\000n}{subsection.5.12.1}% 278
\BOOKMARK [3][-]{subsubsection.5.12.1.24}{\376\377\0005\000.\0001\0002\000.\0001\000.\0002\0004\000\040\000v\000l\000l\000s\000y\000s}{subsection.5.12.1}% 279
\BOOKMARK [3][-]{subsubsection.5.12.1.25}{\376\377\0005\000.\0001\0002\000.\0001\000.\0002\0005\000\040\000v\000l\000n\000s\000y\000s}{subsection.5.12.1}% 280
\BOOKMARK [3][-]{subsubsection.5.12.1.26}{\376\377\0005\000.\0001\0002\000.\0001\000.\0002\0006\000\040\000w\000l\0001}{subsection.5.12.1}% 281
\BOOKMARK [3][-]{subsubsection.5.12.1.27}{\376\377\0005\000.\0001\0002\000.\0001\000.\0002\0007\000\040\000w\000l\0002}{subsection.5.12.1}% 282
\BOOKMARK [3][-]{subsubsection.5.12.1.28}{\376\377\0005\000.\0001\0002\000.\0001\000.\0002\0008\000\040\000w\000l\0003}{subsection.5.12.1}% 283
\BOOKMARK [3][-]{subsubsection.5.12.1.29}{\376\377\0005\000.\0001\0002\000.\0001\000.\0002\0009\000\040\000w\000s\000y\000s}{subsection.5.12.1}% 284
\BOOKMARK [1][-]{section.5.13}{\376\377\0005\000.\0001\0003\000\040\000E\000M\000\137\000d\000a\000t\000a\0002\000\040\000S\000t\000r\000u\000c\000t\000\040\000R\000e\000f\000e\000r\000e\000n\000c\000e}{chapter.5}% 285
\BOOKMARK [2][-]{subsection.5.13.1}{\376\377\0005\000.\0001\0003\000.\0001\000\040\000F\000i\000e\000l\000d\000\040\000D\000o\000c\000u\000m\000e\000n\000t\000a\000t\000i\000o\000n}{section.5.13}% 286
\BOOKMARK [3][-]{subsubsection.5.13.1.1}{\376\377\0005\000.\0001\0003\000.\0001\000.\0001\000\040\000h\000z}{subsection.5.13.1}% 287
\BOOKMARK [3][-]{subsubsection.5.13.1.2}{\376\377\0005\000.\0001\0003\000.\0001\000.\0002\000\040\000k\000v\000a\000h\000p}{subsection.5.13.1}% 288
\BOOKMARK [3][-]{subsubsection.5.13.1.3}{\376\377\0005\000.\0001\0003\000.\0001\000.\0003\000\040\000k\000v\000a\000h\000t}{subsection.5.13.1}% 289
\BOOKMARK [3][-]{subsubsection.5.13.1.4}{\376\377\0005\000.\0001\0003\000.\0001\000.\0004\000\040\000k\000v\000a\000r\000h\000n\000p}{subsection.5.13.1}% 290
\BOOKMARK [3][-]{subsubsection.5.13.1.5}{\376\377\0005\000.\0001\0003\000.\0001\000.\0005\000\040\000k\000v\000a\000r\000h\000n\000t}{subsection.5.13.1}% 291
\BOOKMARK [3][-]{subsubsection.5.13.1.6}{\376\377\0005\000.\0001\0003\000.\0001\000.\0006\000\040\000k\000v\000a\000r\000h\000p\000p}{subsection.5.13.1}% 292
\BOOKMARK [3][-]{subsubsection.5.13.1.7}{\376\377\0005\000.\0001\0003\000.\0001\000.\0007\000\040\000k\000v\000a\000r\000h\000p\000t}{subsection.5.13.1}% 293
\BOOKMARK [3][-]{subsubsection.5.13.1.8}{\376\377\0005\000.\0001\0003\000.\0001\000.\0008\000\040\000k\000w\000h\000n\000p}{subsection.5.13.1}% 294
\BOOKMARK [3][-]{subsubsection.5.13.1.9}{\376\377\0005\000.\0001\0003\000.\0001\000.\0009\000\040\000k\000w\000h\000n\000t}{subsection.5.13.1}% 295
\BOOKMARK [3][-]{subsubsection.5.13.1.10}{\376\377\0005\000.\0001\0003\000.\0001\000.\0001\0000\000\040\000k\000w\000h\000p\000l\0001}{subsection.5.13.1}% 296
\BOOKMARK [3][-]{subsubsection.5.13.1.11}{\376\377\0005\000.\0001\0003\000.\0001\000.\0001\0001\000\040\000k\000w\000h\000p\000l\0002}{subsection.5.13.1}% 297
\BOOKMARK [3][-]{subsubsection.5.13.1.12}{\376\377\0005\000.\0001\0003\000.\0001\000.\0001\0002\000\040\000k\000w\000h\000p\000l\0003}{subsection.5.13.1}% 298
\BOOKMARK [3][-]{subsubsection.5.13.1.13}{\376\377\0005\000.\0001\0003\000.\0001\000.\0001\0003\000\040\000k\000w\000h\000p\000p}{subsection.5.13.1}% 299
\BOOKMARK [3][-]{subsubsection.5.13.1.14}{\376\377\0005\000.\0001\0003\000.\0001\000.\0001\0004\000\040\000k\000w\000h\000p\000t}{subsection.5.13.1}% 300
\BOOKMARK [3][-]{subsubsection.5.13.1.15}{\376\377\0005\000.\0001\0003\000.\0001\000.\0001\0005\000\040\000r\000h\000l\000c}{subsection.5.13.1}% 301
\BOOKMARK [3][-]{subsubsection.5.13.1.16}{\376\377\0005\000.\0001\0003\000.\0001\000.\0001\0006\000\040\000r\000h\000m}{subsection.5.13.1}% 302
\BOOKMARK [3][-]{subsubsection.5.13.1.17}{\376\377\0005\000.\0001\0003\000.\0001\000.\0001\0007\000\040\000r\000h\000m\000k}{subsection.5.13.1}% 303
\BOOKMARK [3][-]{subsubsection.5.13.1.18}{\376\377\0005\000.\0001\0003\000.\0001\000.\0001\0008\000\040\000r\000h\000m\000k\000p}{subsection.5.13.1}% 304
\BOOKMARK [3][-]{subsubsection.5.13.1.19}{\376\377\0005\000.\0001\0003\000.\0001\000.\0001\0009\000\040\000r\000h\000m\000p}{subsection.5.13.1}% 305
\BOOKMARK [1][-]{section.5.14}{\376\377\0005\000.\0001\0004\000\040\000E\000M\000\137\000s\000e\000r\000i\000a\000l\000\040\000S\000t\000r\000u\000c\000t\000\040\000R\000e\000f\000e\000r\000e\000n\000c\000e}{chapter.5}% 306
\BOOKMARK [2][-]{subsection.5.14.1}{\376\377\0005\000.\0001\0004\000.\0001\000\040\000F\000i\000e\000l\000d\000\040\000D\000o\000c\000u\000m\000e\000n\000t\000a\000t\000i\000o\000n}{section.5.14}% 307
\BOOKMARK [3][-]{subsubsection.5.14.1.1}{\376\377\0005\000.\0001\0004\000.\0001\000.\0001\000\040\000s\000e\000r\000i\000a\000l}{subsection.5.14.1}% 308
\BOOKMARK [3][-]{subsubsection.5.14.1.2}{\376\377\0005\000.\0001\0004\000.\0001\000.\0002\000\040\000y\000e\000a\000r}{subsection.5.14.1}% 309
\BOOKMARK [1][-]{section.5.15}{\376\377\0005\000.\0001\0005\000\040\000E\000M\000\137\000v\000e\000r\000s\000i\000o\000n\000\040\000S\000t\000r\000u\000c\000t\000\040\000R\000e\000f\000e\000r\000e\000n\000c\000e}{chapter.5}% 310
\BOOKMARK [2][-]{subsection.5.15.1}{\376\377\0005\000.\0001\0005\000.\0001\000\040\000F\000i\000e\000l\000d\000\040\000D\000o\000c\000u\000m\000e\000n\000t\000a\000t\000i\000o\000n}{section.5.15}% 311
\BOOKMARK [3][-]{subsubsection.5.15.1.1}{\376\377\0005\000.\0001\0005\000.\0001\000.\0001\000\040\000f\000i\000r\000m\000w\000a\000r\000e}{subsection.5.15.1}% 312
\BOOKMARK [1][-]{section.5.16}{\376\377\0005\000.\0001\0006\000\040\000M\000\137\000d\000a\000t\000a\000\040\000S\000t\000r\000u\000c\000t\000\040\000R\000e\000f\000e\000r\000e\000n\000c\000e}{chapter.5}% 313
\BOOKMARK [2][-]{subsection.5.16.1}{\376\377\0005\000.\0001\0006\000.\0001\000\040\000F\000i\000e\000l\000d\000\040\000D\000o\000c\000u\000m\000e\000n\000t\000a\000t\000i\000o\000n}{section.5.16}% 314
\BOOKMARK [3][-]{subsubsection.5.16.1.1}{\376\377\0005\000.\0001\0006\000.\0001\000.\0001\000\040\000b\000l\000i\000n\000k\000\137\000l\000o\000c\000k}{subsection.5.16.1}% 315
\BOOKMARK [3][-]{subsubsection.5.16.1.2}{\376\377\0005\000.\0001\0006\000.\0001\000.\0002\000\040\000b\000o\000o\000t\000\137\000c\000o\000d\000e}{subsection.5.16.1}% 316
\BOOKMARK [3][-]{subsubsection.5.16.1.3}{\376\377\0005\000.\0001\0006\000.\0001\000.\0003\000\040\000c\000o\000n\000f\000i\000g}{subsection.5.16.1}% 317
\BOOKMARK [3][-]{subsubsection.5.16.1.4}{\376\377\0005\000.\0001\0006\000.\0001\000.\0004\000\040\000c\000r\000c\000\137\000c\000a\000l\000c}{subsection.5.16.1}% 318
\BOOKMARK [3][-]{subsubsection.5.16.1.5}{\376\377\0005\000.\0001\0006\000.\0001\000.\0005\000\040\000c\000r\000c\000\137\000d\000a\000t\000a}{subsection.5.16.1}% 319
\BOOKMARK [3][-]{subsubsection.5.16.1.6}{\376\377\0005\000.\0001\0006\000.\0001\000.\0006\000\040\000c\000r\000c\000\137\000e\000r\000r\000o\000r}{subsection.5.16.1}% 320
\BOOKMARK [3][-]{subsubsection.5.16.1.7}{\376\377\0005\000.\0001\0006\000.\0001\000.\0007\000\040\000e\000r\000r\000o\000r}{subsection.5.16.1}% 321
\BOOKMARK [3][-]{subsubsection.5.16.1.8}{\376\377\0005\000.\0001\0006\000.\0001\000.\0008\000\040\000p\000o\000w\000e\000r\000\137\000o\000n}{subsection.5.16.1}% 322
\BOOKMARK [3][-]{subsubsection.5.16.1.9}{\376\377\0005\000.\0001\0006\000.\0001\000.\0009\000\040\000p\000w\000m\000\137\000v\000o\000l\000t\000s}{subsection.5.16.1}% 323
\BOOKMARK [3][-]{subsubsection.5.16.1.10}{\376\377\0005\000.\0001\0006\000.\0001\000.\0001\0000\000\040\000r\000e\000c\000v\000\137\000c\000o\000u\000n\000t}{subsection.5.16.1}% 324
\BOOKMARK [3][-]{subsubsection.5.16.1.11}{\376\377\0005\000.\0001\0006\000.\0001\000.\0001\0001\000\040\000r\000x}{subsection.5.16.1}% 325
\BOOKMARK [3][-]{subsubsection.5.16.1.12}{\376\377\0005\000.\0001\0006\000.\0001\000.\0001\0002\000\040\000s\000e\000n\000d\000\137\000c\000o\000u\000n\000t}{subsection.5.16.1}% 326
\BOOKMARK [3][-]{subsubsection.5.16.1.13}{\376\377\0005\000.\0001\0006\000.\0001\000.\0001\0003\000\040\000s\000e\000n\000d\000s}{subsection.5.16.1}% 327
\BOOKMARK [3][-]{subsubsection.5.16.1.14}{\376\377\0005\000.\0001\0006\000.\0001\000.\0001\0004\000\040\000s\000t\000a\000b\000l\000e}{subsection.5.16.1}% 328
\BOOKMARK [3][-]{subsubsection.5.16.1.15}{\376\377\0005\000.\0001\0006\000.\0001\000.\0001\0005\000\040\000t\000o\000\137\000e\000r\000r\000o\000r}{subsection.5.16.1}% 329
\BOOKMARK [1][-]{section.5.17}{\376\377\0005\000.\0001\0007\000\040\000M\000\137\000t\000i\000m\000e\000\137\000d\000a\000t\000a\000\040\000S\000t\000r\000u\000c\000t\000\040\000R\000e\000f\000e\000r\000e\000n\000c\000e}{chapter.5}% 330
\BOOKMARK [2][-]{subsection.5.17.1}{\376\377\0005\000.\0001\0007\000.\0001\000\040\000F\000i\000e\000l\000d\000\040\000D\000o\000c\000u\000m\000e\000n\000t\000a\000t\000i\000o\000n}{section.5.17}% 331
\BOOKMARK [3][-]{subsubsection.5.17.1.1}{\376\377\0005\000.\0001\0007\000.\0001\000.\0001\000\040\000c\000l\000o\000c\000k\000\137\0002\000h\000z}{subsection.5.17.1}% 332
\BOOKMARK [3][-]{subsubsection.5.17.1.2}{\376\377\0005\000.\0001\0007\000.\0001\000.\0002\000\040\000c\000l\000o\000c\000k\000\137\0005\0000\0000\000a\000h\000z}{subsection.5.17.1}% 333
\BOOKMARK [3][-]{subsubsection.5.17.1.3}{\376\377\0005\000.\0001\0007\000.\0001\000.\0003\000\040\000c\000l\000o\000c\000k\000\137\0005\0000\0000\000h\000z}{subsection.5.17.1}% 334
\BOOKMARK [1][-]{section.5.18}{\376\377\0005\000.\0001\0008\000\040\000m\000b\000e\000d\000t\000l\000s\000\137\000c\000o\000n\000t\000e\000x\000t\000\040\000S\000t\000r\000u\000c\000t\000\040\000R\000e\000f\000e\000r\000e\000n\000c\000e}{chapter.5}% 335
\BOOKMARK [2][-]{subsection.5.18.1}{\376\377\0005\000.\0001\0008\000.\0001\000\040\000F\000i\000e\000l\000d\000\040\000D\000o\000c\000u\000m\000e\000n\000t\000a\000t\000i\000o\000n}{section.5.18}% 336
\BOOKMARK [3][-]{subsubsection.5.18.1.1}{\376\377\0005\000.\0001\0008\000.\0001\000.\0001\000\040\000c\000a\000\137\000c\000r\000t}{subsection.5.18.1}% 337
\BOOKMARK [3][-]{subsubsection.5.18.1.2}{\376\377\0005\000.\0001\0008\000.\0001\000.\0002\000\040\000c\000t\000r\000\137\000d\000r\000b\000g}{subsection.5.18.1}% 338
\BOOKMARK [3][-]{subsubsection.5.18.1.3}{\376\377\0005\000.\0001\0008\000.\0001\000.\0003\000\040\000e\000n\000t\000r\000o\000p\000y}{subsection.5.18.1}% 339
\BOOKMARK [3][-]{subsubsection.5.18.1.4}{\376\377\0005\000.\0001\0008\000.\0001\000.\0004\000\040\000n\000e\000t\000\137\000c\000t\000x}{subsection.5.18.1}% 340
\BOOKMARK [3][-]{subsubsection.5.18.1.5}{\376\377\0005\000.\0001\0008\000.\0001\000.\0005\000\040\000s\000s\000l\000\137\000c\000o\000n\000f}{subsection.5.18.1}% 341
\BOOKMARK [3][-]{subsubsection.5.18.1.6}{\376\377\0005\000.\0001\0008\000.\0001\000.\0006\000\040\000s\000s\000l\000\137\000c\000t\000x}{subsection.5.18.1}% 342
\BOOKMARK [1][-]{section.5.19}{\376\377\0005\000.\0001\0009\000\040\000m\000q\000t\000t\000\137\000c\000l\000i\000e\000n\000t\000\040\000S\000t\000r\000u\000c\000t\000\040\000R\000e\000f\000e\000r\000e\000n\000c\000e}{chapter.5}% 343
\BOOKMARK [2][-]{subsection.5.19.1}{\376\377\0005\000.\0001\0009\000.\0001\000\040\000D\000e\000t\000a\000i\000l\000e\000d\000\040\000D\000e\000s\000c\000r\000i\000p\000t\000i\000o\000n}{section.5.19}% 344
\BOOKMARK [2][-]{subsection.5.19.2}{\376\377\0005\000.\0001\0009\000.\0002\000\040\000F\000i\000e\000l\000d\000\040\000D\000o\000c\000u\000m\000e\000n\000t\000a\000t\000i\000o\000n}{section.5.19}% 345
\BOOKMARK [3][-]{subsubsection.5.19.2.1}{\376\377\0005\000.\0001\0009\000.\0002\000.\0001\000\040\000c\000u\000r\000r}{subsection.5.19.2}% 346
\BOOKMARK [3][-]{subsubsection.5.19.2.2}{\376\377\0005\000.\0001\0009\000.\0002\000.\0002\000\040\000c\000u\000r\000r\000\137\000s\000z}{subsection.5.19.2}% 347
\BOOKMARK [3][-]{subsubsection.5.19.2.3}{\376\377\0005\000.\0001\0009\000.\0002\000.\0003\000\040\000e\000r\000r\000o\000r}{subsection.5.19.2}% 348
\BOOKMARK [3][-]{subsubsection.5.19.2.4}{\376\377\0005\000.\0001\0009\000.\0002\000.\0004\000\040\000i\000n\000s\000p\000e\000c\000t\000o\000r\000\137\000c\000a\000l\000l\000b\000a\000c\000k}{subsection.5.19.2}% 349
\BOOKMARK [3][-]{subsubsection.5.19.2.5}{\376\377\0005\000.\0001\0009\000.\0002\000.\0005\000\040\000k\000e\000e\000p\000\137\000a\000l\000i\000v\000e}{subsection.5.19.2}% 350
\BOOKMARK [3][-]{subsubsection.5.19.2.6}{\376\377\0005\000.\0001\0009\000.\0002\000.\0006\000\040\000m\000e\000m\000\137\000s\000i\000z\000e}{subsection.5.19.2}% 351
\BOOKMARK [3][-]{subsubsection.5.19.2.7}{\376\377\0005\000.\0001\0009\000.\0002\000.\0007\000\040\000m\000e\000m\000\137\000s\000t\000a\000r\000t}{subsection.5.19.2}% 352
\BOOKMARK [3][-]{subsubsection.5.19.2.8}{\376\377\0005\000.\0001\0009\000.\0002\000.\0008\000\040\000m\000q}{subsection.5.19.2}% 353
\BOOKMARK [3][-]{subsubsection.5.19.2.9}{\376\377\0005\000.\0001\0009\000.\0002\000.\0009\000\040\000m\000u\000t\000e\000x}{subsection.5.19.2}% 354
\BOOKMARK [3][-]{subsubsection.5.19.2.10}{\376\377\0005\000.\0001\0009\000.\0002\000.\0001\0000\000\040\000n\000u\000m\000b\000e\000r\000\137\000o\000f\000\137\000k\000e\000e\000p\000\137\000a\000l\000i\000v\000e\000s}{subsection.5.19.2}% 355
\BOOKMARK [3][-]{subsubsection.5.19.2.11}{\376\377\0005\000.\0001\0009\000.\0002\000.\0001\0001\000\040\000n\000u\000m\000b\000e\000r\000\137\000o\000f\000\137\000t\000i\000m\000e\000o\000u\000t\000s}{subsection.5.19.2}% 356
\BOOKMARK [3][-]{subsubsection.5.19.2.12}{\376\377\0005\000.\0001\0009\000.\0002\000.\0001\0002\000\040\000p\000i\000d\000\137\000l\000f\000s\000r}{subsection.5.19.2}% 357
\BOOKMARK [3][-]{subsubsection.5.19.2.13}{\376\377\0005\000.\0001\0009\000.\0002\000.\0001\0003\000\040\000p\000u\000b\000l\000i\000s\000h\000\137\000r\000e\000s\000p\000o\000n\000s\000e\000\137\000c\000a\000l\000l\000b\000a\000c\000k}{subsection.5.19.2}% 358
\BOOKMARK [3][-]{subsubsection.5.19.2.14}{\376\377\0005\000.\0001\0009\000.\0002\000.\0001\0004\000\040\000p\000u\000b\000l\000i\000s\000h\000\137\000r\000e\000s\000p\000o\000n\000s\000e\000\137\000c\000a\000l\000l\000b\000a\000c\000k\000\137\000s\000t\000a\000t\000e}{subsection.5.19.2}% 359
\BOOKMARK [3][-]{subsubsection.5.19.2.15}{\376\377\0005\000.\0001\0009\000.\0002\000.\0001\0005\000\040\000r\000e\000c\000o\000n\000n\000e\000c\000t\000\137\000c\000a\000l\000l\000b\000a\000c\000k}{subsection.5.19.2}% 360
\BOOKMARK [3][-]{subsubsection.5.19.2.16}{\376\377\0005\000.\0001\0009\000.\0002\000.\0001\0006\000\040\000r\000e\000c\000o\000n\000n\000e\000c\000t\000\137\000s\000t\000a\000t\000e}{subsection.5.19.2}% 361
\BOOKMARK [3][-]{subsubsection.5.19.2.17}{\376\377\0005\000.\0001\0009\000.\0002\000.\0001\0007\000\040\000[\000s\000t\000r\000u\000c\000t\000]}{subsection.5.19.2}% 362
\BOOKMARK [3][-]{subsubsection.5.19.2.18}{\376\377\0005\000.\0001\0009\000.\0002\000.\0001\0008\000\040\000r\000e\000s\000p\000o\000n\000s\000e\000\137\000t\000i\000m\000e\000o\000u\000t}{subsection.5.19.2}% 363
\BOOKMARK [3][-]{subsubsection.5.19.2.19}{\376\377\0005\000.\0001\0009\000.\0002\000.\0001\0009\000\040\000s\000e\000n\000d\000\137\000o\000f\000f\000s\000e\000t}{subsection.5.19.2}% 364
\BOOKMARK [3][-]{subsubsection.5.19.2.20}{\376\377\0005\000.\0001\0009\000.\0002\000.\0002\0000\000\040\000s\000o\000c\000k\000e\000t\000f\000d}{subsection.5.19.2}% 365
\BOOKMARK [3][-]{subsubsection.5.19.2.21}{\376\377\0005\000.\0001\0009\000.\0002\000.\0002\0001\000\040\000t\000i\000m\000e\000\137\000o\000f\000\137\000l\000a\000s\000t\000\137\000s\000e\000n\000d}{subsection.5.19.2}% 366
\BOOKMARK [3][-]{subsubsection.5.19.2.22}{\376\377\0005\000.\0001\0009\000.\0002\000.\0002\0002\000\040\000t\000y\000p\000i\000c\000a\000l\000\137\000r\000e\000s\000p\000o\000n\000s\000e\000\137\000t\000i\000m\000e}{subsection.5.19.2}% 367
\BOOKMARK [1][-]{section.5.20}{\376\377\0005\000.\0002\0000\000\040\000m\000q\000t\000t\000\137\000f\000i\000x\000e\000d\000\137\000h\000e\000a\000d\000e\000r\000\040\000S\000t\000r\000u\000c\000t\000\040\000R\000e\000f\000e\000r\000e\000n\000c\000e}{chapter.5}% 368
\BOOKMARK [2][-]{subsection.5.20.1}{\376\377\0005\000.\0002\0000\000.\0001\000\040\000D\000e\000t\000a\000i\000l\000e\000d\000\040\000D\000e\000s\000c\000r\000i\000p\000t\000i\000o\000n}{section.5.20}% 369
\BOOKMARK [2][-]{subsection.5.20.2}{\376\377\0005\000.\0002\0000\000.\0002\000\040\000F\000i\000e\000l\000d\000\040\000D\000o\000c\000u\000m\000e\000n\000t\000a\000t\000i\000o\000n}{section.5.20}% 370
\BOOKMARK [3][-]{subsubsection.5.20.2.1}{\376\377\0005\000.\0002\0000\000.\0002\000.\0001\000\040\000c\000o\000n\000t\000r\000o\000l\000\137\000f\000l\000a\000g\000s}{subsection.5.20.2}% 371
\BOOKMARK [3][-]{subsubsection.5.20.2.2}{\376\377\0005\000.\0002\0000\000.\0002\000.\0002\000\040\000c\000o\000n\000t\000r\000o\000l\000\137\000t\000y\000p\000e}{subsection.5.20.2}% 372
\BOOKMARK [3][-]{subsubsection.5.20.2.3}{\376\377\0005\000.\0002\0000\000.\0002\000.\0003\000\040\000r\000e\000m\000a\000i\000n\000i\000n\000g\000\137\000l\000e\000n\000g\000t\000h}{subsection.5.20.2}% 373
\BOOKMARK [1][-]{section.5.21}{\376\377\0005\000.\0002\0001\000\040\000m\000q\000t\000t\000\137\000m\000e\000s\000s\000a\000g\000e\000\137\000q\000u\000e\000u\000e\000\040\000S\000t\000r\000u\000c\000t\000\040\000R\000e\000f\000e\000r\000e\000n\000c\000e}{chapter.5}% 374
\BOOKMARK [2][-]{subsection.5.21.1}{\376\377\0005\000.\0002\0001\000.\0001\000\040\000D\000e\000t\000a\000i\000l\000e\000d\000\040\000D\000e\000s\000c\000r\000i\000p\000t\000i\000o\000n}{section.5.21}% 375
\BOOKMARK [2][-]{subsection.5.21.2}{\376\377\0005\000.\0002\0001\000.\0002\000\040\000F\000i\000e\000l\000d\000\040\000D\000o\000c\000u\000m\000e\000n\000t\000a\000t\000i\000o\000n}{section.5.21}% 376
\BOOKMARK [3][-]{subsubsection.5.21.2.1}{\376\377\0005\000.\0002\0001\000.\0002\000.\0001\000\040\000c\000u\000r\000r}{subsection.5.21.2}% 377
\BOOKMARK [3][-]{subsubsection.5.21.2.2}{\376\377\0005\000.\0002\0001\000.\0002\000.\0002\000\040\000c\000u\000r\000r\000\137\000s\000z}{subsection.5.21.2}% 378
\BOOKMARK [3][-]{subsubsection.5.21.2.3}{\376\377\0005\000.\0002\0001\000.\0002\000.\0003\000\040\000m\000e\000m\000\137\000e\000n\000d}{subsection.5.21.2}% 379
\BOOKMARK [3][-]{subsubsection.5.21.2.4}{\376\377\0005\000.\0002\0001\000.\0002\000.\0004\000\040\000m\000e\000m\000\137\000s\000t\000a\000r\000t}{subsection.5.21.2}% 380
\BOOKMARK [3][-]{subsubsection.5.21.2.5}{\376\377\0005\000.\0002\0001\000.\0002\000.\0005\000\040\000q\000u\000e\000u\000e\000\137\000t\000a\000i\000l}{subsection.5.21.2}% 381
\BOOKMARK [1][-]{section.5.22}{\376\377\0005\000.\0002\0002\000\040\000m\000q\000t\000t\000\137\000q\000u\000e\000u\000e\000d\000\137\000m\000e\000s\000s\000a\000g\000e\000\040\000S\000t\000r\000u\000c\000t\000\040\000R\000e\000f\000e\000r\000e\000n\000c\000e}{chapter.5}% 382
\BOOKMARK [2][-]{subsection.5.22.1}{\376\377\0005\000.\0002\0002\000.\0001\000\040\000D\000e\000t\000a\000i\000l\000e\000d\000\040\000D\000e\000s\000c\000r\000i\000p\000t\000i\000o\000n}{section.5.22}% 383
\BOOKMARK [2][-]{subsection.5.22.2}{\376\377\0005\000.\0002\0002\000.\0002\000\040\000F\000i\000e\000l\000d\000\040\000D\000o\000c\000u\000m\000e\000n\000t\000a\000t\000i\000o\000n}{section.5.22}% 384
\BOOKMARK [3][-]{subsubsection.5.22.2.1}{\376\377\0005\000.\0002\0002\000.\0002\000.\0001\000\040\000c\000o\000n\000t\000r\000o\000l\000\137\000t\000y\000p\000e}{subsection.5.22.2}% 385
\BOOKMARK [3][-]{subsubsection.5.22.2.2}{\376\377\0005\000.\0002\0002\000.\0002\000.\0002\000\040\000p\000a\000c\000k\000e\000t\000\137\000i\000d}{subsection.5.22.2}% 386
\BOOKMARK [3][-]{subsubsection.5.22.2.3}{\376\377\0005\000.\0002\0002\000.\0002\000.\0003\000\040\000s\000i\000z\000e}{subsection.5.22.2}% 387
\BOOKMARK [3][-]{subsubsection.5.22.2.4}{\376\377\0005\000.\0002\0002\000.\0002\000.\0004\000\040\000s\000t\000a\000r\000t}{subsection.5.22.2}% 388
\BOOKMARK [3][-]{subsubsection.5.22.2.5}{\376\377\0005\000.\0002\0002\000.\0002\000.\0005\000\040\000s\000t\000a\000t\000e}{subsection.5.22.2}% 389
\BOOKMARK [3][-]{subsubsection.5.22.2.6}{\376\377\0005\000.\0002\0002\000.\0002\000.\0006\000\040\000t\000i\000m\000e\000\137\000s\000e\000n\000t}{subsection.5.22.2}% 390
\BOOKMARK [1][-]{section.5.23}{\376\377\0005\000.\0002\0003\000\040\000m\000q\000t\000t\000\137\000r\000e\000s\000p\000o\000n\000s\000e\000\040\000S\000t\000r\000u\000c\000t\000\040\000R\000e\000f\000e\000r\000e\000n\000c\000e}{chapter.5}% 391
\BOOKMARK [2][-]{subsection.5.23.1}{\376\377\0005\000.\0002\0003\000.\0001\000\040\000D\000e\000t\000a\000i\000l\000e\000d\000\040\000D\000e\000s\000c\000r\000i\000p\000t\000i\000o\000n}{section.5.23}% 392
\BOOKMARK [2][-]{subsection.5.23.2}{\376\377\0005\000.\0002\0003\000.\0002\000\040\000F\000i\000e\000l\000d\000\040\000D\000o\000c\000u\000m\000e\000n\000t\000a\000t\000i\000o\000n}{section.5.23}% 393
\BOOKMARK [3][-]{subsubsection.5.23.2.1}{\376\377\0005\000.\0002\0003\000.\0002\000.\0001\000\040\000c\000o\000n\000n\000a\000c\000k}{subsection.5.23.2}% 394
\BOOKMARK [3][-]{subsubsection.5.23.2.2}{\376\377\0005\000.\0002\0003\000.\0002\000.\0002\000\040\000[\000u\000n\000i\000o\000n\000]}{subsection.5.23.2}% 395
\BOOKMARK [3][-]{subsubsection.5.23.2.3}{\376\377\0005\000.\0002\0003\000.\0002\000.\0003\000\040\000f\000i\000x\000e\000d\000\137\000h\000e\000a\000d\000e\000r}{subsection.5.23.2}% 396
\BOOKMARK [3][-]{subsubsection.5.23.2.4}{\376\377\0005\000.\0002\0003\000.\0002\000.\0004\000\040\000p\000i\000n\000g\000r\000e\000s\000p}{subsection.5.23.2}% 397
\BOOKMARK [3][-]{subsubsection.5.23.2.5}{\376\377\0005\000.\0002\0003\000.\0002\000.\0005\000\040\000p\000u\000b\000a\000c\000k}{subsection.5.23.2}% 398
\BOOKMARK [3][-]{subsubsection.5.23.2.6}{\376\377\0005\000.\0002\0003\000.\0002\000.\0006\000\040\000p\000u\000b\000c\000o\000m\000p}{subsection.5.23.2}% 399
\BOOKMARK [3][-]{subsubsection.5.23.2.7}{\376\377\0005\000.\0002\0003\000.\0002\000.\0007\000\040\000p\000u\000b\000l\000i\000s\000h}{subsection.5.23.2}% 400
\BOOKMARK [3][-]{subsubsection.5.23.2.8}{\376\377\0005\000.\0002\0003\000.\0002\000.\0008\000\040\000p\000u\000b\000r\000e\000c}{subsection.5.23.2}% 401
\BOOKMARK [3][-]{subsubsection.5.23.2.9}{\376\377\0005\000.\0002\0003\000.\0002\000.\0009\000\040\000p\000u\000b\000r\000e\000l}{subsection.5.23.2}% 402
\BOOKMARK [3][-]{subsubsection.5.23.2.10}{\376\377\0005\000.\0002\0003\000.\0002\000.\0001\0000\000\040\000s\000u\000b\000a\000c\000k}{subsection.5.23.2}% 403
\BOOKMARK [3][-]{subsubsection.5.23.2.11}{\376\377\0005\000.\0002\0003\000.\0002\000.\0001\0001\000\040\000u\000n\000s\000u\000b\000a\000c\000k}{subsection.5.23.2}% 404
\BOOKMARK [1][-]{section.5.24}{\376\377\0005\000.\0002\0004\000\040\000m\000q\000t\000t\000\137\000r\000e\000s\000p\000o\000n\000s\000e\000\137\000c\000o\000n\000n\000a\000c\000k\000\040\000S\000t\000r\000u\000c\000t\000\040\000R\000e\000f\000e\000r\000e\000n\000c\000e}{chapter.5}% 405
\BOOKMARK [2][-]{subsection.5.24.1}{\376\377\0005\000.\0002\0004\000.\0001\000\040\000D\000e\000t\000a\000i\000l\000e\000d\000\040\000D\000e\000s\000c\000r\000i\000p\000t\000i\000o\000n}{section.5.24}% 406
\BOOKMARK [2][-]{subsection.5.24.2}{\376\377\0005\000.\0002\0004\000.\0002\000\040\000F\000i\000e\000l\000d\000\040\000D\000o\000c\000u\000m\000e\000n\000t\000a\000t\000i\000o\000n}{section.5.24}% 407
\BOOKMARK [3][-]{subsubsection.5.24.2.1}{\376\377\0005\000.\0002\0004\000.\0002\000.\0001\000\040\000r\000e\000t\000u\000r\000n\000\137\000c\000o\000d\000e}{subsection.5.24.2}% 408
\BOOKMARK [3][-]{subsubsection.5.24.2.2}{\376\377\0005\000.\0002\0004\000.\0002\000.\0002\000\040\000s\000e\000s\000s\000i\000o\000n\000\137\000p\000r\000e\000s\000e\000n\000t\000\137\000f\000l\000a\000g}{subsection.5.24.2}% 409
\BOOKMARK [1][-]{section.5.25}{\376\377\0005\000.\0002\0005\000\040\000m\000q\000t\000t\000\137\000r\000e\000s\000p\000o\000n\000s\000e\000\137\000p\000i\000n\000g\000r\000e\000s\000p\000\040\000S\000t\000r\000u\000c\000t\000\040\000R\000e\000f\000e\000r\000e\000n\000c\000e}{chapter.5}% 410
\BOOKMARK [2][-]{subsection.5.25.1}{\376\377\0005\000.\0002\0005\000.\0001\000\040\000D\000e\000t\000a\000i\000l\000e\000d\000\040\000D\000e\000s\000c\000r\000i\000p\000t\000i\000o\000n}{section.5.25}% 411
\BOOKMARK [2][-]{subsection.5.25.2}{\376\377\0005\000.\0002\0005\000.\0002\000\040\000F\000i\000e\000l\000d\000\040\000D\000o\000c\000u\000m\000e\000n\000t\000a\000t\000i\000o\000n}{section.5.25}% 412
\BOOKMARK [3][-]{subsubsection.5.25.2.1}{\376\377\0005\000.\0002\0005\000.\0002\000.\0001\000\040\000d\000u\000m\000m\000y}{subsection.5.25.2}% 413
\BOOKMARK [1][-]{section.5.26}{\376\377\0005\000.\0002\0006\000\040\000m\000q\000t\000t\000\137\000r\000e\000s\000p\000o\000n\000s\000e\000\137\000p\000u\000b\000a\000c\000k\000\040\000S\000t\000r\000u\000c\000t\000\040\000R\000e\000f\000e\000r\000e\000n\000c\000e}{chapter.5}% 414
\BOOKMARK [2][-]{subsection.5.26.1}{\376\377\0005\000.\0002\0006\000.\0001\000\040\000D\000e\000t\000a\000i\000l\000e\000d\000\040\000D\000e\000s\000c\000r\000i\000p\000t\000i\000o\000n}{section.5.26}% 415
\BOOKMARK [2][-]{subsection.5.26.2}{\376\377\0005\000.\0002\0006\000.\0002\000\040\000F\000i\000e\000l\000d\000\040\000D\000o\000c\000u\000m\000e\000n\000t\000a\000t\000i\000o\000n}{section.5.26}% 416
\BOOKMARK [3][-]{subsubsection.5.26.2.1}{\376\377\0005\000.\0002\0006\000.\0002\000.\0001\000\040\000p\000a\000c\000k\000e\000t\000\137\000i\000d}{subsection.5.26.2}% 417
\BOOKMARK [1][-]{section.5.27}{\376\377\0005\000.\0002\0007\000\040\000m\000q\000t\000t\000\137\000r\000e\000s\000p\000o\000n\000s\000e\000\137\000p\000u\000b\000c\000o\000m\000p\000\040\000S\000t\000r\000u\000c\000t\000\040\000R\000e\000f\000e\000r\000e\000n\000c\000e}{chapter.5}% 418
\BOOKMARK [2][-]{subsection.5.27.1}{\376\377\0005\000.\0002\0007\000.\0001\000\040\000D\000e\000t\000a\000i\000l\000e\000d\000\040\000D\000e\000s\000c\000r\000i\000p\000t\000i\000o\000n}{section.5.27}% 419
\BOOKMARK [2][-]{subsection.5.27.2}{\376\377\0005\000.\0002\0007\000.\0002\000\040\000F\000i\000e\000l\000d\000\040\000D\000o\000c\000u\000m\000e\000n\000t\000a\000t\000i\000o\000n}{section.5.27}% 420
\BOOKMARK [3][-]{subsubsection.5.27.2.1}{\376\377\0005\000.\0002\0007\000.\0002\000.\0001\000\040\000p\000a\000c\000k\000e\000t\000\137\000i\000d}{subsection.5.27.2}% 421
\BOOKMARK [1][-]{section.5.28}{\376\377\0005\000.\0002\0008\000\040\000m\000q\000t\000t\000\137\000r\000e\000s\000p\000o\000n\000s\000e\000\137\000p\000u\000b\000l\000i\000s\000h\000\040\000S\000t\000r\000u\000c\000t\000\040\000R\000e\000f\000e\000r\000e\000n\000c\000e}{chapter.5}% 422
\BOOKMARK [2][-]{subsection.5.28.1}{\376\377\0005\000.\0002\0008\000.\0001\000\040\000D\000e\000t\000a\000i\000l\000e\000d\000\040\000D\000e\000s\000c\000r\000i\000p\000t\000i\000o\000n}{section.5.28}% 423
\BOOKMARK [2][-]{subsection.5.28.2}{\376\377\0005\000.\0002\0008\000.\0002\000\040\000F\000i\000e\000l\000d\000\040\000D\000o\000c\000u\000m\000e\000n\000t\000a\000t\000i\000o\000n}{section.5.28}% 424
\BOOKMARK [3][-]{subsubsection.5.28.2.1}{\376\377\0005\000.\0002\0008\000.\0002\000.\0001\000\040\000a\000p\000p\000l\000i\000c\000a\000t\000i\000o\000n\000\137\000m\000e\000s\000s\000a\000g\000e}{subsection.5.28.2}% 425
\BOOKMARK [3][-]{subsubsection.5.28.2.2}{\376\377\0005\000.\0002\0008\000.\0002\000.\0002\000\040\000a\000p\000p\000l\000i\000c\000a\000t\000i\000o\000n\000\137\000m\000e\000s\000s\000a\000g\000e\000\137\000s\000i\000z\000e}{subsection.5.28.2}% 426
\BOOKMARK [3][-]{subsubsection.5.28.2.3}{\376\377\0005\000.\0002\0008\000.\0002\000.\0003\000\040\000d\000u\000p\000\137\000f\000l\000a\000g}{subsection.5.28.2}% 427
\BOOKMARK [3][-]{subsubsection.5.28.2.4}{\376\377\0005\000.\0002\0008\000.\0002\000.\0004\000\040\000p\000a\000c\000k\000e\000t\000\137\000i\000d}{subsection.5.28.2}% 428
\BOOKMARK [3][-]{subsubsection.5.28.2.5}{\376\377\0005\000.\0002\0008\000.\0002\000.\0005\000\040\000q\000o\000s\000\137\000l\000e\000v\000e\000l}{subsection.5.28.2}% 429
\BOOKMARK [3][-]{subsubsection.5.28.2.6}{\376\377\0005\000.\0002\0008\000.\0002\000.\0006\000\040\000r\000e\000t\000a\000i\000n\000\137\000f\000l\000a\000g}{subsection.5.28.2}% 430
\BOOKMARK [3][-]{subsubsection.5.28.2.7}{\376\377\0005\000.\0002\0008\000.\0002\000.\0007\000\040\000t\000o\000p\000i\000c\000\137\000n\000a\000m\000e}{subsection.5.28.2}% 431
\BOOKMARK [3][-]{subsubsection.5.28.2.8}{\376\377\0005\000.\0002\0008\000.\0002\000.\0008\000\040\000t\000o\000p\000i\000c\000\137\000n\000a\000m\000e\000\137\000s\000i\000z\000e}{subsection.5.28.2}% 432
\BOOKMARK [1][-]{section.5.29}{\376\377\0005\000.\0002\0009\000\040\000m\000q\000t\000t\000\137\000r\000e\000s\000p\000o\000n\000s\000e\000\137\000p\000u\000b\000r\000e\000c\000\040\000S\000t\000r\000u\000c\000t\000\040\000R\000e\000f\000e\000r\000e\000n\000c\000e}{chapter.5}% 433
\BOOKMARK [2][-]{subsection.5.29.1}{\376\377\0005\000.\0002\0009\000.\0001\000\040\000D\000e\000t\000a\000i\000l\000e\000d\000\040\000D\000e\000s\000c\000r\000i\000p\000t\000i\000o\000n}{section.5.29}% 434
\BOOKMARK [2][-]{subsection.5.29.2}{\376\377\0005\000.\0002\0009\000.\0002\000\040\000F\000i\000e\000l\000d\000\040\000D\000o\000c\000u\000m\000e\000n\000t\000a\000t\000i\000o\000n}{section.5.29}% 435
\BOOKMARK [3][-]{subsubsection.5.29.2.1}{\376\377\0005\000.\0002\0009\000.\0002\000.\0001\000\040\000p\000a\000c\000k\000e\000t\000\137\000i\000d}{subsection.5.29.2}% 436
\BOOKMARK [1][-]{section.5.30}{\376\377\0005\000.\0003\0000\000\040\000m\000q\000t\000t\000\137\000r\000e\000s\000p\000o\000n\000s\000e\000\137\000p\000u\000b\000r\000e\000l\000\040\000S\000t\000r\000u\000c\000t\000\040\000R\000e\000f\000e\000r\000e\000n\000c\000e}{chapter.5}% 437
\BOOKMARK [2][-]{subsection.5.30.1}{\376\377\0005\000.\0003\0000\000.\0001\000\040\000D\000e\000t\000a\000i\000l\000e\000d\000\040\000D\000e\000s\000c\000r\000i\000p\000t\000i\000o\000n}{section.5.30}% 438
\BOOKMARK [2][-]{subsection.5.30.2}{\376\377\0005\000.\0003\0000\000.\0002\000\040\000F\000i\000e\000l\000d\000\040\000D\000o\000c\000u\000m\000e\000n\000t\000a\000t\000i\000o\000n}{section.5.30}% 439
\BOOKMARK [3][-]{subsubsection.5.30.2.1}{\376\377\0005\000.\0003\0000\000.\0002\000.\0001\000\040\000p\000a\000c\000k\000e\000t\000\137\000i\000d}{subsection.5.30.2}% 440
\BOOKMARK [1][-]{section.5.31}{\376\377\0005\000.\0003\0001\000\040\000m\000q\000t\000t\000\137\000r\000e\000s\000p\000o\000n\000s\000e\000\137\000s\000u\000b\000a\000c\000k\000\040\000S\000t\000r\000u\000c\000t\000\040\000R\000e\000f\000e\000r\000e\000n\000c\000e}{chapter.5}% 441
\BOOKMARK [2][-]{subsection.5.31.1}{\376\377\0005\000.\0003\0001\000.\0001\000\040\000D\000e\000t\000a\000i\000l\000e\000d\000\040\000D\000e\000s\000c\000r\000i\000p\000t\000i\000o\000n}{section.5.31}% 442
\BOOKMARK [2][-]{subsection.5.31.2}{\376\377\0005\000.\0003\0001\000.\0002\000\040\000F\000r\000i\000e\000n\000d\000s\000\040\000A\000n\000d\000\040\000R\000e\000l\000a\000t\000e\000d\000\040\000S\000y\000m\000b\000o\000l\000\040\000D\000o\000c\000u\000m\000e\000n\000t\000a\000t\000i\000o\000n}{section.5.31}% 443
\BOOKMARK [3][-]{subsubsection.5.31.2.1}{\376\377\0005\000.\0003\0001\000.\0002\000.\0001\000\040\000m\000q\000t\000t\000\137\000u\000n\000p\000a\000c\000k\000\137\000s\000u\000b\000a\000c\000k\000\137\000r\000e\000s\000p\000o\000n\000s\000e\000\050\000\051}{subsection.5.31.2}% 444
\BOOKMARK [2][-]{subsection.5.31.3}{\376\377\0005\000.\0003\0001\000.\0003\000\040\000F\000i\000e\000l\000d\000\040\000D\000o\000c\000u\000m\000e\000n\000t\000a\000t\000i\000o\000n}{section.5.31}% 445
\BOOKMARK [3][-]{subsubsection.5.31.3.1}{\376\377\0005\000.\0003\0001\000.\0003\000.\0001\000\040\000n\000u\000m\000\137\000r\000e\000t\000u\000r\000n\000\137\000c\000o\000d\000e\000s}{subsection.5.31.3}% 446
\BOOKMARK [3][-]{subsubsection.5.31.3.2}{\376\377\0005\000.\0003\0001\000.\0003\000.\0002\000\040\000p\000a\000c\000k\000e\000t\000\137\000i\000d}{subsection.5.31.3}% 447
\BOOKMARK [3][-]{subsubsection.5.31.3.3}{\376\377\0005\000.\0003\0001\000.\0003\000.\0003\000\040\000r\000e\000t\000u\000r\000n\000\137\000c\000o\000d\000e\000s}{subsection.5.31.3}% 448
\BOOKMARK [1][-]{section.5.32}{\376\377\0005\000.\0003\0002\000\040\000m\000q\000t\000t\000\137\000r\000e\000s\000p\000o\000n\000s\000e\000\137\000u\000n\000s\000u\000b\000a\000c\000k\000\040\000S\000t\000r\000u\000c\000t\000\040\000R\000e\000f\000e\000r\000e\000n\000c\000e}{chapter.5}% 449
\BOOKMARK [2][-]{subsection.5.32.1}{\376\377\0005\000.\0003\0002\000.\0001\000\040\000D\000e\000t\000a\000i\000l\000e\000d\000\040\000D\000e\000s\000c\000r\000i\000p\000t\000i\000o\000n}{section.5.32}% 450
\BOOKMARK [2][-]{subsection.5.32.2}{\376\377\0005\000.\0003\0002\000.\0002\000\040\000F\000r\000i\000e\000n\000d\000s\000\040\000A\000n\000d\000\040\000R\000e\000l\000a\000t\000e\000d\000\040\000S\000y\000m\000b\000o\000l\000\040\000D\000o\000c\000u\000m\000e\000n\000t\000a\000t\000i\000o\000n}{section.5.32}% 451
\BOOKMARK [3][-]{subsubsection.5.32.2.1}{\376\377\0005\000.\0003\0002\000.\0002\000.\0001\000\040\000m\000q\000t\000t\000\137\000u\000n\000p\000a\000c\000k\000\137\000u\000n\000s\000u\000b\000a\000c\000k\000\137\000r\000e\000s\000p\000o\000n\000s\000e\000\050\000\051}{subsection.5.32.2}% 452
\BOOKMARK [2][-]{subsection.5.32.3}{\376\377\0005\000.\0003\0002\000.\0003\000\040\000F\000i\000e\000l\000d\000\040\000D\000o\000c\000u\000m\000e\000n\000t\000a\000t\000i\000o\000n}{section.5.32}% 453
\BOOKMARK [3][-]{subsubsection.5.32.3.1}{\376\377\0005\000.\0003\0002\000.\0003\000.\0001\000\040\000p\000a\000c\000k\000e\000t\000\137\000i\000d}{subsection.5.32.3}% 454
\BOOKMARK [1][-]{section.5.33}{\376\377\0005\000.\0003\0003\000\040\000M\000R\000E\000G\000\040\000U\000n\000i\000o\000n\000\040\000R\000e\000f\000e\000r\000e\000n\000c\000e}{chapter.5}% 455
\BOOKMARK [2][-]{subsection.5.33.1}{\376\377\0005\000.\0003\0003\000.\0001\000\040\000F\000i\000e\000l\000d\000\040\000D\000o\000c\000u\000m\000e\000n\000t\000a\000t\000i\000o\000n}{section.5.33}% 456
\BOOKMARK [3][-]{subsubsection.5.33.1.1}{\376\377\0005\000.\0003\0003\000.\0001\000.\0001\000\040\000b\000y\000t\000e\000s}{subsection.5.33.1}% 457
\BOOKMARK [3][-]{subsubsection.5.33.1.2}{\376\377\0005\000.\0003\0003\000.\0001\000.\0002\000\040\000v\000a\000l\000u\000e}{subsection.5.33.1}% 458
\BOOKMARK [1][-]{section.5.34}{\376\377\0005\000.\0003\0004\000\040\000M\000R\000E\000G\0003\0002\000\040\000U\000n\000i\000o\000n\000\040\000R\000e\000f\000e\000r\000e\000n\000c\000e}{chapter.5}% 459
\BOOKMARK [2][-]{subsection.5.34.1}{\376\377\0005\000.\0003\0004\000.\0001\000\040\000F\000i\000e\000l\000d\000\040\000D\000o\000c\000u\000m\000e\000n\000t\000a\000t\000i\000o\000n}{section.5.34}% 460
\BOOKMARK [3][-]{subsubsection.5.34.1.1}{\376\377\0005\000.\0003\0004\000.\0001\000.\0001\000\040\000b\000y\000t\000e\000s}{subsection.5.34.1}% 461
\BOOKMARK [3][-]{subsubsection.5.34.1.2}{\376\377\0005\000.\0003\0004\000.\0001\000.\0002\000\040\000v\000a\000l\000u\000e}{subsection.5.34.1}% 462
\BOOKMARK [1][-]{section.5.35}{\376\377\0005\000.\0003\0005\000\040\000M\000R\000E\000G\0006\0004\000\040\000U\000n\000i\000o\000n\000\040\000R\000e\000f\000e\000r\000e\000n\000c\000e}{chapter.5}% 463
\BOOKMARK [2][-]{subsection.5.35.1}{\376\377\0005\000.\0003\0005\000.\0001\000\040\000F\000i\000e\000l\000d\000\040\000D\000o\000c\000u\000m\000e\000n\000t\000a\000t\000i\000o\000n}{section.5.35}% 464
\BOOKMARK [3][-]{subsubsection.5.35.1.1}{\376\377\0005\000.\0003\0005\000.\0001\000.\0001\000\040\000b\000y\000t\000e\000s}{subsection.5.35.1}% 465
\BOOKMARK [3][-]{subsubsection.5.35.1.2}{\376\377\0005\000.\0003\0005\000.\0001\000.\0002\000\040\000v\000a\000l\000u\000e}{subsection.5.35.1}% 466
\BOOKMARK [1][-]{section.5.36}{\376\377\0005\000.\0003\0006\000\040\000m\000x\000\137\000l\000o\000g\000\137\000p\000a\000c\000k\000e\000d\000\137\000t\000\040\000S\000t\000r\000u\000c\000t\000\040\000R\000e\000f\000e\000r\000e\000n\000c\000e}{chapter.5}% 467
\BOOKMARK [2][-]{subsection.5.36.1}{\376\377\0005\000.\0003\0006\000.\0001\000\040\000F\000i\000e\000l\000d\000\040\000D\000o\000c\000u\000m\000e\000n\000t\000a\000t\000i\000o\000n}{section.5.36}% 468
\BOOKMARK [3][-]{subsubsection.5.36.1.1}{\376\377\0005\000.\0003\0006\000.\0001\000.\0001\000\040\000a}{subsection.5.36.1}% 469
\BOOKMARK [1][-]{section.5.37}{\376\377\0005\000.\0003\0007\000\040\000m\000x\000\137\000l\000o\000g\000p\000a\000g\000e\000\137\000t\000\040\000S\000t\000r\000u\000c\000t\000\040\000R\000e\000f\000e\000r\000e\000n\000c\000e}{chapter.5}% 470
\BOOKMARK [2][-]{subsection.5.37.1}{\376\377\0005\000.\0003\0007\000.\0001\000\040\000F\000i\000e\000l\000d\000\040\000D\000o\000c\000u\000m\000e\000n\000t\000a\000t\000i\000o\000n}{section.5.37}% 471
\BOOKMARK [3][-]{subsubsection.5.37.1.1}{\376\377\0005\000.\0003\0007\000.\0001\000.\0001\000\040\000a\000b\000s\000o\000r\000b\000\137\000t\000i\000m\000e}{subsection.5.37.1}% 472
\BOOKMARK [3][-]{subsubsection.5.37.1.2}{\376\377\0005\000.\0003\0007\000.\0001\000.\0002\000\040\000a\000m\000p\000\137\000h\000o\000u\000r\000s}{subsection.5.37.1}% 473
\BOOKMARK [3][-]{subsubsection.5.37.1.3}{\376\377\0005\000.\0003\0007\000.\0001\000.\0003\000\040\000a\000m\000p\000s\000\137\000p\000e\000a\000k}{subsection.5.37.1}% 474
\BOOKMARK [3][-]{subsubsection.5.37.1.4}{\376\377\0005\000.\0003\0007\000.\0001\000.\0004\000\040\000b\000a\000t\000\137\000m\000a\000x}{subsection.5.37.1}% 475
\BOOKMARK [3][-]{subsubsection.5.37.1.5}{\376\377\0005\000.\0003\0007\000.\0001\000.\0005\000\040\000b\000a\000t\000\137\000m\000i\000n}{subsection.5.37.1}% 476
\BOOKMARK [3][-]{subsubsection.5.37.1.6}{\376\377\0005\000.\0003\0007\000.\0001\000.\0006\000\040\000d\000a\000y}{subsection.5.37.1}% 477
\BOOKMARK [3][-]{subsubsection.5.37.1.7}{\376\377\0005\000.\0003\0007\000.\0001\000.\0007\000\040\000f\000l\000o\000a\000t\000\137\000t\000i\000m\000e}{subsection.5.37.1}% 478
\BOOKMARK [3][-]{subsubsection.5.37.1.8}{\376\377\0005\000.\0003\0007\000.\0001\000.\0008\000\040\000k\000i\000l\000o\000w\000a\000t\000t\000\137\000h\000o\000u\000r\000s}{subsection.5.37.1}% 479
\BOOKMARK [3][-]{subsubsection.5.37.1.9}{\376\377\0005\000.\0003\0007\000.\0001\000.\0009\000\040\000k\000i\000l\000o\000w\000a\000t\000t\000s\000\137\000p\000e\000a\000k}{subsection.5.37.1}% 480
\BOOKMARK [3][-]{subsubsection.5.37.1.10}{\376\377\0005\000.\0003\0007\000.\0001\000.\0001\0000\000\040\000s\000e\000l\000e\000c\000t}{subsection.5.37.1}% 481
\BOOKMARK [3][-]{subsubsection.5.37.1.11}{\376\377\0005\000.\0003\0007\000.\0001\000.\0001\0001\000\040\000t\000y\000p\000e}{subsection.5.37.1}% 482
\BOOKMARK [3][-]{subsubsection.5.37.1.12}{\376\377\0005\000.\0003\0007\000.\0001\000.\0001\0002\000\040\000v\000o\000l\000t\000s\000\137\000p\000e\000a\000k}{subsection.5.37.1}% 483
\BOOKMARK [1][-]{section.5.38}{\376\377\0005\000.\0003\0008\000\040\000m\000x\000\137\000s\000t\000a\000t\000u\000s\000\137\000p\000a\000c\000k\000e\000d\000\137\000t\000\040\000S\000t\000r\000u\000c\000t\000\040\000R\000e\000f\000e\000r\000e\000n\000c\000e}{chapter.5}% 484
\BOOKMARK [2][-]{subsection.5.38.1}{\376\377\0005\000.\0003\0008\000.\0001\000\040\000F\000i\000e\000l\000d\000\040\000D\000o\000c\000u\000m\000e\000n\000t\000a\000t\000i\000o\000n}{section.5.38}% 485
\BOOKMARK [3][-]{subsubsection.5.38.1.1}{\376\377\0005\000.\0003\0008\000.\0001\000.\0001\000\040\000a}{subsection.5.38.1}% 486
\BOOKMARK [1][-]{section.5.39}{\376\377\0005\000.\0003\0009\000\040\000P\000W\000M\000D\000C\000\040\000U\000n\000i\000o\000n\000\040\000R\000e\000f\000e\000r\000e\000n\000c\000e}{chapter.5}% 487
\BOOKMARK [2][-]{subsection.5.39.1}{\376\377\0005\000.\0003\0009\000.\0001\000\040\000F\000i\000e\000l\000d\000\040\000D\000o\000c\000u\000m\000e\000n\000t\000a\000t\000i\000o\000n}{section.5.39}% 488
\BOOKMARK [3][-]{subsubsection.5.39.1.1}{\376\377\0005\000.\0003\0009\000.\0001\000.\0001\000\040\000b\000p\000w\000m}{subsection.5.39.1}% 489
\BOOKMARK [3][-]{subsubsection.5.39.1.2}{\376\377\0005\000.\0003\0009\000.\0001\000.\0002\000\040\000l\000p\000w\000m}{subsection.5.39.1}% 490
\BOOKMARK [1][-]{section.5.40}{\376\377\0005\000.\0004\0000\000\040\000r\000i\000n\000g\000B\000u\000f\000S\000\137\000t\000\040\000S\000t\000r\000u\000c\000t\000\040\000R\000e\000f\000e\000r\000e\000n\000c\000e}{chapter.5}% 491
\BOOKMARK [2][-]{subsection.5.40.1}{\376\377\0005\000.\0004\0000\000.\0001\000\040\000F\000i\000e\000l\000d\000\040\000D\000o\000c\000u\000m\000e\000n\000t\000a\000t\000i\000o\000n}{section.5.40}% 492
\BOOKMARK [3][-]{subsubsection.5.40.1.1}{\376\377\0005\000.\0004\0000\000.\0001\000.\0001\000\040\000b\000u\000f}{subsection.5.40.1}% 493
\BOOKMARK [3][-]{subsubsection.5.40.1.2}{\376\377\0005\000.\0004\0000\000.\0001\000.\0002\000\040\000c\000o\000u\000n\000t}{subsection.5.40.1}% 494
\BOOKMARK [3][-]{subsubsection.5.40.1.3}{\376\377\0005\000.\0004\0000\000.\0001\000.\0003\000\040\000h\000e\000a\000d}{subsection.5.40.1}% 495
\BOOKMARK [3][-]{subsubsection.5.40.1.4}{\376\377\0005\000.\0004\0000\000.\0001\000.\0004\000\040\000t\000a\000i\000l}{subsection.5.40.1}% 496
\BOOKMARK [1][-]{section.5.41}{\376\377\0005\000.\0004\0001\000\040\000s\000p\000i\0001\000\137\000c\000o\000n\000f\000i\000g\000u\000r\000a\000t\000i\000o\000n\000\137\000t\000\040\000S\000t\000r\000u\000c\000t\000\040\000R\000e\000f\000e\000r\000e\000n\000c\000e}{chapter.5}% 497
\BOOKMARK [2][-]{subsection.5.41.1}{\376\377\0005\000.\0004\0001\000.\0001\000\040\000D\000e\000t\000a\000i\000l\000e\000d\000\040\000D\000e\000s\000c\000r\000i\000p\000t\000i\000o\000n}{section.5.41}% 498
\BOOKMARK [2][-]{subsection.5.41.2}{\376\377\0005\000.\0004\0001\000.\0002\000\040\000F\000i\000e\000l\000d\000\040\000D\000o\000c\000u\000m\000e\000n\000t\000a\000t\000i\000o\000n}{section.5.41}% 499
\BOOKMARK [3][-]{subsubsection.5.41.2.1}{\376\377\0005\000.\0004\0001\000.\0002\000.\0001\000\040\000b\000a\000u\000d}{subsection.5.41.2}% 500
\BOOKMARK [3][-]{subsubsection.5.41.2.2}{\376\377\0005\000.\0004\0001\000.\0002\000.\0002\000\040\000c\000o\000n\0000}{subsection.5.41.2}% 501
\BOOKMARK [3][-]{subsubsection.5.41.2.3}{\376\377\0005\000.\0004\0001\000.\0002\000.\0003\000\040\000c\000o\000n\0001}{subsection.5.41.2}% 502
\BOOKMARK [3][-]{subsubsection.5.41.2.4}{\376\377\0005\000.\0004\0001\000.\0002\000.\0004\000\040\000c\000o\000n\0002}{subsection.5.41.2}% 503
\BOOKMARK [3][-]{subsubsection.5.41.2.5}{\376\377\0005\000.\0004\0001\000.\0002\000.\0005\000\040\000o\000p\000e\000r\000a\000t\000i\000o\000n}{subsection.5.41.2}% 504
\BOOKMARK [1][-]{section.5.42}{\376\377\0005\000.\0004\0002\000\040\000s\000p\000i\000\137\000l\000i\000n\000k\000\137\000t\000y\000p\000e\000\040\000S\000t\000r\000u\000c\000t\000\040\000R\000e\000f\000e\000r\000e\000n\000c\000e}{chapter.5}% 505
\BOOKMARK [2][-]{subsection.5.42.1}{\376\377\0005\000.\0004\0002\000.\0001\000\040\000F\000i\000e\000l\000d\000\040\000D\000o\000c\000u\000m\000e\000n\000t\000a\000t\000i\000o\000n}{section.5.42}% 506
\BOOKMARK [3][-]{subsubsection.5.42.1.1}{\376\377\0005\000.\0004\0002\000.\0001\000.\0001\000\040\000c\000o\000n\000f\000i\000g}{subsection.5.42.1}% 507
\BOOKMARK [3][-]{subsubsection.5.42.1.2}{\376\377\0005\000.\0004\0002\000.\0001\000.\0002\000\040\000d\000e\000l\000a\000y}{subsection.5.42.1}% 508
\BOOKMARK [3][-]{subsubsection.5.42.1.3}{\376\377\0005\000.\0004\0002\000.\0001\000.\0003\000\040\000i\000n\000t\000\137\000c\000o\000u\000n\000t}{subsection.5.42.1}% 509
\BOOKMARK [3][-]{subsubsection.5.42.1.4}{\376\377\0005\000.\0004\0002\000.\0001\000.\0004\000\040\000L\000C\000D\000\137\000D\000A\000T\000A}{subsection.5.42.1}% 510
\BOOKMARK [3][-]{subsubsection.5.42.1.5}{\376\377\0005\000.\0004\0002\000.\0001\000.\0005\000\040\000L\000C\000D\000\137\000T\000I\000M\000E\000R}{subsection.5.42.1}% 511
\BOOKMARK [3][-]{subsubsection.5.42.1.6}{\376\377\0005\000.\0004\0002\000.\0001\000.\0006\000\040\000S\000P\000I\000\137\000A\000U\000X}{subsection.5.42.1}% 512
\BOOKMARK [3][-]{subsubsection.5.42.1.7}{\376\377\0005\000.\0004\0002\000.\0001\000.\0007\000\040\000S\000P\000I\000\137\000L\000C\000D}{subsection.5.42.1}% 513
\BOOKMARK [3][-]{subsubsection.5.42.1.8}{\376\377\0005\000.\0004\0002\000.\0001\000.\0008\000\040\000t\000x\000b\000u\000f}{subsection.5.42.1}% 514
\BOOKMARK [1][-]{section.5.43}{\376\377\0005\000.\0004\0003\000\040\000u\000a\000r\000t\0001\000\137\000s\000t\000a\000t\000u\000s\000\137\000t\000\040\000U\000n\000i\000o\000n\000\040\000R\000e\000f\000e\000r\000e\000n\000c\000e}{chapter.5}% 515
\BOOKMARK [2][-]{subsection.5.43.1}{\376\377\0005\000.\0004\0003\000.\0001\000\040\000D\000e\000t\000a\000i\000l\000e\000d\000\040\000D\000e\000s\000c\000r\000i\000p\000t\000i\000o\000n}{section.5.43}% 516
\BOOKMARK [2][-]{subsection.5.43.2}{\376\377\0005\000.\0004\0003\000.\0002\000\040\000F\000i\000e\000l\000d\000\040\000D\000o\000c\000u\000m\000e\000n\000t\000a\000t\000i\000o\000n}{section.5.43}% 517
\BOOKMARK [3][-]{subsubsection.5.43.2.1}{\376\377\0005\000.\0004\0003\000.\0002\000.\0001\000\040\000[\000s\000t\000r\000u\000c\000t\000]}{subsection.5.43.2}% 518
\BOOKMARK [3][-]{subsubsection.5.43.2.2}{\376\377\0005\000.\0004\0003\000.\0002\000.\0002\000\040\000f\000e\000r\000r}{subsection.5.43.2}% 519
\BOOKMARK [3][-]{subsubsection.5.43.2.3}{\376\377\0005\000.\0004\0003\000.\0002\000.\0003\000\040\000o\000e\000r\000r}{subsection.5.43.2}% 520
\BOOKMARK [3][-]{subsubsection.5.43.2.4}{\376\377\0005\000.\0004\0003\000.\0002\000.\0004\000\040\000p\000e\000r\000r}{subsection.5.43.2}% 521
\BOOKMARK [3][-]{subsubsection.5.43.2.5}{\376\377\0005\000.\0004\0003\000.\0002\000.\0005\000\040\000r\000e\000s\000e\000r\000v\000e\000d}{subsection.5.43.2}% 522
\BOOKMARK [3][-]{subsubsection.5.43.2.6}{\376\377\0005\000.\0004\0003\000.\0002\000.\0006\000\040\000s\000t\000a\000t\000u\000s}{subsection.5.43.2}% 523
\BOOKMARK [1][-]{section.5.44}{\376\377\0005\000.\0004\0004\000\040\000u\000a\000r\000t\0002\000\137\000s\000t\000a\000t\000u\000s\000\137\000t\000\040\000U\000n\000i\000o\000n\000\040\000R\000e\000f\000e\000r\000e\000n\000c\000e}{chapter.5}% 524
\BOOKMARK [2][-]{subsection.5.44.1}{\376\377\0005\000.\0004\0004\000.\0001\000\040\000D\000e\000t\000a\000i\000l\000e\000d\000\040\000D\000e\000s\000c\000r\000i\000p\000t\000i\000o\000n}{section.5.44}% 525
\BOOKMARK [2][-]{subsection.5.44.2}{\376\377\0005\000.\0004\0004\000.\0002\000\040\000F\000i\000e\000l\000d\000\040\000D\000o\000c\000u\000m\000e\000n\000t\000a\000t\000i\000o\000n}{section.5.44}% 526
\BOOKMARK [3][-]{subsubsection.5.44.2.1}{\376\377\0005\000.\0004\0004\000.\0002\000.\0001\000\040\000[\000s\000t\000r\000u\000c\000t\000]}{subsection.5.44.2}% 527
\BOOKMARK [3][-]{subsubsection.5.44.2.2}{\376\377\0005\000.\0004\0004\000.\0002\000.\0002\000\040\000f\000e\000r\000r}{subsection.5.44.2}% 528
\BOOKMARK [3][-]{subsubsection.5.44.2.3}{\376\377\0005\000.\0004\0004\000.\0002\000.\0003\000\040\000o\000e\000r\000r}{subsection.5.44.2}% 529
\BOOKMARK [3][-]{subsubsection.5.44.2.4}{\376\377\0005\000.\0004\0004\000.\0002\000.\0004\000\040\000p\000e\000r\000r}{subsection.5.44.2}% 530
\BOOKMARK [3][-]{subsubsection.5.44.2.5}{\376\377\0005\000.\0004\0004\000.\0002\000.\0005\000\040\000r\000e\000s\000e\000r\000v\000e\000d}{subsection.5.44.2}% 531
\BOOKMARK [3][-]{subsubsection.5.44.2.6}{\376\377\0005\000.\0004\0004\000.\0002\000.\0006\000\040\000s\000t\000a\000t\000u\000s}{subsection.5.44.2}% 532
\BOOKMARK [1][-]{section.5.45}{\376\377\0005\000.\0004\0005\000\040\000u\000a\000r\000t\0005\000\137\000s\000t\000a\000t\000u\000s\000\137\000t\000\040\000U\000n\000i\000o\000n\000\040\000R\000e\000f\000e\000r\000e\000n\000c\000e}{chapter.5}% 533
\BOOKMARK [2][-]{subsection.5.45.1}{\376\377\0005\000.\0004\0005\000.\0001\000\040\000D\000e\000t\000a\000i\000l\000e\000d\000\040\000D\000e\000s\000c\000r\000i\000p\000t\000i\000o\000n}{section.5.45}% 534
\BOOKMARK [2][-]{subsection.5.45.2}{\376\377\0005\000.\0004\0005\000.\0002\000\040\000F\000i\000e\000l\000d\000\040\000D\000o\000c\000u\000m\000e\000n\000t\000a\000t\000i\000o\000n}{section.5.45}% 535
\BOOKMARK [3][-]{subsubsection.5.45.2.1}{\376\377\0005\000.\0004\0005\000.\0002\000.\0001\000\040\000[\000s\000t\000r\000u\000c\000t\000]}{subsection.5.45.2}% 536
\BOOKMARK [3][-]{subsubsection.5.45.2.2}{\376\377\0005\000.\0004\0005\000.\0002\000.\0002\000\040\000f\000e\000r\000r}{subsection.5.45.2}% 537
\BOOKMARK [3][-]{subsubsection.5.45.2.3}{\376\377\0005\000.\0004\0005\000.\0002\000.\0003\000\040\000o\000e\000r\000r}{subsection.5.45.2}% 538
\BOOKMARK [3][-]{subsubsection.5.45.2.4}{\376\377\0005\000.\0004\0005\000.\0002\000.\0004\000\040\000p\000e\000r\000r}{subsection.5.45.2}% 539
\BOOKMARK [3][-]{subsubsection.5.45.2.5}{\376\377\0005\000.\0004\0005\000.\0002\000.\0005\000\040\000r\000e\000s\000e\000r\000v\000e\000d}{subsection.5.45.2}% 540
\BOOKMARK [3][-]{subsubsection.5.45.2.6}{\376\377\0005\000.\0004\0005\000.\0002\000.\0006\000\040\000s\000t\000a\000t\000u\000s}{subsection.5.45.2}% 541
\BOOKMARK [1][-]{section.5.46}{\376\377\0005\000.\0004\0006\000\040\000V\000\137\000t\000y\000p\000e\000\040\000S\000t\000r\000u\000c\000t\000\040\000R\000e\000f\000e\000r\000e\000n\000c\000e}{chapter.5}% 542
\BOOKMARK [2][-]{subsection.5.46.1}{\376\377\0005\000.\0004\0006\000.\0001\000\040\000F\000i\000e\000l\000d\000\040\000D\000o\000c\000u\000m\000e\000n\000t\000a\000t\000i\000o\000n}{section.5.46}% 543
\BOOKMARK [3][-]{subsubsection.5.46.1.1}{\376\377\0005\000.\0004\0006\000.\0001\000.\0001\000\040\000d\000m\000t\000\137\000s\000o\000s\000c\000\137\000f\000l\000a\000g}{subsection.5.46.1}% 544
\BOOKMARK [3][-]{subsubsection.5.46.1.2}{\376\377\0005\000.\0004\0006\000.\0001\000.\0002\000\040\000f\000a\000u\000l\000t\000\137\000a\000c\000t\000i\000v\000e}{subsection.5.46.1}% 545
\BOOKMARK [3][-]{subsubsection.5.46.1.3}{\376\377\0005\000.\0004\0006\000.\0001\000.\0003\000\040\000f\000a\000u\000l\000t\000\137\000c\000o\000u\000n\000t}{subsection.5.46.1}% 546
\BOOKMARK [3][-]{subsubsection.5.46.1.4}{\376\377\0005\000.\0004\0006\000.\0001\000.\0004\000\040\000f\000a\000u\000l\000t\000\137\000s\000o\000u\000r\000c\000e}{subsection.5.46.1}% 547
\BOOKMARK [3][-]{subsubsection.5.46.1.5}{\376\377\0005\000.\0004\0006\000.\0001\000.\0005\000\040\000f\000a\000u\000l\000t\000\137\000t\000i\000c\000k\000s}{subsection.5.46.1}% 548
\BOOKMARK [3][-]{subsubsection.5.46.1.6}{\376\377\0005\000.\0004\0006\000.\0001\000.\0006\000\040\000m\000o\000d\000b\000u\000s\000\137\000r\000x}{subsection.5.46.1}% 549
\BOOKMARK [3][-]{subsubsection.5.46.1.7}{\376\377\0005\000.\0004\0006\000.\0001\000.\0007\000\040\000m\000o\000d\000b\000u\000s\000\137\000t\000x}{subsection.5.46.1}% 550
\BOOKMARK [3][-]{subsubsection.5.46.1.8}{\376\377\0005\000.\0004\0006\000.\0001\000.\0008\000\040\000m\000o\000t\000o\000r\000\137\000s\000p\000e\000e\000d}{subsection.5.46.1}% 551
\BOOKMARK [3][-]{subsubsection.5.46.1.9}{\376\377\0005\000.\0004\0006\000.\0001\000.\0009\000\040\000p\000a\000c\000i\000n\000g}{subsection.5.46.1}% 552
\BOOKMARK [3][-]{subsubsection.5.46.1.10}{\376\377\0005\000.\0004\0006\000.\0001\000.\0001\0000\000\040\000p\000w\000m\000\137\000s\000t\000o\000p}{subsection.5.46.1}% 553
\BOOKMARK [3][-]{subsubsection.5.46.1.11}{\376\377\0005\000.\0004\0006\000.\0001\000.\0001\0001\000\040\000p\000w\000m\000\137\000u\000p\000d\000a\000t\000e}{subsection.5.46.1}% 554
\BOOKMARK [3][-]{subsubsection.5.46.1.12}{\376\377\0005\000.\0004\0006\000.\0001\000.\0001\0002\000\040\000S\000t\000a\000r\000t\000T\000i\000m\000e}{subsection.5.46.1}% 555
\BOOKMARK [3][-]{subsubsection.5.46.1.13}{\376\377\0005\000.\0004\0006\000.\0001\000.\0001\0003\000\040\000T\000i\000m\000e\000U\000s\000e\000d}{subsection.5.46.1}% 556
\BOOKMARK [0][-]{chapter.6}{\376\377\0006\000\040\000F\000i\000l\000e\000\040\000D\000o\000c\000u\000m\000e\000n\000t\000a\000t\000i\000o\000n}{}% 557
\BOOKMARK [1][-]{section.6.1}{\376\377\0006\000.\0001\000\040\000b\000a\000t\000m\000o\000n\000.\000c\000\040\000F\000i\000l\000e\000\040\000R\000e\000f\000e\000r\000e\000n\000c\000e}{chapter.6}% 558
\BOOKMARK [2][-]{subsection.6.1.1}{\376\377\0006\000.\0001\000.\0001\000\040\000F\000u\000n\000c\000t\000i\000o\000n\000\040\000D\000o\000c\000u\000m\000e\000n\000t\000a\000t\000i\000o\000n}{section.6.1}% 559
\BOOKMARK [3][-]{subsubsection.6.1.1.1}{\376\377\0006\000.\0001\000.\0001\000.\0001\000\040\000c\000o\000m\000p\000u\000t\000e\000\137\000b\000m\000\137\000d\000a\000t\000a\000\050\000\051}{subsection.6.1.1}% 560
\BOOKMARK [3][-]{subsubsection.6.1.1.2}{\376\377\0006\000.\0001\000.\0001\000.\0002\000\040\000D\000A\000T\000A\000E\000E\000\137\000R\000e\000a\000d\000B\000y\000t\000e\000\050\000\051}{subsection.6.1.1}% 561
\BOOKMARK [3][-]{subsubsection.6.1.1.3}{\376\377\0006\000.\0001\000.\0001\000.\0003\000\040\000D\000A\000T\000A\000E\000E\000\137\000W\000r\000i\000t\000e\000B\000y\000t\000e\000\050\000\051}{subsection.6.1.1}% 562
\BOOKMARK [3][-]{subsubsection.6.1.1.4}{\376\377\0006\000.\0001\000.\0001\000.\0004\000\040\000D\000e\000v\000i\000c\000e\000I\000D\000\137\000R\000e\000a\000d\000\050\000\051}{subsection.6.1.1}% 563
\BOOKMARK [3][-]{subsubsection.6.1.1.5}{\376\377\0006\000.\0001\000.\0001\000.\0005\000\040\000g\000e\000t\000\137\000b\000m\000\137\000d\000a\000t\000a\000\050\000\051}{subsection.6.1.1}% 564
\BOOKMARK [3][-]{subsubsection.6.1.1.6}{\376\377\0006\000.\0001\000.\0001\000.\0006\000\040\000g\000e\000t\000\137\000E\000E\000P\000R\000O\000M\000\050\000\051}{subsection.6.1.1}% 565
\BOOKMARK [3][-]{subsubsection.6.1.1.7}{\376\377\0006\000.\0001\000.\0001\000.\0007\000\040\000i\000n\000i\000t\000b\000m\000\137\000d\000a\000t\000a\000\050\000\051}{subsection.6.1.1}% 566
\BOOKMARK [3][-]{subsubsection.6.1.1.8}{\376\377\0006\000.\0001\000.\0001\000.\0008\000\040\000u\000p\000d\000a\000t\000e\000\137\000t\000i\000m\000e\000\050\000\051}{subsection.6.1.1}% 567
\BOOKMARK [3][-]{subsubsection.6.1.1.9}{\376\377\0006\000.\0001\000.\0001\000.\0009\000\040\000V\000o\000l\000t\000s\000\137\000t\000o\000\137\000S\000O\000C\000\050\000\051}{subsection.6.1.1}% 568
\BOOKMARK [3][-]{subsubsection.6.1.1.10}{\376\377\0006\000.\0001\000.\0001\000.\0001\0000\000\040\000w\000r\000\137\000b\000m\000\137\000d\000a\000t\000a\000\050\000\051}{subsection.6.1.1}% 569
\BOOKMARK [2][-]{subsection.6.1.2}{\376\377\0006\000.\0001\000.\0002\000\040\000V\000a\000r\000i\000a\000b\000l\000e\000\040\000D\000o\000c\000u\000m\000e\000n\000t\000a\000t\000i\000o\000n}{section.6.1}% 570
\BOOKMARK [3][-]{subsubsection.6.1.2.1}{\376\377\0006\000.\0001\000.\0002\000.\0001\000\040\000a\000c\000\137\000W\000h\000\137\000d\000a\000i\000l\000y}{subsection.6.1.2}% 571
\BOOKMARK [3][-]{subsubsection.6.1.2.2}{\376\377\0006\000.\0001\000.\0002\000.\0002\000\040\000a\000c\000\137\000W\000h\000\137\000d\000a\000i\000l\000y\000\137\000p\000r\000e\000v}{subsection.6.1.2}% 572
\BOOKMARK [3][-]{subsubsection.6.1.2.3}{\376\377\0006\000.\0001\000.\0002\000.\0003\000\040\000E\000B\000D}{subsection.6.1.2}% 573
\BOOKMARK [3][-]{subsubsection.6.1.2.4}{\376\377\0006\000.\0001\000.\0002\000.\0004\000\040\000E\000B\000D\000\137\000u\000p\000d\000a\000t\000e}{subsection.6.1.2}% 574
\BOOKMARK [3][-]{subsubsection.6.1.2.5}{\376\377\0006\000.\0001\000.\0002\000.\0005\000\040\000p\000v\000\137\000W\000h\000\137\000d\000a\000i\000l\000y}{subsection.6.1.2}% 575
\BOOKMARK [3][-]{subsubsection.6.1.2.6}{\376\377\0006\000.\0001\000.\0002\000.\0006\000\040\000p\000v\000\137\000W\000h\000\137\000d\000a\000i\000l\000y\000\137\000p\000r\000e\000v}{subsection.6.1.2}% 576
\BOOKMARK [1][-]{section.6.2}{\376\377\0006\000.\0002\000\040\000b\000a\000t\000m\000o\000n\000.\000h\000\040\000F\000i\000l\000e\000\040\000R\000e\000f\000e\000r\000e\000n\000c\000e}{chapter.6}% 577
\BOOKMARK [2][-]{subsection.6.2.1}{\376\377\0006\000.\0002\000.\0001\000\040\000M\000a\000c\000r\000o\000\040\000D\000e\000f\000i\000n\000i\000t\000i\000o\000n\000\040\000D\000o\000c\000u\000m\000e\000n\000t\000a\000t\000i\000o\000n}{section.6.2}% 578
\BOOKMARK [3][-]{subsubsection.6.2.1.1}{\376\377\0006\000.\0002\000.\0001\000.\0001\000\040\000B\000A\000T\000\137\000A\000H}{subsection.6.2.1}% 579
\BOOKMARK [3][-]{subsubsection.6.2.1.2}{\376\377\0006\000.\0002\000.\0001\000.\0002\000\040\000B\000A\000T\000\137\000C\000H\000A\000R\000G\000E\000D\000\137\000V}{subsection.6.2.1}% 580
\BOOKMARK [3][-]{subsubsection.6.2.1.3}{\376\377\0006\000.\0002\000.\0001\000.\0003\000\040\000B\000A\000T\000\137\000C\000H\000A\000R\000G\000E\000D\000\137\000W}{subsection.6.2.1}% 581
\BOOKMARK [3][-]{subsubsection.6.2.1.4}{\376\377\0006\000.\0002\000.\0001\000.\0004\000\040\000B\000A\000T\000\137\000C\000Y\000C\000L\000E\000S}{subsection.6.2.1}% 582
\BOOKMARK [3][-]{subsubsection.6.2.1.5}{\376\377\0006\000.\0002\000.\0001\000.\0005\000\040\000B\000A\000T\000\137\000D\000A\000Y\000\137\000C\000O\000U\000N\000T}{subsection.6.2.1}% 583
\BOOKMARK [3][-]{subsubsection.6.2.1.6}{\376\377\0006\000.\0002\000.\0001\000.\0006\000\040\000B\000A\000T\000\137\000E\000F\000F\000\137\000V\000A\000L}{subsection.6.2.1}% 584
\BOOKMARK [3][-]{subsubsection.6.2.1.7}{\376\377\0006\000.\0002\000.\0001\000.\0007\000\040\000B\000A\000T\000\137\000E\000N\000E\000R\000G\000Y}{subsection.6.2.1}% 585
\BOOKMARK [3][-]{subsubsection.6.2.1.8}{\376\377\0006\000.\0002\000.\0001\000.\0008\000\040\000B\000A\000T\000\137\000E\000N\000E\000R\000G\000Y\000\137\000L\000O\000W}{subsection.6.2.1}% 586
\BOOKMARK [3][-]{subsubsection.6.2.1.9}{\376\377\0006\000.\0002\000.\0001\000.\0009\000\040\000B\000A\000T\000\137\000L\000O\000W\000\137\000D\000I\000S\000C}{subsection.6.2.1}% 587
\BOOKMARK [3][-]{subsubsection.6.2.1.10}{\376\377\0006\000.\0002\000.\0001\000.\0001\0000\000\040\000B\000A\000T\000\137\000L\000O\000W\000\137\000R\000E\000C\000O\000N}{subsection.6.2.1}% 588
\BOOKMARK [3][-]{subsubsection.6.2.1.11}{\376\377\0006\000.\0002\000.\0001\000.\0001\0001\000\040\000B\000A\000T\000\137\000N\000I\000G\000H\000T\000\137\000C\000O\000U\000N\000T}{subsection.6.2.1}% 589
\BOOKMARK [3][-]{subsubsection.6.2.1.12}{\376\377\0006\000.\0002\000.\0001\000.\0001\0002\000\040\000B\000A\000T\000\137\000O\000V\000E\000R\000\137\000R\000E\000C\000O\000N}{subsection.6.2.1}% 590
\BOOKMARK [3][-]{subsubsection.6.2.1.13}{\376\377\0006\000.\0002\000.\0001\000.\0001\0003\000\040\000B\000A\000T\000\137\000O\000V\000E\000R\000\137\000V\000O\000L\000T}{subsection.6.2.1}% 591
\BOOKMARK [3][-]{subsubsection.6.2.1.14}{\376\377\0006\000.\0002\000.\0001\000.\0001\0004\000\040\000B\000A\000T\000\137\000R\000U\000N\000\137\000M\000A\000X}{subsection.6.2.1}% 592
\BOOKMARK [3][-]{subsubsection.6.2.1.15}{\376\377\0006\000.\0002\000.\0001\000.\0001\0005\000\040\000B\000A\000T\000\137\000U\000N\000D\000E\000R\000\137\000V\000O\000L\000T}{subsection.6.2.1}% 593
\BOOKMARK [3][-]{subsubsection.6.2.1.16}{\376\377\0006\000.\0002\000.\0001\000.\0001\0006\000\040\000B\000A\000T\000\137\000V\000O\000L\000T}{subsection.6.2.1}% 594
\BOOKMARK [3][-]{subsubsection.6.2.1.17}{\376\377\0006\000.\0002\000.\0001\000.\0001\0007\000\040\000B\000M\000\137\000C\000M}{subsection.6.2.1}% 595
\BOOKMARK [3][-]{subsubsection.6.2.1.18}{\376\377\0006\000.\0002\000.\0001\000.\0001\0008\000\040\000B\000M\000\137\000E\000E\000P\000R\000O\000M\000\137\000V\000E\000R}{subsection.6.2.1}% 596
\BOOKMARK [3][-]{subsubsection.6.2.1.19}{\376\377\0006\000.\0002\000.\0001\000.\0001\0009\000\040\000B\000M\000\137\000U\000P\000D\000A\000T\000E}{subsection.6.2.1}% 597
\BOOKMARK [3][-]{subsubsection.6.2.1.20}{\376\377\0006\000.\0002\000.\0001\000.\0002\0000\000\040\000B\000M\000\137\000U\000P\000D\000A\000T\000E\000\137\000R\000U\000N}{subsection.6.2.1}% 598
\BOOKMARK [3][-]{subsubsection.6.2.1.21}{\376\377\0006\000.\0002\000.\0001\000.\0002\0001\000\040\000B\000V\000S\000O\000C\000\137\000S\000L\000O\000T\000S}{subsection.6.2.1}% 599
\BOOKMARK [3][-]{subsubsection.6.2.1.22}{\376\377\0006\000.\0002\000.\0001\000.\0002\0002\000\040\000C\000H\000K\000\137\000D\000A\000Y\000\137\000T\000I\000M\000E}{subsection.6.2.1}% 600
\BOOKMARK [3][-]{subsubsection.6.2.1.23}{\376\377\0006\000.\0002\000.\0001\000.\0002\0003\000\040\000I\000D\000L\000E\000\137\000D\000R\000A\000I\000N}{subsection.6.2.1}% 601
\BOOKMARK [3][-]{subsubsection.6.2.1.24}{\376\377\0006\000.\0002\000.\0001\000.\0002\0004\000\040\000I\000N\000V\000\137\000E\000F\000F\000\137\000V\000A\000L}{subsection.6.2.1}% 602
\BOOKMARK [3][-]{subsubsection.6.2.1.25}{\376\377\0006\000.\0002\000.\0001\000.\0002\0005\000\040\000L\000O\000G\000\137\000V\000A\000R\000S}{subsection.6.2.1}% 603
\BOOKMARK [3][-]{subsubsection.6.2.1.26}{\376\377\0006\000.\0002\000.\0001\000.\0002\0006\000\040\000M\000A\000X\000\137\000A\000L\000T\000\137\000D\000I\000S}{subsection.6.2.1}% 604
\BOOKMARK [3][-]{subsubsection.6.2.1.27}{\376\377\0006\000.\0002\000.\0001\000.\0002\0007\000\040\000T\000E\000N\000\137\000S\000E\000C\000\137\000H\000O\000U\000R}{subsection.6.2.1}% 605
\BOOKMARK [2][-]{subsection.6.2.2}{\376\377\0006\000.\0002\000.\0002\000\040\000T\000y\000p\000e\000d\000e\000f\000\040\000D\000o\000c\000u\000m\000e\000n\000t\000a\000t\000i\000o\000n}{section.6.2}% 606
\BOOKMARK [3][-]{subsubsection.6.2.2.1}{\376\377\0006\000.\0002\000.\0002\000.\0001\000\040\000d\000e\000v\000i\000c\000e\000\137\000i\000d\000\137\000a\000d\000d\000r\000e\000s\000s\000\137\000t}{subsection.6.2.2}% 607
\BOOKMARK [3][-]{subsubsection.6.2.2.2}{\376\377\0006\000.\0002\000.\0002\000.\0002\000\040\000d\000e\000v\000i\000c\000e\000\137\000i\000d\000\137\000d\000a\000t\000a\000\137\000t}{subsection.6.2.2}% 608
\BOOKMARK [3][-]{subsubsection.6.2.2.3}{\376\377\0006\000.\0002\000.\0002\000.\0003\000\040\000E\000B\000\137\000d\000a\000t\000a}{subsection.6.2.2}% 609
\BOOKMARK [2][-]{subsection.6.2.3}{\376\377\0006\000.\0002\000.\0003\000\040\000F\000u\000n\000c\000t\000i\000o\000n\000\040\000D\000o\000c\000u\000m\000e\000n\000t\000a\000t\000i\000o\000n}{section.6.2}% 610
\BOOKMARK [3][-]{subsubsection.6.2.3.1}{\376\377\0006\000.\0002\000.\0003\000.\0001\000\040\000c\000o\000m\000p\000u\000t\000e\000\137\000b\000m\000\137\000d\000a\000t\000a\000\050\000\051}{subsection.6.2.3}% 611
\BOOKMARK [3][-]{subsubsection.6.2.3.2}{\376\377\0006\000.\0002\000.\0003\000.\0002\000\040\000D\000A\000T\000A\000E\000E\000\137\000R\000e\000a\000d\000B\000y\000t\000e\000\050\000\051}{subsection.6.2.3}% 612
\BOOKMARK [3][-]{subsubsection.6.2.3.3}{\376\377\0006\000.\0002\000.\0003\000.\0003\000\040\000D\000A\000T\000A\000E\000E\000\137\000W\000r\000i\000t\000e\000B\000y\000t\000e\000\050\000\051}{subsection.6.2.3}% 613
\BOOKMARK [3][-]{subsubsection.6.2.3.4}{\376\377\0006\000.\0002\000.\0003\000.\0004\000\040\000D\000e\000v\000i\000c\000e\000I\000D\000\137\000R\000e\000a\000d\000\050\000\051}{subsection.6.2.3}% 614
\BOOKMARK [3][-]{subsubsection.6.2.3.5}{\376\377\0006\000.\0002\000.\0003\000.\0005\000\040\000g\000e\000t\000\137\000b\000m\000\137\000d\000a\000t\000a\000\050\000\051}{subsection.6.2.3}% 615
\BOOKMARK [3][-]{subsubsection.6.2.3.6}{\376\377\0006\000.\0002\000.\0003\000.\0006\000\040\000g\000e\000t\000\137\000E\000E\000P\000R\000O\000M\000\050\000\051}{subsection.6.2.3}% 616
\BOOKMARK [3][-]{subsubsection.6.2.3.7}{\376\377\0006\000.\0002\000.\0003\000.\0007\000\040\000i\000n\000i\000t\000b\000m\000\137\000d\000a\000t\000a\000\050\000\051}{subsection.6.2.3}% 617
\BOOKMARK [3][-]{subsubsection.6.2.3.8}{\376\377\0006\000.\0002\000.\0003\000.\0008\000\040\000r\000u\000n\000\137\000d\000a\000y\000\137\000t\000o\000\137\000n\000i\000g\000h\000t\000\050\000\051}{subsection.6.2.3}% 618
\BOOKMARK [3][-]{subsubsection.6.2.3.9}{\376\377\0006\000.\0002\000.\0003\000.\0009\000\040\000r\000u\000n\000\137\000n\000i\000g\000h\000t\000\137\000t\000o\000\137\000d\000a\000y\000\050\000\051}{subsection.6.2.3}% 619
\BOOKMARK [3][-]{subsubsection.6.2.3.10}{\376\377\0006\000.\0002\000.\0003\000.\0001\0000\000\040\000u\000p\000d\000a\000t\000e\000\137\000t\000i\000m\000e\000\050\000\051}{subsection.6.2.3}% 620
\BOOKMARK [3][-]{subsubsection.6.2.3.11}{\376\377\0006\000.\0002\000.\0003\000.\0001\0001\000\040\000V\000o\000l\000t\000s\000\137\000t\000o\000\137\000S\000O\000C\000\050\000\051}{subsection.6.2.3}% 621
\BOOKMARK [3][-]{subsubsection.6.2.3.12}{\376\377\0006\000.\0002\000.\0003\000.\0001\0002\000\040\000w\000r\000\137\000b\000m\000\137\000d\000a\000t\000a\000\050\000\051}{subsection.6.2.3}% 622
\BOOKMARK [2][-]{subsection.6.2.4}{\376\377\0006\000.\0002\000.\0004\000\040\000V\000a\000r\000i\000a\000b\000l\000e\000\040\000D\000o\000c\000u\000m\000e\000n\000t\000a\000t\000i\000o\000n}{section.6.2}% 623
\BOOKMARK [3][-]{subsubsection.6.2.4.1}{\376\377\0006\000.\0002\000.\0004\000.\0001\000\040\000a\000c\000\137\000W\000h\000\137\000d\000a\000i\000l\000y}{subsection.6.2.4}% 624
\BOOKMARK [3][-]{subsubsection.6.2.4.2}{\376\377\0006\000.\0002\000.\0004\000.\0002\000\040\000a\000c\000\137\000W\000h\000\137\000d\000a\000i\000l\000y\000\137\000p\000r\000e\000v}{subsection.6.2.4}% 625
\BOOKMARK [3][-]{subsubsection.6.2.4.3}{\376\377\0006\000.\0002\000.\0004\000.\0003\000\040\000B\000V\000S\000O\000C\000\137\000T\000A\000B\000L\000E}{subsection.6.2.4}% 626
\BOOKMARK [3][-]{subsubsection.6.2.4.4}{\376\377\0006\000.\0002\000.\0004\000.\0004\000\040\000c\000a\000n\000\137\000n\000e\000w\000t\000i\000m\000e}{subsection.6.2.4}% 627
\BOOKMARK [3][-]{subsubsection.6.2.4.5}{\376\377\0006\000.\0002\000.\0004\000.\0005\000\040\000E\000B\000D}{subsection.6.2.4}% 628
\BOOKMARK [3][-]{subsubsection.6.2.4.6}{\376\377\0006\000.\0002\000.\0004\000.\0006\000\040\000E\000B\000D\000\137\000u\000p\000d\000a\000t\000e}{subsection.6.2.4}% 629
\BOOKMARK [3][-]{subsubsection.6.2.4.7}{\376\377\0006\000.\0002\000.\0004\000.\0007\000\040\000l\000o\000g\000\137\000f\000o\000r\000m\000a\000t}{subsection.6.2.4}% 630
\BOOKMARK [3][-]{subsubsection.6.2.4.8}{\376\377\0006\000.\0002\000.\0004\000.\0008\000\040\000p\000v\000\137\000W\000h\000\137\000d\000a\000i\000l\000y}{subsection.6.2.4}% 631
\BOOKMARK [3][-]{subsubsection.6.2.4.9}{\376\377\0006\000.\0002\000.\0004\000.\0009\000\040\000p\000v\000\137\000W\000h\000\137\000d\000a\000i\000l\000y\000\137\000p\000r\000e\000v}{subsection.6.2.4}% 632
\BOOKMARK [1][-]{section.6.3}{\376\377\0006\000.\0003\000\040\000b\000a\000t\000m\000o\000n\000.\000h}{chapter.6}% 633
\BOOKMARK [1][-]{section.6.4}{\376\377\0006\000.\0004\000\040\000C\000A\000N\000-\000E\000x\000a\000m\000p\000l\000e\000s\000/\000c\000a\000n\000f\000i\000l\000t\000e\000r\000.\000c\000\040\000F\000i\000l\000e\000\040\000R\000e\000f\000e\000r\000e\000n\000c\000e}{chapter.6}% 634
\BOOKMARK [2][-]{subsection.6.4.1}{\376\377\0006\000.\0004\000.\0001\000\040\000F\000u\000n\000c\000t\000i\000o\000n\000\040\000D\000o\000c\000u\000m\000e\000n\000t\000a\000t\000i\000o\000n}{section.6.4}% 635
\BOOKMARK [3][-]{subsubsection.6.4.1.1}{\376\377\0006\000.\0004\000.\0001\000.\0001\000\040\000m\000a\000i\000n\000\050\000\051}{subsection.6.4.1}% 636
\BOOKMARK [1][-]{section.6.5}{\376\377\0006\000.\0005\000\040\000C\000A\000N\000-\000E\000x\000a\000m\000p\000l\000e\000s\000/\000c\000a\000n\000r\000e\000c\000e\000i\000v\000e\000.\000c\000\040\000F\000i\000l\000e\000\040\000R\000e\000f\000e\000r\000e\000n\000c\000e}{chapter.6}% 637
\BOOKMARK [2][-]{subsection.6.5.1}{\376\377\0006\000.\0005\000.\0001\000\040\000F\000u\000n\000c\000t\000i\000o\000n\000\040\000D\000o\000c\000u\000m\000e\000n\000t\000a\000t\000i\000o\000n}{section.6.5}% 638
\BOOKMARK [3][-]{subsubsection.6.5.1.1}{\376\377\0006\000.\0005\000.\0001\000.\0001\000\040\000m\000a\000i\000n\000\050\000\051}{subsection.6.5.1}% 639
\BOOKMARK [1][-]{section.6.6}{\376\377\0006\000.\0006\000\040\000C\000A\000N\000-\000E\000x\000a\000m\000p\000l\000e\000s\000/\000c\000a\000n\000t\000r\000a\000n\000s\000m\000i\000t\000.\000c\000\040\000F\000i\000l\000e\000\040\000R\000e\000f\000e\000r\000e\000n\000c\000e}{chapter.6}% 640
\BOOKMARK [2][-]{subsection.6.6.1}{\376\377\0006\000.\0006\000.\0001\000\040\000F\000u\000n\000c\000t\000i\000o\000n\000\040\000D\000o\000c\000u\000m\000e\000n\000t\000a\000t\000i\000o\000n}{section.6.6}% 641
\BOOKMARK [3][-]{subsubsection.6.6.1.1}{\376\377\0006\000.\0006\000.\0001\000.\0001\000\040\000m\000a\000i\000n\000\050\000\051}{subsection.6.6.1}% 642
\BOOKMARK [1][-]{section.6.7}{\376\377\0006\000.\0007\000\040\000C\000A\000N\000-\000E\000x\000a\000m\000p\000l\000e\000s\000/\000R\000E\000A\000D\000M\000E\000.\000m\000d\000\040\000F\000i\000l\000e\000\040\000R\000e\000f\000e\000r\000e\000n\000c\000e}{chapter.6}% 643
\BOOKMARK [1][-]{section.6.8}{\376\377\0006\000.\0008\000\040\000c\000a\000n\000f\000d\000.\000c\000\040\000F\000i\000l\000e\000\040\000R\000e\000f\000e\000r\000e\000n\000c\000e}{chapter.6}% 644
\BOOKMARK [2][-]{subsection.6.8.1}{\376\377\0006\000.\0008\000.\0001\000\040\000F\000u\000n\000c\000t\000i\000o\000n\000\040\000D\000o\000c\000u\000m\000e\000n\000t\000a\000t\000i\000o\000n}{section.6.8}% 645
\BOOKMARK [3][-]{subsubsection.6.8.1.1}{\376\377\0006\000.\0008\000.\0001\000.\0001\000\040\000C\000a\000n\0001\000F\000I\000F\000O\0001\000N\000o\000t\000E\000m\000p\000t\000y\000H\000a\000n\000d\000l\000e\000r\000\050\000\051}{subsection.6.8.1}% 646
\BOOKMARK [3][-]{subsubsection.6.8.1.2}{\376\377\0006\000.\0008\000.\0001\000.\0002\000\040\000c\000a\000n\000\137\000b\000l\000o\000b\000\137\000g\000e\000t\000\050\000\051}{subsection.6.8.1}% 647
\BOOKMARK [3][-]{subsubsection.6.8.1.3}{\376\377\0006\000.\0008\000.\0001\000.\0003\000\040\000c\000a\000n\000\137\000b\000l\000o\000b\000\137\000s\000e\000t\000\050\000\051}{subsection.6.8.1}% 648
\BOOKMARK [3][-]{subsubsection.6.8.1.4}{\376\377\0006\000.\0008\000.\0001\000.\0004\000\040\000c\000a\000n\000\137\000f\000d\000\137\000l\000c\000d\000\137\000m\000i\000r\000r\000o\000r\000\050\000\051}{subsection.6.8.1}% 649
\BOOKMARK [3][-]{subsubsection.6.8.1.5}{\376\377\0006\000.\0008\000.\0001\000.\0005\000\040\000c\000a\000n\000\137\000f\000d\000\137\000t\000x\000\050\000\051}{subsection.6.8.1}% 650
\BOOKMARK [3][-]{subsubsection.6.8.1.6}{\376\377\0006\000.\0008\000.\0001\000.\0006\000\040\000c\000a\000n\000\137\000m\000i\000r\000r\000o\000r\000\137\000p\000r\000i\000n\000t\000\050\000\051}{subsection.6.8.1}% 651
\BOOKMARK [3][-]{subsubsection.6.8.1.7}{\376\377\0006\000.\0008\000.\0001\000.\0007\000\040\000c\000a\000n\000\137\000s\000e\000t\000u\000p\000\050\000\051}{subsection.6.8.1}% 652
\BOOKMARK [3][-]{subsubsection.6.8.1.8}{\376\377\0006\000.\0008\000.\0001\000.\0008\000\040\000g\000e\000t\000\137\000b\000l\000o\000b\000\137\000r\000x\000\050\000\051}{subsection.6.8.1}% 653
\BOOKMARK [3][-]{subsubsection.6.8.1.9}{\376\377\0006\000.\0008\000.\0001\000.\0009\000\040\000g\000e\000t\000\137\000b\000l\000o\000b\000\137\000t\000x\000\050\000\051}{subsection.6.8.1}% 654
\BOOKMARK [3][-]{subsubsection.6.8.1.10}{\376\377\0006\000.\0008\000.\0001\000.\0001\0000\000\040\000T\000X\000Q\000N\000o\000t\000F\000u\000l\000l\000H\000a\000n\000d\000l\000e\000r\000\050\000\051}{subsection.6.8.1}% 655
\BOOKMARK [2][-]{subsection.6.8.2}{\376\377\0006\000.\0008\000.\0002\000\040\000V\000a\000r\000i\000a\000b\000l\000e\000\040\000D\000o\000c\000u\000m\000e\000n\000t\000a\000t\000i\000o\000n}{section.6.8}% 656
\BOOKMARK [3][-]{subsubsection.6.8.2.1}{\376\377\0006\000.\0008\000.\0002\000.\0001\000\040\000B\000y\000t\000e\0001}{subsection.6.8.2}% 657
\BOOKMARK [3][-]{subsubsection.6.8.2.2}{\376\377\0006\000.\0008\000.\0002\000.\0002\000\040\000B\000y\000t\000e\0002}{subsection.6.8.2}% 658
\BOOKMARK [3][-]{subsubsection.6.8.2.3}{\376\377\0006\000.\0008\000.\0002\000.\0003\000\040\000c\000a\000n\000\137\000p\000a\000c\000k\000e\000t\000s}{subsection.6.8.2}% 659
\BOOKMARK [3][-]{subsubsection.6.8.2.4}{\376\377\0006\000.\0008\000.\0002\000.\0004\000\040\000c\000a\000n\000\137\000r\000e\000c\000\137\000c\000o\000u\000n\000t}{subsection.6.8.2}% 660
\BOOKMARK [3][-]{subsubsection.6.8.2.5}{\376\377\0006\000.\0008\000.\0002\000.\0005\000\040\000m\000s\000g}{subsection.6.8.2}% 661
\BOOKMARK [3][-]{subsubsection.6.8.2.6}{\376\377\0006\000.\0008\000.\0002\000.\0006\000\040\000[\000u\000n\000i\000o\000n\000]}{subsection.6.8.2}% 662
\BOOKMARK [3][-]{subsubsection.6.8.2.7}{\376\377\0006\000.\0008\000.\0002\000.\0007\000\040\000r\000x\000M\000s\000g\000D\000a\000t\000a}{subsection.6.8.2}% 663
\BOOKMARK [3][-]{subsubsection.6.8.2.8}{\376\377\0006\000.\0008\000.\0002\000.\0008\000\040\000[\000s\000t\000r\000u\000c\000t\000]}{subsection.6.8.2}% 664
\BOOKMARK [3][-]{subsubsection.6.8.2.9}{\376\377\0006\000.\0008\000.\0002\000.\0009\000\040\000W\000o\000r\000d}{subsection.6.8.2}% 665
\BOOKMARK [1][-]{section.6.9}{\376\377\0006\000.\0009\000\040\000c\000a\000n\000f\000d\000.\000h\000\040\000F\000i\000l\000e\000\040\000R\000e\000f\000e\000r\000e\000n\000c\000e}{chapter.6}% 666
\BOOKMARK [2][-]{subsection.6.9.1}{\376\377\0006\000.\0009\000.\0001\000\040\000M\000a\000c\000r\000o\000\040\000D\000e\000f\000i\000n\000i\000t\000i\000o\000n\000\040\000D\000o\000c\000u\000m\000e\000n\000t\000a\000t\000i\000o\000n}{section.6.9}% 667
\BOOKMARK [3][-]{subsubsection.6.9.1.1}{\376\377\0006\000.\0009\000.\0001\000.\0001\000\040\000C\000A\000N\000\137\000E\000R\000R\000O\000R\000\137\000B\000U\000F}{subsection.6.9.1}% 668
\BOOKMARK [3][-]{subsubsection.6.9.1.2}{\376\377\0006\000.\0009\000.\0001\000.\0002\000\040\000C\000A\000N\000\137\000H\000I\000G\000H\000\137\000B\000U\000F}{subsection.6.9.1}% 669
\BOOKMARK [3][-]{subsubsection.6.9.1.3}{\376\377\0006\000.\0009\000.\0001\000.\0003\000\040\000C\000A\000N\000\137\000I\000N\000F\000O\000\137\000B\000U\000F}{subsection.6.9.1}% 670
\BOOKMARK [3][-]{subsubsection.6.9.1.4}{\376\377\0006\000.\0009\000.\0001\000.\0004\000\040\000C\000A\000N\000\137\000L\000O\000W\000\137\000B\000U\000F}{subsection.6.9.1}% 671
\BOOKMARK [3][-]{subsubsection.6.9.1.5}{\376\377\0006\000.\0009\000.\0001\000.\0005\000\040\000C\000A\000N\000\137\000M\000I\000R\000R\000O\000R\000S}{subsection.6.9.1}% 672
\BOOKMARK [3][-]{subsubsection.6.9.1.6}{\376\377\0006\000.\0009\000.\0001\000.\0006\000\040\000C\000A\000N\000\137\000R\000E\000C\000\137\000B\000U\000F\000F\000E\000R\000S}{subsection.6.9.1}% 673
\BOOKMARK [3][-]{subsubsection.6.9.1.7}{\376\377\0006\000.\0009\000.\0001\000.\0007\000\040\000C\000A\000N\000\137\000R\000X\000\137\000T\000R\000I\000E\000S}{subsection.6.9.1}% 674
\BOOKMARK [3][-]{subsubsection.6.9.1.8}{\376\377\0006\000.\0009\000.\0001\000.\0008\000\040\000C\000A\000N\000F\000D\000\137\000B\000Y\000T\000E\000S}{subsection.6.9.1}% 675
\BOOKMARK [3][-]{subsubsection.6.9.1.9}{\376\377\0006\000.\0009\000.\0001\000.\0009\000\040\000C\000A\000N\000F\000D\000\137\000N\000B\000U\000F}{subsection.6.9.1}% 676
\BOOKMARK [3][-]{subsubsection.6.9.1.10}{\376\377\0006\000.\0009\000.\0001\000.\0001\0000\000\040\000D\000A\000T\000A\000\137\000D\000E\000B\000U\000G}{subsection.6.9.1}% 677
\BOOKMARK [3][-]{subsubsection.6.9.1.11}{\376\377\0006\000.\0009\000.\0001\000.\0001\0001\000\040\000E\000M\000O\000N\000\137\000C\000O}{subsection.6.9.1}% 678
\BOOKMARK [3][-]{subsubsection.6.9.1.12}{\376\377\0006\000.\0009\000.\0001\000.\0001\0002\000\040\000E\000M\000O\000N\000\137\000D\000A}{subsection.6.9.1}% 679
\BOOKMARK [3][-]{subsubsection.6.9.1.13}{\376\377\0006\000.\0009\000.\0001\000.\0001\0003\000\040\000E\000M\000O\000N\000\137\000D\000M}{subsection.6.9.1}% 680
\BOOKMARK [3][-]{subsubsection.6.9.1.14}{\376\377\0006\000.\0009\000.\0001\000.\0001\0004\000\040\000E\000M\000O\000N\000\137\000D\000S}{subsection.6.9.1}% 681
\BOOKMARK [3][-]{subsubsection.6.9.1.15}{\376\377\0006\000.\0009\000.\0001\000.\0001\0005\000\040\000E\000M\000O\000N\000\137\000E\000R}{subsection.6.9.1}% 682
\BOOKMARK [3][-]{subsubsection.6.9.1.16}{\376\377\0006\000.\0009\000.\0001\000.\0001\0006\000\040\000E\000M\000O\000N\000\137\000M}{subsection.6.9.1}% 683
\BOOKMARK [3][-]{subsubsection.6.9.1.17}{\376\377\0006\000.\0009\000.\0001\000.\0001\0007\000\040\000E\000M\000O\000N\000\137\000M\000R}{subsection.6.9.1}% 684
\BOOKMARK [3][-]{subsubsection.6.9.1.18}{\376\377\0006\000.\0009\000.\0001\000.\0001\0008\000\040\000E\000M\000O\000N\000\137\000S\000L}{subsection.6.9.1}% 685
\BOOKMARK [3][-]{subsubsection.6.9.1.19}{\376\377\0006\000.\0009\000.\0001\000.\0001\0009\000\040\000E\000M\000O\000N\000\137\000S\000U}{subsection.6.9.1}% 686
\BOOKMARK [3][-]{subsubsection.6.9.1.20}{\376\377\0006\000.\0009\000.\0001\000.\0002\0000\000\040\000E\000M\000O\000N\000\137\000T\000M}{subsection.6.9.1}% 687
\BOOKMARK [3][-]{subsubsection.6.9.1.21}{\376\377\0006\000.\0009\000.\0001\000.\0002\0001\000\040\000L\000C\000D\000\137\000B\000U\000F\000\137\000S\000I\000Z}{subsection.6.9.1}% 688
\BOOKMARK [3][-]{subsubsection.6.9.1.22}{\376\377\0006\000.\0009\000.\0001\000.\0002\0002\000\040\000M\000I\000R\000R\0000\000R\000\137\000B\000U\000F}{subsection.6.9.1}% 689
\BOOKMARK [3][-]{subsubsection.6.9.1.23}{\376\377\0006\000.\0009\000.\0001\000.\0002\0003\000\040\000N\000O\000\137\000N\000O\000D\000E\000\137\000I\000D}{subsection.6.9.1}% 690
\BOOKMARK [3][-]{subsubsection.6.9.1.24}{\376\377\0006\000.\0009\000.\0001\000.\0002\0004\000\040\000N\000O\000D\000E\000\137\000I\000D\000\137\000S\000H\000I\000F\000T}{subsection.6.9.1}% 691
\BOOKMARK [3][-]{subsubsection.6.9.1.25}{\376\377\0006\000.\0009\000.\0001\000.\0002\0005\000\040\000U\000S\000E\000\137\000F\000D}{subsection.6.9.1}% 692
\BOOKMARK [2][-]{subsection.6.9.2}{\376\377\0006\000.\0009\000.\0002\000\040\000F\000u\000n\000c\000t\000i\000o\000n\000\040\000D\000o\000c\000u\000m\000e\000n\000t\000a\000t\000i\000o\000n}{section.6.9}% 693
\BOOKMARK [3][-]{subsubsection.6.9.2.1}{\376\377\0006\000.\0009\000.\0002\000.\0001\000\040\000C\000a\000n\0001\000F\000I\000F\000O\0001\000N\000o\000t\000E\000m\000p\000t\000y\000H\000a\000n\000d\000l\000e\000r\000\050\000\051}{subsection.6.9.2}% 694
\BOOKMARK [3][-]{subsubsection.6.9.2.2}{\376\377\0006\000.\0009\000.\0002\000.\0002\000\040\000c\000a\000n\000\137\000b\000l\000o\000b\000\137\000g\000e\000t\000\050\000\051}{subsection.6.9.2}% 695
\BOOKMARK [3][-]{subsubsection.6.9.2.3}{\376\377\0006\000.\0009\000.\0002\000.\0003\000\040\000c\000a\000n\000\137\000b\000l\000o\000b\000\137\000s\000e\000t\000\050\000\051}{subsection.6.9.2}% 696
\BOOKMARK [3][-]{subsubsection.6.9.2.4}{\376\377\0006\000.\0009\000.\0002\000.\0004\000\040\000c\000a\000n\000\137\000f\000d\000\137\000l\000c\000d\000\137\000m\000i\000r\000r\000o\000r\000\050\000\051}{subsection.6.9.2}% 697
\BOOKMARK [3][-]{subsubsection.6.9.2.5}{\376\377\0006\000.\0009\000.\0002\000.\0005\000\040\000c\000a\000n\000\137\000f\000d\000\137\000t\000x\000\050\000\051}{subsection.6.9.2}% 698
\BOOKMARK [3][-]{subsubsection.6.9.2.6}{\376\377\0006\000.\0009\000.\0002\000.\0006\000\040\000c\000a\000n\000\137\000m\000i\000r\000r\000o\000r\000\137\000p\000r\000i\000n\000t\000\050\000\051}{subsection.6.9.2}% 699
\BOOKMARK [3][-]{subsubsection.6.9.2.7}{\376\377\0006\000.\0009\000.\0002\000.\0007\000\040\000c\000a\000n\000\137\000s\000e\000t\000u\000p\000\050\000\051}{subsection.6.9.2}% 700
\BOOKMARK [3][-]{subsubsection.6.9.2.8}{\376\377\0006\000.\0009\000.\0002\000.\0008\000\040\000g\000e\000t\000\137\000b\000l\000o\000b\000\137\000r\000x\000\050\000\051}{subsection.6.9.2}% 701
\BOOKMARK [3][-]{subsubsection.6.9.2.9}{\376\377\0006\000.\0009\000.\0002\000.\0009\000\040\000g\000e\000t\000\137\000b\000l\000o\000b\000\137\000t\000x\000\050\000\051}{subsection.6.9.2}% 702
\BOOKMARK [3][-]{subsubsection.6.9.2.10}{\376\377\0006\000.\0009\000.\0002\000.\0001\0000\000\040\000T\000X\000Q\000N\000o\000t\000F\000u\000l\000l\000H\000a\000n\000d\000l\000e\000r\000\050\000\051}{subsection.6.9.2}% 703
\BOOKMARK [2][-]{subsection.6.9.3}{\376\377\0006\000.\0009\000.\0003\000\040\000V\000a\000r\000i\000a\000b\000l\000e\000\040\000D\000o\000c\000u\000m\000e\000n\000t\000a\000t\000i\000o\000n}{section.6.9}% 704
\BOOKMARK [3][-]{subsubsection.6.9.3.1}{\376\377\0006\000.\0009\000.\0003\000.\0001\000\040\000c\000a\000n\000\137\000n\000e\000w\000t\000i\000m\000e}{subsection.6.9.3}% 705
\BOOKMARK [3][-]{subsubsection.6.9.3.2}{\376\377\0006\000.\0009\000.\0003\000.\0002\000\040\000c\000a\000n\000\137\000p\000a\000c\000k\000e\000t\000s}{subsection.6.9.3}% 706
\BOOKMARK [3][-]{subsubsection.6.9.3.3}{\376\377\0006\000.\0009\000.\0003\000.\0003\000\040\000c\000a\000n\000\137\000r\000e\000c\000\137\000c\000o\000u\000n\000t}{subsection.6.9.3}% 707
\BOOKMARK [3][-]{subsubsection.6.9.3.4}{\376\377\0006\000.\0009\000.\0003\000.\0004\000\040\000c\000a\000n\000\137\000t\000i\000m\000e\000r}{subsection.6.9.3}% 708
\BOOKMARK [3][-]{subsubsection.6.9.3.5}{\376\377\0006\000.\0009\000.\0003\000.\0005\000\040\000i\000n\000f\000o\000\137\000b\000u\000f\000f\000e\000r}{subsection.6.9.3}% 709
\BOOKMARK [3][-]{subsubsection.6.9.3.6}{\376\377\0006\000.\0009\000.\0003\000.\0006\000\040\000l\000o\000g\000\137\000b\000u\000f\000f\000e\000r}{subsection.6.9.3}% 710
\BOOKMARK [3][-]{subsubsection.6.9.3.7}{\376\377\0006\000.\0009\000.\0003\000.\0007\000\040\000m\000s\000g}{subsection.6.9.3}% 711
\BOOKMARK [3][-]{subsubsection.6.9.3.8}{\376\377\0006\000.\0009\000.\0003\000.\0008\000\040\000r\000x\000M\000s\000g\000D\000a\000t\000a}{subsection.6.9.3}% 712
\BOOKMARK [1][-]{section.6.10}{\376\377\0006\000.\0001\0000\000\040\000c\000a\000n\000f\000d\000.\000h}{chapter.6}% 713
\BOOKMARK [1][-]{section.6.11}{\376\377\0006\000.\0001\0001\000\040\000d\000i\000o\000.\000c\000\040\000F\000i\000l\000e\000\040\000R\000e\000f\000e\000r\000e\000n\000c\000e}{chapter.6}% 714
\BOOKMARK [2][-]{subsection.6.11.1}{\376\377\0006\000.\0001\0001\000.\0001\000\040\000F\000u\000n\000c\000t\000i\000o\000n\000\040\000D\000o\000c\000u\000m\000e\000n\000t\000a\000t\000i\000o\000n}{section.6.11}% 715
\BOOKMARK [3][-]{subsubsection.6.11.1.1}{\376\377\0006\000.\0001\0001\000.\0001\000.\0001\000\040\000a\000l\000l\000\137\000r\000e\000l\000a\000y\000s\000\137\000o\000f\000f\000\050\000\051}{subsection.6.11.1}% 716
\BOOKMARK [3][-]{subsubsection.6.11.1.2}{\376\377\0006\000.\0001\0001\000.\0001\000.\0002\000\040\000b\000u\000t\000t\000o\000n\000\137\000p\000r\000e\000s\000s\000\137\000c\000h\000e\000c\000k\000\050\000\051}{subsection.6.11.1}% 717
\BOOKMARK [3][-]{subsubsection.6.11.1.3}{\376\377\0006\000.\0001\0001\000.\0001\000.\0003\000\040\000i\000n\000i\000t\000\137\000a\000l\000l\000\137\000s\000w\000i\000t\000c\000h\000\050\000\051}{subsection.6.11.1}% 718
\BOOKMARK [1][-]{section.6.12}{\376\377\0006\000.\0001\0002\000\040\000d\000i\000o\000.\000h\000\040\000F\000i\000l\000e\000\040\000R\000e\000f\000e\000r\000e\000n\000c\000e}{chapter.6}% 719
\BOOKMARK [2][-]{subsection.6.12.1}{\376\377\0006\000.\0001\0002\000.\0001\000\040\000M\000a\000c\000r\000o\000\040\000D\000e\000f\000i\000n\000i\000t\000i\000o\000n\000\040\000D\000o\000c\000u\000m\000e\000n\000t\000a\000t\000i\000o\000n}{section.6.12}% 720
\BOOKMARK [3][-]{subsubsection.6.12.1.1}{\376\377\0006\000.\0001\0002\000.\0001\000.\0001\000\040\000C\000H\000A\000R\000G\000E\000R\000\137\000R\000E\000L\000A\000Y\000\137\000O\000F\000F}{subsection.6.12.1}% 721
\BOOKMARK [3][-]{subsubsection.6.12.1.2}{\376\377\0006\000.\0001\0002\000.\0001\000.\0002\000\040\000C\000H\000A\000R\000G\000E\000R\000\137\000R\000E\000L\000A\000Y\000\137\000O\000N}{subsection.6.12.1}% 722
\BOOKMARK [3][-]{subsubsection.6.12.1.3}{\376\377\0006\000.\0001\0002\000.\0001\000.\0003\000\040\000D\000\137\000S\000W\000\137\000A\000\137\000P\000I\000N}{subsection.6.12.1}% 723
\BOOKMARK [3][-]{subsubsection.6.12.1.4}{\376\377\0006\000.\0001\0002\000.\0001\000.\0004\000\040\000D\000\137\000S\000W\000\137\000L\000\137\000P\000I\000N}{subsection.6.12.1}% 724
\BOOKMARK [3][-]{subsubsection.6.12.1.5}{\376\377\0006\000.\0001\0002\000.\0001\000.\0005\000\040\000D\000\137\000S\000W\000\137\000M\000\137\000P\000I\000N}{subsection.6.12.1}% 725
\BOOKMARK [3][-]{subsubsection.6.12.1.6}{\376\377\0006\000.\0001\0002\000.\0001\000.\0006\000\040\000D\000A\000Y\000\137\000R\000E\000L\000A\000Y\000\137\000O\000F\000F}{subsection.6.12.1}% 726
\BOOKMARK [3][-]{subsubsection.6.12.1.7}{\376\377\0006\000.\0001\0002\000.\0001\000.\0007\000\040\000D\000A\000Y\000\137\000R\000E\000L\000A\000Y\000\137\000O\000N}{subsection.6.12.1}% 727
\BOOKMARK [3][-]{subsubsection.6.12.1.8}{\376\377\0006\000.\0001\0002\000.\0001\000.\0008\000\040\000d\000e\000b\000o\000u\000n\000c\000e\000\137\000t\000i\000m\000e}{subsection.6.12.1}% 728
\BOOKMARK [3][-]{subsubsection.6.12.1.9}{\376\377\0006\000.\0001\0002\000.\0001\000.\0009\000\040\000N\000I\000G\000H\000T\000\137\000R\000E\000L\000A\000Y\000\137\000O\000F\000F}{subsection.6.12.1}% 729
\BOOKMARK [3][-]{subsubsection.6.12.1.10}{\376\377\0006\000.\0001\0002\000.\0001\000.\0001\0000\000\040\000N\000I\000G\000H\000T\000\137\000R\000E\000L\000A\000Y\000\137\000O\000N}{subsection.6.12.1}% 730
\BOOKMARK [3][-]{subsubsection.6.12.1.11}{\376\377\0006\000.\0001\0002\000.\0001\000.\0001\0001\000\040\000S\000W\000\137\000N\000C}{subsection.6.12.1}% 731
\BOOKMARK [3][-]{subsubsection.6.12.1.12}{\376\377\0006\000.\0001\0002\000.\0001\000.\0001\0002\000\040\000S\000W\000\137\000N\000O}{subsection.6.12.1}% 732
\BOOKMARK [2][-]{subsection.6.12.2}{\376\377\0006\000.\0001\0002\000.\0002\000\040\000E\000n\000u\000m\000e\000r\000a\000t\000i\000o\000n\000\040\000T\000y\000p\000e\000\040\000D\000o\000c\000u\000m\000e\000n\000t\000a\000t\000i\000o\000n}{section.6.12}% 733
\BOOKMARK [3][-]{subsubsection.6.12.2.1}{\376\377\0006\000.\0001\0002\000.\0002\000.\0001\000\040\000D\000\137\000S\000W}{subsection.6.12.2}% 734
\BOOKMARK [2][-]{subsection.6.12.3}{\376\377\0006\000.\0001\0002\000.\0003\000\040\000F\000u\000n\000c\000t\000i\000o\000n\000\040\000D\000o\000c\000u\000m\000e\000n\000t\000a\000t\000i\000o\000n}{section.6.12}% 735
\BOOKMARK [3][-]{subsubsection.6.12.3.1}{\376\377\0006\000.\0001\0002\000.\0003\000.\0001\000\040\000a\000l\000l\000\137\000r\000e\000l\000a\000y\000s\000\137\000o\000f\000f\000\050\000\051}{subsection.6.12.3}% 736
\BOOKMARK [3][-]{subsubsection.6.12.3.2}{\376\377\0006\000.\0001\0002\000.\0003\000.\0002\000\040\000b\000u\000t\000t\000o\000n\000\137\000p\000r\000e\000s\000s\000\137\000c\000h\000e\000c\000k\000\050\000\051}{subsection.6.12.3}% 737
\BOOKMARK [3][-]{subsubsection.6.12.3.3}{\376\377\0006\000.\0001\0002\000.\0003\000.\0003\000\040\000i\000n\000i\000t\000\137\000a\000l\000l\000\137\000s\000w\000i\000t\000c\000h\000\050\000\051}{subsection.6.12.3}% 738
\BOOKMARK [2][-]{subsection.6.12.4}{\376\377\0006\000.\0001\0002\000.\0004\000\040\000V\000a\000r\000i\000a\000b\000l\000e\000\040\000D\000o\000c\000u\000m\000e\000n\000t\000a\000t\000i\000o\000n}{section.6.12}% 739
\BOOKMARK [3][-]{subsubsection.6.12.4.1}{\376\377\0006\000.\0001\0002\000.\0004\000.\0001\000\040\000s\000w\000\137\000c\000o\000n\000t\000a\000c\000t\000\137\000t\000y\000p\000e\000s}{subsection.6.12.4}% 740
\BOOKMARK [1][-]{section.6.13}{\376\377\0006\000.\0001\0003\000\040\000d\000i\000o\000.\000h}{chapter.6}% 741
\BOOKMARK [1][-]{section.6.14}{\376\377\0006\000.\0001\0004\000\040\000e\000a\000d\000o\000g\000.\000c\000\040\000F\000i\000l\000e\000\040\000R\000e\000f\000e\000r\000e\000n\000c\000e}{chapter.6}% 742
\BOOKMARK [2][-]{subsection.6.14.1}{\376\377\0006\000.\0001\0004\000.\0001\000\040\000M\000a\000c\000r\000o\000\040\000D\000e\000f\000i\000n\000i\000t\000i\000o\000n\000\040\000D\000o\000c\000u\000m\000e\000n\000t\000a\000t\000i\000o\000n}{section.6.14}% 743
\BOOKMARK [3][-]{subsubsection.6.14.1.1}{\376\377\0006\000.\0001\0004\000.\0001\000.\0001\000\040\000D\000O\000N\000E\000\137\000D\000E\000L\000A\000Y}{subsection.6.14.1}% 744
\BOOKMARK [3][-]{subsubsection.6.14.1.2}{\376\377\0006\000.\0001\0004\000.\0001\000.\0002\000\040\000E\000\137\000T\000R\000A\000C\000E}{subsection.6.14.1}% 745
\BOOKMARK [2][-]{subsection.6.14.2}{\376\377\0006\000.\0001\0004\000.\0002\000\040\000F\000u\000n\000c\000t\000i\000o\000n\000\040\000D\000o\000c\000u\000m\000e\000n\000t\000a\000t\000i\000o\000n}{section.6.14}% 746
\BOOKMARK [3][-]{subsubsection.6.14.2.1}{\376\377\0006\000.\0001\0004\000.\0002\000.\0001\000\040\000c\000h\000e\000c\000k\000\137\000l\000c\000d\000\137\000d\000i\000m\000\050\000\051}{subsection.6.14.2}% 747
\BOOKMARK [3][-]{subsubsection.6.14.2.2}{\376\377\0006\000.\0001\0004\000.\0002\000.\0002\000\040\000c\000l\000e\000a\000r\000\137\000l\000c\000d\000\137\000d\000o\000n\000e\000\050\000\051}{subsection.6.14.2}% 748
\BOOKMARK [3][-]{subsubsection.6.14.2.3}{\376\377\0006\000.\0001\0004\000.\0002\000.\0003\000\040\000e\000a\000D\000o\000g\000M\000\137\000C\000l\000e\000a\000r\000R\000o\000w\000\050\000\051}{subsection.6.14.2}% 749
\BOOKMARK [3][-]{subsubsection.6.14.2.4}{\376\377\0006\000.\0001\0004\000.\0002\000.\0004\000\040\000e\000a\000D\000o\000g\000M\000\137\000S\000c\000r\000o\000l\000l\000\137\000S\000t\000r\000i\000n\000g\000\050\000\051}{subsection.6.14.2}% 750
\BOOKMARK [3][-]{subsubsection.6.14.2.5}{\376\377\0006\000.\0001\0004\000.\0002\000.\0005\000\040\000e\000a\000D\000o\000g\000M\000\137\000S\000c\000r\000o\000l\000l\000\137\000T\000a\000s\000k\000\050\000\051}{subsection.6.14.2}% 751
\BOOKMARK [3][-]{subsubsection.6.14.2.6}{\376\377\0006\000.\0001\0004\000.\0002\000.\0006\000\040\000e\000a\000D\000o\000g\000M\000\137\000S\000e\000t\000P\000o\000s\000\050\000\051}{subsection.6.14.2}% 752
\BOOKMARK [3][-]{subsubsection.6.14.2.7}{\376\377\0006\000.\0001\0004\000.\0002\000.\0007\000\040\000e\000a\000D\000o\000g\000M\000\137\000W\000r\000i\000t\000e\000B\000y\000t\000e\000T\000o\000C\000G\000R\000A\000M\000\050\000\051}{subsection.6.14.2}% 753
\BOOKMARK [3][-]{subsubsection.6.14.2.8}{\376\377\0006\000.\0001\0004\000.\0002\000.\0008\000\040\000e\000a\000D\000o\000g\000M\000\137\000W\000r\000i\000t\000e\000C\000h\000r\000\050\000\051}{subsection.6.14.2}% 754
\BOOKMARK [3][-]{subsubsection.6.14.2.9}{\376\377\0006\000.\0001\0004\000.\0002\000.\0009\000\040\000e\000a\000D\000o\000g\000M\000\137\000W\000r\000i\000t\000e\000C\000o\000m\000m\000a\000n\000d\000\050\000\051}{subsection.6.14.2}% 755
\BOOKMARK [3][-]{subsubsection.6.14.2.10}{\376\377\0006\000.\0001\0004\000.\0002\000.\0001\0000\000\040\000e\000a\000D\000o\000g\000M\000\137\000W\000r\000i\000t\000e\000I\000n\000t\000A\000t\000P\000o\000s\000\050\000\051}{subsection.6.14.2}% 756
\BOOKMARK [3][-]{subsubsection.6.14.2.11}{\376\377\0006\000.\0001\0004\000.\0002\000.\0001\0001\000\040\000e\000a\000D\000o\000g\000M\000\137\000W\000r\000i\000t\000e\000S\000t\000r\000i\000n\000g\000\050\000\051}{subsection.6.14.2}% 757
\BOOKMARK [3][-]{subsubsection.6.14.2.12}{\376\377\0006\000.\0001\0004\000.\0002\000.\0001\0002\000\040\000e\000a\000D\000o\000g\000M\000\137\000W\000r\000i\000t\000e\000S\000t\000r\000i\000n\000g\000A\000t\000P\000o\000s\000\050\000\051}{subsection.6.14.2}% 758
\BOOKMARK [3][-]{subsubsection.6.14.2.13}{\376\377\0006\000.\0001\0004\000.\0002\000.\0001\0003\000\040\000i\000n\000i\000t\000\137\000d\000i\000s\000p\000l\000a\000y\000\050\000\051}{subsection.6.14.2}% 759
\BOOKMARK [3][-]{subsubsection.6.14.2.14}{\376\377\0006\000.\0001\0004\000.\0002\000.\0001\0004\000\040\000n\000o\000\137\000d\000m\000a\000\137\000s\000e\000t\000\137\000l\000c\000d\000\050\000\051}{subsection.6.14.2}% 760
\BOOKMARK [3][-]{subsubsection.6.14.2.15}{\376\377\0006\000.\0001\0004\000.\0002\000.\0001\0005\000\040\000s\000e\000n\000d\000\137\000l\000c\000d\000\137\000c\000m\000d\000\137\000d\000m\000a\000\050\000\051}{subsection.6.14.2}% 761
\BOOKMARK [3][-]{subsubsection.6.14.2.16}{\376\377\0006\000.\0001\0004\000.\0002\000.\0001\0006\000\040\000s\000e\000n\000d\000\137\000l\000c\000d\000\137\000d\000a\000t\000a\000\137\000d\000m\000a\000\050\000\051}{subsection.6.14.2}% 762
\BOOKMARK [3][-]{subsubsection.6.14.2.17}{\376\377\0006\000.\0001\0004\000.\0002\000.\0001\0007\000\040\000s\000e\000n\000d\000\137\000l\000c\000d\000\137\000p\000o\000s\000\137\000d\000m\000a\000\050\000\051}{subsection.6.14.2}% 763
\BOOKMARK [3][-]{subsubsection.6.14.2.18}{\376\377\0006\000.\0001\0004\000.\0002\000.\0001\0008\000\040\000s\000e\000t\000\137\000l\000c\000d\000\137\000d\000i\000m\000\050\000\051}{subsection.6.14.2}% 764
\BOOKMARK [3][-]{subsubsection.6.14.2.19}{\376\377\0006\000.\0001\0004\000.\0002\000.\0001\0009\000\040\000s\000p\000i\000\137\000r\000e\000c\000\137\000d\000o\000n\000e\000\050\000\051}{subsection.6.14.2}% 765
\BOOKMARK [3][-]{subsubsection.6.14.2.20}{\376\377\0006\000.\0001\0004\000.\0002\000.\0002\0000\000\040\000s\000t\000a\000r\000t\000\137\000l\000c\000d\000\050\000\051}{subsection.6.14.2}% 766
\BOOKMARK [3][-]{subsubsection.6.14.2.21}{\376\377\0006\000.\0001\0004\000.\0002\000.\0002\0001\000\040\000w\000a\000i\000t\000\137\000l\000c\000d\000\137\000c\000h\000e\000c\000k\000\050\000\051}{subsection.6.14.2}% 767
\BOOKMARK [3][-]{subsubsection.6.14.2.22}{\376\377\0006\000.\0001\0004\000.\0002\000.\0002\0002\000\040\000w\000a\000i\000t\000\137\000l\000c\000d\000\137\000d\000o\000n\000e\000\050\000\051}{subsection.6.14.2}% 768
\BOOKMARK [3][-]{subsubsection.6.14.2.23}{\376\377\0006\000.\0001\0004\000.\0002\000.\0002\0003\000\040\000w\000a\000i\000t\000\137\000l\000c\000d\000\137\000s\000e\000t\000\050\000\051}{subsection.6.14.2}% 769
\BOOKMARK [2][-]{subsection.6.14.3}{\376\377\0006\000.\0001\0004\000.\0003\000\040\000V\000a\000r\000i\000a\000b\000l\000e\000\040\000D\000o\000c\000u\000m\000e\000n\000t\000a\000t\000i\000o\000n}{section.6.14}% 770
\BOOKMARK [3][-]{subsubsection.6.14.3.1}{\376\377\0006\000.\0001\0004\000.\0003\000.\0001\000\040\000s\000p\000i\000\137\000l\000i\000n\000k}{subsection.6.14.3}% 771
\BOOKMARK [1][-]{section.6.15}{\376\377\0006\000.\0001\0005\000\040\000e\000a\000d\000o\000g\000.\000h\000\040\000F\000i\000l\000e\000\040\000R\000e\000f\000e\000r\000e\000n\000c\000e}{chapter.6}% 772
\BOOKMARK [2][-]{subsection.6.15.1}{\376\377\0006\000.\0001\0005\000.\0001\000\040\000M\000a\000c\000r\000o\000\040\000D\000e\000f\000i\000n\000i\000t\000i\000o\000n\000\040\000D\000o\000c\000u\000m\000e\000n\000t\000a\000t\000i\000o\000n}{section.6.15}% 773
\BOOKMARK [3][-]{subsubsection.6.15.1.1}{\376\377\0006\000.\0001\0005\000.\0001\000.\0001\000\040\000D\000I\000M\000\137\000D\000E\000L\000A\000Y}{subsection.6.15.1}% 774
\BOOKMARK [3][-]{subsubsection.6.15.1.2}{\376\377\0006\000.\0001\0005\000.\0001\000.\0002\000\040\000e\000a\000D\000o\000g\000M\000\137\000C\000l\000s}{subsection.6.15.1}% 775
\BOOKMARK [3][-]{subsubsection.6.15.1.3}{\376\377\0006\000.\0001\0005\000.\0001\000.\0003\000\040\000E\000A\000D\000O\000G\000M\000\137\000C\000M\000D\000\137\000C\000G\000R\000A\000M\000\137\000A\000D\000D\000R}{subsection.6.15.1}% 776
\BOOKMARK [3][-]{subsubsection.6.15.1.4}{\376\377\0006\000.\0001\0005\000.\0001\000.\0004\000\040\000E\000A\000D\000O\000G\000M\000\137\000C\000M\000D\000\137\000C\000L\000R}{subsection.6.15.1}% 777
\BOOKMARK [3][-]{subsubsection.6.15.1.5}{\376\377\0006\000.\0001\0005\000.\0001\000.\0005\000\040\000E\000A\000D\000O\000G\000M\000\137\000C\000M\000D\000\137\000C\000U\000R\000S\000O\000R\000\137\000O\000F\000F}{subsection.6.15.1}% 778
\BOOKMARK [3][-]{subsubsection.6.15.1.6}{\376\377\0006\000.\0001\0005\000.\0001\000.\0006\000\040\000E\000A\000D\000O\000G\000M\000\137\000C\000M\000D\000\137\000C\000U\000R\000S\000O\000R\000\137\000O\000N}{subsection.6.15.1}% 779
\BOOKMARK [3][-]{subsubsection.6.15.1.7}{\376\377\0006\000.\0001\0005\000.\0001\000.\0007\000\040\000E\000A\000D\000O\000G\000M\000\137\000C\000M\000D\000\137\000D\000D\000R\000A\000M\000\137\000A\000D\000D\000R}{subsection.6.15.1}% 780
\BOOKMARK [3][-]{subsubsection.6.15.1.8}{\376\377\0006\000.\0001\0005\000.\0001\000.\0008\000\040\000E\000A\000D\000O\000G\000M\000\137\000C\000M\000D\000\137\000D\000I\000S\000P\000L\000A\000Y\000\137\000O\000F\000F}{subsection.6.15.1}% 781
\BOOKMARK [3][-]{subsubsection.6.15.1.9}{\376\377\0006\000.\0001\0005\000.\0001\000.\0009\000\040\000E\000A\000D\000O\000G\000M\000\137\000C\000M\000D\000\137\000D\000I\000S\000P\000L\000A\000Y\000\137\000O\000N}{subsection.6.15.1}% 782
\BOOKMARK [3][-]{subsubsection.6.15.1.10}{\376\377\0006\000.\0001\0005\000.\0001\000.\0001\0000\000\040\000E\000A\000D\000O\000G\000M\000\137\000C\000M\000D\000\137\000S\000E\000L\000E\000C\000T\000\137\000R\0000}{subsection.6.15.1}% 783
\BOOKMARK [3][-]{subsubsection.6.15.1.11}{\376\377\0006\000.\0001\0005\000.\0001\000.\0001\0001\000\040\000E\000A\000D\000O\000G\000M\000\137\000C\000M\000D\000\137\000S\000E\000L\000E\000C\000T\000\137\000R\0001}{subsection.6.15.1}% 784
\BOOKMARK [3][-]{subsubsection.6.15.1.12}{\376\377\0006\000.\0001\0005\000.\0001\000.\0001\0002\000\040\000E\000A\000D\000O\000G\000M\000\137\000C\000M\000D\000\137\000S\000E\000T\000\137\000T\000A\000B\000L\000E\0002}{subsection.6.15.1}% 785
\BOOKMARK [3][-]{subsubsection.6.15.1.13}{\376\377\0006\000.\0001\0005\000.\0001\000.\0001\0003\000\040\000E\000A\000D\000O\000G\000M\000\137\000C\000O\000L\000S\000P\000A\000N}{subsection.6.15.1}% 786
\BOOKMARK [3][-]{subsubsection.6.15.1.14}{\376\377\0006\000.\0001\0005\000.\0001\000.\0001\0004\000\040\000e\000a\000D\000o\000g\000M\000\137\000C\000u\000r\000s\000o\000r\000O\000f\000f}{subsection.6.15.1}% 787
\BOOKMARK [3][-]{subsubsection.6.15.1.15}{\376\377\0006\000.\0001\0005\000.\0001\000.\0001\0005\000\040\000e\000a\000D\000o\000g\000M\000\137\000C\000u\000r\000s\000o\000r\000O\000n}{subsection.6.15.1}% 788
\BOOKMARK [3][-]{subsubsection.6.15.1.16}{\376\377\0006\000.\0001\0005\000.\0001\000.\0001\0006\000\040\000e\000a\000D\000o\000g\000M\000\137\000D\000i\000s\000p\000l\000a\000y\000O\000f\000f}{subsection.6.15.1}% 789
\BOOKMARK [3][-]{subsubsection.6.15.1.17}{\376\377\0006\000.\0001\0005\000.\0001\000.\0001\0007\000\040\000e\000a\000D\000o\000g\000M\000\137\000D\000i\000s\000p\000l\000a\000y\000O\000n}{subsection.6.15.1}% 790
\BOOKMARK [3][-]{subsubsection.6.15.1.18}{\376\377\0006\000.\0001\0005\000.\0001\000.\0001\0008\000\040\000L\000C\000D\0000}{subsection.6.15.1}% 791
\BOOKMARK [3][-]{subsubsection.6.15.1.19}{\376\377\0006\000.\0001\0005\000.\0001\000.\0001\0009\000\040\000L\000C\000D\0001}{subsection.6.15.1}% 792
\BOOKMARK [3][-]{subsubsection.6.15.1.20}{\376\377\0006\000.\0001\0005\000.\0001\000.\0002\0000\000\040\000L\000C\000D\0002}{subsection.6.15.1}% 793
\BOOKMARK [3][-]{subsubsection.6.15.1.21}{\376\377\0006\000.\0001\0005\000.\0001\000.\0002\0001\000\040\000L\000C\000D\0003}{subsection.6.15.1}% 794
\BOOKMARK [3][-]{subsubsection.6.15.1.22}{\376\377\0006\000.\0001\0005\000.\0001\000.\0002\0002\000\040\000L\000C\000D\000\137\000C\000L\000E\000A\000R\000\137\000H\000O\000M\000E}{subsection.6.15.1}% 795
\BOOKMARK [3][-]{subsubsection.6.15.1.23}{\376\377\0006\000.\0001\0005\000.\0001\000.\0002\0003\000\040\000L\000C\000D\000\137\000C\000M\000D\000\137\000B\000R\000I}{subsection.6.15.1}% 796
\BOOKMARK [3][-]{subsubsection.6.15.1.24}{\376\377\0006\000.\0001\0005\000.\0001\000.\0002\0004\000\040\000L\000C\000D\000\137\000C\000M\000D\000\137\000C\000L\000R}{subsection.6.15.1}% 797
\BOOKMARK [3][-]{subsubsection.6.15.1.25}{\376\377\0006\000.\0001\0005\000.\0001\000.\0002\0005\000\040\000L\000C\000D\000\137\000C\000M\000D\000\137\000C\000O\000N\000T}{subsection.6.15.1}% 798
\BOOKMARK [3][-]{subsubsection.6.15.1.26}{\376\377\0006\000.\0001\0005\000.\0001\000.\0002\0006\000\040\000L\000C\000D\000\137\000C\000M\000D\000\137\000H\000O\000M\000E}{subsection.6.15.1}% 799
\BOOKMARK [3][-]{subsubsection.6.15.1.27}{\376\377\0006\000.\0001\0005\000.\0001\000.\0002\0007\000\040\000L\000C\000D\000\137\000C\000M\000D\000\137\000M\000A\000S\000K}{subsection.6.15.1}% 800
\BOOKMARK [3][-]{subsubsection.6.15.1.28}{\376\377\0006\000.\0001\0005\000.\0001\000.\0002\0008\000\040\000L\000C\000D\000\137\000C\000M\000D\000\137\000O\000F\000F}{subsection.6.15.1}% 801
\BOOKMARK [3][-]{subsubsection.6.15.1.29}{\376\377\0006\000.\0001\0005\000.\0001\000.\0002\0009\000\040\000L\000C\000D\000\137\000C\000M\000D\000\137\000O\000N}{subsection.6.15.1}% 802
\BOOKMARK [3][-]{subsubsection.6.15.1.30}{\376\377\0006\000.\0001\0005\000.\0001\000.\0003\0000\000\040\000L\000C\000D\000\137\000C\000M\000D\000\137\000S\000E\000T}{subsection.6.15.1}% 803
\BOOKMARK [3][-]{subsubsection.6.15.1.31}{\376\377\0006\000.\0001\0005\000.\0001\000.\0003\0001\000\040\000L\000C\000D\000\137\000P\000W\000R\000\137\000D\000E\000L\000A\000Y}{subsection.6.15.1}% 804
\BOOKMARK [3][-]{subsubsection.6.15.1.32}{\376\377\0006\000.\0001\0005\000.\0001\000.\0003\0002\000\040\000L\000S\000B}{subsection.6.15.1}% 805
\BOOKMARK [3][-]{subsubsection.6.15.1.33}{\376\377\0006\000.\0001\0005\000.\0001\000.\0003\0003\000\040\000m\000a\000x\000\137\000s\000t\000r\000l\000e\000n}{subsection.6.15.1}% 806
\BOOKMARK [3][-]{subsubsection.6.15.1.34}{\376\377\0006\000.\0001\0005\000.\0001\000.\0003\0004\000\040\000N\000H\000D\000\137\000B\000L\000\137\000H\000I\000G\000H}{subsection.6.15.1}% 807
\BOOKMARK [3][-]{subsubsection.6.15.1.35}{\376\377\0006\000.\0001\0005\000.\0001\000.\0003\0005\000\040\000N\000H\000D\000\137\000B\000L\000\137\000L\000O\000W}{subsection.6.15.1}% 808
\BOOKMARK [3][-]{subsubsection.6.15.1.36}{\376\377\0006\000.\0001\0005\000.\0001\000.\0003\0006\000\040\000N\000H\000D\000\137\000B\000L\000\137\000M\000E\000D}{subsection.6.15.1}% 809
\BOOKMARK [3][-]{subsubsection.6.15.1.37}{\376\377\0006\000.\0001\0005\000.\0001\000.\0003\0007\000\040\000N\000H\000D\000\137\000B\000L\000\137\000O\000F\000F}{subsection.6.15.1}% 810
\BOOKMARK [3][-]{subsubsection.6.15.1.38}{\376\377\0006\000.\0001\0005\000.\0001\000.\0003\0008\000\040\000N\000H\000D\000\137\000C\000M\000D}{subsection.6.15.1}% 811
\BOOKMARK [3][-]{subsubsection.6.15.1.39}{\376\377\0006\000.\0001\0005\000.\0001\000.\0003\0009\000\040\000N\000H\000D\000\137\000C\000O\000N\000T}{subsection.6.15.1}% 812
\BOOKMARK [3][-]{subsubsection.6.15.1.40}{\376\377\0006\000.\0001\0005\000.\0001\000.\0004\0000\000\040\000N\000H\000D\000\137\000L\000\137\000D\000E\000L\000A\000Y}{subsection.6.15.1}% 813
\BOOKMARK [3][-]{subsubsection.6.15.1.41}{\376\377\0006\000.\0001\0005\000.\0001\000.\0004\0001\000\040\000N\000H\000D\000\137\000P\000O\000S}{subsection.6.15.1}% 814
\BOOKMARK [3][-]{subsubsection.6.15.1.42}{\376\377\0006\000.\0001\0005\000.\0001\000.\0004\0002\000\040\000N\000H\000D\000\137\000S\000\137\000D\000E\000L\000A\000Y}{subsection.6.15.1}% 815
\BOOKMARK [3][-]{subsubsection.6.15.1.43}{\376\377\0006\000.\0001\0005\000.\0001\000.\0004\0003\000\040\000N\000H\000D\000\137\000T\000\137\000D\000E\000L\000A\000Y}{subsection.6.15.1}% 816
\BOOKMARK [3][-]{subsubsection.6.15.1.44}{\376\377\0006\000.\0001\0005\000.\0001\000.\0004\0004\000\040\000N\000S\000B}{subsection.6.15.1}% 817
\BOOKMARK [3][-]{subsubsection.6.15.1.45}{\376\377\0006\000.\0001\0005\000.\0001\000.\0004\0005\000\040\000U\000S\000E\000\137\000L\000C\000D\000\137\000D\000M\000A}{subsection.6.15.1}% 818
\BOOKMARK [3][-]{subsubsection.6.15.1.46}{\376\377\0006\000.\0001\0005\000.\0001\000.\0004\0006\000\040\000U\000S\000E\000M\000C\000C\000\137\000S\000P\000I}{subsection.6.15.1}% 819
\BOOKMARK [2][-]{subsection.6.15.2}{\376\377\0006\000.\0001\0005\000.\0002\000\040\000F\000u\000n\000c\000t\000i\000o\000n\000\040\000D\000o\000c\000u\000m\000e\000n\000t\000a\000t\000i\000o\000n}{section.6.15}% 820
\BOOKMARK [3][-]{subsubsection.6.15.2.1}{\376\377\0006\000.\0001\0005\000.\0002\000.\0001\000\040\000c\000a\000n\000\137\000f\000d\000\137\000l\000c\000d\000\137\000m\000i\000r\000r\000o\000r\000\050\000\051}{subsection.6.15.2}% 821
\BOOKMARK [3][-]{subsubsection.6.15.2.2}{\376\377\0006\000.\0001\0005\000.\0002\000.\0002\000\040\000c\000h\000e\000c\000k\000\137\000l\000c\000d\000\137\000d\000i\000m\000\050\000\051}{subsection.6.15.2}% 822
\BOOKMARK [3][-]{subsubsection.6.15.2.3}{\376\377\0006\000.\0001\0005\000.\0002\000.\0003\000\040\000c\000l\000e\000a\000r\000\137\000l\000c\000d\000\137\000d\000o\000n\000e\000\050\000\051}{subsection.6.15.2}% 823
\BOOKMARK [3][-]{subsubsection.6.15.2.4}{\376\377\0006\000.\0001\0005\000.\0002\000.\0004\000\040\000e\000a\000D\000o\000g\000M\000\137\000C\000l\000e\000a\000r\000R\000o\000w\000\050\000\051}{subsection.6.15.2}% 824
\BOOKMARK [3][-]{subsubsection.6.15.2.5}{\376\377\0006\000.\0001\0005\000.\0002\000.\0005\000\040\000e\000a\000D\000o\000g\000M\000\137\000S\000c\000r\000o\000l\000l\000\137\000S\000t\000r\000i\000n\000g\000\050\000\051}{subsection.6.15.2}% 825
\BOOKMARK [3][-]{subsubsection.6.15.2.6}{\376\377\0006\000.\0001\0005\000.\0002\000.\0006\000\040\000e\000a\000D\000o\000g\000M\000\137\000S\000c\000r\000o\000l\000l\000\137\000T\000a\000s\000k\000\050\000\051}{subsection.6.15.2}% 826
\BOOKMARK [3][-]{subsubsection.6.15.2.7}{\376\377\0006\000.\0001\0005\000.\0002\000.\0007\000\040\000e\000a\000D\000o\000g\000M\000\137\000S\000e\000t\000P\000o\000s\000\050\000\051}{subsection.6.15.2}% 827
\BOOKMARK [3][-]{subsubsection.6.15.2.8}{\376\377\0006\000.\0001\0005\000.\0002\000.\0008\000\040\000e\000a\000D\000o\000g\000M\000\137\000W\000r\000i\000t\000e\000B\000y\000t\000e\000T\000o\000C\000G\000R\000A\000M\000\050\000\051}{subsection.6.15.2}% 828
\BOOKMARK [3][-]{subsubsection.6.15.2.9}{\376\377\0006\000.\0001\0005\000.\0002\000.\0009\000\040\000e\000a\000D\000o\000g\000M\000\137\000W\000r\000i\000t\000e\000C\000h\000r\000\050\000\051}{subsection.6.15.2}% 829
\BOOKMARK [3][-]{subsubsection.6.15.2.10}{\376\377\0006\000.\0001\0005\000.\0002\000.\0001\0000\000\040\000e\000a\000D\000o\000g\000M\000\137\000W\000r\000i\000t\000e\000C\000o\000m\000m\000a\000n\000d\000\050\000\051}{subsection.6.15.2}% 830
\BOOKMARK [3][-]{subsubsection.6.15.2.11}{\376\377\0006\000.\0001\0005\000.\0002\000.\0001\0001\000\040\000e\000a\000D\000o\000g\000M\000\137\000W\000r\000i\000t\000e\000I\000n\000t\000A\000t\000P\000o\000s\000\050\000\051}{subsection.6.15.2}% 831
\BOOKMARK [3][-]{subsubsection.6.15.2.12}{\376\377\0006\000.\0001\0005\000.\0002\000.\0001\0002\000\040\000e\000a\000D\000o\000g\000M\000\137\000W\000r\000i\000t\000e\000S\000t\000r\000i\000n\000g\000\050\000\051}{subsection.6.15.2}% 832
\BOOKMARK [3][-]{subsubsection.6.15.2.13}{\376\377\0006\000.\0001\0005\000.\0002\000.\0001\0003\000\040\000e\000a\000D\000o\000g\000M\000\137\000W\000r\000i\000t\000e\000S\000t\000r\000i\000n\000g\000A\000t\000P\000o\000s\000\050\000\051}{subsection.6.15.2}% 833
\BOOKMARK [3][-]{subsubsection.6.15.2.14}{\376\377\0006\000.\0001\0005\000.\0002\000.\0001\0004\000\040\000i\000n\000i\000t\000\137\000d\000i\000s\000p\000l\000a\000y\000\050\000\051}{subsection.6.15.2}% 834
\BOOKMARK [3][-]{subsubsection.6.15.2.15}{\376\377\0006\000.\0001\0005\000.\0002\000.\0001\0005\000\040\000n\000o\000\137\000d\000m\000a\000\137\000s\000e\000t\000\137\000l\000c\000d\000\050\000\051}{subsection.6.15.2}% 835
\BOOKMARK [3][-]{subsubsection.6.15.2.16}{\376\377\0006\000.\0001\0005\000.\0002\000.\0001\0006\000\040\000s\000e\000n\000d\000\137\000l\000c\000d\000\137\000c\000m\000d\000\137\000d\000m\000a\000\050\000\051}{subsection.6.15.2}% 836
\BOOKMARK [3][-]{subsubsection.6.15.2.17}{\376\377\0006\000.\0001\0005\000.\0002\000.\0001\0007\000\040\000s\000e\000n\000d\000\137\000l\000c\000d\000\137\000d\000a\000t\000a\000\137\000d\000m\000a\000\050\000\051}{subsection.6.15.2}% 837
\BOOKMARK [3][-]{subsubsection.6.15.2.18}{\376\377\0006\000.\0001\0005\000.\0002\000.\0001\0008\000\040\000s\000e\000n\000d\000\137\000l\000c\000d\000\137\000p\000o\000s\000\137\000d\000m\000a\000\050\000\051}{subsection.6.15.2}% 838
\BOOKMARK [3][-]{subsubsection.6.15.2.19}{\376\377\0006\000.\0001\0005\000.\0002\000.\0001\0009\000\040\000s\000e\000t\000\137\000l\000c\000d\000\137\000d\000i\000m\000\050\000\051}{subsection.6.15.2}% 839
\BOOKMARK [3][-]{subsubsection.6.15.2.20}{\376\377\0006\000.\0001\0005\000.\0002\000.\0002\0000\000\040\000s\000p\000i\000\137\000r\000e\000c\000\137\000d\000o\000n\000e\000\050\000\051}{subsection.6.15.2}% 840
\BOOKMARK [3][-]{subsubsection.6.15.2.21}{\376\377\0006\000.\0001\0005\000.\0002\000.\0002\0001\000\040\000s\000t\000a\000r\000t\000\137\000l\000c\000d\000\050\000\051}{subsection.6.15.2}% 841
\BOOKMARK [3][-]{subsubsection.6.15.2.22}{\376\377\0006\000.\0001\0005\000.\0002\000.\0002\0002\000\040\000w\000a\000i\000t\000\137\000l\000c\000d\000\137\000c\000h\000e\000c\000k\000\050\000\051}{subsection.6.15.2}% 842
\BOOKMARK [3][-]{subsubsection.6.15.2.23}{\376\377\0006\000.\0001\0005\000.\0002\000.\0002\0003\000\040\000w\000a\000i\000t\000\137\000l\000c\000d\000\137\000d\000o\000n\000e\000\050\000\051}{subsection.6.15.2}% 843
\BOOKMARK [3][-]{subsubsection.6.15.2.24}{\376\377\0006\000.\0001\0005\000.\0002\000.\0002\0004\000\040\000w\000a\000i\000t\000\137\000l\000c\000d\000\137\000s\000e\000t\000\050\000\051}{subsection.6.15.2}% 844
\BOOKMARK [3][-]{subsubsection.6.15.2.25}{\376\377\0006\000.\0001\0005\000.\0002\000.\0002\0005\000\040\000w\000d\000t\000d\000e\000l\000a\000y\000\050\000\051}{subsection.6.15.2}% 845
\BOOKMARK [1][-]{section.6.16}{\376\377\0006\000.\0001\0006\000\040\000e\000a\000d\000o\000g\000.\000h}{chapter.6}% 846
\BOOKMARK [1][-]{section.6.17}{\376\377\0006\000.\0001\0007\000\040\000l\000i\000n\000u\000x\000/\000m\000a\000t\000e\000s\000o\000c\000k\000e\000t\000c\000a\000n\000/\000.\000d\000e\000p\000.\000i\000n\000c\000\040\000F\000i\000l\000e\000\040\000R\000e\000f\000e\000r\000e\000n\000c\000e}{chapter.6}% 847
\BOOKMARK [1][-]{section.6.18}{\376\377\0006\000.\0001\0008\000\040\000l\000i\000n\000u\000x\000/\000m\000a\000t\000e\000s\000o\000c\000k\000e\000t\000c\000a\000n\000/\000b\000u\000i\000l\000d\000/\000D\000e\000b\000u\000g\000/\000G\000N\000U\000-\000L\000i\000n\000u\000x\000/\000\137\000e\000x\000t\000/\0005\000c\0000\000/\000r\000a\000w\000.\000g\000i\000t\000h\000u\000b\000u\000s\000e\000r\000c\000o\000n\000t\000e\000n\000t\000.\000c\000o\000m\000\137\000l\000i\000n\000u\000x\000-\000c\000a\000n\000\137\000c\000a\000n\000-\000u\000t\000i\000l\000s\000\137\000m\000a\000s\000t\000e\000r\000\137\000c\000a\000n\000f\000d\000t\000e\000s\000t\000.\000o\000.\000d\000\040\000F\000i\000l\000e\000\040\000R\000e\000f\000e\000r\000e\000n\000c\000e}{chapter.6}% 848
\BOOKMARK [1][-]{section.6.19}{\376\377\0006\000.\0001\0009\000\040\000l\000i\000n\000u\000x\000/\000m\000a\000t\000e\000s\000o\000c\000k\000e\000t\000c\000a\000n\000/\000b\000u\000i\000l\000d\000/\000R\000e\000l\000e\000a\000s\000e\000/\000G\000N\000U\000-\000L\000i\000n\000u\000x\000/\000\137\000e\000x\000t\000/\0005\000c\0000\000/\000r\000a\000w\000.\000g\000i\000t\000h\000u\000b\000u\000s\000e\000r\000c\000o\000n\000t\000e\000n\000t\000.\000c\000o\000m\000\137\000l\000i\000n\000u\000x\000-\000c\000a\000n\000\137\000c\000a\000n\000-\000u\000t\000i\000l\000s\000\137\000m\000a\000s\000t\000e\000r\000\137\000c\000a\000n\000f\000d\000t\000e\000s\000t\000.\000o\000.\000d\000\040\000F\000i\000l\000e\000\040\000R\000e\000f\000e\000r\000e\000n\000c\000e}{chapter.6}% 849
\BOOKMARK [1][-]{section.6.20}{\376\377\0006\000.\0002\0000\000\040\000l\000i\000n\000u\000x\000/\000m\000a\000t\000e\000s\000o\000c\000k\000e\000t\000c\000a\000n\000/\000m\000q\000t\000t\000.\000c\000\040\000F\000i\000l\000e\000\040\000R\000e\000f\000e\000r\000e\000n\000c\000e}{chapter.6}% 850
\BOOKMARK [2][-]{subsection.6.20.1}{\376\377\0006\000.\0002\0000\000.\0001\000\040\000D\000e\000t\000a\000i\000l\000e\000d\000\040\000D\000e\000s\000c\000r\000i\000p\000t\000i\000o\000n}{section.6.20}% 851
\BOOKMARK [1][-]{section.6.21}{\376\377\0006\000.\0002\0001\000\040\000l\000i\000n\000u\000x\000/\000m\000a\000t\000e\000s\000o\000c\000k\000e\000t\000c\000a\000n\000/\000m\000q\000t\000t\000.\000h\000\040\000F\000i\000l\000e\000\040\000R\000e\000f\000e\000r\000e\000n\000c\000e}{chapter.6}% 852
\BOOKMARK [2][-]{subsection.6.21.1}{\376\377\0006\000.\0002\0001\000.\0001\000\040\000D\000e\000t\000a\000i\000l\000e\000d\000\040\000D\000e\000s\000c\000r\000i\000p\000t\000i\000o\000n}{section.6.21}% 853
\BOOKMARK [2][-]{subsection.6.21.2}{\376\377\0006\000.\0002\0001\000.\0002\000\040\000M\000a\000c\000r\000o\000\040\000D\000e\000f\000i\000n\000i\000t\000i\000o\000n\000\040\000D\000o\000c\000u\000m\000e\000n\000t\000a\000t\000i\000o\000n}{section.6.21}% 854
\BOOKMARK [3][-]{subsubsection.6.21.2.1}{\376\377\0006\000.\0002\0001\000.\0002\000.\0001\000\040\000\137\000\137\000A\000L\000L\000\137\000M\000Q\000T\000T\000\137\000E\000R\000R\000O\000R\000S}{subsection.6.21.2}% 855
\BOOKMARK [3][-]{subsubsection.6.21.2.2}{\376\377\0006\000.\0002\0001\000.\0002\000.\0002\000\040\000\137\000\137\000m\000q\000t\000t\000\137\000p\000a\000c\000k\000e\000d\000\137\000c\000s\000t\000r\000l\000e\000n}{subsection.6.21.2}% 856
\BOOKMARK [3][-]{subsubsection.6.21.2.3}{\376\377\0006\000.\0002\0001\000.\0002\000.\0003\000\040\000G\000E\000N\000E\000R\000A\000T\000E\000\137\000E\000N\000U\000M}{subsection.6.21.2}% 857
\BOOKMARK [3][-]{subsubsection.6.21.2.4}{\376\377\0006\000.\0002\0001\000.\0002\000.\0004\000\040\000G\000E\000N\000E\000R\000A\000T\000E\000\137\000S\000T\000R\000I\000N\000G}{subsection.6.21.2}% 858
\BOOKMARK [2][-]{subsection.6.21.3}{\376\377\0006\000.\0002\0001\000.\0003\000\040\000F\000u\000n\000c\000t\000i\000o\000n\000\040\000D\000o\000c\000u\000m\000e\000n\000t\000a\000t\000i\000o\000n}{section.6.21}% 859
\BOOKMARK [3][-]{subsubsection.6.21.3.1}{\376\377\0006\000.\0002\0001\000.\0003\000.\0001\000\040\000\137\000\137\000m\000q\000t\000t\000\137\000p\000a\000c\000k\000\137\000s\000t\000r\000\050\000\051}{subsection.6.21.3}% 860
\BOOKMARK [3][-]{subsubsection.6.21.3.2}{\376\377\0006\000.\0002\0001\000.\0003\000.\0002\000\040\000\137\000\137\000m\000q\000t\000t\000\137\000p\000a\000c\000k\000\137\000u\000i\000n\000t\0001\0006\000\050\000\051}{subsection.6.21.3}% 861
\BOOKMARK [3][-]{subsubsection.6.21.3.3}{\376\377\0006\000.\0002\0001\000.\0003\000.\0003\000\040\000\137\000\137\000m\000q\000t\000t\000\137\000p\000i\000n\000g\000\050\000\051}{subsection.6.21.3}% 862
\BOOKMARK [3][-]{subsubsection.6.21.3.4}{\376\377\0006\000.\0002\0001\000.\0003\000.\0004\000\040\000\137\000\137\000m\000q\000t\000t\000\137\000u\000n\000p\000a\000c\000k\000\137\000u\000i\000n\000t\0001\0006\000\050\000\051}{subsection.6.21.3}% 863
\BOOKMARK [1][-]{section.6.22}{\376\377\0006\000.\0002\0002\000\040\000m\000q\000t\000t\000.\000h}{chapter.6}% 864
\BOOKMARK [1][-]{section.6.23}{\376\377\0006\000.\0002\0003\000\040\000l\000i\000n\000u\000x\000/\000m\000a\000t\000e\000s\000o\000c\000k\000e\000t\000c\000a\000n\000/\000m\000q\000t\000t\000\137\000p\000a\000l\000.\000c\000\040\000F\000i\000l\000e\000\040\000R\000e\000f\000e\000r\000e\000n\000c\000e}{chapter.6}% 865
\BOOKMARK [2][-]{subsection.6.23.1}{\376\377\0006\000.\0002\0003\000.\0001\000\040\000D\000e\000t\000a\000i\000l\000e\000d\000\040\000D\000e\000s\000c\000r\000i\000p\000t\000i\000o\000n}{section.6.23}% 866
\BOOKMARK [1][-]{section.6.24}{\376\377\0006\000.\0002\0004\000\040\000l\000i\000n\000u\000x\000/\000m\000a\000t\000e\000s\000o\000c\000k\000e\000t\000c\000a\000n\000/\000m\000q\000t\000t\000\137\000p\000a\000l\000.\000h\000\040\000F\000i\000l\000e\000\040\000R\000e\000f\000e\000r\000e\000n\000c\000e}{chapter.6}% 867
\BOOKMARK [2][-]{subsection.6.24.1}{\376\377\0006\000.\0002\0004\000.\0001\000\040\000D\000e\000t\000a\000i\000l\000e\000d\000\040\000D\000e\000s\000c\000r\000i\000p\000t\000i\000o\000n}{section.6.24}% 868
\BOOKMARK [1][-]{section.6.25}{\376\377\0006\000.\0002\0005\000\040\000m\000q\000t\000t\000\137\000p\000a\000l\000.\000h}{chapter.6}% 869
\BOOKMARK [1][-]{section.6.26}{\376\377\0006\000.\0002\0006\000\040\000l\000i\000n\000u\000x\000/\000m\000a\000t\000e\000s\000o\000c\000k\000e\000t\000c\000a\000n\000/\000m\000q\000t\000t\000\137\000p\000u\000b\000.\000c\000\040\000F\000i\000l\000e\000\040\000R\000e\000f\000e\000r\000e\000n\000c\000e}{chapter.6}% 870
\BOOKMARK [2][-]{subsection.6.26.1}{\376\377\0006\000.\0002\0006\000.\0001\000\040\000F\000u\000n\000c\000t\000i\000o\000n\000\040\000D\000o\000c\000u\000m\000e\000n\000t\000a\000t\000i\000o\000n}{section.6.26}% 871
\BOOKMARK [3][-]{subsubsection.6.26.1.1}{\376\377\0006\000.\0002\0006\000.\0001\000.\0001\000\040\000c\000l\000i\000e\000n\000t\000\137\000r\000e\000f\000r\000e\000s\000h\000e\000r\000\050\000\051}{subsection.6.26.1}% 872
\BOOKMARK [3][-]{subsubsection.6.26.1.2}{\376\377\0006\000.\0002\0006\000.\0001\000.\0002\000\040\000e\000x\000i\000t\000\137\000e\000x\000a\000m\000p\000l\000e\000\050\000\051}{subsection.6.26.1}% 873
\BOOKMARK [3][-]{subsubsection.6.26.1.3}{\376\377\0006\000.\0002\0006\000.\0001\000.\0003\000\040\000m\000q\000t\000t\000\137\000c\000h\000e\000c\000k\000\050\000\051}{subsection.6.26.1}% 874
\BOOKMARK [3][-]{subsubsection.6.26.1.4}{\376\377\0006\000.\0002\0006\000.\0001\000.\0004\000\040\000m\000q\000t\000t\000\137\000e\000x\000i\000t\000\050\000\051}{subsection.6.26.1}% 875
\BOOKMARK [3][-]{subsubsection.6.26.1.5}{\376\377\0006\000.\0002\0006\000.\0001\000.\0005\000\040\000m\000q\000t\000t\000\137\000s\000o\000c\000k\000e\000t\000\050\000\051}{subsection.6.26.1}% 876
\BOOKMARK [3][-]{subsubsection.6.26.1.6}{\376\377\0006\000.\0002\0006\000.\0001\000.\0006\000\040\000p\000u\000b\000l\000i\000s\000h\000\137\000c\000a\000l\000l\000b\000a\000c\000k\000\050\000\051}{subsection.6.26.1}% 877
\BOOKMARK [2][-]{subsection.6.26.2}{\376\377\0006\000.\0002\0006\000.\0002\000\040\000V\000a\000r\000i\000a\000b\000l\000e\000\040\000D\000o\000c\000u\000m\000e\000n\000t\000a\000t\000i\000o\000n}{section.6.26}% 878
\BOOKMARK [3][-]{subsubsection.6.26.2.1}{\376\377\0006\000.\0002\0006\000.\0002\000.\0001\000\040\000a\000d\000d\000r}{subsection.6.26.2}% 879
\BOOKMARK [3][-]{subsubsection.6.26.2.2}{\376\377\0006\000.\0002\0006\000.\0002\000.\0002\000\040\000c\000l\000i\000e\000n\000t}{subsection.6.26.2}% 880
\BOOKMARK [3][-]{subsubsection.6.26.2.3}{\376\377\0006\000.\0002\0006\000.\0002\000.\0003\000\040\000c\000l\000i\000e\000n\000t\000\137\000d\000a\000e\000m\000o\000n}{subsection.6.26.2}% 881
\BOOKMARK [3][-]{subsubsection.6.26.2.4}{\376\377\0006\000.\0002\0006\000.\0002\000.\0004\000\040\000c\000l\000i\000e\000n\000t\000\137\000i\000d}{subsection.6.26.2}% 882
\BOOKMARK [3][-]{subsubsection.6.26.2.5}{\376\377\0006\000.\0002\0006\000.\0002\000.\0005\000\040\000c\000o\000n\000n\000e\000c\000t\000\137\000f\000l\000a\000g\000s}{subsection.6.26.2}% 883
\BOOKMARK [3][-]{subsubsection.6.26.2.6}{\376\377\0006\000.\0002\0006\000.\0002\000.\0006\000\040\000p\000o\000r\000t}{subsection.6.26.2}% 884
\BOOKMARK [3][-]{subsubsection.6.26.2.7}{\376\377\0006\000.\0002\0006\000.\0002\000.\0007\000\040\000r\000e\000c\000v\000b\000u\000f}{subsection.6.26.2}% 885
\BOOKMARK [3][-]{subsubsection.6.26.2.8}{\376\377\0006\000.\0002\0006\000.\0002\000.\0008\000\040\000s\000e\000n\000d\000b\000u\000f}{subsection.6.26.2}% 886
\BOOKMARK [3][-]{subsubsection.6.26.2.9}{\376\377\0006\000.\0002\0006\000.\0002\000.\0009\000\040\000s\000o\000c\000k\000f\000d}{subsection.6.26.2}% 887
\BOOKMARK [3][-]{subsubsection.6.26.2.10}{\376\377\0006\000.\0002\0006\000.\0002\000.\0001\0000\000\040\000t\000o\000p\000i\000c}{subsection.6.26.2}% 888
\BOOKMARK [1][-]{section.6.27}{\376\377\0006\000.\0002\0007\000\040\000l\000i\000n\000u\000x\000/\000m\000a\000t\000e\000s\000o\000c\000k\000e\000t\000c\000a\000n\000/\000m\000q\000t\000t\000\137\000p\000u\000b\000.\000h\000\040\000F\000i\000l\000e\000\040\000R\000e\000f\000e\000r\000e\000n\000c\000e}{chapter.6}% 889
\BOOKMARK [2][-]{subsection.6.27.1}{\376\377\0006\000.\0002\0007\000.\0001\000\040\000M\000a\000c\000r\000o\000\040\000D\000e\000f\000i\000n\000i\000t\000i\000o\000n\000\040\000D\000o\000c\000u\000m\000e\000n\000t\000a\000t\000i\000o\000n}{section.6.27}% 890
\BOOKMARK [3][-]{subsubsection.6.27.1.1}{\376\377\0006\000.\0002\0007\000.\0001\000.\0001\000\040\000A\000D\000D\000R\000\137\000M\000Q\000T\000T}{subsection.6.27.1}% 891
\BOOKMARK [3][-]{subsubsection.6.27.1.2}{\376\377\0006\000.\0002\0007\000.\0001\000.\0002\000\040\000D\000A\000T\000A\000\137\000M\000Q\000T\000T\000\137\000S\000O\000L\000A\000R}{subsection.6.27.1}% 892
\BOOKMARK [3][-]{subsubsection.6.27.1.3}{\376\377\0006\000.\0002\0007\000.\0001\000.\0003\000\040\000M\000Q\000T\000T\000\137\000V\000E\000R\000S\000I\000O\000N}{subsection.6.27.1}% 893
\BOOKMARK [2][-]{subsection.6.27.2}{\376\377\0006\000.\0002\0007\000.\0002\000\040\000F\000u\000n\000c\000t\000i\000o\000n\000\040\000D\000o\000c\000u\000m\000e\000n\000t\000a\000t\000i\000o\000n}{section.6.27}% 894
\BOOKMARK [3][-]{subsubsection.6.27.2.1}{\376\377\0006\000.\0002\0007\000.\0002\000.\0001\000\040\000c\000l\000i\000e\000n\000t\000\137\000r\000e\000f\000r\000e\000s\000h\000e\000r\000\050\000\051}{subsection.6.27.2}% 895
\BOOKMARK [3][-]{subsubsection.6.27.2.2}{\376\377\0006\000.\0002\0007\000.\0002\000.\0002\000\040\000e\000x\000i\000t\000\137\000e\000x\000a\000m\000p\000l\000e\000\050\000\051}{subsection.6.27.2}% 896
\BOOKMARK [3][-]{subsubsection.6.27.2.3}{\376\377\0006\000.\0002\0007\000.\0002\000.\0003\000\040\000m\000q\000t\000t\000\137\000c\000h\000e\000c\000k\000\050\000\051}{subsection.6.27.2}% 897
\BOOKMARK [3][-]{subsubsection.6.27.2.4}{\376\377\0006\000.\0002\0007\000.\0002\000.\0004\000\040\000m\000q\000t\000t\000\137\000e\000x\000i\000t\000\050\000\051}{subsection.6.27.2}% 898
\BOOKMARK [3][-]{subsubsection.6.27.2.5}{\376\377\0006\000.\0002\0007\000.\0002\000.\0005\000\040\000m\000q\000t\000t\000\137\000s\000o\000c\000k\000e\000t\000\050\000\051}{subsection.6.27.2}% 899
\BOOKMARK [3][-]{subsubsection.6.27.2.6}{\376\377\0006\000.\0002\0007\000.\0002\000.\0006\000\040\000p\000u\000b\000l\000i\000s\000h\000\137\000c\000a\000l\000l\000b\000a\000c\000k\000\050\000\051}{subsection.6.27.2}% 900
\BOOKMARK [1][-]{section.6.28}{\376\377\0006\000.\0002\0008\000\040\000m\000q\000t\000t\000\137\000p\000u\000b\000.\000h}{chapter.6}% 901
\BOOKMARK [1][-]{section.6.29}{\376\377\0006\000.\0002\0009\000\040\000l\000i\000n\000u\000x\000/\000m\000a\000t\000e\000s\000o\000c\000k\000e\000t\000c\000a\000n\000/\000n\000b\000p\000r\000o\000j\000e\000c\000t\000/\000p\000r\000i\000v\000a\000t\000e\000/\000c\000\137\000s\000t\000a\000n\000d\000a\000r\000d\000\137\000h\000e\000a\000d\000e\000r\000s\000\137\000i\000n\000d\000e\000x\000e\000r\000.\000c\000\040\000F\000i\000l\000e\000\040\000R\000e\000f\000e\000r\000e\000n\000c\000e}{chapter.6}% 902
\BOOKMARK [1][-]{section.6.30}{\376\377\0006\000.\0003\0000\000\040\000l\000i\000n\000u\000x\000/\000m\000q\000t\000t\000\137\000c\000l\000/\000n\000b\000p\000r\000o\000j\000e\000c\000t\000/\000p\000r\000i\000v\000a\000t\000e\000/\000c\000\137\000s\000t\000a\000n\000d\000a\000r\000d\000\137\000h\000e\000a\000d\000e\000r\000s\000\137\000i\000n\000d\000e\000x\000e\000r\000.\000c\000\040\000F\000i\000l\000e\000\040\000R\000e\000f\000e\000r\000e\000n\000c\000e}{chapter.6}% 903
\BOOKMARK [1][-]{section.6.31}{\376\377\0006\000.\0003\0001\000\040\000l\000i\000n\000u\000x\000/\000m\000a\000t\000e\000s\000o\000c\000k\000e\000t\000c\000a\000n\000/\000n\000b\000p\000r\000o\000j\000e\000c\000t\000/\000p\000r\000i\000v\000a\000t\000e\000/\000c\000p\000p\000\137\000s\000t\000a\000n\000d\000a\000r\000d\000\137\000h\000e\000a\000d\000e\000r\000s\000\137\000i\000n\000d\000e\000x\000e\000r\000.\000c\000p\000p\000\040\000F\000i\000l\000e\000\040\000R\000e\000f\000e\000r\000e\000n\000c\000e}{chapter.6}% 904
\BOOKMARK [1][-]{section.6.32}{\376\377\0006\000.\0003\0002\000\040\000l\000i\000n\000u\000x\000/\000m\000q\000t\000t\000\137\000c\000l\000/\000n\000b\000p\000r\000o\000j\000e\000c\000t\000/\000p\000r\000i\000v\000a\000t\000e\000/\000c\000p\000p\000\137\000s\000t\000a\000n\000d\000a\000r\000d\000\137\000h\000e\000a\000d\000e\000r\000s\000\137\000i\000n\000d\000e\000x\000e\000r\000.\000c\000p\000p\000\040\000F\000i\000l\000e\000\040\000R\000e\000f\000e\000r\000e\000n\000c\000e}{chapter.6}% 905
\BOOKMARK [1][-]{section.6.33}{\376\377\0006\000.\0003\0003\000\040\000l\000i\000n\000u\000x\000/\000m\000a\000t\000e\000s\000o\000c\000k\000e\000t\000c\000a\000n\000/\000p\000g\000e\000.\000h\000\040\000F\000i\000l\000e\000\040\000R\000e\000f\000e\000r\000e\000n\000c\000e}{chapter.6}% 906
\BOOKMARK [2][-]{subsection.6.33.1}{\376\377\0006\000.\0003\0003\000.\0001\000\040\000M\000a\000c\000r\000o\000\040\000D\000e\000f\000i\000n\000i\000t\000i\000o\000n\000\040\000D\000o\000c\000u\000m\000e\000n\000t\000a\000t\000i\000o\000n}{section.6.33}% 907
\BOOKMARK [3][-]{subsubsection.6.33.1.1}{\376\377\0006\000.\0003\0003\000.\0001\000.\0001\000\040\000E\000\137\000D\000A\000Y\000S}{subsection.6.33.1}% 908
\BOOKMARK [3][-]{subsubsection.6.33.1.2}{\376\377\0006\000.\0003\0003\000.\0001\000.\0002\000\040\000E\000\137\000M\000O\000N\000T\000H}{subsection.6.33.1}% 909
\BOOKMARK [3][-]{subsubsection.6.33.1.3}{\376\377\0006\000.\0003\0003\000.\0001\000.\0003\000\040\000E\000\137\000P\000E\000R\000\137\000D\000A\000Y}{subsection.6.33.1}% 910
\BOOKMARK [3][-]{subsubsection.6.33.1.4}{\376\377\0006\000.\0003\0003\000.\0001\000.\0004\000\040\000E\000\137\000P\000E\000R\000\137\000H\000O\000U\000R}{subsection.6.33.1}% 911
\BOOKMARK [3][-]{subsubsection.6.33.1.5}{\376\377\0006\000.\0003\0003\000.\0001\000.\0005\000\040\000G\000\137\000M\000O\000N\000T\000H}{subsection.6.33.1}% 912
\BOOKMARK [3][-]{subsubsection.6.33.1.6}{\376\377\0006\000.\0003\0003\000.\0001\000.\0006\000\040\000G\000\137\000P\000E\000R\000\137\000D\000A\000Y}{subsection.6.33.1}% 913
\BOOKMARK [3][-]{subsubsection.6.33.1.7}{\376\377\0006\000.\0003\0003\000.\0001\000.\0007\000\040\000G\000\137\000P\000E\000R\000\137\000H\000O\000U\000R}{subsection.6.33.1}% 914
\BOOKMARK [3][-]{subsubsection.6.33.1.8}{\376\377\0006\000.\0003\0003\000.\0001\000.\0008\000\040\000P\000G\000E\000\137\000Z\000E\000R\000O}{subsection.6.33.1}% 915
\BOOKMARK [1][-]{section.6.34}{\376\377\0006\000.\0003\0004\000\040\000p\000g\000e\000.\000h}{chapter.6}% 916
\BOOKMARK [1][-]{section.6.35}{\376\377\0006\000.\0003\0005\000\040\000l\000i\000n\000u\000x\000/\000m\000a\000t\000e\000s\000o\000c\000k\000e\000t\000c\000a\000n\000/\000t\000e\000m\000p\000l\000a\000t\000e\000s\000/\000b\000e\000a\000r\000s\000s\000l\000\137\000s\000o\000c\000k\000e\000t\000s\000.\000h\000\040\000F\000i\000l\000e\000\040\000R\000e\000f\000e\000r\000e\000n\000c\000e}{chapter.6}% 917
\BOOKMARK [2][-]{subsection.6.35.1}{\376\377\0006\000.\0003\0005\000.\0001\000\040\000F\000u\000n\000c\000t\000i\000o\000n\000\040\000D\000o\000c\000u\000m\000e\000n\000t\000a\000t\000i\000o\000n}{section.6.35}% 918
\BOOKMARK [3][-]{subsubsection.6.35.1.1}{\376\377\0006\000.\0003\0005\000.\0001\000.\0001\000\040\000c\000l\000o\000s\000e\000\137\000s\000o\000c\000k\000e\000t\000\050\000\051}{subsection.6.35.1}% 919
\BOOKMARK [3][-]{subsubsection.6.35.1.2}{\376\377\0006\000.\0003\0005\000.\0001\000.\0002\000\040\000o\000p\000e\000n\000\137\000n\000b\000\137\000s\000o\000c\000k\000e\000t\000\050\000\051}{subsection.6.35.1}% 920
\BOOKMARK [1][-]{section.6.36}{\376\377\0006\000.\0003\0006\000\040\000b\000e\000a\000r\000s\000s\000l\000\137\000s\000o\000c\000k\000e\000t\000s\000.\000h}{chapter.6}% 921
\BOOKMARK [1][-]{section.6.37}{\376\377\0006\000.\0003\0007\000\040\000l\000i\000n\000u\000x\000/\000m\000a\000t\000e\000s\000o\000c\000k\000e\000t\000c\000a\000n\000/\000t\000e\000m\000p\000l\000a\000t\000e\000s\000/\000b\000i\000o\000\137\000s\000o\000c\000k\000e\000t\000s\000.\000h\000\040\000F\000i\000l\000e\000\040\000R\000e\000f\000e\000r\000e\000n\000c\000e}{chapter.6}% 922
\BOOKMARK [2][-]{subsection.6.37.1}{\376\377\0006\000.\0003\0007\000.\0001\000\040\000F\000u\000n\000c\000t\000i\000o\000n\000\040\000D\000o\000c\000u\000m\000e\000n\000t\000a\000t\000i\000o\000n}{section.6.37}% 923
\BOOKMARK [3][-]{subsubsection.6.37.1.1}{\376\377\0006\000.\0003\0007\000.\0001\000.\0001\000\040\000o\000p\000e\000n\000\137\000n\000b\000\137\000s\000o\000c\000k\000e\000t\000\050\000\051}{subsection.6.37.1}% 924
\BOOKMARK [1][-]{section.6.38}{\376\377\0006\000.\0003\0008\000\040\000b\000i\000o\000\137\000s\000o\000c\000k\000e\000t\000s\000.\000h}{chapter.6}% 925
\BOOKMARK [1][-]{section.6.39}{\376\377\0006\000.\0003\0009\000\040\000l\000i\000n\000u\000x\000/\000m\000a\000t\000e\000s\000o\000c\000k\000e\000t\000c\000a\000n\000/\000t\000e\000m\000p\000l\000a\000t\000e\000s\000/\000m\000b\000e\000d\000t\000l\000s\000\137\000s\000o\000c\000k\000e\000t\000s\000.\000h\000\040\000F\000i\000l\000e\000\040\000R\000e\000f\000e\000r\000e\000n\000c\000e}{chapter.6}% 926
\BOOKMARK [2][-]{subsection.6.39.1}{\376\377\0006\000.\0003\0009\000.\0001\000\040\000M\000a\000c\000r\000o\000\040\000D\000e\000f\000i\000n\000i\000t\000i\000o\000n\000\040\000D\000o\000c\000u\000m\000e\000n\000t\000a\000t\000i\000o\000n}{section.6.39}% 927
\BOOKMARK [3][-]{subsubsection.6.39.1.1}{\376\377\0006\000.\0003\0009\000.\0001\000.\0001\000\040\000M\000B\000E\000D\000T\000L\000S\000\137\000N\000E\000T\000\137\000P\000O\000L\000L\000\137\000R\000E\000A\000D}{subsection.6.39.1}% 928
\BOOKMARK [3][-]{subsubsection.6.39.1.2}{\376\377\0006\000.\0003\0009\000.\0001\000.\0002\000\040\000M\000B\000E\000D\000T\000L\000S\000\137\000N\000E\000T\000\137\000P\000O\000L\000L\000\137\000W\000R\000I\000T\000E}{subsection.6.39.1}% 929
\BOOKMARK [2][-]{subsection.6.39.2}{\376\377\0006\000.\0003\0009\000.\0002\000\040\000F\000u\000n\000c\000t\000i\000o\000n\000\040\000D\000o\000c\000u\000m\000e\000n\000t\000a\000t\000i\000o\000n}{section.6.39}% 930
\BOOKMARK [3][-]{subsubsection.6.39.2.1}{\376\377\0006\000.\0003\0009\000.\0002\000.\0001\000\040\000c\000e\000r\000t\000\137\000v\000e\000r\000i\000f\000y\000\137\000f\000a\000i\000l\000e\000d\000\050\000\051}{subsection.6.39.2}% 931
\BOOKMARK [3][-]{subsubsection.6.39.2.2}{\376\377\0006\000.\0003\0009\000.\0002\000.\0002\000\040\000f\000a\000i\000l\000e\000d\000\050\000\051}{subsection.6.39.2}% 932
\BOOKMARK [3][-]{subsubsection.6.39.2.3}{\376\377\0006\000.\0003\0009\000.\0002\000.\0003\000\040\000m\000b\000e\000d\000t\000l\000s\000\137\000n\000e\000t\000\137\000p\000o\000l\000l\000\050\000\051}{subsection.6.39.2}% 933
\BOOKMARK [3][-]{subsubsection.6.39.2.4}{\376\377\0006\000.\0003\0009\000.\0002\000.\0004\000\040\000o\000p\000e\000n\000\137\000n\000b\000\137\000s\000o\000c\000k\000e\000t\000\050\000\051}{subsection.6.39.2}% 934
\BOOKMARK [1][-]{section.6.40}{\376\377\0006\000.\0004\0000\000\040\000m\000b\000e\000d\000t\000l\000s\000\137\000s\000o\000c\000k\000e\000t\000s\000.\000h}{chapter.6}% 935
\BOOKMARK [1][-]{section.6.41}{\376\377\0006\000.\0004\0001\000\040\000l\000i\000n\000u\000x\000/\000m\000a\000t\000e\000s\000o\000c\000k\000e\000t\000c\000a\000n\000/\000t\000e\000m\000p\000l\000a\000t\000e\000s\000/\000o\000p\000e\000n\000s\000s\000l\000\137\000s\000o\000c\000k\000e\000t\000s\000.\000h\000\040\000F\000i\000l\000e\000\040\000R\000e\000f\000e\000r\000e\000n\000c\000e}{chapter.6}% 936
\BOOKMARK [2][-]{subsection.6.41.1}{\376\377\0006\000.\0004\0001\000.\0001\000\040\000F\000u\000n\000c\000t\000i\000o\000n\000\040\000D\000o\000c\000u\000m\000e\000n\000t\000a\000t\000i\000o\000n}{section.6.41}% 937
\BOOKMARK [3][-]{subsubsection.6.41.1.1}{\376\377\0006\000.\0004\0001\000.\0001\000.\0001\000\040\000o\000p\000e\000n\000\137\000n\000b\000\137\000s\000o\000c\000k\000e\000t\000\050\000\051}{subsection.6.41.1}% 938
\BOOKMARK [1][-]{section.6.42}{\376\377\0006\000.\0004\0002\000\040\000o\000p\000e\000n\000s\000s\000l\000\137\000s\000o\000c\000k\000e\000t\000s\000.\000h}{chapter.6}% 939
\BOOKMARK [1][-]{section.6.43}{\376\377\0006\000.\0004\0003\000\040\000l\000i\000n\000u\000x\000/\000m\000a\000t\000e\000s\000o\000c\000k\000e\000t\000c\000a\000n\000/\000t\000e\000m\000p\000l\000a\000t\000e\000s\000/\000p\000o\000s\000i\000x\000\137\000s\000o\000c\000k\000e\000t\000s\000.\000h\000\040\000F\000i\000l\000e\000\040\000R\000e\000f\000e\000r\000e\000n\000c\000e}{chapter.6}% 940
\BOOKMARK [2][-]{subsection.6.43.1}{\376\377\0006\000.\0004\0003\000.\0001\000\040\000F\000u\000n\000c\000t\000i\000o\000n\000\040\000D\000o\000c\000u\000m\000e\000n\000t\000a\000t\000i\000o\000n}{section.6.43}% 941
\BOOKMARK [3][-]{subsubsection.6.43.1.1}{\376\377\0006\000.\0004\0003\000.\0001\000.\0001\000\040\000o\000p\000e\000n\000\137\000n\000b\000\137\000s\000o\000c\000k\000e\000t\000\137\000m\000q\000t\000t\000\050\000\051}{subsection.6.43.1}% 942
\BOOKMARK [1][-]{section.6.44}{\376\377\0006\000.\0004\0004\000\040\000p\000o\000s\000i\000x\000\137\000s\000o\000c\000k\000e\000t\000s\000.\000h}{chapter.6}% 943
\BOOKMARK [1][-]{section.6.45}{\376\377\0006\000.\0004\0005\000\040\000l\000i\000n\000u\000x\000/\000r\000a\000w\000.\000g\000i\000t\000h\000u\000b\000u\000s\000e\000r\000c\000o\000n\000t\000e\000n\000t\000.\000c\000o\000m\000\137\000l\000i\000n\000u\000x\000-\000c\000a\000n\000\137\000c\000a\000n\000-\000u\000t\000i\000l\000s\000\137\000m\000a\000s\000t\000e\000r\000\137\000c\000a\000n\000f\000d\000t\000e\000s\000t\000.\000c\000\040\000F\000i\000l\000e\000\040\000R\000e\000f\000e\000r\000e\000n\000c\000e}{chapter.6}% 944
\BOOKMARK [2][-]{subsection.6.45.1}{\376\377\0006\000.\0004\0005\000.\0001\000\040\000M\000a\000c\000r\000o\000\040\000D\000e\000f\000i\000n\000i\000t\000i\000o\000n\000\040\000D\000o\000c\000u\000m\000e\000n\000t\000a\000t\000i\000o\000n}{section.6.45}% 945
\BOOKMARK [3][-]{subsubsection.6.45.1.1}{\376\377\0006\000.\0004\0005\000.\0001\000.\0001\000\040\000\137\000D\000E\000F\000A\000U\000L\000T\000\137\000S\000O\000U\000R\000C\000E}{subsection.6.45.1}% 946
\BOOKMARK [3][-]{subsubsection.6.45.1.2}{\376\377\0006\000.\0004\0005\000.\0001\000.\0002\000\040\000A\000D\000D\000R\000E\000S\000S}{subsection.6.45.1}% 947
\BOOKMARK [3][-]{subsubsection.6.45.1.3}{\376\377\0006\000.\0004\0005\000.\0001\000.\0003\000\040\000C\000A\000N\000\137\000F\000U\000L\000L\000\137\000B\000U\000F\000F\000E\000R}{subsection.6.45.1}% 948
\BOOKMARK [3][-]{subsubsection.6.45.1.4}{\376\377\0006\000.\0004\0005\000.\0001\000.\0004\000\040\000C\000A\000N\000\137\000M\000S\000G\000\137\000C\000O\000U\000N\000T}{subsection.6.45.1}% 949
\BOOKMARK [3][-]{subsubsection.6.45.1.5}{\376\377\0006\000.\0004\0005\000.\0001\000.\0005\000\040\000C\000A\000N\000\137\000M\000S\000G\000\137\000I\000D\000\137\000P\000I\000N\000G}{subsection.6.45.1}% 950
\BOOKMARK [3][-]{subsubsection.6.45.1.6}{\376\377\0006\000.\0004\0005\000.\0001\000.\0006\000\040\000C\000A\000N\000\137\000M\000S\000G\000\137\000I\000D\000\137\000P\000I\000N\000G\000\137\000X}{subsection.6.45.1}% 951
\BOOKMARK [3][-]{subsubsection.6.45.1.7}{\376\377\0006\000.\0004\0005\000.\0001\000.\0007\000\040\000C\000A\000N\000\137\000M\000S\000G\000\137\000I\000D\000\137\000P\000O\000N\000G}{subsection.6.45.1}% 952
\BOOKMARK [3][-]{subsubsection.6.45.1.8}{\376\377\0006\000.\0004\0005\000.\0001\000.\0008\000\040\000C\000A\000N\000\137\000M\000S\000G\000\137\000L\000E\000N}{subsection.6.45.1}% 953
\BOOKMARK [3][-]{subsubsection.6.45.1.9}{\376\377\0006\000.\0004\0005\000.\0001\000.\0009\000\040\000C\000A\000N\000\137\000M\000S\000G\000\137\000W\000A\000I\000T}{subsection.6.45.1}% 954
\BOOKMARK [3][-]{subsubsection.6.45.1.10}{\376\377\0006\000.\0004\0005\000.\0001\000.\0001\0000\000\040\000C\000A\000N\000\137\000T\000M\000\137\000T\000I\000M\000E}{subsection.6.45.1}% 955
\BOOKMARK [3][-]{subsubsection.6.45.1.11}{\376\377\0006\000.\0004\0005\000.\0001\000.\0001\0001\000\040\000C\000L\000I\000E\000N\000T\000I\000D}{subsection.6.45.1}% 956
\BOOKMARK [3][-]{subsubsection.6.45.1.12}{\376\377\0006\000.\0004\0005\000.\0001\000.\0001\0002\000\040\000D\000A\000Y\000\137\000S\000E\000C}{subsection.6.45.1}% 957
\BOOKMARK [3][-]{subsubsection.6.45.1.13}{\376\377\0006\000.\0004\0005\000.\0001\000.\0001\0003\000\040\000E\000\137\000D\000A\000Y\000S}{subsection.6.45.1}% 958
\BOOKMARK [3][-]{subsubsection.6.45.1.14}{\376\377\0006\000.\0004\0005\000.\0001\000.\0001\0004\000\040\000E\000\137\000M\000O\000N\000T\000H}{subsection.6.45.1}% 959
\BOOKMARK [3][-]{subsubsection.6.45.1.15}{\376\377\0006\000.\0004\0005\000.\0001\000.\0001\0005\000\040\000E\000\137\000P\000E\000R\000\137\000D\000A\000Y}{subsection.6.45.1}% 960
\BOOKMARK [3][-]{subsubsection.6.45.1.16}{\376\377\0006\000.\0004\0005\000.\0001\000.\0001\0006\000\040\000E\000\137\000P\000E\000R\000\137\000H\000O\000U\000R}{subsection.6.45.1}% 961
\BOOKMARK [3][-]{subsubsection.6.45.1.17}{\376\377\0006\000.\0004\0005\000.\0001\000.\0001\0007\000\040\000E\000M\000O\000N\000\137\000C\000O}{subsection.6.45.1}% 962
\BOOKMARK [3][-]{subsubsection.6.45.1.18}{\376\377\0006\000.\0004\0005\000.\0001\000.\0001\0008\000\040\000E\000M\000O\000N\000\137\000D\000A}{subsection.6.45.1}% 963
\BOOKMARK [3][-]{subsubsection.6.45.1.19}{\376\377\0006\000.\0004\0005\000.\0001\000.\0001\0009\000\040\000E\000M\000O\000N\000\137\000E\000R}{subsection.6.45.1}% 964
\BOOKMARK [3][-]{subsubsection.6.45.1.20}{\376\377\0006\000.\0004\0005\000.\0001\000.\0002\0000\000\040\000E\000M\000O\000N\000\137\000S\000H}{subsection.6.45.1}% 965
\BOOKMARK [3][-]{subsubsection.6.45.1.21}{\376\377\0006\000.\0004\0005\000.\0001\000.\0002\0001\000\040\000E\000M\000O\000N\000\137\000S\000L}{subsection.6.45.1}% 966
\BOOKMARK [3][-]{subsubsection.6.45.1.22}{\376\377\0006\000.\0004\0005\000.\0001\000.\0002\0002\000\040\000E\000M\000O\000N\000\137\000S\000U}{subsection.6.45.1}% 967
\BOOKMARK [3][-]{subsubsection.6.45.1.23}{\376\377\0006\000.\0004\0005\000.\0001\000.\0002\0003\000\040\000E\000M\000O\000N\000\137\000T\000M}{subsection.6.45.1}% 968
\BOOKMARK [3][-]{subsubsection.6.45.1.24}{\376\377\0006\000.\0004\0005\000.\0001\000.\0002\0004\000\040\000G\000\137\000M\000O\000N\000T\000H}{subsection.6.45.1}% 969
\BOOKMARK [3][-]{subsubsection.6.45.1.25}{\376\377\0006\000.\0004\0005\000.\0001\000.\0002\0005\000\040\000G\000\137\000P\000E\000R\000\137\000D\000A\000Y}{subsection.6.45.1}% 970
\BOOKMARK [3][-]{subsubsection.6.45.1.26}{\376\377\0006\000.\0004\0005\000.\0001\000.\0002\0006\000\040\000G\000\137\000P\000E\000R\000\137\000H\000O\000U\000R}{subsection.6.45.1}% 971
\BOOKMARK [3][-]{subsubsection.6.45.1.27}{\376\377\0006\000.\0004\0005\000.\0001\000.\0002\0007\000\040\000H\000R\000\137\000S\000E\000C}{subsection.6.45.1}% 972
\BOOKMARK [3][-]{subsubsection.6.45.1.28}{\376\377\0006\000.\0004\0005\000.\0001\000.\0002\0008\000\040\000L\000O\000G\000\137\000T\000O\000\137\000F\000I\000L\000E}{subsection.6.45.1}% 973
\BOOKMARK [3][-]{subsubsection.6.45.1.29}{\376\377\0006\000.\0004\0005\000.\0001\000.\0002\0009\000\040\000L\000O\000G\000\137\000V\000E\000R\000S\000I\000O\000N}{subsection.6.45.1}% 974
\BOOKMARK [3][-]{subsubsection.6.45.1.30}{\376\377\0006\000.\0004\0005\000.\0001\000.\0003\0000\000\040\000M\000Q\000T\000T\000\137\000T\000I\000M\000E\000O\000U\000T}{subsection.6.45.1}% 975
\BOOKMARK [3][-]{subsubsection.6.45.1.31}{\376\377\0006\000.\0004\0005\000.\0001\000.\0003\0001\000\040\000M\000Q\000T\000T\000\137\000V\000E\000R\000S\000I\000O\000N}{subsection.6.45.1}% 976
\BOOKMARK [3][-]{subsubsection.6.45.1.32}{\376\377\0006\000.\0004\0005\000.\0001\000.\0003\0002\000\040\000P\000G\000E\000\137\000Z\000E\000R\000O}{subsection.6.45.1}% 977
\BOOKMARK [3][-]{subsubsection.6.45.1.33}{\376\377\0006\000.\0004\0005\000.\0001\000.\0003\0003\000\040\000Q\000O\000S}{subsection.6.45.1}% 978
\BOOKMARK [3][-]{subsubsection.6.45.1.34}{\376\377\0006\000.\0004\0005\000.\0001\000.\0003\0004\000\040\000S\000P\000A\000C\000I\000N\000G\000\137\000U\000S\000E\000C}{subsection.6.45.1}% 979
\BOOKMARK [3][-]{subsubsection.6.45.1.35}{\376\377\0006\000.\0004\0005\000.\0001\000.\0003\0005\000\040\000T\000I\000M\000E\000O\000U\000T}{subsection.6.45.1}% 980
\BOOKMARK [3][-]{subsubsection.6.45.1.36}{\376\377\0006\000.\0004\0005\000.\0001\000.\0003\0006\000\040\000T\000O\000P\000I\000C\000\137\000P}{subsection.6.45.1}% 981
\BOOKMARK [3][-]{subsubsection.6.45.1.37}{\376\377\0006\000.\0004\0005\000.\0001\000.\0003\0007\000\040\000T\000O\000P\000I\000C\000\137\000S}{subsection.6.45.1}% 982
\BOOKMARK [2][-]{subsection.6.45.2}{\376\377\0006\000.\0004\0005\000.\0002\000\040\000F\000u\000n\000c\000t\000i\000o\000n\000\040\000D\000o\000c\000u\000m\000e\000n\000t\000a\000t\000i\000o\000n}{section.6.45}% 983
\BOOKMARK [3][-]{subsubsection.6.45.2.1}{\376\377\0006\000.\0004\0005\000.\0002\000.\0001\000\040\000c\000o\000n\000n\000l\000o\000s\000t\000\050\000\051}{subsection.6.45.2}% 984
\BOOKMARK [3][-]{subsubsection.6.45.2.2}{\376\377\0006\000.\0004\0005\000.\0002\000.\0002\000\040\000c\000u\000r\000r\000e\000n\000t\000\137\000t\000i\000m\000e\000s\000t\000a\000m\000p\000\050\000\051}{subsection.6.45.2}% 985
\BOOKMARK [3][-]{subsubsection.6.45.2.3}{\376\377\0006\000.\0004\0005\000.\0002\000.\0003\000\040\000d\000e\000l\000i\000v\000e\000r\000e\000d\000\050\000\051}{subsection.6.45.2}% 986
\BOOKMARK [3][-]{subsubsection.6.45.2.4}{\376\377\0006\000.\0004\0005\000.\0002\000.\0004\000\040\000l\000o\000g\000\137\000t\000i\000m\000e\000\050\000\051}{subsection.6.45.2}% 987
\BOOKMARK [3][-]{subsubsection.6.45.2.5}{\376\377\0006\000.\0004\0005\000.\0002\000.\0005\000\040\000m\000a\000i\000n\000\050\000\051}{subsection.6.45.2}% 988
\BOOKMARK [3][-]{subsubsection.6.45.2.6}{\376\377\0006\000.\0004\0005\000.\0002\000.\0006\000\040\000m\000s\000g\000a\000r\000r\000v\000d\000\050\000\051}{subsection.6.45.2}% 989
\BOOKMARK [3][-]{subsubsection.6.45.2.7}{\376\377\0006\000.\0004\0005\000.\0002\000.\0007\000\040\000t\000i\000m\000e\000r\000\137\000c\000a\000l\000l\000b\000a\000c\000k\000\050\000\051}{subsection.6.45.2}% 990
\BOOKMARK [2][-]{subsection.6.45.3}{\376\377\0006\000.\0004\0005\000.\0003\000\040\000V\000a\000r\000i\000a\000b\000l\000e\000\040\000D\000o\000c\000u\000m\000e\000n\000t\000a\000t\000i\000o\000n}{section.6.45}% 991
\BOOKMARK [3][-]{subsubsection.6.45.3.1}{\376\377\0006\000.\0004\0005\000.\0003\000.\0001\000\040\000a\000c\000a\000m\000p\000s}{subsection.6.45.3}% 992
\BOOKMARK [3][-]{subsubsection.6.45.3.2}{\376\377\0006\000.\0004\0005\000.\0003\000.\0002\000\040\000a\000c\000e\000n\000e\000r\000g\000y}{subsection.6.45.3}% 993
\BOOKMARK [3][-]{subsubsection.6.45.3.3}{\376\377\0006\000.\0004\0005\000.\0003\000.\0003\000\040\000a\000c\000v\000o\000l\000t\000s}{subsection.6.45.3}% 994
\BOOKMARK [3][-]{subsubsection.6.45.3.4}{\376\377\0006\000.\0004\0005\000.\0003\000.\0004\000\040\000b\000a\000m\000p\000s}{subsection.6.45.3}% 995
\BOOKMARK [3][-]{subsubsection.6.45.3.5}{\376\377\0006\000.\0004\0005\000.\0003\000.\0005\000\040\000b\000a\000t\000\137\000e\000n\000e\000r\000g\000y\000\137\000k\000w}{subsection.6.45.3}% 996
\BOOKMARK [3][-]{subsubsection.6.45.3.6}{\376\377\0006\000.\0004\0005\000.\0003\000.\0006\000\040\000b\000a\000t\000\137\000e\000n\000e\000r\000g\000y\000\137\000s\000c\000a\000l\000e\000d}{subsection.6.45.3}% 997
\BOOKMARK [3][-]{subsubsection.6.45.3.7}{\376\377\0006\000.\0004\0005\000.\0003\000.\0007\000\040\000b\000e\000n\000e\000r\000g\000y}{subsection.6.45.3}% 998
\BOOKMARK [3][-]{subsubsection.6.45.3.8}{\376\377\0006\000.\0004\0005\000.\0003\000.\0008\000\040\000b\000v\000o\000l\000t\000s}{subsection.6.45.3}% 999
\BOOKMARK [3][-]{subsubsection.6.45.3.9}{\376\377\0006\000.\0004\0005\000.\0003\000.\0009\000\040\000c\000c\000m\000o\000d\000e}{subsection.6.45.3}% 1000
\BOOKMARK [3][-]{subsubsection.6.45.3.10}{\376\377\0006\000.\0004\0005\000.\0003\000.\0001\0000\000\040\000c\000l\000i\000e\000n\000t}{subsection.6.45.3}% 1001
\BOOKMARK [3][-]{subsubsection.6.45.3.11}{\376\377\0006\000.\0004\0005\000.\0003\000.\0001\0001\000\040\000c\000o\000n\000n\000\137\000o\000p\000t\000s}{subsection.6.45.3}% 1002
\BOOKMARK [3][-]{subsubsection.6.45.3.12}{\376\377\0006\000.\0004\0005\000.\0003\000.\0001\0002\000\040\000d\000a\000t\000a\000\137\000b\000u\000f\000f\000e\000r}{subsection.6.45.3}% 1003
\BOOKMARK [3][-]{subsubsection.6.45.3.13}{\376\377\0006\000.\0004\0005\000.\0003\000.\0001\0003\000\040\000d\000a\000y\000\137\000t\000i\000m\000e}{subsection.6.45.3}% 1004
\BOOKMARK [3][-]{subsubsection.6.45.3.14}{\376\377\0006\000.\0004\0005\000.\0003\000.\0001\0004\000\040\000d\000e\000l\000i\000v\000e\000r\000e\000d\000t\000o\000k\000e\000n}{subsection.6.45.3}% 1005
\BOOKMARK [3][-]{subsubsection.6.45.3.15}{\376\377\0006\000.\0004\0005\000.\0003\000.\0001\0005\000\040\000f\000o\000u\000t}{subsection.6.45.3}% 1006
\BOOKMARK [3][-]{subsubsection.6.45.3.16}{\376\377\0006\000.\0004\0005\000.\0003\000.\0001\0006\000\040\000f\000u\000l\000l\000\137\000b\000u\000f\000f\000e\000r}{subsection.6.45.3}% 1007
\BOOKMARK [3][-]{subsubsection.6.45.3.17}{\376\377\0006\000.\0004\0005\000.\0003\000.\0001\0007\000\040\000g\000a\000s\000e\000n\000e\000r\000g\000y}{subsection.6.45.3}% 1008
\BOOKMARK [3][-]{subsubsection.6.45.3.18}{\376\377\0006\000.\0004\0005\000.\0003\000.\0001\0008\000\040\000g\000r\000i\000d\000i\000n}{subsection.6.45.3}% 1009
\BOOKMARK [3][-]{subsubsection.6.45.3.19}{\376\377\0006\000.\0004\0005\000.\0003\000.\0001\0009\000\040\000g\000r\000i\000d\000o\000u\000t}{subsection.6.45.3}% 1010
\BOOKMARK [3][-]{subsubsection.6.45.3.20}{\376\377\0006\000.\0004\0005\000.\0003\000.\0002\0000\000\040\000h\000o\000u\000r\000\137\000t\000i\000m\000e}{subsection.6.45.3}% 1011
\BOOKMARK [3][-]{subsubsection.6.45.3.21}{\376\377\0006\000.\0004\0005\000.\0003\000.\0002\0001\000\040\000j\000s\000o\000n}{subsection.6.45.3}% 1012
\BOOKMARK [3][-]{subsubsection.6.45.3.22}{\376\377\0006\000.\0004\0005\000.\0003\000.\0002\0002\000\040\000l\000o\000a\000d}{subsection.6.45.3}% 1013
\BOOKMARK [3][-]{subsubsection.6.45.3.23}{\376\377\0006\000.\0004\0005\000.\0003\000.\0002\0003\000\040\000m\000t\000o\000k\000e\000n}{subsection.6.45.3}% 1014
\BOOKMARK [3][-]{subsubsection.6.45.3.24}{\376\377\0006\000.\0004\0005\000.\0003\000.\0002\0004\000\040\000p\000a\000m\000p\000s}{subsection.6.45.3}% 1015
\BOOKMARK [3][-]{subsubsection.6.45.3.25}{\376\377\0006\000.\0004\0005\000.\0003\000.\0002\0005\000\040\000p\000u\000b\000m\000s\000g}{subsection.6.45.3}% 1016
\BOOKMARK [3][-]{subsubsection.6.45.3.26}{\376\377\0006\000.\0004\0005\000.\0003\000.\0002\0006\000\040\000p\000v\000o\000l\000t\000s}{subsection.6.45.3}% 1017
\BOOKMARK [3][-]{subsubsection.6.45.3.27}{\376\377\0006\000.\0004\0005\000.\0003\000.\0002\0007\000\040\000p\000w\000a\000t\000t\000s}{subsection.6.45.3}% 1018
\BOOKMARK [3][-]{subsubsection.6.45.3.28}{\376\377\0006\000.\0004\0005\000.\0003\000.\0002\0008\000\040\000r\000e\000c\000e\000i\000v\000e\000d\000t\000o\000k\000e\000n}{subsection.6.45.3}% 1019
\BOOKMARK [3][-]{subsubsection.6.45.3.29}{\376\377\0006\000.\0004\0005\000.\0003\000.\0002\0009\000\040\000r\000u\000n\000n\000e\000r}{subsection.6.45.3}% 1020
\BOOKMARK [3][-]{subsubsection.6.45.3.30}{\376\377\0006\000.\0004\0005\000.\0003\000.\0003\0000\000\040\000r\000u\000n\000t\000i\000m\000e}{subsection.6.45.3}% 1021
\BOOKMARK [3][-]{subsubsection.6.45.3.31}{\376\377\0006\000.\0004\0005\000.\0003\000.\0003\0001\000\040\000s\000e\000c\000\137\0003\0000}{subsection.6.45.3}% 1022
\BOOKMARK [3][-]{subsubsection.6.45.3.32}{\376\377\0006\000.\0004\0005\000.\0003\000.\0003\0002\000\040\000s\000e\000q\000u\000e\000n\000c\000e}{subsection.6.45.3}% 1023
\BOOKMARK [3][-]{subsubsection.6.45.3.33}{\376\377\0006\000.\0004\0005\000.\0003\000.\0003\0003\000\040\000s\000o\000l\000a\000r}{subsection.6.45.3}% 1024
\BOOKMARK [3][-]{subsubsection.6.45.3.34}{\376\377\0006\000.\0004\0005\000.\0003\000.\0003\0004\000\040\000s\000t\000a\000r\000t\000\137\000t\000i\000m\000e}{subsection.6.45.3}% 1025
\BOOKMARK [3][-]{subsubsection.6.45.3.35}{\376\377\0006\000.\0004\0005\000.\0003\000.\0003\0005\000\040\000t\000o\000k\000e\000n}{subsection.6.45.3}% 1026
\BOOKMARK [3][-]{subsubsection.6.45.3.36}{\376\377\0006\000.\0004\0005\000.\0003\000.\0003\0006\000\040\000w\000a\000t\000e\000r\000g\000a\000l}{subsection.6.45.3}% 1027
\BOOKMARK [1][-]{section.6.46}{\376\377\0006\000.\0004\0006\000\040\000l\000i\000n\000u\000x\000/\000m\000q\000t\000t\000\137\000c\000l\000/\000m\000a\000i\000n\000.\000c\000\040\000F\000i\000l\000e\000\040\000R\000e\000f\000e\000r\000e\000n\000c\000e}{chapter.6}% 1028
\BOOKMARK [2][-]{subsection.6.46.1}{\376\377\0006\000.\0004\0006\000.\0001\000\040\000F\000u\000n\000c\000t\000i\000o\000n\000\040\000D\000o\000c\000u\000m\000e\000n\000t\000a\000t\000i\000o\000n}{section.6.46}% 1029
\BOOKMARK [3][-]{subsubsection.6.46.1.1}{\376\377\0006\000.\0004\0006\000.\0001\000.\0001\000\040\000c\000l\000i\000e\000n\000t\000\137\000r\000e\000f\000r\000e\000s\000h\000e\000r\000\050\000\051}{subsection.6.46.1}% 1030
\BOOKMARK [3][-]{subsubsection.6.46.1.2}{\376\377\0006\000.\0004\0006\000.\0001\000.\0002\000\040\000e\000x\000i\000t\000\137\000e\000x\000a\000m\000p\000l\000e\000\050\000\051}{subsection.6.46.1}% 1031
\BOOKMARK [3][-]{subsubsection.6.46.1.3}{\376\377\0006\000.\0004\0006\000.\0001\000.\0003\000\040\000m\000a\000i\000n\000\050\000\051}{subsection.6.46.1}% 1032
\BOOKMARK [3][-]{subsubsection.6.46.1.4}{\376\377\0006\000.\0004\0006\000.\0001\000.\0004\000\040\000p\000u\000b\000l\000i\000s\000h\000\137\000c\000a\000l\000l\000b\000a\000c\000k\000\050\000\051}{subsection.6.46.1}% 1033
\BOOKMARK [1][-]{section.6.47}{\376\377\0006\000.\0004\0007\000\040\000m\000a\000i\000n\000.\000c\000\040\000F\000i\000l\000e\000\040\000R\000e\000f\000e\000r\000e\000n\000c\000e}{chapter.6}% 1034
\BOOKMARK [2][-]{subsection.6.47.1}{\376\377\0006\000.\0004\0007\000.\0001\000\040\000F\000u\000n\000c\000t\000i\000o\000n\000\040\000D\000o\000c\000u\000m\000e\000n\000t\000a\000t\000i\000o\000n}{section.6.47}% 1035
\BOOKMARK [3][-]{subsubsection.6.47.1.1}{\376\377\0006\000.\0004\0007\000.\0001\000.\0001\000\040\000m\000a\000i\000n\000\050\000\051}{subsection.6.47.1}% 1036
\BOOKMARK [1][-]{section.6.48}{\376\377\0006\000.\0004\0008\000\040\000m\000a\000t\000e\000Q\0008\0004\000.\000X\000/\000m\000a\000i\000n\000.\000c\000\040\000F\000i\000l\000e\000\040\000R\000e\000f\000e\000r\000e\000n\000c\000e}{chapter.6}% 1037
\BOOKMARK [2][-]{subsection.6.48.1}{\376\377\0006\000.\0004\0008\000.\0001\000\040\000M\000a\000c\000r\000o\000\040\000D\000e\000f\000i\000n\000i\000t\000i\000o\000n\000\040\000D\000o\000c\000u\000m\000e\000n\000t\000a\000t\000i\000o\000n}{section.6.48}% 1038
\BOOKMARK [3][-]{subsubsection.6.48.1.1}{\376\377\0006\000.\0004\0008\000.\0001\000.\0001\000\040\000C\000M\000D\000\137\000L\000E\000N}{subsection.6.48.1}% 1039
\BOOKMARK [3][-]{subsubsection.6.48.1.2}{\376\377\0006\000.\0004\0008\000.\0001\000.\0002\000\040\000E\000\137\000S\000A\000V\000E}{subsection.6.48.1}% 1040
\BOOKMARK [3][-]{subsubsection.6.48.1.3}{\376\377\0006\000.\0004\0008\000.\0001\000.\0003\000\040\000E\000\137\000U\000P\000D\000A\000T\000E}{subsection.6.48.1}% 1041
\BOOKMARK [3][-]{subsubsection.6.48.1.4}{\376\377\0006\000.\0004\0008\000.\0001\000.\0004\000\040\000P\000A\000C\000E}{subsection.6.48.1}% 1042
\BOOKMARK [3][-]{subsubsection.6.48.1.5}{\376\377\0006\000.\0004\0008\000.\0001\000.\0005\000\040\000R\000E\000C\000\137\000L\000E\000N}{subsection.6.48.1}% 1043
\BOOKMARK [3][-]{subsubsection.6.48.1.6}{\376\377\0006\000.\0004\0008\000.\0001\000.\0006\000\040\000R\000E\000C\000\137\000L\000O\000G\000\137\000L\000E\000N}{subsection.6.48.1}% 1044
\BOOKMARK [3][-]{subsubsection.6.48.1.7}{\376\377\0006\000.\0004\0008\000.\0001\000.\0007\000\040\000R\000E\000C\000\137\000S\000T\000A\000T\000U\000S\000\137\000L\000E\000N}{subsection.6.48.1}% 1045
\BOOKMARK [2][-]{subsection.6.48.2}{\376\377\0006\000.\0004\0008\000.\0002\000\040\000E\000n\000u\000m\000e\000r\000a\000t\000i\000o\000n\000\040\000T\000y\000p\000e\000\040\000D\000o\000c\000u\000m\000e\000n\000t\000a\000t\000i\000o\000n}{section.6.48}% 1046
\BOOKMARK [3][-]{subsubsection.6.48.2.1}{\376\377\0006\000.\0004\0008\000.\0002\000.\0001\000\040\000s\000t\000a\000t\000e\000\137\000t\000y\000p\000e}{subsection.6.48.2}% 1047
\BOOKMARK [2][-]{subsection.6.48.3}{\376\377\0006\000.\0004\0008\000.\0003\000\040\000F\000u\000n\000c\000t\000i\000o\000n\000\040\000D\000o\000c\000u\000m\000e\000n\000t\000a\000t\000i\000o\000n}{section.6.48}% 1048
\BOOKMARK [3][-]{subsubsection.6.48.3.1}{\376\377\0006\000.\0004\0008\000.\0003\000.\0001\000\040\000m\000a\000i\000n\000\050\000\051}{subsection.6.48.3}% 1049
\BOOKMARK [3][-]{subsubsection.6.48.3.2}{\376\377\0006\000.\0004\0008\000.\0003\000.\0002\000\040\000r\000u\000n\000\137\000d\000a\000y\000\137\000t\000o\000\137\000n\000i\000g\000h\000t\000\050\000\051}{subsection.6.48.3}% 1050
\BOOKMARK [3][-]{subsubsection.6.48.3.3}{\376\377\0006\000.\0004\0008\000.\0003\000.\0003\000\040\000r\000u\000n\000\137\000n\000i\000g\000h\000t\000\137\000t\000o\000\137\000d\000a\000y\000\050\000\051}{subsection.6.48.3}% 1051
\BOOKMARK [3][-]{subsubsection.6.48.3.4}{\376\377\0006\000.\0004\0008\000.\0003\000.\0004\000\040\000s\000p\000i\000n\000n\000e\000r\000s\000\050\000\051}{subsection.6.48.3}% 1052
\BOOKMARK [3][-]{subsubsection.6.48.3.5}{\376\377\0006\000.\0004\0008\000.\0003\000.\0005\000\040\000s\000t\000a\000t\000e\000\137\000b\000a\000t\000t\000e\000r\000y\000a\000\137\000c\000b\000\050\000\051}{subsection.6.48.3}% 1053
\BOOKMARK [3][-]{subsubsection.6.48.3.6}{\376\377\0006\000.\0004\0008\000.\0003\000.\0006\000\040\000s\000t\000a\000t\000e\000\137\000b\000a\000t\000t\000e\000r\000y\000v\000\137\000c\000b\000\050\000\051}{subsection.6.48.3}% 1054
\BOOKMARK [3][-]{subsubsection.6.48.3.7}{\376\377\0006\000.\0004\0008\000.\0003\000.\0007\000\040\000s\000t\000a\000t\000e\000\137\000i\000n\000i\000t\000\137\000c\000b\000\050\000\051}{subsection.6.48.3}% 1055
\BOOKMARK [3][-]{subsubsection.6.48.3.8}{\376\377\0006\000.\0004\0008\000.\0003\000.\0008\000\040\000s\000t\000a\000t\000e\000\137\000m\000i\000s\000c\000\137\000c\000b\000\050\000\051}{subsection.6.48.3}% 1056
\BOOKMARK [3][-]{subsubsection.6.48.3.9}{\376\377\0006\000.\0004\0008\000.\0003\000.\0009\000\040\000s\000t\000a\000t\000e\000\137\000m\000x\000\137\000l\000o\000g\000\137\000c\000b\000\050\000\051}{subsection.6.48.3}% 1057
\BOOKMARK [3][-]{subsubsection.6.48.3.10}{\376\377\0006\000.\0004\0008\000.\0003\000.\0001\0000\000\040\000s\000t\000a\000t\000e\000\137\000m\000x\000\137\000s\000t\000a\000t\000u\000s\000\137\000c\000b\000\050\000\051}{subsection.6.48.3}% 1058
\BOOKMARK [3][-]{subsubsection.6.48.3.11}{\376\377\0006\000.\0004\0008\000.\0003\000.\0001\0001\000\040\000s\000t\000a\000t\000e\000\137\000p\000a\000n\000e\000l\000v\000\137\000c\000b\000\050\000\051}{subsection.6.48.3}% 1059
\BOOKMARK [3][-]{subsubsection.6.48.3.12}{\376\377\0006\000.\0004\0008\000.\0003\000.\0001\0002\000\040\000s\000t\000a\000t\000e\000\137\000s\000t\000a\000t\000u\000s\000\137\000c\000b\000\050\000\051}{subsection.6.48.3}% 1060
\BOOKMARK [3][-]{subsubsection.6.48.3.13}{\376\377\0006\000.\0004\0008\000.\0003\000.\0001\0003\000\040\000s\000t\000a\000t\000e\000\137\000w\000a\000t\000t\000s\000\137\000c\000b\000\050\000\051}{subsection.6.48.3}% 1061
\BOOKMARK [3][-]{subsubsection.6.48.3.14}{\376\377\0006\000.\0004\0008\000.\0003\000.\0001\0004\000\040\000w\000d\000t\000d\000e\000l\000a\000y\000\050\000\051}{subsection.6.48.3}% 1062
\BOOKMARK [2][-]{subsection.6.48.4}{\376\377\0006\000.\0004\0008\000.\0004\000\040\000V\000a\000r\000i\000a\000b\000l\000e\000\040\000D\000o\000c\000u\000m\000e\000n\000t\000a\000t\000i\000o\000n}{section.6.48}% 1063
\BOOKMARK [3][-]{subsubsection.6.48.4.1}{\376\377\0006\000.\0004\0008\000.\0004\000.\0001\000\040\000B}{subsection.6.48.4}% 1064
\BOOKMARK [3][-]{subsubsection.6.48.4.2}{\376\377\0006\000.\0004\0008\000.\0004\000.\0002\000\040\000b\000a\000t\000\137\000a\000m\000p\000\137\000w\000h\000o\000l\000e}{subsection.6.48.4}% 1065
\BOOKMARK [3][-]{subsubsection.6.48.4.3}{\376\377\0006\000.\0004\0008\000.\0004\000.\0003\000\040\000b\000u\000f\000f\000e\000r}{subsection.6.48.4}% 1066
\BOOKMARK [3][-]{subsubsection.6.48.4.4}{\376\377\0006\000.\0004\0008\000.\0004\000.\0004\000\040\000b\000u\000i\000l\000d\000\137\000d\000a\000t\000e}{subsection.6.48.4}% 1067
\BOOKMARK [3][-]{subsubsection.6.48.4.5}{\376\377\0006\000.\0004\0008\000.\0004\000.\0005\000\040\000b\000u\000i\000l\000d\000\137\000t\000i\000m\000e}{subsection.6.48.4}% 1068
\BOOKMARK [3][-]{subsubsection.6.48.4.6}{\376\377\0006\000.\0004\0008\000.\0004\000.\0006\000\040\000c\000a\000n\000\137\000n\000e\000w\000t\000i\000m\000e}{subsection.6.48.4}% 1069
\BOOKMARK [3][-]{subsubsection.6.48.4.7}{\376\377\0006\000.\0004\0008\000.\0004\000.\0007\000\040\000c\000a\000n\000\137\000t\000i\000m\000e\000r}{subsection.6.48.4}% 1070
\BOOKMARK [3][-]{subsubsection.6.48.4.8}{\376\377\0006\000.\0004\0008\000.\0004\000.\0008\000\040\000c\000c\000\137\000m\000o\000d\000e}{subsection.6.48.4}% 1071
\BOOKMARK [3][-]{subsubsection.6.48.4.9}{\376\377\0006\000.\0004\0008\000.\0004\000.\0009\000\040\000f\000w\000\137\000s\000t\000a\000t\000e}{subsection.6.48.4}% 1072
\BOOKMARK [3][-]{subsubsection.6.48.4.10}{\376\377\0006\000.\0004\0008\000.\0004\000.\0001\0000\000\040\000i\000n\000f\000o\000\137\000b\000u\000f\000f\000e\000r}{subsection.6.48.4}% 1073
\BOOKMARK [3][-]{subsubsection.6.48.4.11}{\376\377\0006\000.\0004\0008\000.\0004\000.\0001\0001\000\040\000l\000o\000g\000\137\000b\000u\000f\000f\000e\000r}{subsection.6.48.4}% 1074
\BOOKMARK [3][-]{subsubsection.6.48.4.12}{\376\377\0006\000.\0004\0008\000.\0004\000.\0001\0002\000\040\000m\000x\000\137\000c\000o\000d\000e}{subsection.6.48.4}% 1075
\BOOKMARK [3][-]{subsubsection.6.48.4.13}{\376\377\0006\000.\0004\0008\000.\0004\000.\0001\0003\000\040\000p\000a\000n\000e\000l\000\137\000w\000a\000t\000t\000s}{subsection.6.48.4}% 1076
\BOOKMARK [3][-]{subsubsection.6.48.4.14}{\376\377\0006\000.\0004\0008\000.\0004\000.\0001\0004\000\040\000s\000h\000o\000w\000\137\000c\000a\000n}{subsection.6.48.4}% 1077
\BOOKMARK [3][-]{subsubsection.6.48.4.15}{\376\377\0006\000.\0004\0008\000.\0004\000.\0001\0005\000\040\000s\000t\000a\000t\000e}{subsection.6.48.4}% 1078
\BOOKMARK [3][-]{subsubsection.6.48.4.16}{\376\377\0006\000.\0004\0008\000.\0004\000.\0001\0006\000\040\000t\000i\000c\000k\000C\000o\000u\000n\000t}{subsection.6.48.4}% 1079
\BOOKMARK [3][-]{subsubsection.6.48.4.17}{\376\377\0006\000.\0004\0008\000.\0004\000.\0001\0007\000\040\000t\000i\000m\000e\000\137\000s\000h\000o\000w\000\137\000c\000a\000n}{subsection.6.48.4}% 1080
\BOOKMARK [3][-]{subsubsection.6.48.4.18}{\376\377\0006\000.\0004\0008\000.\0004\000.\0001\0008\000\040\000v\000f}{subsection.6.48.4}% 1081
\BOOKMARK [3][-]{subsubsection.6.48.4.19}{\376\377\0006\000.\0004\0008\000.\0004\000.\0001\0009\000\040\000v\000o\000l\000t\000\137\000f\000r\000a\000c\000t}{subsection.6.48.4}% 1082
\BOOKMARK [3][-]{subsubsection.6.48.4.20}{\376\377\0006\000.\0004\0008\000.\0004\000.\0002\0000\000\040\000v\000o\000l\000t\000\137\000w\000h\000o\000l\000e}{subsection.6.48.4}% 1083
\BOOKMARK [3][-]{subsubsection.6.48.4.21}{\376\377\0006\000.\0004\0008\000.\0004\000.\0002\0001\000\040\000v\000w}{subsection.6.48.4}% 1084
\BOOKMARK [1][-]{section.6.49}{\376\377\0006\000.\0004\0009\000\040\000m\000a\000t\000e\000Q\0008\0004\000.\000X\000/\000b\000u\000i\000l\000d\000/\000d\000e\000f\000a\000u\000l\000t\000/\000p\000r\000o\000d\000u\000c\000t\000i\000o\000n\000/\000\137\000e\000x\000t\000/\0001\0004\0007\0002\000/\000b\000a\000t\000m\000o\000n\000.\000p\0001\000.\000d\000\040\000F\000i\000l\000e\000\040\000R\000e\000f\000e\000r\000e\000n\000c\000e}{chapter.6}% 1085
\BOOKMARK [1][-]{section.6.50}{\376\377\0006\000.\0005\0000\000\040\000m\000a\000t\000e\000Q\0008\0004\000.\000X\000/\000b\000u\000i\000l\000d\000/\000d\000e\000f\000a\000u\000l\000t\000/\000p\000r\000o\000d\000u\000c\000t\000i\000o\000n\000/\000\137\000e\000x\000t\000/\0001\0004\0007\0002\000/\000c\000a\000n\000f\000d\000.\000p\0001\000.\000d\000\040\000F\000i\000l\000e\000\040\000R\000e\000f\000e\000r\000e\000n\000c\000e}{chapter.6}% 1086
\BOOKMARK [1][-]{section.6.51}{\376\377\0006\000.\0005\0001\000\040\000m\000a\000t\000e\000Q\0008\0004\000.\000X\000/\000b\000u\000i\000l\000d\000/\000d\000e\000f\000a\000u\000l\000t\000/\000p\000r\000o\000d\000u\000c\000t\000i\000o\000n\000/\000\137\000e\000x\000t\000/\0001\0004\0007\0002\000/\000d\000i\000o\000.\000p\0001\000.\000d\000\040\000F\000i\000l\000e\000\040\000R\000e\000f\000e\000r\000e\000n\000c\000e}{chapter.6}% 1087
\BOOKMARK [1][-]{section.6.52}{\376\377\0006\000.\0005\0002\000\040\000m\000a\000t\000e\000Q\0008\0004\000.\000X\000/\000b\000u\000i\000l\000d\000/\000d\000e\000f\000a\000u\000l\000t\000/\000p\000r\000o\000d\000u\000c\000t\000i\000o\000n\000/\000\137\000e\000x\000t\000/\0001\0004\0007\0002\000/\000e\000a\000d\000o\000g\000.\000p\0001\000.\000d\000\040\000F\000i\000l\000e\000\040\000R\000e\000f\000e\000r\000e\000n\000c\000e}{chapter.6}% 1088
\BOOKMARK [1][-]{section.6.53}{\376\377\0006\000.\0005\0003\000\040\000m\000a\000t\000e\000Q\0008\0004\000.\000X\000/\000b\000u\000i\000l\000d\000/\000d\000e\000f\000a\000u\000l\000t\000/\000p\000r\000o\000d\000u\000c\000t\000i\000o\000n\000/\000\137\000e\000x\000t\000/\0001\0004\0007\0002\000/\000m\000o\000d\000b\000u\000s\000\137\000m\000a\000s\000t\000e\000r\000.\000p\0001\000.\000d\000\040\000F\000i\000l\000e\000\040\000R\000e\000f\000e\000r\000e\000n\000c\000e}{chapter.6}% 1089
\BOOKMARK [1][-]{section.6.54}{\376\377\0006\000.\0005\0004\000\040\000m\000a\000t\000e\000Q\0008\0004\000.\000X\000/\000b\000u\000i\000l\000d\000/\000d\000e\000f\000a\000u\000l\000t\000/\000p\000r\000o\000d\000u\000c\000t\000i\000o\000n\000/\000\137\000e\000x\000t\000/\0001\0004\0007\0002\000/\000t\000i\000m\000e\000r\000s\000.\000p\0001\000.\000d\000\040\000F\000i\000l\000e\000\040\000R\000e\000f\000e\000r\000e\000n\000c\000e}{chapter.6}% 1090
\BOOKMARK [1][-]{section.6.55}{\376\377\0006\000.\0005\0005\000\040\000m\000a\000t\000e\000Q\0008\0004\000.\000X\000/\000b\000u\000i\000l\000d\000/\000d\000e\000f\000a\000u\000l\000t\000/\000p\000r\000o\000d\000u\000c\000t\000i\000o\000n\000/\000m\000a\000i\000n\000.\000p\0001\000.\000d\000\040\000F\000i\000l\000e\000\040\000R\000e\000f\000e\000r\000e\000n\000c\000e}{chapter.6}% 1091
\BOOKMARK [1][-]{section.6.56}{\376\377\0006\000.\0005\0006\000\040\000m\000a\000t\000e\000Q\0008\0004\000.\000X\000/\000b\000u\000i\000l\000d\000/\000d\000e\000f\000a\000u\000l\000t\000/\000p\000r\000o\000d\000u\000c\000t\000i\000o\000n\000/\000m\000c\000c\000\137\000g\000e\000n\000e\000r\000a\000t\000e\000d\000\137\000f\000i\000l\000e\000s\000/\000a\000d\000c\000.\000p\0001\000.\000d\000\040\000F\000i\000l\000e\000\040\000R\000e\000f\000e\000r\000e\000n\000c\000e}{chapter.6}% 1092
\BOOKMARK [1][-]{section.6.57}{\376\377\0006\000.\0005\0007\000\040\000m\000a\000t\000e\000Q\0008\0004\000.\000X\000/\000b\000u\000i\000l\000d\000/\000d\000e\000f\000a\000u\000l\000t\000/\000p\000r\000o\000d\000u\000c\000t\000i\000o\000n\000/\000m\000c\000c\000\137\000g\000e\000n\000e\000r\000a\000t\000e\000d\000\137\000f\000i\000l\000e\000s\000/\000c\000a\000n\0001\000.\000p\0001\000.\000d\000\040\000F\000i\000l\000e\000\040\000R\000e\000f\000e\000r\000e\000n\000c\000e}{chapter.6}% 1093
\BOOKMARK [1][-]{section.6.58}{\376\377\0006\000.\0005\0008\000\040\000m\000a\000t\000e\000Q\0008\0004\000.\000X\000/\000b\000u\000i\000l\000d\000/\000d\000e\000f\000a\000u\000l\000t\000/\000p\000r\000o\000d\000u\000c\000t\000i\000o\000n\000/\000m\000c\000c\000\137\000g\000e\000n\000e\000r\000a\000t\000e\000d\000\137\000f\000i\000l\000e\000s\000/\000c\000l\000c\0007\000.\000p\0001\000.\000d\000\040\000F\000i\000l\000e\000\040\000R\000e\000f\000e\000r\000e\000n\000c\000e}{chapter.6}% 1094
\BOOKMARK [1][-]{section.6.59}{\376\377\0006\000.\0005\0009\000\040\000m\000a\000t\000e\000Q\0008\0004\000.\000X\000/\000b\000u\000i\000l\000d\000/\000d\000e\000f\000a\000u\000l\000t\000/\000p\000r\000o\000d\000u\000c\000t\000i\000o\000n\000/\000m\000c\000c\000\137\000g\000e\000n\000e\000r\000a\000t\000e\000d\000\137\000f\000i\000l\000e\000s\000/\000c\000l\000c\0008\000.\000p\0001\000.\000d\000\040\000F\000i\000l\000e\000\040\000R\000e\000f\000e\000r\000e\000n\000c\000e}{chapter.6}% 1095
\BOOKMARK [1][-]{section.6.60}{\376\377\0006\000.\0006\0000\000\040\000m\000a\000t\000e\000Q\0008\0004\000.\000X\000/\000b\000u\000i\000l\000d\000/\000d\000e\000f\000a\000u\000l\000t\000/\000p\000r\000o\000d\000u\000c\000t\000i\000o\000n\000/\000m\000c\000c\000\137\000g\000e\000n\000e\000r\000a\000t\000e\000d\000\137\000f\000i\000l\000e\000s\000/\000d\000e\000v\000i\000c\000e\000\137\000c\000o\000n\000f\000i\000g\000.\000p\0001\000.\000d\000\040\000F\000i\000l\000e\000\040\000R\000e\000f\000e\000r\000e\000n\000c\000e}{chapter.6}% 1096
\BOOKMARK [1][-]{section.6.61}{\376\377\0006\000.\0006\0001\000\040\000m\000a\000t\000e\000Q\0008\0004\000.\000X\000/\000b\000u\000i\000l\000d\000/\000d\000e\000f\000a\000u\000l\000t\000/\000p\000r\000o\000d\000u\000c\000t\000i\000o\000n\000/\000m\000c\000c\000\137\000g\000e\000n\000e\000r\000a\000t\000e\000d\000\137\000f\000i\000l\000e\000s\000/\000d\000m\000a\0001\000.\000p\0001\000.\000d\000\040\000F\000i\000l\000e\000\040\000R\000e\000f\000e\000r\000e\000n\000c\000e}{chapter.6}% 1097
\BOOKMARK [1][-]{section.6.62}{\376\377\0006\000.\0006\0002\000\040\000m\000a\000t\000e\000Q\0008\0004\000.\000X\000/\000b\000u\000i\000l\000d\000/\000d\000e\000f\000a\000u\000l\000t\000/\000p\000r\000o\000d\000u\000c\000t\000i\000o\000n\000/\000m\000c\000c\000\137\000g\000e\000n\000e\000r\000a\000t\000e\000d\000\137\000f\000i\000l\000e\000s\000/\000i\000n\000t\000e\000r\000r\000u\000p\000t\000\137\000m\000a\000n\000a\000g\000e\000r\000.\000p\0001\000.\000d\000\040\000F\000i\000l\000e\000\040\000R\000e\000f\000e\000r\000e\000n\000c\000e}{chapter.6}% 1098
\BOOKMARK [1][-]{section.6.63}{\376\377\0006\000.\0006\0003\000\040\000m\000a\000t\000e\000Q\0008\0004\000.\000X\000/\000b\000u\000i\000l\000d\000/\000d\000e\000f\000a\000u\000l\000t\000/\000p\000r\000o\000d\000u\000c\000t\000i\000o\000n\000/\000m\000c\000c\000\137\000g\000e\000n\000e\000r\000a\000t\000e\000d\000\137\000f\000i\000l\000e\000s\000/\000m\000c\000c\000.\000p\0001\000.\000d\000\040\000F\000i\000l\000e\000\040\000R\000e\000f\000e\000r\000e\000n\000c\000e}{chapter.6}% 1099
\BOOKMARK [1][-]{section.6.64}{\376\377\0006\000.\0006\0004\000\040\000m\000a\000t\000e\000Q\0008\0004\000.\000X\000/\000b\000u\000i\000l\000d\000/\000d\000e\000f\000a\000u\000l\000t\000/\000p\000r\000o\000d\000u\000c\000t\000i\000o\000n\000/\000m\000c\000c\000\137\000g\000e\000n\000e\000r\000a\000t\000e\000d\000\137\000f\000i\000l\000e\000s\000/\000p\000i\000n\000\137\000m\000a\000n\000a\000g\000e\000r\000.\000p\0001\000.\000d\000\040\000F\000i\000l\000e\000\040\000R\000e\000f\000e\000r\000e\000n\000c\000e}{chapter.6}% 1100
\BOOKMARK [1][-]{section.6.65}{\376\377\0006\000.\0006\0005\000\040\000m\000a\000t\000e\000Q\0008\0004\000.\000X\000/\000b\000u\000i\000l\000d\000/\000d\000e\000f\000a\000u\000l\000t\000/\000p\000r\000o\000d\000u\000c\000t\000i\000o\000n\000/\000m\000c\000c\000\137\000g\000e\000n\000e\000r\000a\000t\000e\000d\000\137\000f\000i\000l\000e\000s\000/\000s\000p\000i\0001\000.\000p\0001\000.\000d\000\040\000F\000i\000l\000e\000\040\000R\000e\000f\000e\000r\000e\000n\000c\000e}{chapter.6}% 1101
\BOOKMARK [1][-]{section.6.66}{\376\377\0006\000.\0006\0006\000\040\000m\000a\000t\000e\000Q\0008\0004\000.\000X\000/\000b\000u\000i\000l\000d\000/\000d\000e\000f\000a\000u\000l\000t\000/\000p\000r\000o\000d\000u\000c\000t\000i\000o\000n\000/\000m\000c\000c\000\137\000g\000e\000n\000e\000r\000a\000t\000e\000d\000\137\000f\000i\000l\000e\000s\000/\000t\000m\000r\0000\000.\000p\0001\000.\000d\000\040\000F\000i\000l\000e\000\040\000R\000e\000f\000e\000r\000e\000n\000c\000e}{chapter.6}% 1102
\BOOKMARK [1][-]{section.6.67}{\376\377\0006\000.\0006\0007\000\040\000m\000a\000t\000e\000Q\0008\0004\000.\000X\000/\000b\000u\000i\000l\000d\000/\000d\000e\000f\000a\000u\000l\000t\000/\000p\000r\000o\000d\000u\000c\000t\000i\000o\000n\000/\000m\000c\000c\000\137\000g\000e\000n\000e\000r\000a\000t\000e\000d\000\137\000f\000i\000l\000e\000s\000/\000t\000m\000r\0002\000.\000p\0001\000.\000d\000\040\000F\000i\000l\000e\000\040\000R\000e\000f\000e\000r\000e\000n\000c\000e}{chapter.6}% 1103
\BOOKMARK [1][-]{section.6.68}{\376\377\0006\000.\0006\0008\000\040\000m\000a\000t\000e\000Q\0008\0004\000.\000X\000/\000b\000u\000i\000l\000d\000/\000d\000e\000f\000a\000u\000l\000t\000/\000p\000r\000o\000d\000u\000c\000t\000i\000o\000n\000/\000m\000c\000c\000\137\000g\000e\000n\000e\000r\000a\000t\000e\000d\000\137\000f\000i\000l\000e\000s\000/\000t\000m\000r\0004\000.\000p\0001\000.\000d\000\040\000F\000i\000l\000e\000\040\000R\000e\000f\000e\000r\000e\000n\000c\000e}{chapter.6}% 1104
\BOOKMARK [1][-]{section.6.69}{\376\377\0006\000.\0006\0009\000\040\000m\000a\000t\000e\000Q\0008\0004\000.\000X\000/\000b\000u\000i\000l\000d\000/\000d\000e\000f\000a\000u\000l\000t\000/\000p\000r\000o\000d\000u\000c\000t\000i\000o\000n\000/\000m\000c\000c\000\137\000g\000e\000n\000e\000r\000a\000t\000e\000d\000\137\000f\000i\000l\000e\000s\000/\000t\000m\000r\0005\000.\000p\0001\000.\000d\000\040\000F\000i\000l\000e\000\040\000R\000e\000f\000e\000r\000e\000n\000c\000e}{chapter.6}% 1105
\BOOKMARK [1][-]{section.6.70}{\376\377\0006\000.\0007\0000\000\040\000m\000a\000t\000e\000Q\0008\0004\000.\000X\000/\000b\000u\000i\000l\000d\000/\000d\000e\000f\000a\000u\000l\000t\000/\000p\000r\000o\000d\000u\000c\000t\000i\000o\000n\000/\000m\000c\000c\000\137\000g\000e\000n\000e\000r\000a\000t\000e\000d\000\137\000f\000i\000l\000e\000s\000/\000t\000m\000r\0006\000.\000p\0001\000.\000d\000\040\000F\000i\000l\000e\000\040\000R\000e\000f\000e\000r\000e\000n\000c\000e}{chapter.6}% 1106
\BOOKMARK [1][-]{section.6.71}{\376\377\0006\000.\0007\0001\000\040\000m\000a\000t\000e\000Q\0008\0004\000.\000X\000/\000b\000u\000i\000l\000d\000/\000d\000e\000f\000a\000u\000l\000t\000/\000p\000r\000o\000d\000u\000c\000t\000i\000o\000n\000/\000m\000c\000c\000\137\000g\000e\000n\000e\000r\000a\000t\000e\000d\000\137\000f\000i\000l\000e\000s\000/\000u\000a\000r\000t\0001\000.\000p\0001\000.\000d\000\040\000F\000i\000l\000e\000\040\000R\000e\000f\000e\000r\000e\000n\000c\000e}{chapter.6}% 1107
\BOOKMARK [1][-]{section.6.72}{\376\377\0006\000.\0007\0002\000\040\000m\000a\000t\000e\000Q\0008\0004\000.\000X\000/\000b\000u\000i\000l\000d\000/\000d\000e\000f\000a\000u\000l\000t\000/\000p\000r\000o\000d\000u\000c\000t\000i\000o\000n\000/\000m\000c\000c\000\137\000g\000e\000n\000e\000r\000a\000t\000e\000d\000\137\000f\000i\000l\000e\000s\000/\000u\000a\000r\000t\0002\000.\000p\0001\000.\000d\000\040\000F\000i\000l\000e\000\040\000R\000e\000f\000e\000r\000e\000n\000c\000e}{chapter.6}% 1108
\BOOKMARK [1][-]{section.6.73}{\376\377\0006\000.\0007\0003\000\040\000m\000a\000t\000e\000Q\0008\0004\000.\000X\000/\000b\000u\000i\000l\000d\000/\000d\000e\000f\000a\000u\000l\000t\000/\000p\000r\000o\000d\000u\000c\000t\000i\000o\000n\000/\000m\000c\000c\000\137\000g\000e\000n\000e\000r\000a\000t\000e\000d\000\137\000f\000i\000l\000e\000s\000/\000u\000a\000r\000t\0005\000.\000p\0001\000.\000d\000\040\000F\000i\000l\000e\000\040\000R\000e\000f\000e\000r\000e\000n\000c\000e}{chapter.6}% 1109
\BOOKMARK [1][-]{section.6.74}{\376\377\0006\000.\0007\0004\000\040\000m\000a\000t\000e\000Q\0008\0004\000.\000X\000/\000b\000u\000i\000l\000d\000/\000d\000e\000f\000a\000u\000l\000t\000/\000p\000r\000o\000d\000u\000c\000t\000i\000o\000n\000/\000m\000x\000c\000m\000d\000.\000p\0001\000.\000d\000\040\000F\000i\000l\000e\000\040\000R\000e\000f\000e\000r\000e\000n\000c\000e}{chapter.6}% 1110
\BOOKMARK [1][-]{section.6.75}{\376\377\0006\000.\0007\0005\000\040\000m\000a\000t\000e\000Q\0008\0004\000.\000X\000/\000d\000i\000s\000t\000/\000d\000e\000f\000a\000u\000l\000t\000/\000p\000r\000o\000d\000u\000c\000t\000i\000o\000n\000/\000d\000o\000p\000r\000n\000t\000.\000d\000\040\000F\000i\000l\000e\000\040\000R\000e\000f\000e\000r\000e\000n\000c\000e}{chapter.6}% 1111
\BOOKMARK [1][-]{section.6.76}{\376\377\0006\000.\0007\0006\000\040\000m\000a\000t\000e\000Q\0008\0004\000.\000X\000/\000m\000c\000c\000\137\000g\000e\000n\000e\000r\000a\000t\000e\000d\000\137\000f\000i\000l\000e\000s\000/\000a\000d\000c\000.\000c\000\040\000F\000i\000l\000e\000\040\000R\000e\000f\000e\000r\000e\000n\000c\000e}{chapter.6}% 1112
\BOOKMARK [2][-]{subsection.6.76.1}{\376\377\0006\000.\0007\0006\000.\0001\000\040\000F\000u\000n\000c\000t\000i\000o\000n\000\040\000D\000o\000c\000u\000m\000e\000n\000t\000a\000t\000i\000o\000n}{section.6.76}% 1113
\BOOKMARK [3][-]{subsubsection.6.76.1.1}{\376\377\0006\000.\0007\0006\000.\0001\000.\0001\000\040\000\137\000\137\000i\000n\000t\000e\000r\000r\000u\000p\000t\000\050\000\051\000\040\000[\0001\000/\0003\000]}{subsection.6.76.1}% 1114
\BOOKMARK [3][-]{subsubsection.6.76.1.2}{\376\377\0006\000.\0007\0006\000.\0001\000.\0002\000\040\000\137\000\137\000i\000n\000t\000e\000r\000r\000u\000p\000t\000\050\000\051\000\040\000[\0002\000/\0003\000]}{subsection.6.76.1}% 1115
\BOOKMARK [3][-]{subsubsection.6.76.1.3}{\376\377\0006\000.\0007\0006\000.\0001\000.\0003\000\040\000\137\000\137\000i\000n\000t\000e\000r\000r\000u\000p\000t\000\050\000\051\000\040\000[\0003\000/\0003\000]}{subsection.6.76.1}% 1116
\BOOKMARK [1][-]{section.6.77}{\376\377\0006\000.\0007\0007\000\040\000m\000a\000t\000e\000Q\0008\0004\000.\000X\000/\000m\000c\000c\000\137\000g\000e\000n\000e\000r\000a\000t\000e\000d\000\137\000f\000i\000l\000e\000s\000/\000a\000d\000c\000.\000h\000\040\000F\000i\000l\000e\000\040\000R\000e\000f\000e\000r\000e\000n\000c\000e}{chapter.6}% 1117
\BOOKMARK [1][-]{section.6.78}{\376\377\0006\000.\0007\0008\000\040\000a\000d\000c\000.\000h}{chapter.6}% 1118
\BOOKMARK [1][-]{section.6.79}{\376\377\0006\000.\0007\0009\000\040\000m\000a\000t\000e\000Q\0008\0004\000.\000X\000/\000m\000c\000c\000\137\000g\000e\000n\000e\000r\000a\000t\000e\000d\000\137\000f\000i\000l\000e\000s\000/\000c\000a\000n\0001\000.\000c\000\040\000F\000i\000l\000e\000\040\000R\000e\000f\000e\000r\000e\000n\000c\000e}{chapter.6}% 1119
\BOOKMARK [2][-]{subsection.6.79.1}{\376\377\0006\000.\0007\0009\000.\0001\000\040\000M\000a\000c\000r\000o\000\040\000D\000e\000f\000i\000n\000i\000t\000i\000o\000n\000\040\000D\000o\000c\000u\000m\000e\000n\000t\000a\000t\000i\000o\000n}{section.6.79}% 1120
\BOOKMARK [3][-]{subsubsection.6.79.1.1}{\376\377\0006\000.\0007\0009\000.\0001\000.\0001\000\040\000B\000R\000S\000\137\000P\000O\000S\000N}{subsection.6.79.1}% 1121
\BOOKMARK [3][-]{subsubsection.6.79.1.2}{\376\377\0006\000.\0007\0009\000.\0001\000.\0002\000\040\000D\000L\000C\000T\000o\000P\000a\000y\000l\000o\000a\000d\000B\000y\000t\000e\000s}{subsection.6.79.1}% 1122
\BOOKMARK [3][-]{subsubsection.6.79.1.3}{\376\377\0006\000.\0007\0009\000.\0001\000.\0003\000\040\000E\000I\000D\000\137\000H\000I\000G\000H\000\137\000M\000A\000S\000K}{subsection.6.79.1}% 1123
\BOOKMARK [3][-]{subsubsection.6.79.1.4}{\376\377\0006\000.\0007\0009\000.\0001\000.\0004\000\040\000E\000I\000D\000\137\000H\000I\000G\000H\000\137\000W\000I\000D\000T\000H}{subsection.6.79.1}% 1124
\BOOKMARK [3][-]{subsubsection.6.79.1.5}{\376\377\0006\000.\0007\0009\000.\0001\000.\0005\000\040\000E\000I\000D\000\137\000L\000O\000W\000\137\000M\000A\000S\000K}{subsection.6.79.1}% 1125
\BOOKMARK [3][-]{subsubsection.6.79.1.6}{\376\377\0006\000.\0007\0009\000.\0001\000.\0006\000\040\000E\000I\000D\000\137\000L\000O\000W\000\137\000P\000O\000S\000N}{subsection.6.79.1}% 1126
\BOOKMARK [3][-]{subsubsection.6.79.1.7}{\376\377\0006\000.\0007\0009\000.\0001\000.\0007\000\040\000E\000I\000D\000\137\000L\000O\000W\000\137\000W\000I\000D\000T\000H}{subsection.6.79.1}% 1127
\BOOKMARK [3][-]{subsubsection.6.79.1.8}{\376\377\0006\000.\0007\0009\000.\0001\000.\0008\000\040\000E\000I\000D\000\137\000M\000I\000D\000\137\000W\000I\000D\000T\000H}{subsection.6.79.1}% 1128
\BOOKMARK [3][-]{subsubsection.6.79.1.9}{\376\377\0006\000.\0007\0009\000.\0001\000.\0009\000\040\000F\000D\000F\000\137\000P\000O\000S\000N}{subsection.6.79.1}% 1129
\BOOKMARK [3][-]{subsubsection.6.79.1.10}{\376\377\0006\000.\0007\0009\000.\0001\000.\0001\0000\000\040\000I\000D\000E\000\137\000P\000O\000S\000N}{subsection.6.79.1}% 1130
\BOOKMARK [3][-]{subsubsection.6.79.1.11}{\376\377\0006\000.\0007\0009\000.\0001\000.\0001\0001\000\040\000N\000U\000M\000\137\000O\000F\000\137\000R\000X\000\137\000F\000I\000F\000O}{subsection.6.79.1}% 1131
\BOOKMARK [3][-]{subsubsection.6.79.1.12}{\376\377\0006\000.\0007\0009\000.\0001\000.\0001\0002\000\040\000P\000L\000S\000I\000Z\000E\000T\000o\000P\000a\000y\000l\000o\000a\000d\000B\000y\000t\000e\000s}{subsection.6.79.1}% 1132
\BOOKMARK [3][-]{subsubsection.6.79.1.13}{\376\377\0006\000.\0007\0009\000.\0001\000.\0001\0003\000\040\000R\000T\000R\000\137\000P\000O\000S\000N}{subsection.6.79.1}% 1133
\BOOKMARK [3][-]{subsubsection.6.79.1.14}{\376\377\0006\000.\0007\0009\000.\0001\000.\0001\0004\000\040\000R\000X\000\137\000F\000I\000F\000O\000\137\000M\000S\000G\000\137\000D\000A\000T\000A}{subsection.6.79.1}% 1134
\BOOKMARK [3][-]{subsubsection.6.79.1.15}{\376\377\0006\000.\0007\0009\000.\0001\000.\0001\0005\000\040\000S\000I\000D\000\137\000H\000I\000G\000H\000\137\000M\000A\000S\000K}{subsection.6.79.1}% 1135
\BOOKMARK [3][-]{subsubsection.6.79.1.16}{\376\377\0006\000.\0007\0009\000.\0001\000.\0001\0006\000\040\000S\000I\000D\000\137\000L\000O\000W\000\137\000W\000I\000D\000T\000H}{subsection.6.79.1}% 1136
\BOOKMARK [2][-]{subsection.6.79.2}{\376\377\0006\000.\0007\0009\000.\0002\000\040\000E\000n\000u\000m\000e\000r\000a\000t\000i\000o\000n\000\040\000T\000y\000p\000e\000\040\000D\000o\000c\000u\000m\000e\000n\000t\000a\000t\000i\000o\000n}{section.6.79}% 1137
\BOOKMARK [3][-]{subsubsection.6.79.2.1}{\376\377\0006\000.\0007\0009\000.\0002\000.\0001\000\040\000C\000A\000N\000\137\000R\000X\000\137\000F\000I\000F\000O\000\137\000S\000T\000A\000T\000U\000S}{subsection.6.79.2}% 1138
\BOOKMARK [2][-]{subsection.6.79.3}{\376\377\0006\000.\0007\0009\000.\0003\000\040\000F\000u\000n\000c\000t\000i\000o\000n\000\040\000D\000o\000c\000u\000m\000e\000n\000t\000a\000t\000i\000o\000n}{section.6.79}% 1139
\BOOKMARK [3][-]{subsubsection.6.79.3.1}{\376\377\0006\000.\0007\0009\000.\0003\000.\0001\000\040\000\137\000\137\000i\000n\000t\000e\000r\000r\000u\000p\000t\000\050\000\051\000\040\000[\0001\000/\0003\000]}{subsection.6.79.3}% 1140
\BOOKMARK [3][-]{subsubsection.6.79.3.2}{\376\377\0006\000.\0007\0009\000.\0003\000.\0002\000\040\000\137\000\137\000i\000n\000t\000e\000r\000r\000u\000p\000t\000\050\000\051\000\040\000[\0002\000/\0003\000]}{subsection.6.79.3}% 1141
\BOOKMARK [3][-]{subsubsection.6.79.3.3}{\376\377\0006\000.\0007\0009\000.\0003\000.\0003\000\040\000\137\000\137\000i\000n\000t\000e\000r\000r\000u\000p\000t\000\050\000\051\000\040\000[\0003\000/\0003\000]}{subsection.6.79.3}% 1142
\BOOKMARK [3][-]{subsubsection.6.79.3.4}{\376\377\0006\000.\0007\0009\000.\0003\000.\0004\000\040\000C\000A\000N\0001\000\137\000I\000n\000i\000t\000i\000a\000l\000i\000z\000e\000\050\000\051}{subsection.6.79.3}% 1143
\BOOKMARK [3][-]{subsubsection.6.79.3.5}{\376\377\0006\000.\0007\0009\000.\0003\000.\0005\000\040\000C\000A\000N\0001\000\137\000I\000s\000B\000u\000s\000O\000f\000f\000\050\000\051}{subsection.6.79.3}% 1144
\BOOKMARK [3][-]{subsubsection.6.79.3.6}{\376\377\0006\000.\0007\0009\000.\0003\000.\0006\000\040\000C\000A\000N\0001\000\137\000I\000s\000R\000x\000E\000r\000r\000o\000r\000A\000c\000t\000i\000v\000e\000\050\000\051}{subsection.6.79.3}% 1145
\BOOKMARK [3][-]{subsubsection.6.79.3.7}{\376\377\0006\000.\0007\0009\000.\0003\000.\0007\000\040\000C\000A\000N\0001\000\137\000I\000s\000R\000x\000E\000r\000r\000o\000r\000P\000a\000s\000s\000i\000v\000e\000\050\000\051}{subsection.6.79.3}% 1146
\BOOKMARK [3][-]{subsubsection.6.79.3.8}{\376\377\0006\000.\0007\0009\000.\0003\000.\0008\000\040\000C\000A\000N\0001\000\137\000I\000s\000R\000x\000E\000r\000r\000o\000r\000W\000a\000r\000n\000i\000n\000g\000\050\000\051}{subsection.6.79.3}% 1147
\BOOKMARK [3][-]{subsubsection.6.79.3.9}{\376\377\0006\000.\0007\0009\000.\0003\000.\0009\000\040\000C\000A\000N\0001\000\137\000I\000s\000T\000x\000E\000r\000r\000o\000r\000A\000c\000t\000i\000v\000e\000\050\000\051}{subsection.6.79.3}% 1148
\BOOKMARK [3][-]{subsubsection.6.79.3.10}{\376\377\0006\000.\0007\0009\000.\0003\000.\0001\0000\000\040\000C\000A\000N\0001\000\137\000I\000s\000T\000x\000E\000r\000r\000o\000r\000P\000a\000s\000s\000i\000v\000e\000\050\000\051}{subsection.6.79.3}% 1149
\BOOKMARK [3][-]{subsubsection.6.79.3.11}{\376\377\0006\000.\0007\0009\000.\0003\000.\0001\0001\000\040\000C\000A\000N\0001\000\137\000I\000s\000T\000x\000E\000r\000r\000o\000r\000W\000a\000r\000n\000i\000n\000g\000\050\000\051}{subsection.6.79.3}% 1150
\BOOKMARK [3][-]{subsubsection.6.79.3.12}{\376\377\0006\000.\0007\0009\000.\0003\000.\0001\0002\000\040\000C\000A\000N\0001\000\137\000O\000p\000e\000r\000a\000t\000i\000o\000n\000M\000o\000d\000e\000G\000e\000t\000\050\000\051}{subsection.6.79.3}% 1151
\BOOKMARK [3][-]{subsubsection.6.79.3.13}{\376\377\0006\000.\0007\0009\000.\0003\000.\0001\0003\000\040\000C\000A\000N\0001\000\137\000O\000p\000e\000r\000a\000t\000i\000o\000n\000M\000o\000d\000e\000S\000e\000t\000\050\000\051}{subsection.6.79.3}% 1152
\BOOKMARK [3][-]{subsubsection.6.79.3.14}{\376\377\0006\000.\0007\0009\000.\0003\000.\0001\0004\000\040\000C\000A\000N\0001\000\137\000R\000e\000c\000e\000i\000v\000e\000\050\000\051}{subsection.6.79.3}% 1153
\BOOKMARK [3][-]{subsubsection.6.79.3.15}{\376\377\0006\000.\0007\0009\000.\0003\000.\0001\0005\000\040\000C\000A\000N\0001\000\137\000R\000e\000c\000e\000i\000v\000e\000d\000M\000e\000s\000s\000a\000g\000e\000C\000o\000u\000n\000t\000G\000e\000t\000\050\000\051}{subsection.6.79.3}% 1154
\BOOKMARK [3][-]{subsubsection.6.79.3.16}{\376\377\0006\000.\0007\0009\000.\0003\000.\0001\0006\000\040\000C\000A\000N\0001\000\137\000R\000e\000c\000e\000i\000v\000e\000F\000r\000o\000m\000\050\000\051}{subsection.6.79.3}% 1155
\BOOKMARK [3][-]{subsubsection.6.79.3.17}{\376\377\0006\000.\0007\0009\000.\0003\000.\0001\0007\000\040\000C\000A\000N\0001\000\137\000R\000X\000\137\000F\000I\000F\000O\000\137\000R\000e\000s\000e\000t\000I\000n\000f\000o\000\050\000\051}{subsection.6.79.3}% 1156
\BOOKMARK [3][-]{subsubsection.6.79.3.18}{\376\377\0006\000.\0007\0009\000.\0003\000.\0001\0008\000\040\000C\000A\000N\0001\000\137\000S\000e\000t\000B\000u\000s\000E\000r\000r\000o\000r\000I\000n\000t\000e\000r\000r\000u\000p\000t\000H\000a\000n\000d\000l\000e\000r\000\050\000\051}{subsection.6.79.3}% 1157
\BOOKMARK [3][-]{subsubsection.6.79.3.19}{\376\377\0006\000.\0007\0009\000.\0003\000.\0001\0009\000\040\000C\000A\000N\0001\000\137\000S\000e\000t\000B\000u\000s\000W\000a\000k\000e\000U\000p\000A\000c\000t\000i\000v\000i\000t\000y\000I\000n\000t\000e\000r\000r\000u\000p\000t\000H\000a\000n\000d\000l\000e\000r\000\050\000\051}{subsection.6.79.3}% 1158
\BOOKMARK [3][-]{subsubsection.6.79.3.20}{\376\377\0006\000.\0007\0009\000.\0003\000.\0002\0000\000\040\000C\000A\000N\0001\000\137\000S\000e\000t\000F\000I\000F\000O\0001\000N\000o\000t\000E\000m\000p\000t\000y\000H\000a\000n\000d\000l\000e\000r\000\050\000\051}{subsection.6.79.3}% 1159
\BOOKMARK [3][-]{subsubsection.6.79.3.21}{\376\377\0006\000.\0007\0009\000.\0003\000.\0002\0001\000\040\000C\000A\000N\0001\000\137\000S\000e\000t\000I\000n\000v\000a\000l\000i\000d\000M\000e\000s\000s\000a\000g\000e\000I\000n\000t\000e\000r\000r\000u\000p\000t\000H\000a\000n\000d\000l\000e\000r\000\050\000\051}{subsection.6.79.3}% 1160
\BOOKMARK [3][-]{subsubsection.6.79.3.22}{\376\377\0006\000.\0007\0009\000.\0003\000.\0002\0002\000\040\000C\000A\000N\0001\000\137\000S\000e\000t\000M\000o\000d\000e\000C\000h\000a\000n\000g\000e\000I\000n\000t\000e\000r\000r\000u\000p\000t\000H\000a\000n\000d\000l\000e\000r\000\050\000\051}{subsection.6.79.3}% 1161
\BOOKMARK [3][-]{subsubsection.6.79.3.23}{\376\377\0006\000.\0007\0009\000.\0003\000.\0002\0003\000\040\000C\000A\000N\0001\000\137\000S\000e\000t\000R\000x\000B\000u\000f\000f\000e\000r\000O\000v\000e\000r\000F\000l\000o\000w\000I\000n\000t\000e\000r\000r\000u\000p\000t\000H\000a\000n\000d\000l\000e\000r\000\050\000\051}{subsection.6.79.3}% 1162
\BOOKMARK [3][-]{subsubsection.6.79.3.24}{\376\377\0006\000.\0007\0009\000.\0003\000.\0002\0004\000\040\000C\000A\000N\0001\000\137\000S\000e\000t\000S\000y\000s\000t\000e\000m\000E\000r\000r\000o\000r\000I\000n\000t\000e\000r\000r\000u\000p\000t\000H\000a\000n\000d\000l\000e\000r\000\050\000\051}{subsection.6.79.3}% 1163
\BOOKMARK [3][-]{subsubsection.6.79.3.25}{\376\377\0006\000.\0007\0009\000.\0003\000.\0002\0005\000\040\000C\000A\000N\0001\000\137\000S\000e\000t\000T\000x\000A\000t\000t\000e\000m\000p\000t\000I\000n\000t\000e\000r\000r\000u\000p\000t\000H\000a\000n\000d\000l\000e\000r\000\050\000\051}{subsection.6.79.3}% 1164
\BOOKMARK [3][-]{subsubsection.6.79.3.26}{\376\377\0006\000.\0007\0009\000.\0003\000.\0002\0006\000\040\000C\000A\000N\0001\000\137\000S\000e\000t\000T\000X\000Q\000N\000o\000t\000F\000u\000l\000l\000H\000a\000n\000d\000l\000e\000r\000\050\000\051}{subsection.6.79.3}% 1165
\BOOKMARK [3][-]{subsubsection.6.79.3.27}{\376\377\0006\000.\0007\0009\000.\0003\000.\0002\0007\000\040\000C\000A\000N\0001\000\137\000S\000l\000e\000e\000p\000\050\000\051}{subsection.6.79.3}% 1166
\BOOKMARK [3][-]{subsubsection.6.79.3.28}{\376\377\0006\000.\0007\0009\000.\0003\000.\0002\0008\000\040\000C\000A\000N\0001\000\137\000T\000r\000a\000n\000s\000m\000i\000t\000\050\000\051}{subsection.6.79.3}% 1167
\BOOKMARK [3][-]{subsubsection.6.79.3.29}{\376\377\0006\000.\0007\0009\000.\0003\000.\0002\0009\000\040\000C\000A\000N\0001\000\137\000T\000r\000a\000n\000s\000m\000i\000t\000F\000I\000F\000O\000S\000t\000a\000t\000u\000s\000G\000e\000t\000\050\000\051}{subsection.6.79.3}% 1168
\BOOKMARK [1][-]{section.6.80}{\376\377\0006\000.\0008\0000\000\040\000m\000a\000t\000e\000Q\0008\0004\000.\000X\000/\000m\000c\000c\000\137\000g\000e\000n\000e\000r\000a\000t\000e\000d\000\137\000f\000i\000l\000e\000s\000/\000c\000a\000n\0001\000.\000h\000\040\000F\000i\000l\000e\000\040\000R\000e\000f\000e\000r\000e\000n\000c\000e}{chapter.6}% 1169
\BOOKMARK [2][-]{subsection.6.80.1}{\376\377\0006\000.\0008\0000\000.\0001\000\040\000M\000a\000c\000r\000o\000\040\000D\000e\000f\000i\000n\000i\000t\000i\000o\000n\000\040\000D\000o\000c\000u\000m\000e\000n\000t\000a\000t\000i\000o\000n}{section.6.80}% 1170
\BOOKMARK [3][-]{subsubsection.6.80.1.1}{\376\377\0006\000.\0008\0000\000.\0001\000.\0001\000\040\000C\000A\000N\0001\000\137\000T\000X\000\137\000F\000I\000F\000O\0002}{subsection.6.80.1}% 1171
\BOOKMARK [3][-]{subsubsection.6.80.1.2}{\376\377\0006\000.\0008\0000\000.\0001\000.\0002\000\040\000C\000A\000N\0001\000\137\000T\000X\000\137\000F\000I\000F\000O\0003}{subsection.6.80.1}% 1172
\BOOKMARK [3][-]{subsubsection.6.80.1.3}{\376\377\0006\000.\0008\0000\000.\0001\000.\0003\000\040\000C\000A\000N\0001\000\137\000T\000X\000\137\000T\000X\000Q}{subsection.6.80.1}% 1173
\BOOKMARK [2][-]{subsection.6.80.2}{\376\377\0006\000.\0008\0000\000.\0002\000\040\000E\000n\000u\000m\000e\000r\000a\000t\000i\000o\000n\000\040\000T\000y\000p\000e\000\040\000D\000o\000c\000u\000m\000e\000n\000t\000a\000t\000i\000o\000n}{section.6.80}% 1174
\BOOKMARK [3][-]{subsubsection.6.80.2.1}{\376\377\0006\000.\0008\0000\000.\0002\000.\0001\000\040\000C\000A\000N\0001\000\137\000R\000X\000\137\000F\000I\000F\000O\000\137\000C\000H\000A\000N\000N\000E\000L\000S}{subsection.6.80.2}% 1175
\BOOKMARK [3][-]{subsubsection.6.80.2.2}{\376\377\0006\000.\0008\0000\000.\0002\000.\0002\000\040\000C\000A\000N\0001\000\137\000T\000X\000\137\000F\000I\000F\000O\000\137\000C\000H\000A\000N\000N\000E\000L\000S}{subsection.6.80.2}% 1176
\BOOKMARK [2][-]{subsection.6.80.3}{\376\377\0006\000.\0008\0000\000.\0003\000\040\000F\000u\000n\000c\000t\000i\000o\000n\000\040\000D\000o\000c\000u\000m\000e\000n\000t\000a\000t\000i\000o\000n}{section.6.80}% 1177
\BOOKMARK [3][-]{subsubsection.6.80.3.1}{\376\377\0006\000.\0008\0000\000.\0003\000.\0001\000\040\000C\000A\000N\0001\000\137\000I\000n\000i\000t\000i\000a\000l\000i\000z\000e\000\050\000\051}{subsection.6.80.3}% 1178
\BOOKMARK [3][-]{subsubsection.6.80.3.2}{\376\377\0006\000.\0008\0000\000.\0003\000.\0002\000\040\000C\000A\000N\0001\000\137\000I\000s\000B\000u\000s\000O\000f\000f\000\050\000\051}{subsection.6.80.3}% 1179
\BOOKMARK [3][-]{subsubsection.6.80.3.3}{\376\377\0006\000.\0008\0000\000.\0003\000.\0003\000\040\000C\000A\000N\0001\000\137\000I\000s\000R\000x\000E\000r\000r\000o\000r\000A\000c\000t\000i\000v\000e\000\050\000\051}{subsection.6.80.3}% 1180
\BOOKMARK [3][-]{subsubsection.6.80.3.4}{\376\377\0006\000.\0008\0000\000.\0003\000.\0004\000\040\000C\000A\000N\0001\000\137\000I\000s\000R\000x\000E\000r\000r\000o\000r\000P\000a\000s\000s\000i\000v\000e\000\050\000\051}{subsection.6.80.3}% 1181
\BOOKMARK [3][-]{subsubsection.6.80.3.5}{\376\377\0006\000.\0008\0000\000.\0003\000.\0005\000\040\000C\000A\000N\0001\000\137\000I\000s\000R\000x\000E\000r\000r\000o\000r\000W\000a\000r\000n\000i\000n\000g\000\050\000\051}{subsection.6.80.3}% 1182
\BOOKMARK [3][-]{subsubsection.6.80.3.6}{\376\377\0006\000.\0008\0000\000.\0003\000.\0006\000\040\000C\000A\000N\0001\000\137\000I\000s\000T\000x\000E\000r\000r\000o\000r\000A\000c\000t\000i\000v\000e\000\050\000\051}{subsection.6.80.3}% 1183
\BOOKMARK [3][-]{subsubsection.6.80.3.7}{\376\377\0006\000.\0008\0000\000.\0003\000.\0007\000\040\000C\000A\000N\0001\000\137\000I\000s\000T\000x\000E\000r\000r\000o\000r\000P\000a\000s\000s\000i\000v\000e\000\050\000\051}{subsection.6.80.3}% 1184
\BOOKMARK [3][-]{subsubsection.6.80.3.8}{\376\377\0006\000.\0008\0000\000.\0003\000.\0008\000\040\000C\000A\000N\0001\000\137\000I\000s\000T\000x\000E\000r\000r\000o\000r\000W\000a\000r\000n\000i\000n\000g\000\050\000\051}{subsection.6.80.3}% 1185
\BOOKMARK [3][-]{subsubsection.6.80.3.9}{\376\377\0006\000.\0008\0000\000.\0003\000.\0009\000\040\000C\000A\000N\0001\000\137\000O\000p\000e\000r\000a\000t\000i\000o\000n\000M\000o\000d\000e\000G\000e\000t\000\050\000\051}{subsection.6.80.3}% 1186
\BOOKMARK [3][-]{subsubsection.6.80.3.10}{\376\377\0006\000.\0008\0000\000.\0003\000.\0001\0000\000\040\000C\000A\000N\0001\000\137\000O\000p\000e\000r\000a\000t\000i\000o\000n\000M\000o\000d\000e\000S\000e\000t\000\050\000\051}{subsection.6.80.3}% 1187
\BOOKMARK [3][-]{subsubsection.6.80.3.11}{\376\377\0006\000.\0008\0000\000.\0003\000.\0001\0001\000\040\000C\000A\000N\0001\000\137\000R\000e\000c\000e\000i\000v\000e\000\050\000\051}{subsection.6.80.3}% 1188
\BOOKMARK [3][-]{subsubsection.6.80.3.12}{\376\377\0006\000.\0008\0000\000.\0003\000.\0001\0002\000\040\000C\000A\000N\0001\000\137\000R\000e\000c\000e\000i\000v\000e\000d\000M\000e\000s\000s\000a\000g\000e\000C\000o\000u\000n\000t\000G\000e\000t\000\050\000\051}{subsection.6.80.3}% 1189
\BOOKMARK [3][-]{subsubsection.6.80.3.13}{\376\377\0006\000.\0008\0000\000.\0003\000.\0001\0003\000\040\000C\000A\000N\0001\000\137\000R\000e\000c\000e\000i\000v\000e\000F\000r\000o\000m\000\050\000\051}{subsection.6.80.3}% 1190
\BOOKMARK [3][-]{subsubsection.6.80.3.14}{\376\377\0006\000.\0008\0000\000.\0003\000.\0001\0004\000\040\000C\000A\000N\0001\000\137\000S\000e\000t\000B\000u\000s\000E\000r\000r\000o\000r\000I\000n\000t\000e\000r\000r\000u\000p\000t\000H\000a\000n\000d\000l\000e\000r\000\050\000\051}{subsection.6.80.3}% 1191
\BOOKMARK [3][-]{subsubsection.6.80.3.15}{\376\377\0006\000.\0008\0000\000.\0003\000.\0001\0005\000\040\000C\000A\000N\0001\000\137\000S\000e\000t\000B\000u\000s\000W\000a\000k\000e\000U\000p\000A\000c\000t\000i\000v\000i\000t\000y\000I\000n\000t\000e\000r\000r\000u\000p\000t\000H\000a\000n\000d\000l\000e\000r\000\050\000\051}{subsection.6.80.3}% 1192
\BOOKMARK [3][-]{subsubsection.6.80.3.16}{\376\377\0006\000.\0008\0000\000.\0003\000.\0001\0006\000\040\000C\000A\000N\0001\000\137\000S\000e\000t\000F\000I\000F\000O\0001\000N\000o\000t\000E\000m\000p\000t\000y\000H\000a\000n\000d\000l\000e\000r\000\050\000\051}{subsection.6.80.3}% 1193
\BOOKMARK [3][-]{subsubsection.6.80.3.17}{\376\377\0006\000.\0008\0000\000.\0003\000.\0001\0007\000\040\000C\000A\000N\0001\000\137\000S\000e\000t\000F\000I\000F\000O\0002\000n\000u\000l\000l\000H\000a\000n\000d\000l\000e\000r\000\050\000\051}{subsection.6.80.3}% 1194
\BOOKMARK [3][-]{subsubsection.6.80.3.18}{\376\377\0006\000.\0008\0000\000.\0003\000.\0001\0008\000\040\000C\000A\000N\0001\000\137\000S\000e\000t\000F\000I\000F\000O\0003\000n\000u\000l\000l\000H\000a\000n\000d\000l\000e\000r\000\050\000\051}{subsection.6.80.3}% 1195
\BOOKMARK [3][-]{subsubsection.6.80.3.19}{\376\377\0006\000.\0008\0000\000.\0003\000.\0001\0009\000\040\000C\000A\000N\0001\000\137\000S\000e\000t\000I\000n\000v\000a\000l\000i\000d\000M\000e\000s\000s\000a\000g\000e\000I\000n\000t\000e\000r\000r\000u\000p\000t\000H\000a\000n\000d\000l\000e\000r\000\050\000\051}{subsection.6.80.3}% 1196
\BOOKMARK [3][-]{subsubsection.6.80.3.20}{\376\377\0006\000.\0008\0000\000.\0003\000.\0002\0000\000\040\000C\000A\000N\0001\000\137\000S\000e\000t\000M\000o\000d\000e\000C\000h\000a\000n\000g\000e\000I\000n\000t\000e\000r\000r\000u\000p\000t\000H\000a\000n\000d\000l\000e\000r\000\050\000\051}{subsection.6.80.3}% 1197
\BOOKMARK [3][-]{subsubsection.6.80.3.21}{\376\377\0006\000.\0008\0000\000.\0003\000.\0002\0001\000\040\000C\000A\000N\0001\000\137\000S\000e\000t\000R\000x\000B\000u\000f\000f\000e\000r\000O\000v\000e\000r\000F\000l\000o\000w\000I\000n\000t\000e\000r\000r\000u\000p\000t\000H\000a\000n\000d\000l\000e\000r\000\050\000\051}{subsection.6.80.3}% 1198
\BOOKMARK [3][-]{subsubsection.6.80.3.22}{\376\377\0006\000.\0008\0000\000.\0003\000.\0002\0002\000\040\000C\000A\000N\0001\000\137\000S\000e\000t\000S\000y\000s\000t\000e\000m\000E\000r\000r\000o\000r\000I\000n\000t\000e\000r\000r\000u\000p\000t\000H\000a\000n\000d\000l\000e\000r\000\050\000\051}{subsection.6.80.3}% 1199
\BOOKMARK [3][-]{subsubsection.6.80.3.23}{\376\377\0006\000.\0008\0000\000.\0003\000.\0002\0003\000\040\000C\000A\000N\0001\000\137\000S\000e\000t\000T\000x\000A\000t\000t\000e\000m\000p\000t\000I\000n\000t\000e\000r\000r\000u\000p\000t\000H\000a\000n\000d\000l\000e\000r\000\050\000\051}{subsection.6.80.3}% 1200
\BOOKMARK [3][-]{subsubsection.6.80.3.24}{\376\377\0006\000.\0008\0000\000.\0003\000.\0002\0004\000\040\000C\000A\000N\0001\000\137\000S\000e\000t\000T\000X\000Q\000N\000o\000t\000F\000u\000l\000l\000H\000a\000n\000d\000l\000e\000r\000\050\000\051}{subsection.6.80.3}% 1201
\BOOKMARK [3][-]{subsubsection.6.80.3.25}{\376\377\0006\000.\0008\0000\000.\0003\000.\0002\0005\000\040\000C\000A\000N\0001\000\137\000S\000l\000e\000e\000p\000\050\000\051}{subsection.6.80.3}% 1202
\BOOKMARK [3][-]{subsubsection.6.80.3.26}{\376\377\0006\000.\0008\0000\000.\0003\000.\0002\0006\000\040\000C\000A\000N\0001\000\137\000T\000r\000a\000n\000s\000m\000i\000t\000\050\000\051}{subsection.6.80.3}% 1203
\BOOKMARK [3][-]{subsubsection.6.80.3.27}{\376\377\0006\000.\0008\0000\000.\0003\000.\0002\0007\000\040\000C\000A\000N\0001\000\137\000T\000r\000a\000n\000s\000m\000i\000t\000F\000I\000F\000O\000S\000t\000a\000t\000u\000s\000G\000e\000t\000\050\000\051}{subsection.6.80.3}% 1204
\BOOKMARK [1][-]{section.6.81}{\376\377\0006\000.\0008\0001\000\040\000c\000a\000n\0001\000.\000h}{chapter.6}% 1205
\BOOKMARK [1][-]{section.6.82}{\376\377\0006\000.\0008\0002\000\040\000m\000a\000t\000e\000Q\0008\0004\000.\000X\000/\000m\000c\000c\000\137\000g\000e\000n\000e\000r\000a\000t\000e\000d\000\137\000f\000i\000l\000e\000s\000/\000c\000a\000n\000\137\000t\000y\000p\000e\000s\000.\000h\000\040\000F\000i\000l\000e\000\040\000R\000e\000f\000e\000r\000e\000n\000c\000e}{chapter.6}% 1206
\BOOKMARK [2][-]{subsection.6.82.1}{\376\377\0006\000.\0008\0002\000.\0001\000\040\000E\000n\000u\000m\000e\000r\000a\000t\000i\000o\000n\000\040\000T\000y\000p\000e\000\040\000D\000o\000c\000u\000m\000e\000n\000t\000a\000t\000i\000o\000n}{section.6.82}% 1207
\BOOKMARK [3][-]{subsubsection.6.82.1.1}{\376\377\0006\000.\0008\0002\000.\0001\000.\0001\000\040\000C\000A\000N\000\137\000D\000L\000C}{subsection.6.82.1}% 1208
\BOOKMARK [3][-]{subsubsection.6.82.1.2}{\376\377\0006\000.\0008\0002\000.\0001\000.\0002\000\040\000C\000A\000N\000\137\000M\000S\000G\000\137\000O\000B\000J\000\137\000B\000R\000S\000\137\000M\000O\000D\000E}{subsection.6.82.1}% 1209
\BOOKMARK [3][-]{subsubsection.6.82.1.3}{\376\377\0006\000.\0008\0002\000.\0001\000.\0003\000\040\000C\000A\000N\000\137\000M\000S\000G\000\137\000O\000B\000J\000\137\000F\000R\000A\000M\000E\000\137\000T\000Y\000P\000E}{subsection.6.82.1}% 1210
\BOOKMARK [3][-]{subsubsection.6.82.1.4}{\376\377\0006\000.\0008\0002\000.\0001\000.\0004\000\040\000C\000A\000N\000\137\000M\000S\000G\000\137\000O\000B\000J\000\137\000I\000D\000\137\000T\000Y\000P\000E}{subsection.6.82.1}% 1211
\BOOKMARK [3][-]{subsubsection.6.82.1.5}{\376\377\0006\000.\0008\0002\000.\0001\000.\0005\000\040\000C\000A\000N\000\137\000M\000S\000G\000\137\000O\000B\000J\000\137\000T\000Y\000P\000E}{subsection.6.82.1}% 1212
\BOOKMARK [3][-]{subsubsection.6.82.1.6}{\376\377\0006\000.\0008\0002\000.\0001\000.\0006\000\040\000C\000A\000N\000\137\000O\000P\000\137\000M\000O\000D\000E\000\137\000S\000T\000A\000T\000U\000S}{subsection.6.82.1}% 1213
\BOOKMARK [3][-]{subsubsection.6.82.1.7}{\376\377\0006\000.\0008\0002\000.\0001\000.\0007\000\040\000C\000A\000N\000\137\000O\000P\000\137\000M\000O\000D\000E\000S}{subsection.6.82.1}% 1214
\BOOKMARK [3][-]{subsubsection.6.82.1.8}{\376\377\0006\000.\0008\0002\000.\0001\000.\0008\000\040\000C\000A\000N\000\137\000T\000X\000\137\000F\000I\000F\000O\000\137\000S\000T\000A\000T\000U\000S}{subsection.6.82.1}% 1215
\BOOKMARK [3][-]{subsubsection.6.82.1.9}{\376\377\0006\000.\0008\0002\000.\0001\000.\0009\000\040\000C\000A\000N\000\137\000T\000X\000\137\000M\000S\000G\000\137\000R\000E\000Q\000U\000E\000S\000T\000\137\000S\000T\000A\000T\000U\000S}{subsection.6.82.1}% 1216
\BOOKMARK [1][-]{section.6.83}{\376\377\0006\000.\0008\0003\000\040\000c\000a\000n\000\137\000t\000y\000p\000e\000s\000.\000h}{chapter.6}% 1217
\BOOKMARK [1][-]{section.6.84}{\376\377\0006\000.\0008\0004\000\040\000m\000a\000t\000e\000Q\0008\0004\000.\000X\000/\000m\000c\000c\000\137\000g\000e\000n\000e\000r\000a\000t\000e\000d\000\137\000f\000i\000l\000e\000s\000/\000c\000l\000c\0007\000.\000c\000\040\000F\000i\000l\000e\000\040\000R\000e\000f\000e\000r\000e\000n\000c\000e}{chapter.6}% 1218
\BOOKMARK [2][-]{subsection.6.84.1}{\376\377\0006\000.\0008\0004\000.\0001\000\040\000F\000u\000n\000c\000t\000i\000o\000n\000\040\000D\000o\000c\000u\000m\000e\000n\000t\000a\000t\000i\000o\000n}{section.6.84}% 1219
\BOOKMARK [3][-]{subsubsection.6.84.1.1}{\376\377\0006\000.\0008\0004\000.\0001\000.\0001\000\040\000C\000L\000C\0007\000\137\000I\000n\000i\000t\000i\000a\000l\000i\000z\000e\000\050\000\051}{subsection.6.84.1}% 1220
\BOOKMARK [3][-]{subsubsection.6.84.1.2}{\376\377\0006\000.\0008\0004\000.\0001\000.\0002\000\040\000C\000L\000C\0007\000\137\000O\000u\000t\000p\000u\000t\000S\000t\000a\000t\000u\000s\000G\000e\000t\000\050\000\051}{subsection.6.84.1}% 1221
\BOOKMARK [1][-]{section.6.85}{\376\377\0006\000.\0008\0005\000\040\000m\000a\000t\000e\000Q\0008\0004\000.\000X\000/\000m\000c\000c\000\137\000g\000e\000n\000e\000r\000a\000t\000e\000d\000\137\000f\000i\000l\000e\000s\000/\000c\000l\000c\0007\000.\000h\000\040\000F\000i\000l\000e\000\040\000R\000e\000f\000e\000r\000e\000n\000c\000e}{chapter.6}% 1222
\BOOKMARK [2][-]{subsection.6.85.1}{\376\377\0006\000.\0008\0005\000.\0001\000\040\000F\000u\000n\000c\000t\000i\000o\000n\000\040\000D\000o\000c\000u\000m\000e\000n\000t\000a\000t\000i\000o\000n}{section.6.85}% 1223
\BOOKMARK [3][-]{subsubsection.6.85.1.1}{\376\377\0006\000.\0008\0005\000.\0001\000.\0001\000\040\000C\000L\000C\0007\000\137\000I\000n\000i\000t\000i\000a\000l\000i\000z\000e\000\050\000\051}{subsection.6.85.1}% 1224
\BOOKMARK [3][-]{subsubsection.6.85.1.2}{\376\377\0006\000.\0008\0005\000.\0001\000.\0002\000\040\000C\000L\000C\0007\000\137\000O\000u\000t\000p\000u\000t\000S\000t\000a\000t\000u\000s\000G\000e\000t\000\050\000\051}{subsection.6.85.1}% 1225
\BOOKMARK [1][-]{section.6.86}{\376\377\0006\000.\0008\0006\000\040\000c\000l\000c\0007\000.\000h}{chapter.6}% 1226
\BOOKMARK [1][-]{section.6.87}{\376\377\0006\000.\0008\0007\000\040\000m\000a\000t\000e\000Q\0008\0004\000.\000X\000/\000m\000c\000c\000\137\000g\000e\000n\000e\000r\000a\000t\000e\000d\000\137\000f\000i\000l\000e\000s\000/\000c\000l\000c\0008\000.\000c\000\040\000F\000i\000l\000e\000\040\000R\000e\000f\000e\000r\000e\000n\000c\000e}{chapter.6}% 1227
\BOOKMARK [2][-]{subsection.6.87.1}{\376\377\0006\000.\0008\0007\000.\0001\000\040\000F\000u\000n\000c\000t\000i\000o\000n\000\040\000D\000o\000c\000u\000m\000e\000n\000t\000a\000t\000i\000o\000n}{section.6.87}% 1228
\BOOKMARK [3][-]{subsubsection.6.87.1.1}{\376\377\0006\000.\0008\0007\000.\0001\000.\0001\000\040\000C\000L\000C\0008\000\137\000I\000n\000i\000t\000i\000a\000l\000i\000z\000e\000\050\000\051}{subsection.6.87.1}% 1229
\BOOKMARK [3][-]{subsubsection.6.87.1.2}{\376\377\0006\000.\0008\0007\000.\0001\000.\0002\000\040\000C\000L\000C\0008\000\137\000O\000u\000t\000p\000u\000t\000S\000t\000a\000t\000u\000s\000G\000e\000t\000\050\000\051}{subsection.6.87.1}% 1230
\BOOKMARK [1][-]{section.6.88}{\376\377\0006\000.\0008\0008\000\040\000m\000a\000t\000e\000Q\0008\0004\000.\000X\000/\000m\000c\000c\000\137\000g\000e\000n\000e\000r\000a\000t\000e\000d\000\137\000f\000i\000l\000e\000s\000/\000c\000l\000c\0008\000.\000h\000\040\000F\000i\000l\000e\000\040\000R\000e\000f\000e\000r\000e\000n\000c\000e}{chapter.6}% 1231
\BOOKMARK [2][-]{subsection.6.88.1}{\376\377\0006\000.\0008\0008\000.\0001\000\040\000F\000u\000n\000c\000t\000i\000o\000n\000\040\000D\000o\000c\000u\000m\000e\000n\000t\000a\000t\000i\000o\000n}{section.6.88}% 1232
\BOOKMARK [3][-]{subsubsection.6.88.1.1}{\376\377\0006\000.\0008\0008\000.\0001\000.\0001\000\040\000C\000L\000C\0008\000\137\000I\000n\000i\000t\000i\000a\000l\000i\000z\000e\000\050\000\051}{subsection.6.88.1}% 1233
\BOOKMARK [3][-]{subsubsection.6.88.1.2}{\376\377\0006\000.\0008\0008\000.\0001\000.\0002\000\040\000C\000L\000C\0008\000\137\000O\000u\000t\000p\000u\000t\000S\000t\000a\000t\000u\000s\000G\000e\000t\000\050\000\051}{subsection.6.88.1}% 1234
\BOOKMARK [1][-]{section.6.89}{\376\377\0006\000.\0008\0009\000\040\000c\000l\000c\0008\000.\000h}{chapter.6}% 1235
\BOOKMARK [1][-]{section.6.90}{\376\377\0006\000.\0009\0000\000\040\000m\000a\000t\000e\000Q\0008\0004\000.\000X\000/\000m\000c\000c\000\137\000g\000e\000n\000e\000r\000a\000t\000e\000d\000\137\000f\000i\000l\000e\000s\000/\000d\000e\000v\000i\000c\000e\000\137\000c\000o\000n\000f\000i\000g\000.\000c\000\040\000F\000i\000l\000e\000\040\000R\000e\000f\000e\000r\000e\000n\000c\000e}{chapter.6}% 1236
\BOOKMARK [1][-]{section.6.91}{\376\377\0006\000.\0009\0001\000\040\000m\000a\000t\000e\000Q\0008\0004\000.\000X\000/\000m\000c\000c\000\137\000g\000e\000n\000e\000r\000a\000t\000e\000d\000\137\000f\000i\000l\000e\000s\000/\000d\000e\000v\000i\000c\000e\000\137\000c\000o\000n\000f\000i\000g\000.\000h\000\040\000F\000i\000l\000e\000\040\000R\000e\000f\000e\000r\000e\000n\000c\000e}{chapter.6}% 1237
\BOOKMARK [2][-]{subsection.6.91.1}{\376\377\0006\000.\0009\0001\000.\0001\000\040\000M\000a\000c\000r\000o\000\040\000D\000e\000f\000i\000n\000i\000t\000i\000o\000n\000\040\000D\000o\000c\000u\000m\000e\000n\000t\000a\000t\000i\000o\000n}{section.6.91}% 1238
\BOOKMARK [3][-]{subsubsection.6.91.1.1}{\376\377\0006\000.\0009\0001\000.\0001\000.\0001\000\040\000\137\000X\000T\000A\000L\000\137\000F\000R\000E\000Q}{subsection.6.91.1}% 1239
\BOOKMARK [1][-]{section.6.92}{\376\377\0006\000.\0009\0002\000\040\000d\000e\000v\000i\000c\000e\000\137\000c\000o\000n\000f\000i\000g\000.\000h}{chapter.6}% 1240
\BOOKMARK [1][-]{section.6.93}{\376\377\0006\000.\0009\0003\000\040\000m\000a\000t\000e\000Q\0008\0004\000.\000X\000/\000m\000c\000c\000\137\000g\000e\000n\000e\000r\000a\000t\000e\000d\000\137\000f\000i\000l\000e\000s\000/\000d\000m\000a\0001\000.\000c\000\040\000F\000i\000l\000e\000\040\000R\000e\000f\000e\000r\000e\000n\000c\000e}{chapter.6}% 1241
\BOOKMARK [2][-]{subsection.6.93.1}{\376\377\0006\000.\0009\0003\000.\0001\000\040\000F\000u\000n\000c\000t\000i\000o\000n\000\040\000D\000o\000c\000u\000m\000e\000n\000t\000a\000t\000i\000o\000n}{section.6.93}% 1242
\BOOKMARK [3][-]{subsubsection.6.93.1.1}{\376\377\0006\000.\0009\0003\000.\0001\000.\0001\000\040\000\137\000\137\000i\000n\000t\000e\000r\000r\000u\000p\000t\000\050\000\051\000\040\000[\0001\000/\0003\000]}{subsection.6.93.1}% 1243
\BOOKMARK [3][-]{subsubsection.6.93.1.2}{\376\377\0006\000.\0009\0003\000.\0001\000.\0002\000\040\000\137\000\137\000i\000n\000t\000e\000r\000r\000u\000p\000t\000\050\000\051\000\040\000[\0002\000/\0003\000]}{subsection.6.93.1}% 1244
\BOOKMARK [3][-]{subsubsection.6.93.1.3}{\376\377\0006\000.\0009\0003\000.\0001\000.\0003\000\040\000\137\000\137\000i\000n\000t\000e\000r\000r\000u\000p\000t\000\050\000\051\000\040\000[\0003\000/\0003\000]}{subsection.6.93.1}% 1245
\BOOKMARK [3][-]{subsubsection.6.93.1.4}{\376\377\0006\000.\0009\0003\000.\0001\000.\0004\000\040\000D\000M\000A\0001\000\137\000D\000e\000f\000a\000u\000l\000t\000I\000n\000t\000e\000r\000r\000u\000p\000t\000H\000a\000n\000d\000l\000e\000r\000\050\000\051}{subsection.6.93.1}% 1246
\BOOKMARK [3][-]{subsubsection.6.93.1.5}{\376\377\0006\000.\0009\0003\000.\0001\000.\0005\000\040\000D\000M\000A\0001\000\137\000G\000e\000t\000D\000e\000s\000t\000i\000n\000a\000t\000i\000o\000n\000P\000o\000i\000n\000t\000e\000r\000\050\000\051}{subsection.6.93.1}% 1247
\BOOKMARK [3][-]{subsubsection.6.93.1.6}{\376\377\0006\000.\0009\0003\000.\0001\000.\0006\000\040\000D\000M\000A\0001\000\137\000G\000e\000t\000S\000o\000u\000r\000c\000e\000P\000o\000i\000n\000t\000e\000r\000\050\000\051}{subsection.6.93.1}% 1248
\BOOKMARK [3][-]{subsubsection.6.93.1.7}{\376\377\0006\000.\0009\0003\000.\0001\000.\0007\000\040\000D\000M\000A\0001\000\137\000I\000n\000i\000t\000i\000a\000l\000i\000z\000e\000\050\000\051}{subsection.6.93.1}% 1249
\BOOKMARK [3][-]{subsubsection.6.93.1.8}{\376\377\0006\000.\0009\0003\000.\0001\000.\0008\000\040\000D\000M\000A\0001\000\137\000S\000e\000l\000e\000c\000t\000S\000o\000u\000r\000c\000e\000R\000e\000g\000i\000o\000n\000\050\000\051}{subsection.6.93.1}% 1250
\BOOKMARK [3][-]{subsubsection.6.93.1.9}{\376\377\0006\000.\0009\0003\000.\0001\000.\0009\000\040\000D\000M\000A\0001\000\137\000S\000e\000t\000A\000b\000o\000r\000t\000T\000r\000i\000g\000g\000e\000r\000\050\000\051}{subsection.6.93.1}% 1251
\BOOKMARK [3][-]{subsubsection.6.93.1.10}{\376\377\0006\000.\0009\0003\000.\0001\000.\0001\0000\000\040\000D\000M\000A\0001\000\137\000S\000e\000t\000A\000I\000I\000n\000t\000e\000r\000r\000u\000p\000t\000H\000a\000n\000d\000l\000e\000r\000\050\000\051}{subsection.6.93.1}% 1252
\BOOKMARK [3][-]{subsubsection.6.93.1.11}{\376\377\0006\000.\0009\0003\000.\0001\000.\0001\0001\000\040\000D\000M\000A\0001\000\137\000S\000e\000t\000D\000e\000s\000t\000i\000n\000a\000t\000i\000o\000n\000A\000d\000d\000r\000e\000s\000s\000\050\000\051}{subsection.6.93.1}% 1253
\BOOKMARK [3][-]{subsubsection.6.93.1.12}{\376\377\0006\000.\0009\0003\000.\0001\000.\0001\0002\000\040\000D\000M\000A\0001\000\137\000S\000e\000t\000D\000e\000s\000t\000i\000n\000a\000t\000i\000o\000n\000S\000i\000z\000e\000\050\000\051}{subsection.6.93.1}% 1254
\BOOKMARK [3][-]{subsubsection.6.93.1.13}{\376\377\0006\000.\0009\0003\000.\0001\000.\0001\0003\000\040\000D\000M\000A\0001\000\137\000S\000e\000t\000D\000M\000A\000P\000r\000i\000o\000r\000i\000t\000y\000\050\000\051}{subsection.6.93.1}% 1255
\BOOKMARK [3][-]{subsubsection.6.93.1.14}{\376\377\0006\000.\0009\0003\000.\0001\000.\0001\0004\000\040\000D\000M\000A\0001\000\137\000S\000e\000t\000O\000R\000I\000I\000n\000t\000e\000r\000r\000u\000p\000t\000H\000a\000n\000d\000l\000e\000r\000\050\000\051}{subsection.6.93.1}% 1256
\BOOKMARK [3][-]{subsubsection.6.93.1.15}{\376\377\0006\000.\0009\0003\000.\0001\000.\0001\0005\000\040\000D\000M\000A\0001\000\137\000S\000e\000t\000S\000C\000N\000T\000I\000I\000n\000t\000e\000r\000r\000u\000p\000t\000H\000a\000n\000d\000l\000e\000r\000\050\000\051}{subsection.6.93.1}% 1257
\BOOKMARK [3][-]{subsubsection.6.93.1.16}{\376\377\0006\000.\0009\0003\000.\0001\000.\0001\0006\000\040\000D\000M\000A\0001\000\137\000S\000e\000t\000S\000o\000u\000r\000c\000e\000A\000d\000d\000r\000e\000s\000s\000\050\000\051}{subsection.6.93.1}% 1258
\BOOKMARK [3][-]{subsubsection.6.93.1.17}{\376\377\0006\000.\0009\0003\000.\0001\000.\0001\0007\000\040\000D\000M\000A\0001\000\137\000S\000e\000t\000S\000o\000u\000r\000c\000e\000S\000i\000z\000e\000\050\000\051}{subsection.6.93.1}% 1259
\BOOKMARK [3][-]{subsubsection.6.93.1.18}{\376\377\0006\000.\0009\0003\000.\0001\000.\0001\0008\000\040\000D\000M\000A\0001\000\137\000S\000e\000t\000S\000t\000a\000r\000t\000T\000r\000i\000g\000g\000e\000r\000\050\000\051}{subsection.6.93.1}% 1260
\BOOKMARK [3][-]{subsubsection.6.93.1.19}{\376\377\0006\000.\0009\0003\000.\0001\000.\0001\0009\000\040\000D\000M\000A\0001\000\137\000S\000t\000a\000r\000t\000T\000r\000a\000n\000s\000f\000e\000r\000\050\000\051}{subsection.6.93.1}% 1261
\BOOKMARK [3][-]{subsubsection.6.93.1.20}{\376\377\0006\000.\0009\0003\000.\0001\000.\0002\0000\000\040\000D\000M\000A\0001\000\137\000S\000t\000a\000r\000t\000T\000r\000a\000n\000s\000f\000e\000r\000W\000i\000t\000h\000T\000r\000i\000g\000g\000e\000r\000\050\000\051}{subsection.6.93.1}% 1262
\BOOKMARK [3][-]{subsubsection.6.93.1.21}{\376\377\0006\000.\0009\0003\000.\0001\000.\0002\0001\000\040\000D\000M\000A\0001\000\137\000S\000t\000o\000p\000T\000r\000a\000n\000s\000f\000e\000r\000\050\000\051}{subsection.6.93.1}% 1263
\BOOKMARK [2][-]{subsection.6.93.2}{\376\377\0006\000.\0009\0003\000.\0002\000\040\000V\000a\000r\000i\000a\000b\000l\000e\000\040\000D\000o\000c\000u\000m\000e\000n\000t\000a\000t\000i\000o\000n}{section.6.93}% 1264
\BOOKMARK [3][-]{subsubsection.6.93.2.1}{\376\377\0006\000.\0009\0003\000.\0002\000.\0001\000\040\000D\000M\000A\0001\000\137\000A\000I\000\137\000I\000n\000t\000e\000r\000r\000u\000p\000t\000H\000a\000n\000d\000l\000e\000r}{subsection.6.93.2}% 1265
\BOOKMARK [3][-]{subsubsection.6.93.2.2}{\376\377\0006\000.\0009\0003\000.\0002\000.\0002\000\040\000D\000M\000A\0001\000\137\000O\000R\000I\000\137\000I\000n\000t\000e\000r\000r\000u\000p\000t\000H\000a\000n\000d\000l\000e\000r}{subsection.6.93.2}% 1266
\BOOKMARK [3][-]{subsubsection.6.93.2.3}{\376\377\0006\000.\0009\0003\000.\0002\000.\0003\000\040\000D\000M\000A\0001\000\137\000S\000C\000N\000T\000I\000\137\000I\000n\000t\000e\000r\000r\000u\000p\000t\000H\000a\000n\000d\000l\000e\000r}{subsection.6.93.2}% 1267
\BOOKMARK [1][-]{section.6.94}{\376\377\0006\000.\0009\0004\000\040\000m\000a\000t\000e\000Q\0008\0004\000.\000X\000/\000m\000c\000c\000\137\000g\000e\000n\000e\000r\000a\000t\000e\000d\000\137\000f\000i\000l\000e\000s\000/\000d\000m\000a\0001\000.\000h\000\040\000F\000i\000l\000e\000\040\000R\000e\000f\000e\000r\000e\000n\000c\000e}{chapter.6}% 1268
\BOOKMARK [2][-]{subsection.6.94.1}{\376\377\0006\000.\0009\0004\000.\0001\000\040\000F\000u\000n\000c\000t\000i\000o\000n\000\040\000D\000o\000c\000u\000m\000e\000n\000t\000a\000t\000i\000o\000n}{section.6.94}% 1269
\BOOKMARK [3][-]{subsubsection.6.94.1.1}{\376\377\0006\000.\0009\0004\000.\0001\000.\0001\000\040\000D\000M\000A\0001\000\137\000D\000e\000f\000a\000u\000l\000t\000I\000n\000t\000e\000r\000r\000u\000p\000t\000H\000a\000n\000d\000l\000e\000r\000\050\000\051}{subsection.6.94.1}% 1270
\BOOKMARK [3][-]{subsubsection.6.94.1.2}{\376\377\0006\000.\0009\0004\000.\0001\000.\0002\000\040\000D\000M\000A\0001\000\137\000G\000e\000t\000D\000e\000s\000t\000i\000n\000a\000t\000i\000o\000n\000P\000o\000i\000n\000t\000e\000r\000\050\000\051}{subsection.6.94.1}% 1271
\BOOKMARK [3][-]{subsubsection.6.94.1.3}{\376\377\0006\000.\0009\0004\000.\0001\000.\0003\000\040\000D\000M\000A\0001\000\137\000G\000e\000t\000S\000o\000u\000r\000c\000e\000P\000o\000i\000n\000t\000e\000r\000\050\000\051}{subsection.6.94.1}% 1272
\BOOKMARK [3][-]{subsubsection.6.94.1.4}{\376\377\0006\000.\0009\0004\000.\0001\000.\0004\000\040\000D\000M\000A\0001\000\137\000I\000n\000i\000t\000i\000a\000l\000i\000z\000e\000\050\000\051}{subsection.6.94.1}% 1273
\BOOKMARK [3][-]{subsubsection.6.94.1.5}{\376\377\0006\000.\0009\0004\000.\0001\000.\0005\000\040\000D\000M\000A\0001\000\137\000S\000e\000l\000e\000c\000t\000S\000o\000u\000r\000c\000e\000R\000e\000g\000i\000o\000n\000\050\000\051}{subsection.6.94.1}% 1274
\BOOKMARK [3][-]{subsubsection.6.94.1.6}{\376\377\0006\000.\0009\0004\000.\0001\000.\0006\000\040\000D\000M\000A\0001\000\137\000S\000e\000t\000A\000b\000o\000r\000t\000T\000r\000i\000g\000g\000e\000r\000\050\000\051}{subsection.6.94.1}% 1275
\BOOKMARK [3][-]{subsubsection.6.94.1.7}{\376\377\0006\000.\0009\0004\000.\0001\000.\0007\000\040\000D\000M\000A\0001\000\137\000S\000e\000t\000A\000I\000I\000n\000t\000e\000r\000r\000u\000p\000t\000H\000a\000n\000d\000l\000e\000r\000\050\000\051}{subsection.6.94.1}% 1276
\BOOKMARK [3][-]{subsubsection.6.94.1.8}{\376\377\0006\000.\0009\0004\000.\0001\000.\0008\000\040\000D\000M\000A\0001\000\137\000S\000e\000t\000D\000e\000s\000t\000i\000n\000a\000t\000i\000o\000n\000A\000d\000d\000r\000e\000s\000s\000\050\000\051}{subsection.6.94.1}% 1277
\BOOKMARK [3][-]{subsubsection.6.94.1.9}{\376\377\0006\000.\0009\0004\000.\0001\000.\0009\000\040\000D\000M\000A\0001\000\137\000S\000e\000t\000D\000e\000s\000t\000i\000n\000a\000t\000i\000o\000n\000S\000i\000z\000e\000\050\000\051}{subsection.6.94.1}% 1278
\BOOKMARK [3][-]{subsubsection.6.94.1.10}{\376\377\0006\000.\0009\0004\000.\0001\000.\0001\0000\000\040\000D\000M\000A\0001\000\137\000S\000e\000t\000D\000M\000A\000P\000r\000i\000o\000r\000i\000t\000y\000\050\000\051}{subsection.6.94.1}% 1279
\BOOKMARK [3][-]{subsubsection.6.94.1.11}{\376\377\0006\000.\0009\0004\000.\0001\000.\0001\0001\000\040\000D\000M\000A\0001\000\137\000S\000e\000t\000O\000R\000I\000I\000n\000t\000e\000r\000r\000u\000p\000t\000H\000a\000n\000d\000l\000e\000r\000\050\000\051}{subsection.6.94.1}% 1280
\BOOKMARK [3][-]{subsubsection.6.94.1.12}{\376\377\0006\000.\0009\0004\000.\0001\000.\0001\0002\000\040\000D\000M\000A\0001\000\137\000S\000e\000t\000S\000C\000N\000T\000I\000I\000n\000t\000e\000r\000r\000u\000p\000t\000H\000a\000n\000d\000l\000e\000r\000\050\000\051}{subsection.6.94.1}% 1281
\BOOKMARK [3][-]{subsubsection.6.94.1.13}{\376\377\0006\000.\0009\0004\000.\0001\000.\0001\0003\000\040\000D\000M\000A\0001\000\137\000S\000e\000t\000S\000o\000u\000r\000c\000e\000A\000d\000d\000r\000e\000s\000s\000\050\000\051}{subsection.6.94.1}% 1282
\BOOKMARK [3][-]{subsubsection.6.94.1.14}{\376\377\0006\000.\0009\0004\000.\0001\000.\0001\0004\000\040\000D\000M\000A\0001\000\137\000S\000e\000t\000S\000o\000u\000r\000c\000e\000S\000i\000z\000e\000\050\000\051}{subsection.6.94.1}% 1283
\BOOKMARK [3][-]{subsubsection.6.94.1.15}{\376\377\0006\000.\0009\0004\000.\0001\000.\0001\0005\000\040\000D\000M\000A\0001\000\137\000S\000e\000t\000S\000t\000a\000r\000t\000T\000r\000i\000g\000g\000e\000r\000\050\000\051}{subsection.6.94.1}% 1284
\BOOKMARK [3][-]{subsubsection.6.94.1.16}{\376\377\0006\000.\0009\0004\000.\0001\000.\0001\0006\000\040\000D\000M\000A\0001\000\137\000S\000t\000a\000r\000t\000T\000r\000a\000n\000s\000f\000e\000r\000\050\000\051}{subsection.6.94.1}% 1285
\BOOKMARK [3][-]{subsubsection.6.94.1.17}{\376\377\0006\000.\0009\0004\000.\0001\000.\0001\0007\000\040\000D\000M\000A\0001\000\137\000S\000t\000a\000r\000t\000T\000r\000a\000n\000s\000f\000e\000r\000W\000i\000t\000h\000T\000r\000i\000g\000g\000e\000r\000\050\000\051}{subsection.6.94.1}% 1286
\BOOKMARK [3][-]{subsubsection.6.94.1.18}{\376\377\0006\000.\0009\0004\000.\0001\000.\0001\0008\000\040\000D\000M\000A\0001\000\137\000S\000t\000o\000p\000T\000r\000a\000n\000s\000f\000e\000r\000\050\000\051}{subsection.6.94.1}% 1287
\BOOKMARK [2][-]{subsection.6.94.2}{\376\377\0006\000.\0009\0004\000.\0002\000\040\000V\000a\000r\000i\000a\000b\000l\000e\000\040\000D\000o\000c\000u\000m\000e\000n\000t\000a\000t\000i\000o\000n}{section.6.94}% 1288
\BOOKMARK [3][-]{subsubsection.6.94.2.1}{\376\377\0006\000.\0009\0004\000.\0002\000.\0001\000\040\000l\000c\000d\000\137\000d\000m\000a\000\137\000b\000u\000f}{subsection.6.94.2}% 1289
\BOOKMARK [1][-]{section.6.95}{\376\377\0006\000.\0009\0005\000\040\000d\000m\000a\0001\000.\000h}{chapter.6}% 1290
\BOOKMARK [1][-]{section.6.96}{\376\377\0006\000.\0009\0006\000\040\000m\000a\000t\000e\000Q\0008\0004\000.\000X\000/\000m\000c\000c\000\137\000g\000e\000n\000e\000r\000a\000t\000e\000d\000\137\000f\000i\000l\000e\000s\000/\000i\000n\000t\000e\000r\000r\000u\000p\000t\000\137\000m\000a\000n\000a\000g\000e\000r\000.\000c\000\040\000F\000i\000l\000e\000\040\000R\000e\000f\000e\000r\000e\000n\000c\000e}{chapter.6}% 1291
\BOOKMARK [2][-]{subsection.6.96.1}{\376\377\0006\000.\0009\0006\000.\0001\000\040\000F\000u\000n\000c\000t\000i\000o\000n\000\040\000D\000o\000c\000u\000m\000e\000n\000t\000a\000t\000i\000o\000n}{section.6.96}% 1292
\BOOKMARK [3][-]{subsubsection.6.96.1.1}{\376\377\0006\000.\0009\0006\000.\0001\000.\0001\000\040\000\137\000\137\000i\000n\000t\000e\000r\000r\000u\000p\000t\000\050\000\051}{subsection.6.96.1}% 1293
\BOOKMARK [3][-]{subsubsection.6.96.1.2}{\376\377\0006\000.\0009\0006\000.\0001\000.\0002\000\040\000I\000N\000T\000E\000R\000R\000U\000P\000T\000\137\000I\000n\000i\000t\000i\000a\000l\000i\000z\000e\000\050\000\051}{subsection.6.96.1}% 1294
\BOOKMARK [1][-]{section.6.97}{\376\377\0006\000.\0009\0007\000\040\000m\000a\000t\000e\000Q\0008\0004\000.\000X\000/\000m\000c\000c\000\137\000g\000e\000n\000e\000r\000a\000t\000e\000d\000\137\000f\000i\000l\000e\000s\000/\000i\000n\000t\000e\000r\000r\000u\000p\000t\000\137\000m\000a\000n\000a\000g\000e\000r\000.\000h\000\040\000F\000i\000l\000e\000\040\000R\000e\000f\000e\000r\000e\000n\000c\000e}{chapter.6}% 1295
\BOOKMARK [2][-]{subsection.6.97.1}{\376\377\0006\000.\0009\0007\000.\0001\000\040\000M\000a\000c\000r\000o\000\040\000D\000e\000f\000i\000n\000i\000t\000i\000o\000n\000\040\000D\000o\000c\000u\000m\000e\000n\000t\000a\000t\000i\000o\000n}{section.6.97}% 1296
\BOOKMARK [3][-]{subsubsection.6.97.1.1}{\376\377\0006\000.\0009\0007\000.\0001\000.\0001\000\040\000I\000N\000T\000E\000R\000R\000U\000P\000T\000\137\000G\000l\000o\000b\000a\000l\000I\000n\000t\000e\000r\000r\000u\000p\000t\000H\000i\000g\000h\000D\000i\000s\000a\000b\000l\000e}{subsection.6.97.1}% 1297
\BOOKMARK [3][-]{subsubsection.6.97.1.2}{\376\377\0006\000.\0009\0007\000.\0001\000.\0002\000\040\000I\000N\000T\000E\000R\000R\000U\000P\000T\000\137\000G\000l\000o\000b\000a\000l\000I\000n\000t\000e\000r\000r\000u\000p\000t\000H\000i\000g\000h\000E\000n\000a\000b\000l\000e}{subsection.6.97.1}% 1298
\BOOKMARK [3][-]{subsubsection.6.97.1.3}{\376\377\0006\000.\0009\0007\000.\0001\000.\0003\000\040\000I\000N\000T\000E\000R\000R\000U\000P\000T\000\137\000G\000l\000o\000b\000a\000l\000I\000n\000t\000e\000r\000r\000u\000p\000t\000L\000o\000w\000D\000i\000s\000a\000b\000l\000e}{subsection.6.97.1}% 1299
\BOOKMARK [3][-]{subsubsection.6.97.1.4}{\376\377\0006\000.\0009\0007\000.\0001\000.\0004\000\040\000I\000N\000T\000E\000R\000R\000U\000P\000T\000\137\000G\000l\000o\000b\000a\000l\000I\000n\000t\000e\000r\000r\000u\000p\000t\000L\000o\000w\000E\000n\000a\000b\000l\000e}{subsection.6.97.1}% 1300
\BOOKMARK [2][-]{subsection.6.97.2}{\376\377\0006\000.\0009\0007\000.\0002\000\040\000F\000u\000n\000c\000t\000i\000o\000n\000\040\000D\000o\000c\000u\000m\000e\000n\000t\000a\000t\000i\000o\000n}{section.6.97}% 1301
\BOOKMARK [3][-]{subsubsection.6.97.2.1}{\376\377\0006\000.\0009\0007\000.\0002\000.\0001\000\040\000I\000N\000T\000E\000R\000R\000U\000P\000T\000\137\000I\000n\000i\000t\000i\000a\000l\000i\000z\000e\000\050\000\051}{subsection.6.97.2}% 1302
\BOOKMARK [1][-]{section.6.98}{\376\377\0006\000.\0009\0008\000\040\000i\000n\000t\000e\000r\000r\000u\000p\000t\000\137\000m\000a\000n\000a\000g\000e\000r\000.\000h}{chapter.6}% 1303
\BOOKMARK [1][-]{section.6.99}{\376\377\0006\000.\0009\0009\000\040\000m\000a\000t\000e\000Q\0008\0004\000.\000X\000/\000m\000c\000c\000\137\000g\000e\000n\000e\000r\000a\000t\000e\000d\000\137\000f\000i\000l\000e\000s\000/\000m\000c\000c\000.\000c\000\040\000F\000i\000l\000e\000\040\000R\000e\000f\000e\000r\000e\000n\000c\000e}{chapter.6}% 1304
\BOOKMARK [2][-]{subsection.6.99.1}{\376\377\0006\000.\0009\0009\000.\0001\000\040\000F\000u\000n\000c\000t\000i\000o\000n\000\040\000D\000o\000c\000u\000m\000e\000n\000t\000a\000t\000i\000o\000n}{section.6.99}% 1305
\BOOKMARK [3][-]{subsubsection.6.99.1.1}{\376\377\0006\000.\0009\0009\000.\0001\000.\0001\000\040\000O\000S\000C\000I\000L\000L\000A\000T\000O\000R\000\137\000I\000n\000i\000t\000i\000a\000l\000i\000z\000e\000\050\000\051}{subsection.6.99.1}% 1306
\BOOKMARK [3][-]{subsubsection.6.99.1.2}{\376\377\0006\000.\0009\0009\000.\0001\000.\0002\000\040\000P\000M\000D\000\137\000I\000n\000i\000t\000i\000a\000l\000i\000z\000e\000\050\000\051}{subsection.6.99.1}% 1307
\BOOKMARK [3][-]{subsubsection.6.99.1.3}{\376\377\0006\000.\0009\0009\000.\0001\000.\0003\000\040\000S\000Y\000S\000T\000E\000M\000\137\000I\000n\000i\000t\000i\000a\000l\000i\000z\000e\000\050\000\051}{subsection.6.99.1}% 1308
\BOOKMARK [3][-]{subsubsection.6.99.1.4}{\376\377\0006\000.\0009\0009\000.\0001\000.\0004\000\040\000S\000y\000s\000t\000e\000m\000A\000r\000b\000i\000t\000e\000r\000\137\000I\000n\000i\000t\000i\000a\000l\000i\000z\000e\000\050\000\051}{subsection.6.99.1}% 1309
\BOOKMARK [1][-]{section.6.100}{\376\377\0006\000.\0001\0000\0000\000\040\000m\000a\000t\000e\000Q\0008\0004\000.\000X\000/\000m\000c\000c\000\137\000g\000e\000n\000e\000r\000a\000t\000e\000d\000\137\000f\000i\000l\000e\000s\000/\000m\000c\000c\000.\000h\000\040\000F\000i\000l\000e\000\040\000R\000e\000f\000e\000r\000e\000n\000c\000e}{chapter.6}% 1310
\BOOKMARK [2][-]{subsection.6.100.1}{\376\377\0006\000.\0001\0000\0000\000.\0001\000\040\000F\000u\000n\000c\000t\000i\000o\000n\000\040\000D\000o\000c\000u\000m\000e\000n\000t\000a\000t\000i\000o\000n}{section.6.100}% 1311
\BOOKMARK [3][-]{subsubsection.6.100.1.1}{\376\377\0006\000.\0001\0000\0000\000.\0001\000.\0001\000\040\000O\000S\000C\000I\000L\000L\000A\000T\000O\000R\000\137\000I\000n\000i\000t\000i\000a\000l\000i\000z\000e\000\050\000\051}{subsection.6.100.1}% 1312
\BOOKMARK [3][-]{subsubsection.6.100.1.2}{\376\377\0006\000.\0001\0000\0000\000.\0001\000.\0002\000\040\000P\000M\000D\000\137\000I\000n\000i\000t\000i\000a\000l\000i\000z\000e\000\050\000\051}{subsection.6.100.1}% 1313
\BOOKMARK [3][-]{subsubsection.6.100.1.3}{\376\377\0006\000.\0001\0000\0000\000.\0001\000.\0003\000\040\000S\000Y\000S\000T\000E\000M\000\137\000I\000n\000i\000t\000i\000a\000l\000i\000z\000e\000\050\000\051}{subsection.6.100.1}% 1314
\BOOKMARK [3][-]{subsubsection.6.100.1.4}{\376\377\0006\000.\0001\0000\0000\000.\0001\000.\0004\000\040\000S\000y\000s\000t\000e\000m\000A\000r\000b\000i\000t\000e\000r\000\137\000I\000n\000i\000t\000i\000a\000l\000i\000z\000e\000\050\000\051}{subsection.6.100.1}% 1315
\BOOKMARK [1][-]{section.6.101}{\376\377\0006\000.\0001\0000\0001\000\040\000m\000c\000c\000.\000h}{chapter.6}% 1316
\BOOKMARK [1][-]{section.6.102}{\376\377\0006\000.\0001\0000\0002\000\040\000m\000a\000t\000e\000Q\0008\0004\000.\000X\000/\000m\000c\000c\000\137\000g\000e\000n\000e\000r\000a\000t\000e\000d\000\137\000f\000i\000l\000e\000s\000/\000p\000i\000n\000\137\000m\000a\000n\000a\000g\000e\000r\000.\000c\000\040\000F\000i\000l\000e\000\040\000R\000e\000f\000e\000r\000e\000n\000c\000e}{chapter.6}% 1317
\BOOKMARK [2][-]{subsection.6.102.1}{\376\377\0006\000.\0001\0000\0002\000.\0001\000\040\000F\000u\000n\000c\000t\000i\000o\000n\000\040\000D\000o\000c\000u\000m\000e\000n\000t\000a\000t\000i\000o\000n}{section.6.102}% 1318
\BOOKMARK [3][-]{subsubsection.6.102.1.1}{\376\377\0006\000.\0001\0000\0002\000.\0001\000.\0001\000\040\000\137\000\137\000i\000n\000t\000e\000r\000r\000u\000p\000t\000\050\000\051}{subsection.6.102.1}% 1319
\BOOKMARK [3][-]{subsubsection.6.102.1.2}{\376\377\0006\000.\0001\0000\0002\000.\0001\000.\0002\000\040\000I\000O\000C\000A\000F\0001\000\137\000D\000e\000f\000a\000u\000l\000t\000I\000n\000t\000e\000r\000r\000u\000p\000t\000H\000a\000n\000d\000l\000e\000r\000\050\000\051}{subsection.6.102.1}% 1320
\BOOKMARK [3][-]{subsubsection.6.102.1.3}{\376\377\0006\000.\0001\0000\0002\000.\0001\000.\0003\000\040\000I\000O\000C\000A\000F\0001\000\137\000I\000S\000R\000\050\000\051}{subsection.6.102.1}% 1321
\BOOKMARK [3][-]{subsubsection.6.102.1.4}{\376\377\0006\000.\0001\0000\0002\000.\0001\000.\0004\000\040\000I\000O\000C\000A\000F\0001\000\137\000S\000e\000t\000I\000n\000t\000e\000r\000r\000u\000p\000t\000H\000a\000n\000d\000l\000e\000r\000\050\000\051}{subsection.6.102.1}% 1322
\BOOKMARK [3][-]{subsubsection.6.102.1.5}{\376\377\0006\000.\0001\0000\0002\000.\0001\000.\0005\000\040\000I\000O\000C\000A\000F\0002\000\137\000D\000e\000f\000a\000u\000l\000t\000I\000n\000t\000e\000r\000r\000u\000p\000t\000H\000a\000n\000d\000l\000e\000r\000\050\000\051}{subsection.6.102.1}% 1323
\BOOKMARK [3][-]{subsubsection.6.102.1.6}{\376\377\0006\000.\0001\0000\0002\000.\0001\000.\0006\000\040\000I\000O\000C\000A\000F\0002\000\137\000I\000S\000R\000\050\000\051}{subsection.6.102.1}% 1324
\BOOKMARK [3][-]{subsubsection.6.102.1.7}{\376\377\0006\000.\0001\0000\0002\000.\0001\000.\0007\000\040\000I\000O\000C\000A\000F\0002\000\137\000S\000e\000t\000I\000n\000t\000e\000r\000r\000u\000p\000t\000H\000a\000n\000d\000l\000e\000r\000\050\000\051}{subsection.6.102.1}% 1325
\BOOKMARK [3][-]{subsubsection.6.102.1.8}{\376\377\0006\000.\0001\0000\0002\000.\0001\000.\0008\000\040\000I\000O\000C\000A\000F\0005\000\137\000D\000e\000f\000a\000u\000l\000t\000I\000n\000t\000e\000r\000r\000u\000p\000t\000H\000a\000n\000d\000l\000e\000r\000\050\000\051}{subsection.6.102.1}% 1326
\BOOKMARK [3][-]{subsubsection.6.102.1.9}{\376\377\0006\000.\0001\0000\0002\000.\0001\000.\0009\000\040\000I\000O\000C\000A\000F\0005\000\137\000I\000S\000R\000\050\000\051}{subsection.6.102.1}% 1327
\BOOKMARK [3][-]{subsubsection.6.102.1.10}{\376\377\0006\000.\0001\0000\0002\000.\0001\000.\0001\0000\000\040\000I\000O\000C\000A\000F\0005\000\137\000S\000e\000t\000I\000n\000t\000e\000r\000r\000u\000p\000t\000H\000a\000n\000d\000l\000e\000r\000\050\000\051}{subsection.6.102.1}% 1328
\BOOKMARK [3][-]{subsubsection.6.102.1.11}{\376\377\0006\000.\0001\0000\0002\000.\0001\000.\0001\0001\000\040\000P\000I\000N\000\137\000M\000A\000N\000A\000G\000E\000R\000\137\000I\000n\000i\000t\000i\000a\000l\000i\000z\000e\000\050\000\051}{subsection.6.102.1}% 1329
\BOOKMARK [2][-]{subsection.6.102.2}{\376\377\0006\000.\0001\0000\0002\000.\0002\000\040\000V\000a\000r\000i\000a\000b\000l\000e\000\040\000D\000o\000c\000u\000m\000e\000n\000t\000a\000t\000i\000o\000n}{section.6.102}% 1330
\BOOKMARK [3][-]{subsubsection.6.102.2.1}{\376\377\0006\000.\0001\0000\0002\000.\0002\000.\0001\000\040\000I\000O\000C\000A\000F\0001\000\137\000I\000n\000t\000e\000r\000r\000u\000p\000t\000H\000a\000n\000d\000l\000e\000r}{subsection.6.102.2}% 1331
\BOOKMARK [3][-]{subsubsection.6.102.2.2}{\376\377\0006\000.\0001\0000\0002\000.\0002\000.\0002\000\040\000I\000O\000C\000A\000F\0002\000\137\000I\000n\000t\000e\000r\000r\000u\000p\000t\000H\000a\000n\000d\000l\000e\000r}{subsection.6.102.2}% 1332
\BOOKMARK [3][-]{subsubsection.6.102.2.3}{\376\377\0006\000.\0001\0000\0002\000.\0002\000.\0003\000\040\000I\000O\000C\000A\000F\0005\000\137\000I\000n\000t\000e\000r\000r\000u\000p\000t\000H\000a\000n\000d\000l\000e\000r}{subsection.6.102.2}% 1333
\BOOKMARK [1][-]{section.6.103}{\376\377\0006\000.\0001\0000\0003\000\040\000m\000a\000t\000e\000Q\0008\0004\000.\000X\000/\000m\000c\000c\000\137\000g\000e\000n\000e\000r\000a\000t\000e\000d\000\137\000f\000i\000l\000e\000s\000/\000p\000i\000n\000\137\000m\000a\000n\000a\000g\000e\000r\000.\000h\000\040\000F\000i\000l\000e\000\040\000R\000e\000f\000e\000r\000e\000n\000c\000e}{chapter.6}% 1334
\BOOKMARK [2][-]{subsection.6.103.1}{\376\377\0006\000.\0001\0000\0003\000.\0001\000\040\000M\000a\000c\000r\000o\000\040\000D\000e\000f\000i\000n\000i\000t\000i\000o\000n\000\040\000D\000o\000c\000u\000m\000e\000n\000t\000a\000t\000i\000o\000n}{section.6.103}% 1335
\BOOKMARK [3][-]{subsubsection.6.103.1.1}{\376\377\0006\000.\0001\0000\0003\000.\0001\000.\0001\000\040\000A\000\137\000S\000W\000I\000T\000C\000H\000\137\000A\000N\000S}{subsection.6.103.1}% 1336
\BOOKMARK [3][-]{subsubsection.6.103.1.2}{\376\377\0006\000.\0001\0000\0003\000.\0001\000.\0002\000\040\000A\000\137\000S\000W\000I\000T\000C\000H\000\137\000G\000e\000t\000V\000a\000l\000u\000e}{subsection.6.103.1}% 1337
\BOOKMARK [3][-]{subsubsection.6.103.1.3}{\376\377\0006\000.\0001\0000\0003\000.\0001\000.\0003\000\040\000A\000\137\000S\000W\000I\000T\000C\000H\000\137\000L\000A\000T}{subsection.6.103.1}% 1338
\BOOKMARK [3][-]{subsubsection.6.103.1.4}{\376\377\0006\000.\0001\0000\0003\000.\0001\000.\0004\000\040\000A\000\137\000S\000W\000I\000T\000C\000H\000\137\000O\000D}{subsection.6.103.1}% 1339
\BOOKMARK [3][-]{subsubsection.6.103.1.5}{\376\377\0006\000.\0001\0000\0003\000.\0001\000.\0005\000\040\000A\000\137\000S\000W\000I\000T\000C\000H\000\137\000P\000O\000R\000T}{subsection.6.103.1}% 1340
\BOOKMARK [3][-]{subsubsection.6.103.1.6}{\376\377\0006\000.\0001\0000\0003\000.\0001\000.\0006\000\040\000A\000\137\000S\000W\000I\000T\000C\000H\000\137\000R\000e\000s\000e\000t\000P\000u\000l\000l\000u\000p}{subsection.6.103.1}% 1341
\BOOKMARK [3][-]{subsubsection.6.103.1.7}{\376\377\0006\000.\0001\0000\0003\000.\0001\000.\0007\000\040\000A\000\137\000S\000W\000I\000T\000C\000H\000\137\000S\000e\000t\000A\000n\000a\000l\000o\000g\000M\000o\000d\000e}{subsection.6.103.1}% 1342
\BOOKMARK [3][-]{subsubsection.6.103.1.8}{\376\377\0006\000.\0001\0000\0003\000.\0001\000.\0008\000\040\000A\000\137\000S\000W\000I\000T\000C\000H\000\137\000S\000e\000t\000D\000i\000g\000i\000t\000a\000l\000I\000n\000p\000u\000t}{subsection.6.103.1}% 1343
\BOOKMARK [3][-]{subsubsection.6.103.1.9}{\376\377\0006\000.\0001\0000\0003\000.\0001\000.\0009\000\040\000A\000\137\000S\000W\000I\000T\000C\000H\000\137\000S\000e\000t\000D\000i\000g\000i\000t\000a\000l\000M\000o\000d\000e}{subsection.6.103.1}% 1344
\BOOKMARK [3][-]{subsubsection.6.103.1.10}{\376\377\0006\000.\0001\0000\0003\000.\0001\000.\0001\0000\000\040\000A\000\137\000S\000W\000I\000T\000C\000H\000\137\000S\000e\000t\000D\000i\000g\000i\000t\000a\000l\000O\000u\000t\000p\000u\000t}{subsection.6.103.1}% 1345
\BOOKMARK [3][-]{subsubsection.6.103.1.11}{\376\377\0006\000.\0001\0000\0003\000.\0001\000.\0001\0001\000\040\000A\000\137\000S\000W\000I\000T\000C\000H\000\137\000S\000e\000t\000H\000i\000g\000h}{subsection.6.103.1}% 1346
\BOOKMARK [3][-]{subsubsection.6.103.1.12}{\376\377\0006\000.\0001\0000\0003\000.\0001\000.\0001\0002\000\040\000A\000\137\000S\000W\000I\000T\000C\000H\000\137\000S\000e\000t\000L\000o\000w}{subsection.6.103.1}% 1347
\BOOKMARK [3][-]{subsubsection.6.103.1.13}{\376\377\0006\000.\0001\0000\0003\000.\0001\000.\0001\0003\000\040\000A\000\137\000S\000W\000I\000T\000C\000H\000\137\000S\000e\000t\000O\000p\000e\000n\000D\000r\000a\000i\000n}{subsection.6.103.1}% 1348
\BOOKMARK [3][-]{subsubsection.6.103.1.14}{\376\377\0006\000.\0001\0000\0003\000.\0001\000.\0001\0004\000\040\000A\000\137\000S\000W\000I\000T\000C\000H\000\137\000S\000e\000t\000P\000u\000l\000l\000u\000p}{subsection.6.103.1}% 1349
\BOOKMARK [3][-]{subsubsection.6.103.1.15}{\376\377\0006\000.\0001\0000\0003\000.\0001\000.\0001\0005\000\040\000A\000\137\000S\000W\000I\000T\000C\000H\000\137\000S\000e\000t\000P\000u\000s\000h\000P\000u\000l\000l}{subsection.6.103.1}% 1350
\BOOKMARK [3][-]{subsubsection.6.103.1.16}{\376\377\0006\000.\0001\0000\0003\000.\0001\000.\0001\0006\000\040\000A\000\137\000S\000W\000I\000T\000C\000H\000\137\000T\000o\000g\000g\000l\000e}{subsection.6.103.1}% 1351
\BOOKMARK [3][-]{subsubsection.6.103.1.17}{\376\377\0006\000.\0001\0000\0003\000.\0001\000.\0001\0007\000\040\000A\000\137\000S\000W\000I\000T\000C\000H\000\137\000T\000R\000I\000S}{subsection.6.103.1}% 1352
\BOOKMARK [3][-]{subsubsection.6.103.1.18}{\376\377\0006\000.\0001\0000\0003\000.\0001\000.\0001\0008\000\040\000A\000\137\000S\000W\000I\000T\000C\000H\000\137\000W\000P\000U}{subsection.6.103.1}% 1353
\BOOKMARK [3][-]{subsubsection.6.103.1.19}{\376\377\0006\000.\0001\0000\0003\000.\0001\000.\0001\0009\000\040\000A\000N\000A\000L\000O\000G}{subsection.6.103.1}% 1354
\BOOKMARK [3][-]{subsubsection.6.103.1.20}{\376\377\0006\000.\0001\0000\0003\000.\0001\000.\0002\0000\000\040\000C\000H\000A\000R\000G\000E\000R\000\137\000A\000N\000S}{subsection.6.103.1}% 1355
\BOOKMARK [3][-]{subsubsection.6.103.1.21}{\376\377\0006\000.\0001\0000\0003\000.\0001\000.\0002\0001\000\040\000C\000H\000A\000R\000G\000E\000R\000\137\000G\000e\000t\000V\000a\000l\000u\000e}{subsection.6.103.1}% 1356
\BOOKMARK [3][-]{subsubsection.6.103.1.22}{\376\377\0006\000.\0001\0000\0003\000.\0001\000.\0002\0002\000\040\000C\000H\000A\000R\000G\000E\000R\000\137\000L\000A\000T}{subsection.6.103.1}% 1357
\BOOKMARK [3][-]{subsubsection.6.103.1.23}{\376\377\0006\000.\0001\0000\0003\000.\0001\000.\0002\0003\000\040\000C\000H\000A\000R\000G\000E\000R\000\137\000O\000D}{subsection.6.103.1}% 1358
\BOOKMARK [3][-]{subsubsection.6.103.1.24}{\376\377\0006\000.\0001\0000\0003\000.\0001\000.\0002\0004\000\040\000C\000H\000A\000R\000G\000E\000R\000\137\000P\000O\000R\000T}{subsection.6.103.1}% 1359
\BOOKMARK [3][-]{subsubsection.6.103.1.25}{\376\377\0006\000.\0001\0000\0003\000.\0001\000.\0002\0005\000\040\000C\000H\000A\000R\000G\000E\000R\000\137\000R\000e\000s\000e\000t\000P\000u\000l\000l\000u\000p}{subsection.6.103.1}% 1360
\BOOKMARK [3][-]{subsubsection.6.103.1.26}{\376\377\0006\000.\0001\0000\0003\000.\0001\000.\0002\0006\000\040\000C\000H\000A\000R\000G\000E\000R\000\137\000S\000e\000t\000A\000n\000a\000l\000o\000g\000M\000o\000d\000e}{subsection.6.103.1}% 1361
\BOOKMARK [3][-]{subsubsection.6.103.1.27}{\376\377\0006\000.\0001\0000\0003\000.\0001\000.\0002\0007\000\040\000C\000H\000A\000R\000G\000E\000R\000\137\000S\000e\000t\000D\000i\000g\000i\000t\000a\000l\000I\000n\000p\000u\000t}{subsection.6.103.1}% 1362
\BOOKMARK [3][-]{subsubsection.6.103.1.28}{\376\377\0006\000.\0001\0000\0003\000.\0001\000.\0002\0008\000\040\000C\000H\000A\000R\000G\000E\000R\000\137\000S\000e\000t\000D\000i\000g\000i\000t\000a\000l\000M\000o\000d\000e}{subsection.6.103.1}% 1363
\BOOKMARK [3][-]{subsubsection.6.103.1.29}{\376\377\0006\000.\0001\0000\0003\000.\0001\000.\0002\0009\000\040\000C\000H\000A\000R\000G\000E\000R\000\137\000S\000e\000t\000D\000i\000g\000i\000t\000a\000l\000O\000u\000t\000p\000u\000t}{subsection.6.103.1}% 1364
\BOOKMARK [3][-]{subsubsection.6.103.1.30}{\376\377\0006\000.\0001\0000\0003\000.\0001\000.\0003\0000\000\040\000C\000H\000A\000R\000G\000E\000R\000\137\000S\000e\000t\000H\000i\000g\000h}{subsection.6.103.1}% 1365
\BOOKMARK [3][-]{subsubsection.6.103.1.31}{\376\377\0006\000.\0001\0000\0003\000.\0001\000.\0003\0001\000\040\000C\000H\000A\000R\000G\000E\000R\000\137\000S\000e\000t\000L\000o\000w}{subsection.6.103.1}% 1366
\BOOKMARK [3][-]{subsubsection.6.103.1.32}{\376\377\0006\000.\0001\0000\0003\000.\0001\000.\0003\0002\000\040\000C\000H\000A\000R\000G\000E\000R\000\137\000S\000e\000t\000O\000p\000e\000n\000D\000r\000a\000i\000n}{subsection.6.103.1}% 1367
\BOOKMARK [3][-]{subsubsection.6.103.1.33}{\376\377\0006\000.\0001\0000\0003\000.\0001\000.\0003\0003\000\040\000C\000H\000A\000R\000G\000E\000R\000\137\000S\000e\000t\000P\000u\000l\000l\000u\000p}{subsection.6.103.1}% 1368
\BOOKMARK [3][-]{subsubsection.6.103.1.34}{\376\377\0006\000.\0001\0000\0003\000.\0001\000.\0003\0004\000\040\000C\000H\000A\000R\000G\000E\000R\000\137\000S\000e\000t\000P\000u\000s\000h\000P\000u\000l\000l}{subsection.6.103.1}% 1369
\BOOKMARK [3][-]{subsubsection.6.103.1.35}{\376\377\0006\000.\0001\0000\0003\000.\0001\000.\0003\0005\000\040\000C\000H\000A\000R\000G\000E\000R\000\137\000T\000o\000g\000g\000l\000e}{subsection.6.103.1}% 1370
\BOOKMARK [3][-]{subsubsection.6.103.1.36}{\376\377\0006\000.\0001\0000\0003\000.\0001\000.\0003\0006\000\040\000C\000H\000A\000R\000G\000E\000R\000\137\000T\000R\000I\000S}{subsection.6.103.1}% 1371
\BOOKMARK [3][-]{subsubsection.6.103.1.37}{\376\377\0006\000.\0001\0000\0003\000.\0001\000.\0003\0007\000\040\000C\000H\000A\000R\000G\000E\000R\000\137\000W\000P\000U}{subsection.6.103.1}% 1372
\BOOKMARK [3][-]{subsubsection.6.103.1.38}{\376\377\0006\000.\0001\0000\0003\000.\0001\000.\0003\0008\000\040\000C\000S\000\137\000A\000N\000S}{subsection.6.103.1}% 1373
\BOOKMARK [3][-]{subsubsection.6.103.1.39}{\376\377\0006\000.\0001\0000\0003\000.\0001\000.\0003\0009\000\040\000C\000S\000\137\000G\000e\000t\000V\000a\000l\000u\000e}{subsection.6.103.1}% 1374
\BOOKMARK [3][-]{subsubsection.6.103.1.40}{\376\377\0006\000.\0001\0000\0003\000.\0001\000.\0004\0000\000\040\000C\000S\000\137\000L\000A\000T}{subsection.6.103.1}% 1375
\BOOKMARK [3][-]{subsubsection.6.103.1.41}{\376\377\0006\000.\0001\0000\0003\000.\0001\000.\0004\0001\000\040\000C\000S\000\137\000O\000D}{subsection.6.103.1}% 1376
\BOOKMARK [3][-]{subsubsection.6.103.1.42}{\376\377\0006\000.\0001\0000\0003\000.\0001\000.\0004\0002\000\040\000C\000S\000\137\000P\000O\000R\000T}{subsection.6.103.1}% 1377
\BOOKMARK [3][-]{subsubsection.6.103.1.43}{\376\377\0006\000.\0001\0000\0003\000.\0001\000.\0004\0003\000\040\000C\000S\000\137\000R\000e\000s\000e\000t\000P\000u\000l\000l\000u\000p}{subsection.6.103.1}% 1378
\BOOKMARK [3][-]{subsubsection.6.103.1.44}{\376\377\0006\000.\0001\0000\0003\000.\0001\000.\0004\0004\000\040\000C\000S\000\137\000S\000e\000t\000A\000n\000a\000l\000o\000g\000M\000o\000d\000e}{subsection.6.103.1}% 1379
\BOOKMARK [3][-]{subsubsection.6.103.1.45}{\376\377\0006\000.\0001\0000\0003\000.\0001\000.\0004\0005\000\040\000C\000S\000\137\000S\000e\000t\000D\000i\000g\000i\000t\000a\000l\000I\000n\000p\000u\000t}{subsection.6.103.1}% 1380
\BOOKMARK [3][-]{subsubsection.6.103.1.46}{\376\377\0006\000.\0001\0000\0003\000.\0001\000.\0004\0006\000\040\000C\000S\000\137\000S\000e\000t\000D\000i\000g\000i\000t\000a\000l\000M\000o\000d\000e}{subsection.6.103.1}% 1381
\BOOKMARK [3][-]{subsubsection.6.103.1.47}{\376\377\0006\000.\0001\0000\0003\000.\0001\000.\0004\0007\000\040\000C\000S\000\137\000S\000e\000t\000D\000i\000g\000i\000t\000a\000l\000O\000u\000t\000p\000u\000t}{subsection.6.103.1}% 1382
\BOOKMARK [3][-]{subsubsection.6.103.1.48}{\376\377\0006\000.\0001\0000\0003\000.\0001\000.\0004\0008\000\040\000C\000S\000\137\000S\000e\000t\000H\000i\000g\000h}{subsection.6.103.1}% 1383
\BOOKMARK [3][-]{subsubsection.6.103.1.49}{\376\377\0006\000.\0001\0000\0003\000.\0001\000.\0004\0009\000\040\000C\000S\000\137\000S\000e\000t\000L\000o\000w}{subsection.6.103.1}% 1384
\BOOKMARK [3][-]{subsubsection.6.103.1.50}{\376\377\0006\000.\0001\0000\0003\000.\0001\000.\0005\0000\000\040\000C\000S\000\137\000S\000e\000t\000O\000p\000e\000n\000D\000r\000a\000i\000n}{subsection.6.103.1}% 1385
\BOOKMARK [3][-]{subsubsection.6.103.1.51}{\376\377\0006\000.\0001\0000\0003\000.\0001\000.\0005\0001\000\040\000C\000S\000\137\000S\000e\000t\000P\000u\000l\000l\000u\000p}{subsection.6.103.1}% 1386
\BOOKMARK [3][-]{subsubsection.6.103.1.52}{\376\377\0006\000.\0001\0000\0003\000.\0001\000.\0005\0002\000\040\000C\000S\000\137\000S\000e\000t\000P\000u\000s\000h\000P\000u\000l\000l}{subsection.6.103.1}% 1387
\BOOKMARK [3][-]{subsubsection.6.103.1.53}{\376\377\0006\000.\0001\0000\0003\000.\0001\000.\0005\0003\000\040\000C\000S\000\137\000T\000o\000g\000g\000l\000e}{subsection.6.103.1}% 1388
\BOOKMARK [3][-]{subsubsection.6.103.1.54}{\376\377\0006\000.\0001\0000\0003\000.\0001\000.\0005\0004\000\040\000C\000S\000\137\000T\000R\000I\000S}{subsection.6.103.1}% 1389
\BOOKMARK [3][-]{subsubsection.6.103.1.55}{\376\377\0006\000.\0001\0000\0003\000.\0001\000.\0005\0005\000\040\000C\000S\000\137\000W\000P\000U}{subsection.6.103.1}% 1390
\BOOKMARK [3][-]{subsubsection.6.103.1.56}{\376\377\0006\000.\0001\0000\0003\000.\0001\000.\0005\0006\000\040\000D\000B\0000\000\137\000A\000N\000S}{subsection.6.103.1}% 1391
\BOOKMARK [3][-]{subsubsection.6.103.1.57}{\376\377\0006\000.\0001\0000\0003\000.\0001\000.\0005\0007\000\040\000D\000B\0000\000\137\000G\000e\000t\000V\000a\000l\000u\000e}{subsection.6.103.1}% 1392
\BOOKMARK [3][-]{subsubsection.6.103.1.58}{\376\377\0006\000.\0001\0000\0003\000.\0001\000.\0005\0008\000\040\000D\000B\0000\000\137\000L\000A\000T}{subsection.6.103.1}% 1393
\BOOKMARK [3][-]{subsubsection.6.103.1.59}{\376\377\0006\000.\0001\0000\0003\000.\0001\000.\0005\0009\000\040\000D\000B\0000\000\137\000O\000D}{subsection.6.103.1}% 1394
\BOOKMARK [3][-]{subsubsection.6.103.1.60}{\376\377\0006\000.\0001\0000\0003\000.\0001\000.\0006\0000\000\040\000D\000B\0000\000\137\000P\000O\000R\000T}{subsection.6.103.1}% 1395
\BOOKMARK [3][-]{subsubsection.6.103.1.61}{\376\377\0006\000.\0001\0000\0003\000.\0001\000.\0006\0001\000\040\000D\000B\0000\000\137\000R\000e\000s\000e\000t\000P\000u\000l\000l\000u\000p}{subsection.6.103.1}% 1396
\BOOKMARK [3][-]{subsubsection.6.103.1.62}{\376\377\0006\000.\0001\0000\0003\000.\0001\000.\0006\0002\000\040\000D\000B\0000\000\137\000S\000e\000t\000A\000n\000a\000l\000o\000g\000M\000o\000d\000e}{subsection.6.103.1}% 1397
\BOOKMARK [3][-]{subsubsection.6.103.1.63}{\376\377\0006\000.\0001\0000\0003\000.\0001\000.\0006\0003\000\040\000D\000B\0000\000\137\000S\000e\000t\000D\000i\000g\000i\000t\000a\000l\000I\000n\000p\000u\000t}{subsection.6.103.1}% 1398
\BOOKMARK [3][-]{subsubsection.6.103.1.64}{\376\377\0006\000.\0001\0000\0003\000.\0001\000.\0006\0004\000\040\000D\000B\0000\000\137\000S\000e\000t\000D\000i\000g\000i\000t\000a\000l\000M\000o\000d\000e}{subsection.6.103.1}% 1399
\BOOKMARK [3][-]{subsubsection.6.103.1.65}{\376\377\0006\000.\0001\0000\0003\000.\0001\000.\0006\0005\000\040\000D\000B\0000\000\137\000S\000e\000t\000D\000i\000g\000i\000t\000a\000l\000O\000u\000t\000p\000u\000t}{subsection.6.103.1}% 1400
\BOOKMARK [3][-]{subsubsection.6.103.1.66}{\376\377\0006\000.\0001\0000\0003\000.\0001\000.\0006\0006\000\040\000D\000B\0000\000\137\000S\000e\000t\000H\000i\000g\000h}{subsection.6.103.1}% 1401
\BOOKMARK [3][-]{subsubsection.6.103.1.67}{\376\377\0006\000.\0001\0000\0003\000.\0001\000.\0006\0007\000\040\000D\000B\0000\000\137\000S\000e\000t\000L\000o\000w}{subsection.6.103.1}% 1402
\BOOKMARK [3][-]{subsubsection.6.103.1.68}{\376\377\0006\000.\0001\0000\0003\000.\0001\000.\0006\0008\000\040\000D\000B\0000\000\137\000S\000e\000t\000O\000p\000e\000n\000D\000r\000a\000i\000n}{subsection.6.103.1}% 1403
\BOOKMARK [3][-]{subsubsection.6.103.1.69}{\376\377\0006\000.\0001\0000\0003\000.\0001\000.\0006\0009\000\040\000D\000B\0000\000\137\000S\000e\000t\000P\000u\000l\000l\000u\000p}{subsection.6.103.1}% 1404
\BOOKMARK [3][-]{subsubsection.6.103.1.70}{\376\377\0006\000.\0001\0000\0003\000.\0001\000.\0007\0000\000\040\000D\000B\0000\000\137\000S\000e\000t\000P\000u\000s\000h\000P\000u\000l\000l}{subsection.6.103.1}% 1405
\BOOKMARK [3][-]{subsubsection.6.103.1.71}{\376\377\0006\000.\0001\0000\0003\000.\0001\000.\0007\0001\000\040\000D\000B\0000\000\137\000T\000o\000g\000g\000l\000e}{subsection.6.103.1}% 1406
\BOOKMARK [3][-]{subsubsection.6.103.1.72}{\376\377\0006\000.\0001\0000\0003\000.\0001\000.\0007\0002\000\040\000D\000B\0000\000\137\000T\000R\000I\000S}{subsection.6.103.1}% 1407
\BOOKMARK [3][-]{subsubsection.6.103.1.73}{\376\377\0006\000.\0001\0000\0003\000.\0001\000.\0007\0003\000\040\000D\000B\0000\000\137\000W\000P\000U}{subsection.6.103.1}% 1408
\BOOKMARK [3][-]{subsubsection.6.103.1.74}{\376\377\0006\000.\0001\0000\0003\000.\0001\000.\0007\0004\000\040\000D\000B\0001\000\137\000A\000N\000S}{subsection.6.103.1}% 1409
\BOOKMARK [3][-]{subsubsection.6.103.1.75}{\376\377\0006\000.\0001\0000\0003\000.\0001\000.\0007\0005\000\040\000D\000B\0001\000\137\000G\000e\000t\000V\000a\000l\000u\000e}{subsection.6.103.1}% 1410
\BOOKMARK [3][-]{subsubsection.6.103.1.76}{\376\377\0006\000.\0001\0000\0003\000.\0001\000.\0007\0006\000\040\000D\000B\0001\000\137\000L\000A\000T}{subsection.6.103.1}% 1411
\BOOKMARK [3][-]{subsubsection.6.103.1.77}{\376\377\0006\000.\0001\0000\0003\000.\0001\000.\0007\0007\000\040\000D\000B\0001\000\137\000O\000D}{subsection.6.103.1}% 1412
\BOOKMARK [3][-]{subsubsection.6.103.1.78}{\376\377\0006\000.\0001\0000\0003\000.\0001\000.\0007\0008\000\040\000D\000B\0001\000\137\000P\000O\000R\000T}{subsection.6.103.1}% 1413
\BOOKMARK [3][-]{subsubsection.6.103.1.79}{\376\377\0006\000.\0001\0000\0003\000.\0001\000.\0007\0009\000\040\000D\000B\0001\000\137\000R\000e\000s\000e\000t\000P\000u\000l\000l\000u\000p}{subsection.6.103.1}% 1414
\BOOKMARK [3][-]{subsubsection.6.103.1.80}{\376\377\0006\000.\0001\0000\0003\000.\0001\000.\0008\0000\000\040\000D\000B\0001\000\137\000S\000e\000t\000A\000n\000a\000l\000o\000g\000M\000o\000d\000e}{subsection.6.103.1}% 1415
\BOOKMARK [3][-]{subsubsection.6.103.1.81}{\376\377\0006\000.\0001\0000\0003\000.\0001\000.\0008\0001\000\040\000D\000B\0001\000\137\000S\000e\000t\000D\000i\000g\000i\000t\000a\000l\000I\000n\000p\000u\000t}{subsection.6.103.1}% 1416
\BOOKMARK [3][-]{subsubsection.6.103.1.82}{\376\377\0006\000.\0001\0000\0003\000.\0001\000.\0008\0002\000\040\000D\000B\0001\000\137\000S\000e\000t\000D\000i\000g\000i\000t\000a\000l\000M\000o\000d\000e}{subsection.6.103.1}% 1417
\BOOKMARK [3][-]{subsubsection.6.103.1.83}{\376\377\0006\000.\0001\0000\0003\000.\0001\000.\0008\0003\000\040\000D\000B\0001\000\137\000S\000e\000t\000D\000i\000g\000i\000t\000a\000l\000O\000u\000t\000p\000u\000t}{subsection.6.103.1}% 1418
\BOOKMARK [3][-]{subsubsection.6.103.1.84}{\376\377\0006\000.\0001\0000\0003\000.\0001\000.\0008\0004\000\040\000D\000B\0001\000\137\000S\000e\000t\000H\000i\000g\000h}{subsection.6.103.1}% 1419
\BOOKMARK [3][-]{subsubsection.6.103.1.85}{\376\377\0006\000.\0001\0000\0003\000.\0001\000.\0008\0005\000\040\000D\000B\0001\000\137\000S\000e\000t\000L\000o\000w}{subsection.6.103.1}% 1420
\BOOKMARK [3][-]{subsubsection.6.103.1.86}{\376\377\0006\000.\0001\0000\0003\000.\0001\000.\0008\0006\000\040\000D\000B\0001\000\137\000S\000e\000t\000O\000p\000e\000n\000D\000r\000a\000i\000n}{subsection.6.103.1}% 1421
\BOOKMARK [3][-]{subsubsection.6.103.1.87}{\376\377\0006\000.\0001\0000\0003\000.\0001\000.\0008\0007\000\040\000D\000B\0001\000\137\000S\000e\000t\000P\000u\000l\000l\000u\000p}{subsection.6.103.1}% 1422
\BOOKMARK [3][-]{subsubsection.6.103.1.88}{\376\377\0006\000.\0001\0000\0003\000.\0001\000.\0008\0008\000\040\000D\000B\0001\000\137\000S\000e\000t\000P\000u\000s\000h\000P\000u\000l\000l}{subsection.6.103.1}% 1423
\BOOKMARK [3][-]{subsubsection.6.103.1.89}{\376\377\0006\000.\0001\0000\0003\000.\0001\000.\0008\0009\000\040\000D\000B\0001\000\137\000T\000o\000g\000g\000l\000e}{subsection.6.103.1}% 1424
\BOOKMARK [3][-]{subsubsection.6.103.1.90}{\376\377\0006\000.\0001\0000\0003\000.\0001\000.\0009\0000\000\040\000D\000B\0001\000\137\000T\000R\000I\000S}{subsection.6.103.1}% 1425
\BOOKMARK [3][-]{subsubsection.6.103.1.91}{\376\377\0006\000.\0001\0000\0003\000.\0001\000.\0009\0001\000\040\000D\000B\0001\000\137\000W\000P\000U}{subsection.6.103.1}% 1426
\BOOKMARK [3][-]{subsubsection.6.103.1.92}{\376\377\0006\000.\0001\0000\0003\000.\0001\000.\0009\0002\000\040\000D\000E\000R\000E\000\137\000A\000N\000S}{subsection.6.103.1}% 1427
\BOOKMARK [3][-]{subsubsection.6.103.1.93}{\376\377\0006\000.\0001\0000\0003\000.\0001\000.\0009\0003\000\040\000D\000E\000R\000E\000\137\000G\000e\000t\000V\000a\000l\000u\000e}{subsection.6.103.1}% 1428
\BOOKMARK [3][-]{subsubsection.6.103.1.94}{\376\377\0006\000.\0001\0000\0003\000.\0001\000.\0009\0004\000\040\000D\000E\000R\000E\000\137\000L\000A\000T}{subsection.6.103.1}% 1429
\BOOKMARK [3][-]{subsubsection.6.103.1.95}{\376\377\0006\000.\0001\0000\0003\000.\0001\000.\0009\0005\000\040\000D\000E\000R\000E\000\137\000O\000D}{subsection.6.103.1}% 1430
\BOOKMARK [3][-]{subsubsection.6.103.1.96}{\376\377\0006\000.\0001\0000\0003\000.\0001\000.\0009\0006\000\040\000D\000E\000R\000E\000\137\000P\000O\000R\000T}{subsection.6.103.1}% 1431
\BOOKMARK [3][-]{subsubsection.6.103.1.97}{\376\377\0006\000.\0001\0000\0003\000.\0001\000.\0009\0007\000\040\000D\000E\000R\000E\000\137\000R\000e\000s\000e\000t\000P\000u\000l\000l\000u\000p}{subsection.6.103.1}% 1432
\BOOKMARK [3][-]{subsubsection.6.103.1.98}{\376\377\0006\000.\0001\0000\0003\000.\0001\000.\0009\0008\000\040\000D\000E\000R\000E\000\137\000S\000e\000t\000A\000n\000a\000l\000o\000g\000M\000o\000d\000e}{subsection.6.103.1}% 1433
\BOOKMARK [3][-]{subsubsection.6.103.1.99}{\376\377\0006\000.\0001\0000\0003\000.\0001\000.\0009\0009\000\040\000D\000E\000R\000E\000\137\000S\000e\000t\000D\000i\000g\000i\000t\000a\000l\000I\000n\000p\000u\000t}{subsection.6.103.1}% 1434
\BOOKMARK [3][-]{subsubsection.6.103.1.100}{\376\377\0006\000.\0001\0000\0003\000.\0001\000.\0001\0000\0000\000\040\000D\000E\000R\000E\000\137\000S\000e\000t\000D\000i\000g\000i\000t\000a\000l\000M\000o\000d\000e}{subsection.6.103.1}% 1435
\BOOKMARK [3][-]{subsubsection.6.103.1.101}{\376\377\0006\000.\0001\0000\0003\000.\0001\000.\0001\0000\0001\000\040\000D\000E\000R\000E\000\137\000S\000e\000t\000D\000i\000g\000i\000t\000a\000l\000O\000u\000t\000p\000u\000t}{subsection.6.103.1}% 1436
\BOOKMARK [3][-]{subsubsection.6.103.1.102}{\376\377\0006\000.\0001\0000\0003\000.\0001\000.\0001\0000\0002\000\040\000D\000E\000R\000E\000\137\000S\000e\000t\000H\000i\000g\000h}{subsection.6.103.1}% 1437
\BOOKMARK [3][-]{subsubsection.6.103.1.103}{\376\377\0006\000.\0001\0000\0003\000.\0001\000.\0001\0000\0003\000\040\000D\000E\000R\000E\000\137\000S\000e\000t\000L\000o\000w}{subsection.6.103.1}% 1438
\BOOKMARK [3][-]{subsubsection.6.103.1.104}{\376\377\0006\000.\0001\0000\0003\000.\0001\000.\0001\0000\0004\000\040\000D\000E\000R\000E\000\137\000S\000e\000t\000O\000p\000e\000n\000D\000r\000a\000i\000n}{subsection.6.103.1}% 1439
\BOOKMARK [3][-]{subsubsection.6.103.1.105}{\376\377\0006\000.\0001\0000\0003\000.\0001\000.\0001\0000\0005\000\040\000D\000E\000R\000E\000\137\000S\000e\000t\000P\000u\000l\000l\000u\000p}{subsection.6.103.1}% 1440
\BOOKMARK [3][-]{subsubsection.6.103.1.106}{\376\377\0006\000.\0001\0000\0003\000.\0001\000.\0001\0000\0006\000\040\000D\000E\000R\000E\000\137\000S\000e\000t\000P\000u\000s\000h\000P\000u\000l\000l}{subsection.6.103.1}% 1441
\BOOKMARK [3][-]{subsubsection.6.103.1.107}{\376\377\0006\000.\0001\0000\0003\000.\0001\000.\0001\0000\0007\000\040\000D\000E\000R\000E\000\137\000T\000o\000g\000g\000l\000e}{subsection.6.103.1}% 1442
\BOOKMARK [3][-]{subsubsection.6.103.1.108}{\376\377\0006\000.\0001\0000\0003\000.\0001\000.\0001\0000\0008\000\040\000D\000E\000R\000E\000\137\000T\000R\000I\000S}{subsection.6.103.1}% 1443
\BOOKMARK [3][-]{subsubsection.6.103.1.109}{\376\377\0006\000.\0001\0000\0003\000.\0001\000.\0001\0000\0009\000\040\000D\000E\000R\000E\000\137\000W\000P\000U}{subsection.6.103.1}% 1444
\BOOKMARK [3][-]{subsubsection.6.103.1.110}{\376\377\0006\000.\0001\0000\0003\000.\0001\000.\0001\0001\0000\000\040\000D\000I\000G\000I\000T\000A\000L}{subsection.6.103.1}% 1445
\BOOKMARK [3][-]{subsubsection.6.103.1.111}{\376\377\0006\000.\0001\0000\0003\000.\0001\000.\0001\0001\0001\000\040\000D\000L\000E\000D\0001\000\137\000A\000N\000S}{subsection.6.103.1}% 1446
\BOOKMARK [3][-]{subsubsection.6.103.1.112}{\376\377\0006\000.\0001\0000\0003\000.\0001\000.\0001\0001\0002\000\040\000D\000L\000E\000D\0001\000\137\000G\000e\000t\000V\000a\000l\000u\000e}{subsection.6.103.1}% 1447
\BOOKMARK [3][-]{subsubsection.6.103.1.113}{\376\377\0006\000.\0001\0000\0003\000.\0001\000.\0001\0001\0003\000\040\000D\000L\000E\000D\0001\000\137\000L\000A\000T}{subsection.6.103.1}% 1448
\BOOKMARK [3][-]{subsubsection.6.103.1.114}{\376\377\0006\000.\0001\0000\0003\000.\0001\000.\0001\0001\0004\000\040\000D\000L\000E\000D\0001\000\137\000O\000D}{subsection.6.103.1}% 1449
\BOOKMARK [3][-]{subsubsection.6.103.1.115}{\376\377\0006\000.\0001\0000\0003\000.\0001\000.\0001\0001\0005\000\040\000D\000L\000E\000D\0001\000\137\000P\000O\000R\000T}{subsection.6.103.1}% 1450
\BOOKMARK [3][-]{subsubsection.6.103.1.116}{\376\377\0006\000.\0001\0000\0003\000.\0001\000.\0001\0001\0006\000\040\000D\000L\000E\000D\0001\000\137\000R\000e\000s\000e\000t\000P\000u\000l\000l\000u\000p}{subsection.6.103.1}% 1451
\BOOKMARK [3][-]{subsubsection.6.103.1.117}{\376\377\0006\000.\0001\0000\0003\000.\0001\000.\0001\0001\0007\000\040\000D\000L\000E\000D\0001\000\137\000S\000e\000t\000A\000n\000a\000l\000o\000g\000M\000o\000d\000e}{subsection.6.103.1}% 1452
\BOOKMARK [3][-]{subsubsection.6.103.1.118}{\376\377\0006\000.\0001\0000\0003\000.\0001\000.\0001\0001\0008\000\040\000D\000L\000E\000D\0001\000\137\000S\000e\000t\000D\000i\000g\000i\000t\000a\000l\000I\000n\000p\000u\000t}{subsection.6.103.1}% 1453
\BOOKMARK [3][-]{subsubsection.6.103.1.119}{\376\377\0006\000.\0001\0000\0003\000.\0001\000.\0001\0001\0009\000\040\000D\000L\000E\000D\0001\000\137\000S\000e\000t\000D\000i\000g\000i\000t\000a\000l\000M\000o\000d\000e}{subsection.6.103.1}% 1454
\BOOKMARK [3][-]{subsubsection.6.103.1.120}{\376\377\0006\000.\0001\0000\0003\000.\0001\000.\0001\0002\0000\000\040\000D\000L\000E\000D\0001\000\137\000S\000e\000t\000D\000i\000g\000i\000t\000a\000l\000O\000u\000t\000p\000u\000t}{subsection.6.103.1}% 1455
\BOOKMARK [3][-]{subsubsection.6.103.1.121}{\376\377\0006\000.\0001\0000\0003\000.\0001\000.\0001\0002\0001\000\040\000D\000L\000E\000D\0001\000\137\000S\000e\000t\000H\000i\000g\000h}{subsection.6.103.1}% 1456
\BOOKMARK [3][-]{subsubsection.6.103.1.122}{\376\377\0006\000.\0001\0000\0003\000.\0001\000.\0001\0002\0002\000\040\000D\000L\000E\000D\0001\000\137\000S\000e\000t\000L\000o\000w}{subsection.6.103.1}% 1457
\BOOKMARK [3][-]{subsubsection.6.103.1.123}{\376\377\0006\000.\0001\0000\0003\000.\0001\000.\0001\0002\0003\000\040\000D\000L\000E\000D\0001\000\137\000S\000e\000t\000O\000p\000e\000n\000D\000r\000a\000i\000n}{subsection.6.103.1}% 1458
\BOOKMARK [3][-]{subsubsection.6.103.1.124}{\376\377\0006\000.\0001\0000\0003\000.\0001\000.\0001\0002\0004\000\040\000D\000L\000E\000D\0001\000\137\000S\000e\000t\000P\000u\000l\000l\000u\000p}{subsection.6.103.1}% 1459
\BOOKMARK [3][-]{subsubsection.6.103.1.125}{\376\377\0006\000.\0001\0000\0003\000.\0001\000.\0001\0002\0005\000\040\000D\000L\000E\000D\0001\000\137\000S\000e\000t\000P\000u\000s\000h\000P\000u\000l\000l}{subsection.6.103.1}% 1460
\BOOKMARK [3][-]{subsubsection.6.103.1.126}{\376\377\0006\000.\0001\0000\0003\000.\0001\000.\0001\0002\0006\000\040\000D\000L\000E\000D\0001\000\137\000T\000o\000g\000g\000l\000e}{subsection.6.103.1}% 1461
\BOOKMARK [3][-]{subsubsection.6.103.1.127}{\376\377\0006\000.\0001\0000\0003\000.\0001\000.\0001\0002\0007\000\040\000D\000L\000E\000D\0001\000\137\000T\000R\000I\000S}{subsection.6.103.1}% 1462
\BOOKMARK [3][-]{subsubsection.6.103.1.128}{\376\377\0006\000.\0001\0000\0003\000.\0001\000.\0001\0002\0008\000\040\000D\000L\000E\000D\0001\000\137\000W\000P\000U}{subsection.6.103.1}% 1463
\BOOKMARK [3][-]{subsubsection.6.103.1.129}{\376\377\0006\000.\0001\0000\0003\000.\0001\000.\0001\0002\0009\000\040\000D\000L\000E\000D\000\137\000A\000N\000S}{subsection.6.103.1}% 1464
\BOOKMARK [3][-]{subsubsection.6.103.1.130}{\376\377\0006\000.\0001\0000\0003\000.\0001\000.\0001\0003\0000\000\040\000D\000L\000E\000D\000\137\000G\000e\000t\000V\000a\000l\000u\000e}{subsection.6.103.1}% 1465
\BOOKMARK [3][-]{subsubsection.6.103.1.131}{\376\377\0006\000.\0001\0000\0003\000.\0001\000.\0001\0003\0001\000\040\000D\000L\000E\000D\000\137\000L\000A\000T}{subsection.6.103.1}% 1466
\BOOKMARK [3][-]{subsubsection.6.103.1.132}{\376\377\0006\000.\0001\0000\0003\000.\0001\000.\0001\0003\0002\000\040\000D\000L\000E\000D\000\137\000O\000D}{subsection.6.103.1}% 1467
\BOOKMARK [3][-]{subsubsection.6.103.1.133}{\376\377\0006\000.\0001\0000\0003\000.\0001\000.\0001\0003\0003\000\040\000D\000L\000E\000D\000\137\000P\000O\000R\000T}{subsection.6.103.1}% 1468
\BOOKMARK [3][-]{subsubsection.6.103.1.134}{\376\377\0006\000.\0001\0000\0003\000.\0001\000.\0001\0003\0004\000\040\000D\000L\000E\000D\000\137\000R\000e\000s\000e\000t\000P\000u\000l\000l\000u\000p}{subsection.6.103.1}% 1469
\BOOKMARK [3][-]{subsubsection.6.103.1.135}{\376\377\0006\000.\0001\0000\0003\000.\0001\000.\0001\0003\0005\000\040\000D\000L\000E\000D\000\137\000S\000e\000t\000A\000n\000a\000l\000o\000g\000M\000o\000d\000e}{subsection.6.103.1}% 1470
\BOOKMARK [3][-]{subsubsection.6.103.1.136}{\376\377\0006\000.\0001\0000\0003\000.\0001\000.\0001\0003\0006\000\040\000D\000L\000E\000D\000\137\000S\000e\000t\000D\000i\000g\000i\000t\000a\000l\000I\000n\000p\000u\000t}{subsection.6.103.1}% 1471
\BOOKMARK [3][-]{subsubsection.6.103.1.137}{\376\377\0006\000.\0001\0000\0003\000.\0001\000.\0001\0003\0007\000\040\000D\000L\000E\000D\000\137\000S\000e\000t\000D\000i\000g\000i\000t\000a\000l\000M\000o\000d\000e}{subsection.6.103.1}% 1472
\BOOKMARK [3][-]{subsubsection.6.103.1.138}{\376\377\0006\000.\0001\0000\0003\000.\0001\000.\0001\0003\0008\000\040\000D\000L\000E\000D\000\137\000S\000e\000t\000D\000i\000g\000i\000t\000a\000l\000O\000u\000t\000p\000u\000t}{subsection.6.103.1}% 1473
\BOOKMARK [3][-]{subsubsection.6.103.1.139}{\376\377\0006\000.\0001\0000\0003\000.\0001\000.\0001\0003\0009\000\040\000D\000L\000E\000D\000\137\000S\000e\000t\000H\000i\000g\000h}{subsection.6.103.1}% 1474
\BOOKMARK [3][-]{subsubsection.6.103.1.140}{\376\377\0006\000.\0001\0000\0003\000.\0001\000.\0001\0004\0000\000\040\000D\000L\000E\000D\000\137\000S\000e\000t\000L\000o\000w}{subsection.6.103.1}% 1475
\BOOKMARK [3][-]{subsubsection.6.103.1.141}{\376\377\0006\000.\0001\0000\0003\000.\0001\000.\0001\0004\0001\000\040\000D\000L\000E\000D\000\137\000S\000e\000t\000O\000p\000e\000n\000D\000r\000a\000i\000n}{subsection.6.103.1}% 1476
\BOOKMARK [3][-]{subsubsection.6.103.1.142}{\376\377\0006\000.\0001\0000\0003\000.\0001\000.\0001\0004\0002\000\040\000D\000L\000E\000D\000\137\000S\000e\000t\000P\000u\000l\000l\000u\000p}{subsection.6.103.1}% 1477
\BOOKMARK [3][-]{subsubsection.6.103.1.143}{\376\377\0006\000.\0001\0000\0003\000.\0001\000.\0001\0004\0003\000\040\000D\000L\000E\000D\000\137\000S\000e\000t\000P\000u\000s\000h\000P\000u\000l\000l}{subsection.6.103.1}% 1478
\BOOKMARK [3][-]{subsubsection.6.103.1.144}{\376\377\0006\000.\0001\0000\0003\000.\0001\000.\0001\0004\0004\000\040\000D\000L\000E\000D\000\137\000T\000o\000g\000g\000l\000e}{subsection.6.103.1}% 1479
\BOOKMARK [3][-]{subsubsection.6.103.1.145}{\376\377\0006\000.\0001\0000\0003\000.\0001\000.\0001\0004\0005\000\040\000D\000L\000E\000D\000\137\000T\000R\000I\000S}{subsection.6.103.1}% 1480
\BOOKMARK [3][-]{subsubsection.6.103.1.146}{\376\377\0006\000.\0001\0000\0003\000.\0001\000.\0001\0004\0006\000\040\000D\000L\000E\000D\000\137\000W\000P\000U}{subsection.6.103.1}% 1481
\BOOKMARK [3][-]{subsubsection.6.103.1.147}{\376\377\0006\000.\0001\0000\0003\000.\0001\000.\0001\0004\0007\000\040\000H\000I\000G\000H}{subsection.6.103.1}% 1482
\BOOKMARK [3][-]{subsubsection.6.103.1.148}{\376\377\0006\000.\0001\0000\0003\000.\0001\000.\0001\0004\0008\000\040\000I\000N\000P\000U\000T}{subsection.6.103.1}% 1483
\BOOKMARK [3][-]{subsubsection.6.103.1.149}{\376\377\0006\000.\0001\0000\0003\000.\0001\000.\0001\0004\0009\000\040\000I\000N\000T\000\137\000T\000R\000A\000C\000E\000\137\000A\000N\000S}{subsection.6.103.1}% 1484
\BOOKMARK [3][-]{subsubsection.6.103.1.150}{\376\377\0006\000.\0001\0000\0003\000.\0001\000.\0001\0005\0000\000\040\000I\000N\000T\000\137\000T\000R\000A\000C\000E\000\137\000G\000e\000t\000V\000a\000l\000u\000e}{subsection.6.103.1}% 1485
\BOOKMARK [3][-]{subsubsection.6.103.1.151}{\376\377\0006\000.\0001\0000\0003\000.\0001\000.\0001\0005\0001\000\040\000I\000N\000T\000\137\000T\000R\000A\000C\000E\000\137\000L\000A\000T}{subsection.6.103.1}% 1486
\BOOKMARK [3][-]{subsubsection.6.103.1.152}{\376\377\0006\000.\0001\0000\0003\000.\0001\000.\0001\0005\0002\000\040\000I\000N\000T\000\137\000T\000R\000A\000C\000E\000\137\000O\000D}{subsection.6.103.1}% 1487
\BOOKMARK [3][-]{subsubsection.6.103.1.153}{\376\377\0006\000.\0001\0000\0003\000.\0001\000.\0001\0005\0003\000\040\000I\000N\000T\000\137\000T\000R\000A\000C\000E\000\137\000P\000O\000R\000T}{subsection.6.103.1}% 1488
\BOOKMARK [3][-]{subsubsection.6.103.1.154}{\376\377\0006\000.\0001\0000\0003\000.\0001\000.\0001\0005\0004\000\040\000I\000N\000T\000\137\000T\000R\000A\000C\000E\000\137\000R\000e\000s\000e\000t\000P\000u\000l\000l\000u\000p}{subsection.6.103.1}% 1489
\BOOKMARK [3][-]{subsubsection.6.103.1.155}{\376\377\0006\000.\0001\0000\0003\000.\0001\000.\0001\0005\0005\000\040\000I\000N\000T\000\137\000T\000R\000A\000C\000E\000\137\000S\000e\000t\000A\000n\000a\000l\000o\000g\000M\000o\000d\000e}{subsection.6.103.1}% 1490
\BOOKMARK [3][-]{subsubsection.6.103.1.156}{\376\377\0006\000.\0001\0000\0003\000.\0001\000.\0001\0005\0006\000\040\000I\000N\000T\000\137\000T\000R\000A\000C\000E\000\137\000S\000e\000t\000D\000i\000g\000i\000t\000a\000l\000I\000n\000p\000u\000t}{subsection.6.103.1}% 1491
\BOOKMARK [3][-]{subsubsection.6.103.1.157}{\376\377\0006\000.\0001\0000\0003\000.\0001\000.\0001\0005\0007\000\040\000I\000N\000T\000\137\000T\000R\000A\000C\000E\000\137\000S\000e\000t\000D\000i\000g\000i\000t\000a\000l\000M\000o\000d\000e}{subsection.6.103.1}% 1492
\BOOKMARK [3][-]{subsubsection.6.103.1.158}{\376\377\0006\000.\0001\0000\0003\000.\0001\000.\0001\0005\0008\000\040\000I\000N\000T\000\137\000T\000R\000A\000C\000E\000\137\000S\000e\000t\000D\000i\000g\000i\000t\000a\000l\000O\000u\000t\000p\000u\000t}{subsection.6.103.1}% 1493
\BOOKMARK [3][-]{subsubsection.6.103.1.159}{\376\377\0006\000.\0001\0000\0003\000.\0001\000.\0001\0005\0009\000\040\000I\000N\000T\000\137\000T\000R\000A\000C\000E\000\137\000S\000e\000t\000H\000i\000g\000h}{subsection.6.103.1}% 1494
\BOOKMARK [3][-]{subsubsection.6.103.1.160}{\376\377\0006\000.\0001\0000\0003\000.\0001\000.\0001\0006\0000\000\040\000I\000N\000T\000\137\000T\000R\000A\000C\000E\000\137\000S\000e\000t\000L\000o\000w}{subsection.6.103.1}% 1495
\BOOKMARK [3][-]{subsubsection.6.103.1.161}{\376\377\0006\000.\0001\0000\0003\000.\0001\000.\0001\0006\0001\000\040\000I\000N\000T\000\137\000T\000R\000A\000C\000E\000\137\000S\000e\000t\000O\000p\000e\000n\000D\000r\000a\000i\000n}{subsection.6.103.1}% 1496
\BOOKMARK [3][-]{subsubsection.6.103.1.162}{\376\377\0006\000.\0001\0000\0003\000.\0001\000.\0001\0006\0002\000\040\000I\000N\000T\000\137\000T\000R\000A\000C\000E\000\137\000S\000e\000t\000P\000u\000l\000l\000u\000p}{subsection.6.103.1}% 1497
\BOOKMARK [3][-]{subsubsection.6.103.1.163}{\376\377\0006\000.\0001\0000\0003\000.\0001\000.\0001\0006\0003\000\040\000I\000N\000T\000\137\000T\000R\000A\000C\000E\000\137\000S\000e\000t\000P\000u\000s\000h\000P\000u\000l\000l}{subsection.6.103.1}% 1498
\BOOKMARK [3][-]{subsubsection.6.103.1.164}{\376\377\0006\000.\0001\0000\0003\000.\0001\000.\0001\0006\0004\000\040\000I\000N\000T\000\137\000T\000R\000A\000C\000E\000\137\000T\000o\000g\000g\000l\000e}{subsection.6.103.1}% 1499
\BOOKMARK [3][-]{subsubsection.6.103.1.165}{\376\377\0006\000.\0001\0000\0003\000.\0001\000.\0001\0006\0005\000\040\000I\000N\000T\000\137\000T\000R\000A\000C\000E\000\137\000T\000R\000I\000S}{subsection.6.103.1}% 1500
\BOOKMARK [3][-]{subsubsection.6.103.1.166}{\376\377\0006\000.\0001\0000\0003\000.\0001\000.\0001\0006\0006\000\040\000I\000N\000T\000\137\000T\000R\000A\000C\000E\000\137\000W\000P\000U}{subsection.6.103.1}% 1501
\BOOKMARK [3][-]{subsubsection.6.103.1.167}{\376\377\0006\000.\0001\0000\0003\000.\0001\000.\0001\0006\0007\000\040\000I\000O\000\137\000R\000B\0005\000\137\000A\000N\000S}{subsection.6.103.1}% 1502
\BOOKMARK [3][-]{subsubsection.6.103.1.168}{\376\377\0006\000.\0001\0000\0003\000.\0001\000.\0001\0006\0008\000\040\000I\000O\000\137\000R\000B\0005\000\137\000G\000e\000t\000V\000a\000l\000u\000e}{subsection.6.103.1}% 1503
\BOOKMARK [3][-]{subsubsection.6.103.1.169}{\376\377\0006\000.\0001\0000\0003\000.\0001\000.\0001\0006\0009\000\040\000I\000O\000\137\000R\000B\0005\000\137\000L\000A\000T}{subsection.6.103.1}% 1504
\BOOKMARK [3][-]{subsubsection.6.103.1.170}{\376\377\0006\000.\0001\0000\0003\000.\0001\000.\0001\0007\0000\000\040\000I\000O\000\137\000R\000B\0005\000\137\000O\000D}{subsection.6.103.1}% 1505
\BOOKMARK [3][-]{subsubsection.6.103.1.171}{\376\377\0006\000.\0001\0000\0003\000.\0001\000.\0001\0007\0001\000\040\000I\000O\000\137\000R\000B\0005\000\137\000P\000O\000R\000T}{subsection.6.103.1}% 1506
\BOOKMARK [3][-]{subsubsection.6.103.1.172}{\376\377\0006\000.\0001\0000\0003\000.\0001\000.\0001\0007\0002\000\040\000I\000O\000\137\000R\000B\0005\000\137\000R\000e\000s\000e\000t\000P\000u\000l\000l\000u\000p}{subsection.6.103.1}% 1507
\BOOKMARK [3][-]{subsubsection.6.103.1.173}{\376\377\0006\000.\0001\0000\0003\000.\0001\000.\0001\0007\0003\000\040\000I\000O\000\137\000R\000B\0005\000\137\000S\000e\000t\000A\000n\000a\000l\000o\000g\000M\000o\000d\000e}{subsection.6.103.1}% 1508
\BOOKMARK [3][-]{subsubsection.6.103.1.174}{\376\377\0006\000.\0001\0000\0003\000.\0001\000.\0001\0007\0004\000\040\000I\000O\000\137\000R\000B\0005\000\137\000S\000e\000t\000D\000i\000g\000i\000t\000a\000l\000I\000n\000p\000u\000t}{subsection.6.103.1}% 1509
\BOOKMARK [3][-]{subsubsection.6.103.1.175}{\376\377\0006\000.\0001\0000\0003\000.\0001\000.\0001\0007\0005\000\040\000I\000O\000\137\000R\000B\0005\000\137\000S\000e\000t\000D\000i\000g\000i\000t\000a\000l\000M\000o\000d\000e}{subsection.6.103.1}% 1510
\BOOKMARK [3][-]{subsubsection.6.103.1.176}{\376\377\0006\000.\0001\0000\0003\000.\0001\000.\0001\0007\0006\000\040\000I\000O\000\137\000R\000B\0005\000\137\000S\000e\000t\000D\000i\000g\000i\000t\000a\000l\000O\000u\000t\000p\000u\000t}{subsection.6.103.1}% 1511
\BOOKMARK [3][-]{subsubsection.6.103.1.177}{\376\377\0006\000.\0001\0000\0003\000.\0001\000.\0001\0007\0007\000\040\000I\000O\000\137\000R\000B\0005\000\137\000S\000e\000t\000H\000i\000g\000h}{subsection.6.103.1}% 1512
\BOOKMARK [3][-]{subsubsection.6.103.1.178}{\376\377\0006\000.\0001\0000\0003\000.\0001\000.\0001\0007\0008\000\040\000I\000O\000\137\000R\000B\0005\000\137\000S\000e\000t\000L\000o\000w}{subsection.6.103.1}% 1513
\BOOKMARK [3][-]{subsubsection.6.103.1.179}{\376\377\0006\000.\0001\0000\0003\000.\0001\000.\0001\0007\0009\000\040\000I\000O\000\137\000R\000B\0005\000\137\000S\000e\000t\000O\000p\000e\000n\000D\000r\000a\000i\000n}{subsection.6.103.1}% 1514
\BOOKMARK [3][-]{subsubsection.6.103.1.180}{\376\377\0006\000.\0001\0000\0003\000.\0001\000.\0001\0008\0000\000\040\000I\000O\000\137\000R\000B\0005\000\137\000S\000e\000t\000P\000u\000l\000l\000u\000p}{subsection.6.103.1}% 1515
\BOOKMARK [3][-]{subsubsection.6.103.1.181}{\376\377\0006\000.\0001\0000\0003\000.\0001\000.\0001\0008\0001\000\040\000I\000O\000\137\000R\000B\0005\000\137\000S\000e\000t\000P\000u\000s\000h\000P\000u\000l\000l}{subsection.6.103.1}% 1516
\BOOKMARK [3][-]{subsubsection.6.103.1.182}{\376\377\0006\000.\0001\0000\0003\000.\0001\000.\0001\0008\0002\000\040\000I\000O\000\137\000R\000B\0005\000\137\000T\000o\000g\000g\000l\000e}{subsection.6.103.1}% 1517
\BOOKMARK [3][-]{subsubsection.6.103.1.183}{\376\377\0006\000.\0001\0000\0003\000.\0001\000.\0001\0008\0003\000\040\000I\000O\000\137\000R\000B\0005\000\137\000T\000R\000I\000S}{subsection.6.103.1}% 1518
\BOOKMARK [3][-]{subsubsection.6.103.1.184}{\376\377\0006\000.\0001\0000\0003\000.\0001\000.\0001\0008\0004\000\040\000I\000O\000\137\000R\000B\0005\000\137\000W\000P\000U}{subsection.6.103.1}% 1519
\BOOKMARK [3][-]{subsubsection.6.103.1.185}{\376\377\0006\000.\0001\0000\0003\000.\0001\000.\0001\0008\0005\000\040\000I\000O\000\137\000R\000D\0007\000\137\000A\000N\000S}{subsection.6.103.1}% 1520
\BOOKMARK [3][-]{subsubsection.6.103.1.186}{\376\377\0006\000.\0001\0000\0003\000.\0001\000.\0001\0008\0006\000\040\000I\000O\000\137\000R\000D\0007\000\137\000G\000e\000t\000V\000a\000l\000u\000e}{subsection.6.103.1}% 1521
\BOOKMARK [3][-]{subsubsection.6.103.1.187}{\376\377\0006\000.\0001\0000\0003\000.\0001\000.\0001\0008\0007\000\040\000I\000O\000\137\000R\000D\0007\000\137\000L\000A\000T}{subsection.6.103.1}% 1522
\BOOKMARK [3][-]{subsubsection.6.103.1.188}{\376\377\0006\000.\0001\0000\0003\000.\0001\000.\0001\0008\0008\000\040\000I\000O\000\137\000R\000D\0007\000\137\000O\000D}{subsection.6.103.1}% 1523
\BOOKMARK [3][-]{subsubsection.6.103.1.189}{\376\377\0006\000.\0001\0000\0003\000.\0001\000.\0001\0008\0009\000\040\000I\000O\000\137\000R\000D\0007\000\137\000P\000O\000R\000T}{subsection.6.103.1}% 1524
\BOOKMARK [3][-]{subsubsection.6.103.1.190}{\376\377\0006\000.\0001\0000\0003\000.\0001\000.\0001\0009\0000\000\040\000I\000O\000\137\000R\000D\0007\000\137\000R\000e\000s\000e\000t\000P\000u\000l\000l\000u\000p}{subsection.6.103.1}% 1525
\BOOKMARK [3][-]{subsubsection.6.103.1.191}{\376\377\0006\000.\0001\0000\0003\000.\0001\000.\0001\0009\0001\000\040\000I\000O\000\137\000R\000D\0007\000\137\000S\000e\000t\000A\000n\000a\000l\000o\000g\000M\000o\000d\000e}{subsection.6.103.1}% 1526
\BOOKMARK [3][-]{subsubsection.6.103.1.192}{\376\377\0006\000.\0001\0000\0003\000.\0001\000.\0001\0009\0002\000\040\000I\000O\000\137\000R\000D\0007\000\137\000S\000e\000t\000D\000i\000g\000i\000t\000a\000l\000I\000n\000p\000u\000t}{subsection.6.103.1}% 1527
\BOOKMARK [3][-]{subsubsection.6.103.1.193}{\376\377\0006\000.\0001\0000\0003\000.\0001\000.\0001\0009\0003\000\040\000I\000O\000\137\000R\000D\0007\000\137\000S\000e\000t\000D\000i\000g\000i\000t\000a\000l\000M\000o\000d\000e}{subsection.6.103.1}% 1528
\BOOKMARK [3][-]{subsubsection.6.103.1.194}{\376\377\0006\000.\0001\0000\0003\000.\0001\000.\0001\0009\0004\000\040\000I\000O\000\137\000R\000D\0007\000\137\000S\000e\000t\000D\000i\000g\000i\000t\000a\000l\000O\000u\000t\000p\000u\000t}{subsection.6.103.1}% 1529
\BOOKMARK [3][-]{subsubsection.6.103.1.195}{\376\377\0006\000.\0001\0000\0003\000.\0001\000.\0001\0009\0005\000\040\000I\000O\000\137\000R\000D\0007\000\137\000S\000e\000t\000H\000i\000g\000h}{subsection.6.103.1}% 1530
\BOOKMARK [3][-]{subsubsection.6.103.1.196}{\376\377\0006\000.\0001\0000\0003\000.\0001\000.\0001\0009\0006\000\040\000I\000O\000\137\000R\000D\0007\000\137\000S\000e\000t\000L\000o\000w}{subsection.6.103.1}% 1531
\BOOKMARK [3][-]{subsubsection.6.103.1.197}{\376\377\0006\000.\0001\0000\0003\000.\0001\000.\0001\0009\0007\000\040\000I\000O\000\137\000R\000D\0007\000\137\000S\000e\000t\000O\000p\000e\000n\000D\000r\000a\000i\000n}{subsection.6.103.1}% 1532
\BOOKMARK [3][-]{subsubsection.6.103.1.198}{\376\377\0006\000.\0001\0000\0003\000.\0001\000.\0001\0009\0008\000\040\000I\000O\000\137\000R\000D\0007\000\137\000S\000e\000t\000P\000u\000l\000l\000u\000p}{subsection.6.103.1}% 1533
\BOOKMARK [3][-]{subsubsection.6.103.1.199}{\376\377\0006\000.\0001\0000\0003\000.\0001\000.\0001\0009\0009\000\040\000I\000O\000\137\000R\000D\0007\000\137\000S\000e\000t\000P\000u\000s\000h\000P\000u\000l\000l}{subsection.6.103.1}% 1534
\BOOKMARK [3][-]{subsubsection.6.103.1.200}{\376\377\0006\000.\0001\0000\0003\000.\0001\000.\0002\0000\0000\000\040\000I\000O\000\137\000R\000D\0007\000\137\000T\000o\000g\000g\000l\000e}{subsection.6.103.1}% 1535
\BOOKMARK [3][-]{subsubsection.6.103.1.201}{\376\377\0006\000.\0001\0000\0003\000.\0001\000.\0002\0000\0001\000\040\000I\000O\000\137\000R\000D\0007\000\137\000T\000R\000I\000S}{subsection.6.103.1}% 1536
\BOOKMARK [3][-]{subsubsection.6.103.1.202}{\376\377\0006\000.\0001\0000\0003\000.\0001\000.\0002\0000\0002\000\040\000I\000O\000\137\000R\000D\0007\000\137\000W\000P\000U}{subsection.6.103.1}% 1537
\BOOKMARK [3][-]{subsubsection.6.103.1.203}{\376\377\0006\000.\0001\0000\0003\000.\0001\000.\0002\0000\0003\000\040\000L\000\137\000S\000W\000I\000T\000C\000H\000\137\000A\000N\000S}{subsection.6.103.1}% 1538
\BOOKMARK [3][-]{subsubsection.6.103.1.204}{\376\377\0006\000.\0001\0000\0003\000.\0001\000.\0002\0000\0004\000\040\000L\000\137\000S\000W\000I\000T\000C\000H\000\137\000G\000e\000t\000V\000a\000l\000u\000e}{subsection.6.103.1}% 1539
\BOOKMARK [3][-]{subsubsection.6.103.1.205}{\376\377\0006\000.\0001\0000\0003\000.\0001\000.\0002\0000\0005\000\040\000L\000\137\000S\000W\000I\000T\000C\000H\000\137\000L\000A\000T}{subsection.6.103.1}% 1540
\BOOKMARK [3][-]{subsubsection.6.103.1.206}{\376\377\0006\000.\0001\0000\0003\000.\0001\000.\0002\0000\0006\000\040\000L\000\137\000S\000W\000I\000T\000C\000H\000\137\000O\000D}{subsection.6.103.1}% 1541
\BOOKMARK [3][-]{subsubsection.6.103.1.207}{\376\377\0006\000.\0001\0000\0003\000.\0001\000.\0002\0000\0007\000\040\000L\000\137\000S\000W\000I\000T\000C\000H\000\137\000P\000O\000R\000T}{subsection.6.103.1}% 1542
\BOOKMARK [3][-]{subsubsection.6.103.1.208}{\376\377\0006\000.\0001\0000\0003\000.\0001\000.\0002\0000\0008\000\040\000L\000\137\000S\000W\000I\000T\000C\000H\000\137\000R\000e\000s\000e\000t\000P\000u\000l\000l\000u\000p}{subsection.6.103.1}% 1543
\BOOKMARK [3][-]{subsubsection.6.103.1.209}{\376\377\0006\000.\0001\0000\0003\000.\0001\000.\0002\0000\0009\000\040\000L\000\137\000S\000W\000I\000T\000C\000H\000\137\000S\000e\000t\000A\000n\000a\000l\000o\000g\000M\000o\000d\000e}{subsection.6.103.1}% 1544
\BOOKMARK [3][-]{subsubsection.6.103.1.210}{\376\377\0006\000.\0001\0000\0003\000.\0001\000.\0002\0001\0000\000\040\000L\000\137\000S\000W\000I\000T\000C\000H\000\137\000S\000e\000t\000D\000i\000g\000i\000t\000a\000l\000I\000n\000p\000u\000t}{subsection.6.103.1}% 1545
\BOOKMARK [3][-]{subsubsection.6.103.1.211}{\376\377\0006\000.\0001\0000\0003\000.\0001\000.\0002\0001\0001\000\040\000L\000\137\000S\000W\000I\000T\000C\000H\000\137\000S\000e\000t\000D\000i\000g\000i\000t\000a\000l\000M\000o\000d\000e}{subsection.6.103.1}% 1546
\BOOKMARK [3][-]{subsubsection.6.103.1.212}{\376\377\0006\000.\0001\0000\0003\000.\0001\000.\0002\0001\0002\000\040\000L\000\137\000S\000W\000I\000T\000C\000H\000\137\000S\000e\000t\000D\000i\000g\000i\000t\000a\000l\000O\000u\000t\000p\000u\000t}{subsection.6.103.1}% 1547
\BOOKMARK [3][-]{subsubsection.6.103.1.213}{\376\377\0006\000.\0001\0000\0003\000.\0001\000.\0002\0001\0003\000\040\000L\000\137\000S\000W\000I\000T\000C\000H\000\137\000S\000e\000t\000H\000i\000g\000h}{subsection.6.103.1}% 1548
\BOOKMARK [3][-]{subsubsection.6.103.1.214}{\376\377\0006\000.\0001\0000\0003\000.\0001\000.\0002\0001\0004\000\040\000L\000\137\000S\000W\000I\000T\000C\000H\000\137\000S\000e\000t\000L\000o\000w}{subsection.6.103.1}% 1549
\BOOKMARK [3][-]{subsubsection.6.103.1.215}{\376\377\0006\000.\0001\0000\0003\000.\0001\000.\0002\0001\0005\000\040\000L\000\137\000S\000W\000I\000T\000C\000H\000\137\000S\000e\000t\000O\000p\000e\000n\000D\000r\000a\000i\000n}{subsection.6.103.1}% 1550
\BOOKMARK [3][-]{subsubsection.6.103.1.216}{\376\377\0006\000.\0001\0000\0003\000.\0001\000.\0002\0001\0006\000\040\000L\000\137\000S\000W\000I\000T\000C\000H\000\137\000S\000e\000t\000P\000u\000l\000l\000u\000p}{subsection.6.103.1}% 1551
\BOOKMARK [3][-]{subsubsection.6.103.1.217}{\376\377\0006\000.\0001\0000\0003\000.\0001\000.\0002\0001\0007\000\040\000L\000\137\000S\000W\000I\000T\000C\000H\000\137\000S\000e\000t\000P\000u\000s\000h\000P\000u\000l\000l}{subsection.6.103.1}% 1552
\BOOKMARK [3][-]{subsubsection.6.103.1.218}{\376\377\0006\000.\0001\0000\0003\000.\0001\000.\0002\0001\0008\000\040\000L\000\137\000S\000W\000I\000T\000C\000H\000\137\000T\000o\000g\000g\000l\000e}{subsection.6.103.1}% 1553
\BOOKMARK [3][-]{subsubsection.6.103.1.219}{\376\377\0006\000.\0001\0000\0003\000.\0001\000.\0002\0001\0009\000\040\000L\000\137\000S\000W\000I\000T\000C\000H\000\137\000T\000R\000I\000S}{subsection.6.103.1}% 1554
\BOOKMARK [3][-]{subsubsection.6.103.1.220}{\376\377\0006\000.\0001\0000\0003\000.\0001\000.\0002\0002\0000\000\040\000L\000\137\000S\000W\000I\000T\000C\000H\000\137\000W\000P\000U}{subsection.6.103.1}% 1555
\BOOKMARK [3][-]{subsubsection.6.103.1.221}{\376\377\0006\000.\0001\0000\0003\000.\0001\000.\0002\0002\0001\000\040\000L\000O\000W}{subsection.6.103.1}% 1556
\BOOKMARK [3][-]{subsubsection.6.103.1.222}{\376\377\0006\000.\0001\0000\0003\000.\0001\000.\0002\0002\0002\000\040\000M\000\137\000S\000W\000I\000T\000C\000H\000\137\000A\000N\000S}{subsection.6.103.1}% 1557
\BOOKMARK [3][-]{subsubsection.6.103.1.223}{\376\377\0006\000.\0001\0000\0003\000.\0001\000.\0002\0002\0003\000\040\000M\000\137\000S\000W\000I\000T\000C\000H\000\137\000G\000e\000t\000V\000a\000l\000u\000e}{subsection.6.103.1}% 1558
\BOOKMARK [3][-]{subsubsection.6.103.1.224}{\376\377\0006\000.\0001\0000\0003\000.\0001\000.\0002\0002\0004\000\040\000M\000\137\000S\000W\000I\000T\000C\000H\000\137\000L\000A\000T}{subsection.6.103.1}% 1559
\BOOKMARK [3][-]{subsubsection.6.103.1.225}{\376\377\0006\000.\0001\0000\0003\000.\0001\000.\0002\0002\0005\000\040\000M\000\137\000S\000W\000I\000T\000C\000H\000\137\000O\000D}{subsection.6.103.1}% 1560
\BOOKMARK [3][-]{subsubsection.6.103.1.226}{\376\377\0006\000.\0001\0000\0003\000.\0001\000.\0002\0002\0006\000\040\000M\000\137\000S\000W\000I\000T\000C\000H\000\137\000P\000O\000R\000T}{subsection.6.103.1}% 1561
\BOOKMARK [3][-]{subsubsection.6.103.1.227}{\376\377\0006\000.\0001\0000\0003\000.\0001\000.\0002\0002\0007\000\040\000M\000\137\000S\000W\000I\000T\000C\000H\000\137\000R\000e\000s\000e\000t\000P\000u\000l\000l\000u\000p}{subsection.6.103.1}% 1562
\BOOKMARK [3][-]{subsubsection.6.103.1.228}{\376\377\0006\000.\0001\0000\0003\000.\0001\000.\0002\0002\0008\000\040\000M\000\137\000S\000W\000I\000T\000C\000H\000\137\000S\000e\000t\000A\000n\000a\000l\000o\000g\000M\000o\000d\000e}{subsection.6.103.1}% 1563
\BOOKMARK [3][-]{subsubsection.6.103.1.229}{\376\377\0006\000.\0001\0000\0003\000.\0001\000.\0002\0002\0009\000\040\000M\000\137\000S\000W\000I\000T\000C\000H\000\137\000S\000e\000t\000D\000i\000g\000i\000t\000a\000l\000I\000n\000p\000u\000t}{subsection.6.103.1}% 1564
\BOOKMARK [3][-]{subsubsection.6.103.1.230}{\376\377\0006\000.\0001\0000\0003\000.\0001\000.\0002\0003\0000\000\040\000M\000\137\000S\000W\000I\000T\000C\000H\000\137\000S\000e\000t\000D\000i\000g\000i\000t\000a\000l\000M\000o\000d\000e}{subsection.6.103.1}% 1565
\BOOKMARK [3][-]{subsubsection.6.103.1.231}{\376\377\0006\000.\0001\0000\0003\000.\0001\000.\0002\0003\0001\000\040\000M\000\137\000S\000W\000I\000T\000C\000H\000\137\000S\000e\000t\000D\000i\000g\000i\000t\000a\000l\000O\000u\000t\000p\000u\000t}{subsection.6.103.1}% 1566
\BOOKMARK [3][-]{subsubsection.6.103.1.232}{\376\377\0006\000.\0001\0000\0003\000.\0001\000.\0002\0003\0002\000\040\000M\000\137\000S\000W\000I\000T\000C\000H\000\137\000S\000e\000t\000H\000i\000g\000h}{subsection.6.103.1}% 1567
\BOOKMARK [3][-]{subsubsection.6.103.1.233}{\376\377\0006\000.\0001\0000\0003\000.\0001\000.\0002\0003\0003\000\040\000M\000\137\000S\000W\000I\000T\000C\000H\000\137\000S\000e\000t\000L\000o\000w}{subsection.6.103.1}% 1568
\BOOKMARK [3][-]{subsubsection.6.103.1.234}{\376\377\0006\000.\0001\0000\0003\000.\0001\000.\0002\0003\0004\000\040\000M\000\137\000S\000W\000I\000T\000C\000H\000\137\000S\000e\000t\000O\000p\000e\000n\000D\000r\000a\000i\000n}{subsection.6.103.1}% 1569
\BOOKMARK [3][-]{subsubsection.6.103.1.235}{\376\377\0006\000.\0001\0000\0003\000.\0001\000.\0002\0003\0005\000\040\000M\000\137\000S\000W\000I\000T\000C\000H\000\137\000S\000e\000t\000P\000u\000l\000l\000u\000p}{subsection.6.103.1}% 1570
\BOOKMARK [3][-]{subsubsection.6.103.1.236}{\376\377\0006\000.\0001\0000\0003\000.\0001\000.\0002\0003\0006\000\040\000M\000\137\000S\000W\000I\000T\000C\000H\000\137\000S\000e\000t\000P\000u\000s\000h\000P\000u\000l\000l}{subsection.6.103.1}% 1571
\BOOKMARK [3][-]{subsubsection.6.103.1.237}{\376\377\0006\000.\0001\0000\0003\000.\0001\000.\0002\0003\0007\000\040\000M\000\137\000S\000W\000I\000T\000C\000H\000\137\000T\000o\000g\000g\000l\000e}{subsection.6.103.1}% 1572
\BOOKMARK [3][-]{subsubsection.6.103.1.238}{\376\377\0006\000.\0001\0000\0003\000.\0001\000.\0002\0003\0008\000\040\000M\000\137\000S\000W\000I\000T\000C\000H\000\137\000T\000R\000I\000S}{subsection.6.103.1}% 1573
\BOOKMARK [3][-]{subsubsection.6.103.1.239}{\376\377\0006\000.\0001\0000\0003\000.\0001\000.\0002\0003\0009\000\040\000M\000\137\000S\000W\000I\000T\000C\000H\000\137\000W\000P\000U}{subsection.6.103.1}% 1574
\BOOKMARK [3][-]{subsubsection.6.103.1.240}{\376\377\0006\000.\0001\0000\0003\000.\0001\000.\0002\0004\0000\000\040\000M\000I\000S\000C\000\137\000A\000N\000S}{subsection.6.103.1}% 1575
\BOOKMARK [3][-]{subsubsection.6.103.1.241}{\376\377\0006\000.\0001\0000\0003\000.\0001\000.\0002\0004\0001\000\040\000M\000I\000S\000C\000\137\000G\000e\000t\000V\000a\000l\000u\000e}{subsection.6.103.1}% 1576
\BOOKMARK [3][-]{subsubsection.6.103.1.242}{\376\377\0006\000.\0001\0000\0003\000.\0001\000.\0002\0004\0002\000\040\000M\000I\000S\000C\000\137\000L\000A\000T}{subsection.6.103.1}% 1577
\BOOKMARK [3][-]{subsubsection.6.103.1.243}{\376\377\0006\000.\0001\0000\0003\000.\0001\000.\0002\0004\0003\000\040\000M\000I\000S\000C\000\137\000O\000D}{subsection.6.103.1}% 1578
\BOOKMARK [3][-]{subsubsection.6.103.1.244}{\376\377\0006\000.\0001\0000\0003\000.\0001\000.\0002\0004\0004\000\040\000M\000I\000S\000C\000\137\000P\000O\000R\000T}{subsection.6.103.1}% 1579
\BOOKMARK [3][-]{subsubsection.6.103.1.245}{\376\377\0006\000.\0001\0000\0003\000.\0001\000.\0002\0004\0005\000\040\000M\000I\000S\000C\000\137\000R\000e\000s\000e\000t\000P\000u\000l\000l\000u\000p}{subsection.6.103.1}% 1580
\BOOKMARK [3][-]{subsubsection.6.103.1.246}{\376\377\0006\000.\0001\0000\0003\000.\0001\000.\0002\0004\0006\000\040\000M\000I\000S\000C\000\137\000S\000e\000t\000A\000n\000a\000l\000o\000g\000M\000o\000d\000e}{subsection.6.103.1}% 1581
\BOOKMARK [3][-]{subsubsection.6.103.1.247}{\376\377\0006\000.\0001\0000\0003\000.\0001\000.\0002\0004\0007\000\040\000M\000I\000S\000C\000\137\000S\000e\000t\000D\000i\000g\000i\000t\000a\000l\000I\000n\000p\000u\000t}{subsection.6.103.1}% 1582
\BOOKMARK [3][-]{subsubsection.6.103.1.248}{\376\377\0006\000.\0001\0000\0003\000.\0001\000.\0002\0004\0008\000\040\000M\000I\000S\000C\000\137\000S\000e\000t\000D\000i\000g\000i\000t\000a\000l\000M\000o\000d\000e}{subsection.6.103.1}% 1583
\BOOKMARK [3][-]{subsubsection.6.103.1.249}{\376\377\0006\000.\0001\0000\0003\000.\0001\000.\0002\0004\0009\000\040\000M\000I\000S\000C\000\137\000S\000e\000t\000D\000i\000g\000i\000t\000a\000l\000O\000u\000t\000p\000u\000t}{subsection.6.103.1}% 1584
\BOOKMARK [3][-]{subsubsection.6.103.1.250}{\376\377\0006\000.\0001\0000\0003\000.\0001\000.\0002\0005\0000\000\040\000M\000I\000S\000C\000\137\000S\000e\000t\000H\000i\000g\000h}{subsection.6.103.1}% 1585
\BOOKMARK [3][-]{subsubsection.6.103.1.251}{\376\377\0006\000.\0001\0000\0003\000.\0001\000.\0002\0005\0001\000\040\000M\000I\000S\000C\000\137\000S\000e\000t\000L\000o\000w}{subsection.6.103.1}% 1586
\BOOKMARK [3][-]{subsubsection.6.103.1.252}{\376\377\0006\000.\0001\0000\0003\000.\0001\000.\0002\0005\0002\000\040\000M\000I\000S\000C\000\137\000S\000e\000t\000O\000p\000e\000n\000D\000r\000a\000i\000n}{subsection.6.103.1}% 1587
\BOOKMARK [3][-]{subsubsection.6.103.1.253}{\376\377\0006\000.\0001\0000\0003\000.\0001\000.\0002\0005\0003\000\040\000M\000I\000S\000C\000\137\000S\000e\000t\000P\000u\000l\000l\000u\000p}{subsection.6.103.1}% 1588
\BOOKMARK [3][-]{subsubsection.6.103.1.254}{\376\377\0006\000.\0001\0000\0003\000.\0001\000.\0002\0005\0004\000\040\000M\000I\000S\000C\000\137\000S\000e\000t\000P\000u\000s\000h\000P\000u\000l\000l}{subsection.6.103.1}% 1589
\BOOKMARK [3][-]{subsubsection.6.103.1.255}{\376\377\0006\000.\0001\0000\0003\000.\0001\000.\0002\0005\0005\000\040\000M\000I\000S\000C\000\137\000T\000o\000g\000g\000l\000e}{subsection.6.103.1}% 1590
\BOOKMARK [3][-]{subsubsection.6.103.1.256}{\376\377\0006\000.\0001\0000\0003\000.\0001\000.\0002\0005\0006\000\040\000M\000I\000S\000C\000\137\000T\000R\000I\000S}{subsection.6.103.1}% 1591
\BOOKMARK [3][-]{subsubsection.6.103.1.257}{\376\377\0006\000.\0001\0000\0003\000.\0001\000.\0002\0005\0007\000\040\000M\000I\000S\000C\000\137\000W\000P\000U}{subsection.6.103.1}% 1592
\BOOKMARK [3][-]{subsubsection.6.103.1.258}{\376\377\0006\000.\0001\0000\0003\000.\0001\000.\0002\0005\0008\000\040\000M\000L\000E\000D\000\137\000A\000N\000S}{subsection.6.103.1}% 1593
\BOOKMARK [3][-]{subsubsection.6.103.1.259}{\376\377\0006\000.\0001\0000\0003\000.\0001\000.\0002\0005\0009\000\040\000M\000L\000E\000D\000\137\000G\000e\000t\000V\000a\000l\000u\000e}{subsection.6.103.1}% 1594
\BOOKMARK [3][-]{subsubsection.6.103.1.260}{\376\377\0006\000.\0001\0000\0003\000.\0001\000.\0002\0006\0000\000\040\000M\000L\000E\000D\000\137\000L\000A\000T}{subsection.6.103.1}% 1595
\BOOKMARK [3][-]{subsubsection.6.103.1.261}{\376\377\0006\000.\0001\0000\0003\000.\0001\000.\0002\0006\0001\000\040\000M\000L\000E\000D\000\137\000O\000D}{subsection.6.103.1}% 1596
\BOOKMARK [3][-]{subsubsection.6.103.1.262}{\376\377\0006\000.\0001\0000\0003\000.\0001\000.\0002\0006\0002\000\040\000M\000L\000E\000D\000\137\000P\000O\000R\000T}{subsection.6.103.1}% 1597
\BOOKMARK [3][-]{subsubsection.6.103.1.263}{\376\377\0006\000.\0001\0000\0003\000.\0001\000.\0002\0006\0003\000\040\000M\000L\000E\000D\000\137\000R\000e\000s\000e\000t\000P\000u\000l\000l\000u\000p}{subsection.6.103.1}% 1598
\BOOKMARK [3][-]{subsubsection.6.103.1.264}{\376\377\0006\000.\0001\0000\0003\000.\0001\000.\0002\0006\0004\000\040\000M\000L\000E\000D\000\137\000S\000e\000t\000A\000n\000a\000l\000o\000g\000M\000o\000d\000e}{subsection.6.103.1}% 1599
\BOOKMARK [3][-]{subsubsection.6.103.1.265}{\376\377\0006\000.\0001\0000\0003\000.\0001\000.\0002\0006\0005\000\040\000M\000L\000E\000D\000\137\000S\000e\000t\000D\000i\000g\000i\000t\000a\000l\000I\000n\000p\000u\000t}{subsection.6.103.1}% 1600
\BOOKMARK [3][-]{subsubsection.6.103.1.266}{\376\377\0006\000.\0001\0000\0003\000.\0001\000.\0002\0006\0006\000\040\000M\000L\000E\000D\000\137\000S\000e\000t\000D\000i\000g\000i\000t\000a\000l\000M\000o\000d\000e}{subsection.6.103.1}% 1601
\BOOKMARK [3][-]{subsubsection.6.103.1.267}{\376\377\0006\000.\0001\0000\0003\000.\0001\000.\0002\0006\0007\000\040\000M\000L\000E\000D\000\137\000S\000e\000t\000D\000i\000g\000i\000t\000a\000l\000O\000u\000t\000p\000u\000t}{subsection.6.103.1}% 1602
\BOOKMARK [3][-]{subsubsection.6.103.1.268}{\376\377\0006\000.\0001\0000\0003\000.\0001\000.\0002\0006\0008\000\040\000M\000L\000E\000D\000\137\000S\000e\000t\000H\000i\000g\000h}{subsection.6.103.1}% 1603
\BOOKMARK [3][-]{subsubsection.6.103.1.269}{\376\377\0006\000.\0001\0000\0003\000.\0001\000.\0002\0006\0009\000\040\000M\000L\000E\000D\000\137\000S\000e\000t\000L\000o\000w}{subsection.6.103.1}% 1604
\BOOKMARK [3][-]{subsubsection.6.103.1.270}{\376\377\0006\000.\0001\0000\0003\000.\0001\000.\0002\0007\0000\000\040\000M\000L\000E\000D\000\137\000S\000e\000t\000O\000p\000e\000n\000D\000r\000a\000i\000n}{subsection.6.103.1}% 1605
\BOOKMARK [3][-]{subsubsection.6.103.1.271}{\376\377\0006\000.\0001\0000\0003\000.\0001\000.\0002\0007\0001\000\040\000M\000L\000E\000D\000\137\000S\000e\000t\000P\000u\000l\000l\000u\000p}{subsection.6.103.1}% 1606
\BOOKMARK [3][-]{subsubsection.6.103.1.272}{\376\377\0006\000.\0001\0000\0003\000.\0001\000.\0002\0007\0002\000\040\000M\000L\000E\000D\000\137\000S\000e\000t\000P\000u\000s\000h\000P\000u\000l\000l}{subsection.6.103.1}% 1607
\BOOKMARK [3][-]{subsubsection.6.103.1.273}{\376\377\0006\000.\0001\0000\0003\000.\0001\000.\0002\0007\0003\000\040\000M\000L\000E\000D\000\137\000T\000o\000g\000g\000l\000e}{subsection.6.103.1}% 1608
\BOOKMARK [3][-]{subsubsection.6.103.1.274}{\376\377\0006\000.\0001\0000\0003\000.\0001\000.\0002\0007\0004\000\040\000M\000L\000E\000D\000\137\000T\000R\000I\000S}{subsection.6.103.1}% 1609
\BOOKMARK [3][-]{subsubsection.6.103.1.275}{\376\377\0006\000.\0001\0000\0003\000.\0001\000.\0002\0007\0005\000\040\000M\000L\000E\000D\000\137\000W\000P\000U}{subsection.6.103.1}% 1610
\BOOKMARK [3][-]{subsubsection.6.103.1.276}{\376\377\0006\000.\0001\0000\0003\000.\0001\000.\0002\0007\0006\000\040\000O\000U\000T\000P\000U\000T}{subsection.6.103.1}% 1611
\BOOKMARK [3][-]{subsubsection.6.103.1.277}{\376\377\0006\000.\0001\0000\0003\000.\0001\000.\0002\0007\0007\000\040\000P\000R\000O\000G\000\137\000T\000R\000A\000C\000E\000\137\000A\000N\000S}{subsection.6.103.1}% 1612
\BOOKMARK [3][-]{subsubsection.6.103.1.278}{\376\377\0006\000.\0001\0000\0003\000.\0001\000.\0002\0007\0008\000\040\000P\000R\000O\000G\000\137\000T\000R\000A\000C\000E\000\137\000G\000e\000t\000V\000a\000l\000u\000e}{subsection.6.103.1}% 1613
\BOOKMARK [3][-]{subsubsection.6.103.1.279}{\376\377\0006\000.\0001\0000\0003\000.\0001\000.\0002\0007\0009\000\040\000P\000R\000O\000G\000\137\000T\000R\000A\000C\000E\000\137\000L\000A\000T}{subsection.6.103.1}% 1614
\BOOKMARK [3][-]{subsubsection.6.103.1.280}{\376\377\0006\000.\0001\0000\0003\000.\0001\000.\0002\0008\0000\000\040\000P\000R\000O\000G\000\137\000T\000R\000A\000C\000E\000\137\000O\000D}{subsection.6.103.1}% 1615
\BOOKMARK [3][-]{subsubsection.6.103.1.281}{\376\377\0006\000.\0001\0000\0003\000.\0001\000.\0002\0008\0001\000\040\000P\000R\000O\000G\000\137\000T\000R\000A\000C\000E\000\137\000P\000O\000R\000T}{subsection.6.103.1}% 1616
\BOOKMARK [3][-]{subsubsection.6.103.1.282}{\376\377\0006\000.\0001\0000\0003\000.\0001\000.\0002\0008\0002\000\040\000P\000R\000O\000G\000\137\000T\000R\000A\000C\000E\000\137\000R\000e\000s\000e\000t\000P\000u\000l\000l\000u\000p}{subsection.6.103.1}% 1617
\BOOKMARK [3][-]{subsubsection.6.103.1.283}{\376\377\0006\000.\0001\0000\0003\000.\0001\000.\0002\0008\0003\000\040\000P\000R\000O\000G\000\137\000T\000R\000A\000C\000E\000\137\000S\000e\000t\000A\000n\000a\000l\000o\000g\000M\000o\000d\000e}{subsection.6.103.1}% 1618
\BOOKMARK [3][-]{subsubsection.6.103.1.284}{\376\377\0006\000.\0001\0000\0003\000.\0001\000.\0002\0008\0004\000\040\000P\000R\000O\000G\000\137\000T\000R\000A\000C\000E\000\137\000S\000e\000t\000D\000i\000g\000i\000t\000a\000l\000I\000n\000p\000u\000t}{subsection.6.103.1}% 1619
\BOOKMARK [3][-]{subsubsection.6.103.1.285}{\376\377\0006\000.\0001\0000\0003\000.\0001\000.\0002\0008\0005\000\040\000P\000R\000O\000G\000\137\000T\000R\000A\000C\000E\000\137\000S\000e\000t\000D\000i\000g\000i\000t\000a\000l\000M\000o\000d\000e}{subsection.6.103.1}% 1620
\BOOKMARK [3][-]{subsubsection.6.103.1.286}{\376\377\0006\000.\0001\0000\0003\000.\0001\000.\0002\0008\0006\000\040\000P\000R\000O\000G\000\137\000T\000R\000A\000C\000E\000\137\000S\000e\000t\000D\000i\000g\000i\000t\000a\000l\000O\000u\000t\000p\000u\000t}{subsection.6.103.1}% 1621
\BOOKMARK [3][-]{subsubsection.6.103.1.287}{\376\377\0006\000.\0001\0000\0003\000.\0001\000.\0002\0008\0007\000\040\000P\000R\000O\000G\000\137\000T\000R\000A\000C\000E\000\137\000S\000e\000t\000H\000i\000g\000h}{subsection.6.103.1}% 1622
\BOOKMARK [3][-]{subsubsection.6.103.1.288}{\376\377\0006\000.\0001\0000\0003\000.\0001\000.\0002\0008\0008\000\040\000P\000R\000O\000G\000\137\000T\000R\000A\000C\000E\000\137\000S\000e\000t\000L\000o\000w}{subsection.6.103.1}% 1623
\BOOKMARK [3][-]{subsubsection.6.103.1.289}{\376\377\0006\000.\0001\0000\0003\000.\0001\000.\0002\0008\0009\000\040\000P\000R\000O\000G\000\137\000T\000R\000A\000C\000E\000\137\000S\000e\000t\000O\000p\000e\000n\000D\000r\000a\000i\000n}{subsection.6.103.1}% 1624
\BOOKMARK [3][-]{subsubsection.6.103.1.290}{\376\377\0006\000.\0001\0000\0003\000.\0001\000.\0002\0009\0000\000\040\000P\000R\000O\000G\000\137\000T\000R\000A\000C\000E\000\137\000S\000e\000t\000P\000u\000l\000l\000u\000p}{subsection.6.103.1}% 1625
\BOOKMARK [3][-]{subsubsection.6.103.1.291}{\376\377\0006\000.\0001\0000\0003\000.\0001\000.\0002\0009\0001\000\040\000P\000R\000O\000G\000\137\000T\000R\000A\000C\000E\000\137\000S\000e\000t\000P\000u\000s\000h\000P\000u\000l\000l}{subsection.6.103.1}% 1626
\BOOKMARK [3][-]{subsubsection.6.103.1.292}{\376\377\0006\000.\0001\0000\0003\000.\0001\000.\0002\0009\0002\000\040\000P\000R\000O\000G\000\137\000T\000R\000A\000C\000E\000\137\000T\000o\000g\000g\000l\000e}{subsection.6.103.1}% 1627
\BOOKMARK [3][-]{subsubsection.6.103.1.293}{\376\377\0006\000.\0001\0000\0003\000.\0001\000.\0002\0009\0003\000\040\000P\000R\000O\000G\000\137\000T\000R\000A\000C\000E\000\137\000T\000R\000I\000S}{subsection.6.103.1}% 1628
\BOOKMARK [3][-]{subsubsection.6.103.1.294}{\376\377\0006\000.\0001\0000\0003\000.\0001\000.\0002\0009\0004\000\040\000P\000R\000O\000G\000\137\000T\000R\000A\000C\000E\000\137\000W\000P\000U}{subsection.6.103.1}% 1629
\BOOKMARK [3][-]{subsubsection.6.103.1.295}{\376\377\0006\000.\0001\0000\0003\000.\0001\000.\0002\0009\0005\000\040\000P\000U\000L\000L\000\137\000U\000P\000\137\000D\000I\000S\000A\000B\000L\000E\000D}{subsection.6.103.1}% 1630
\BOOKMARK [3][-]{subsubsection.6.103.1.296}{\376\377\0006\000.\0001\0000\0003\000.\0001\000.\0002\0009\0006\000\040\000P\000U\000L\000L\000\137\000U\000P\000\137\000E\000N\000A\000B\000L\000E\000D}{subsection.6.103.1}% 1631
\BOOKMARK [3][-]{subsubsection.6.103.1.297}{\376\377\0006\000.\0001\0000\0003\000.\0001\000.\0002\0009\0007\000\040\000R\000A\0000\000\137\000G\000e\000t\000V\000a\000l\000u\000e}{subsection.6.103.1}% 1632
\BOOKMARK [3][-]{subsubsection.6.103.1.298}{\376\377\0006\000.\0001\0000\0003\000.\0001\000.\0002\0009\0008\000\040\000R\000A\0000\000\137\000R\000e\000s\000e\000t\000P\000u\000l\000l\000u\000p}{subsection.6.103.1}% 1633
\BOOKMARK [3][-]{subsubsection.6.103.1.299}{\376\377\0006\000.\0001\0000\0003\000.\0001\000.\0002\0009\0009\000\040\000R\000A\0000\000\137\000S\000e\000t\000A\000n\000a\000l\000o\000g\000M\000o\000d\000e}{subsection.6.103.1}% 1634
\BOOKMARK [3][-]{subsubsection.6.103.1.300}{\376\377\0006\000.\0001\0000\0003\000.\0001\000.\0003\0000\0000\000\040\000R\000A\0000\000\137\000S\000e\000t\000D\000i\000g\000i\000t\000a\000l\000I\000n\000p\000u\000t}{subsection.6.103.1}% 1635
\BOOKMARK [3][-]{subsubsection.6.103.1.301}{\376\377\0006\000.\0001\0000\0003\000.\0001\000.\0003\0000\0001\000\040\000R\000A\0000\000\137\000S\000e\000t\000D\000i\000g\000i\000t\000a\000l\000M\000o\000d\000e}{subsection.6.103.1}% 1636
\BOOKMARK [3][-]{subsubsection.6.103.1.302}{\376\377\0006\000.\0001\0000\0003\000.\0001\000.\0003\0000\0002\000\040\000R\000A\0000\000\137\000S\000e\000t\000D\000i\000g\000i\000t\000a\000l\000O\000u\000t\000p\000u\000t}{subsection.6.103.1}% 1637
\BOOKMARK [3][-]{subsubsection.6.103.1.303}{\376\377\0006\000.\0001\0000\0003\000.\0001\000.\0003\0000\0003\000\040\000R\000A\0000\000\137\000S\000e\000t\000H\000i\000g\000h}{subsection.6.103.1}% 1638
\BOOKMARK [3][-]{subsubsection.6.103.1.304}{\376\377\0006\000.\0001\0000\0003\000.\0001\000.\0003\0000\0004\000\040\000R\000A\0000\000\137\000S\000e\000t\000L\000o\000w}{subsection.6.103.1}% 1639
\BOOKMARK [3][-]{subsubsection.6.103.1.305}{\376\377\0006\000.\0001\0000\0003\000.\0001\000.\0003\0000\0005\000\040\000R\000A\0000\000\137\000S\000e\000t\000P\000u\000l\000l\000u\000p}{subsection.6.103.1}% 1640
\BOOKMARK [3][-]{subsubsection.6.103.1.306}{\376\377\0006\000.\0001\0000\0003\000.\0001\000.\0003\0000\0006\000\040\000R\000A\0000\000\137\000T\000o\000g\000g\000l\000e}{subsection.6.103.1}% 1641
\BOOKMARK [3][-]{subsubsection.6.103.1.307}{\376\377\0006\000.\0001\0000\0003\000.\0001\000.\0003\0000\0007\000\040\000R\000A\0003\000\137\000G\000e\000t\000V\000a\000l\000u\000e}{subsection.6.103.1}% 1642
\BOOKMARK [3][-]{subsubsection.6.103.1.308}{\376\377\0006\000.\0001\0000\0003\000.\0001\000.\0003\0000\0008\000\040\000R\000A\0003\000\137\000R\000e\000s\000e\000t\000P\000u\000l\000l\000u\000p}{subsection.6.103.1}% 1643
\BOOKMARK [3][-]{subsubsection.6.103.1.309}{\376\377\0006\000.\0001\0000\0003\000.\0001\000.\0003\0000\0009\000\040\000R\000A\0003\000\137\000S\000e\000t\000A\000n\000a\000l\000o\000g\000M\000o\000d\000e}{subsection.6.103.1}% 1644
\BOOKMARK [3][-]{subsubsection.6.103.1.310}{\376\377\0006\000.\0001\0000\0003\000.\0001\000.\0003\0001\0000\000\040\000R\000A\0003\000\137\000S\000e\000t\000D\000i\000g\000i\000t\000a\000l\000I\000n\000p\000u\000t}{subsection.6.103.1}% 1645
\BOOKMARK [3][-]{subsubsection.6.103.1.311}{\376\377\0006\000.\0001\0000\0003\000.\0001\000.\0003\0001\0001\000\040\000R\000A\0003\000\137\000S\000e\000t\000D\000i\000g\000i\000t\000a\000l\000M\000o\000d\000e}{subsection.6.103.1}% 1646
\BOOKMARK [3][-]{subsubsection.6.103.1.312}{\376\377\0006\000.\0001\0000\0003\000.\0001\000.\0003\0001\0002\000\040\000R\000A\0003\000\137\000S\000e\000t\000D\000i\000g\000i\000t\000a\000l\000O\000u\000t\000p\000u\000t}{subsection.6.103.1}% 1647
\BOOKMARK [3][-]{subsubsection.6.103.1.313}{\376\377\0006\000.\0001\0000\0003\000.\0001\000.\0003\0001\0003\000\040\000R\000A\0003\000\137\000S\000e\000t\000H\000i\000g\000h}{subsection.6.103.1}% 1648
\BOOKMARK [3][-]{subsubsection.6.103.1.314}{\376\377\0006\000.\0001\0000\0003\000.\0001\000.\0003\0001\0004\000\040\000R\000A\0003\000\137\000S\000e\000t\000L\000o\000w}{subsection.6.103.1}% 1649
\BOOKMARK [3][-]{subsubsection.6.103.1.315}{\376\377\0006\000.\0001\0000\0003\000.\0001\000.\0003\0001\0005\000\040\000R\000A\0003\000\137\000S\000e\000t\000P\000u\000l\000l\000u\000p}{subsection.6.103.1}% 1650
\BOOKMARK [3][-]{subsubsection.6.103.1.316}{\376\377\0006\000.\0001\0000\0003\000.\0001\000.\0003\0001\0006\000\040\000R\000A\0003\000\137\000T\000o\000g\000g\000l\000e}{subsection.6.103.1}% 1651
\BOOKMARK [3][-]{subsubsection.6.103.1.317}{\376\377\0006\000.\0001\0000\0003\000.\0001\000.\0003\0001\0007\000\040\000R\000A\0004\000\137\000G\000e\000t\000V\000a\000l\000u\000e}{subsection.6.103.1}% 1652
\BOOKMARK [3][-]{subsubsection.6.103.1.318}{\376\377\0006\000.\0001\0000\0003\000.\0001\000.\0003\0001\0008\000\040\000R\000A\0004\000\137\000R\000e\000s\000e\000t\000P\000u\000l\000l\000u\000p}{subsection.6.103.1}% 1653
\BOOKMARK [3][-]{subsubsection.6.103.1.319}{\376\377\0006\000.\0001\0000\0003\000.\0001\000.\0003\0001\0009\000\040\000R\000A\0004\000\137\000S\000e\000t\000A\000n\000a\000l\000o\000g\000M\000o\000d\000e}{subsection.6.103.1}% 1654
\BOOKMARK [3][-]{subsubsection.6.103.1.320}{\376\377\0006\000.\0001\0000\0003\000.\0001\000.\0003\0002\0000\000\040\000R\000A\0004\000\137\000S\000e\000t\000D\000i\000g\000i\000t\000a\000l\000I\000n\000p\000u\000t}{subsection.6.103.1}% 1655
\BOOKMARK [3][-]{subsubsection.6.103.1.321}{\376\377\0006\000.\0001\0000\0003\000.\0001\000.\0003\0002\0001\000\040\000R\000A\0004\000\137\000S\000e\000t\000D\000i\000g\000i\000t\000a\000l\000M\000o\000d\000e}{subsection.6.103.1}% 1656
\BOOKMARK [3][-]{subsubsection.6.103.1.322}{\376\377\0006\000.\0001\0000\0003\000.\0001\000.\0003\0002\0002\000\040\000R\000A\0004\000\137\000S\000e\000t\000D\000i\000g\000i\000t\000a\000l\000O\000u\000t\000p\000u\000t}{subsection.6.103.1}% 1657
\BOOKMARK [3][-]{subsubsection.6.103.1.323}{\376\377\0006\000.\0001\0000\0003\000.\0001\000.\0003\0002\0003\000\040\000R\000A\0004\000\137\000S\000e\000t\000H\000i\000g\000h}{subsection.6.103.1}% 1658
\BOOKMARK [3][-]{subsubsection.6.103.1.324}{\376\377\0006\000.\0001\0000\0003\000.\0001\000.\0003\0002\0004\000\040\000R\000A\0004\000\137\000S\000e\000t\000L\000o\000w}{subsection.6.103.1}% 1659
\BOOKMARK [3][-]{subsubsection.6.103.1.325}{\376\377\0006\000.\0001\0000\0003\000.\0001\000.\0003\0002\0005\000\040\000R\000A\0004\000\137\000S\000e\000t\000P\000u\000l\000l\000u\000p}{subsection.6.103.1}% 1660
\BOOKMARK [3][-]{subsubsection.6.103.1.326}{\376\377\0006\000.\0001\0000\0003\000.\0001\000.\0003\0002\0006\000\040\000R\000A\0004\000\137\000T\000o\000g\000g\000l\000e}{subsection.6.103.1}% 1661
\BOOKMARK [3][-]{subsubsection.6.103.1.327}{\376\377\0006\000.\0001\0000\0003\000.\0001\000.\0003\0002\0007\000\040\000R\000B\0000\000\137\000G\000e\000t\000V\000a\000l\000u\000e}{subsection.6.103.1}% 1662
\BOOKMARK [3][-]{subsubsection.6.103.1.328}{\376\377\0006\000.\0001\0000\0003\000.\0001\000.\0003\0002\0008\000\040\000R\000B\0000\000\137\000R\000e\000s\000e\000t\000P\000u\000l\000l\000u\000p}{subsection.6.103.1}% 1663
\BOOKMARK [3][-]{subsubsection.6.103.1.329}{\376\377\0006\000.\0001\0000\0003\000.\0001\000.\0003\0002\0009\000\040\000R\000B\0000\000\137\000S\000e\000t\000A\000n\000a\000l\000o\000g\000M\000o\000d\000e}{subsection.6.103.1}% 1664
\BOOKMARK [3][-]{subsubsection.6.103.1.330}{\376\377\0006\000.\0001\0000\0003\000.\0001\000.\0003\0003\0000\000\040\000R\000B\0000\000\137\000S\000e\000t\000D\000i\000g\000i\000t\000a\000l\000I\000n\000p\000u\000t}{subsection.6.103.1}% 1665
\BOOKMARK [3][-]{subsubsection.6.103.1.331}{\376\377\0006\000.\0001\0000\0003\000.\0001\000.\0003\0003\0001\000\040\000R\000B\0000\000\137\000S\000e\000t\000D\000i\000g\000i\000t\000a\000l\000M\000o\000d\000e}{subsection.6.103.1}% 1666
\BOOKMARK [3][-]{subsubsection.6.103.1.332}{\376\377\0006\000.\0001\0000\0003\000.\0001\000.\0003\0003\0002\000\040\000R\000B\0000\000\137\000S\000e\000t\000D\000i\000g\000i\000t\000a\000l\000O\000u\000t\000p\000u\000t}{subsection.6.103.1}% 1667
\BOOKMARK [3][-]{subsubsection.6.103.1.333}{\376\377\0006\000.\0001\0000\0003\000.\0001\000.\0003\0003\0003\000\040\000R\000B\0000\000\137\000S\000e\000t\000H\000i\000g\000h}{subsection.6.103.1}% 1668
\BOOKMARK [3][-]{subsubsection.6.103.1.334}{\376\377\0006\000.\0001\0000\0003\000.\0001\000.\0003\0003\0004\000\040\000R\000B\0000\000\137\000S\000e\000t\000L\000o\000w}{subsection.6.103.1}% 1669
\BOOKMARK [3][-]{subsubsection.6.103.1.335}{\376\377\0006\000.\0001\0000\0003\000.\0001\000.\0003\0003\0005\000\040\000R\000B\0000\000\137\000S\000e\000t\000P\000u\000l\000l\000u\000p}{subsection.6.103.1}% 1670
\BOOKMARK [3][-]{subsubsection.6.103.1.336}{\376\377\0006\000.\0001\0000\0003\000.\0001\000.\0003\0003\0006\000\040\000R\000B\0000\000\137\000T\000o\000g\000g\000l\000e}{subsection.6.103.1}% 1671
\BOOKMARK [3][-]{subsubsection.6.103.1.337}{\376\377\0006\000.\0001\0000\0003\000.\0001\000.\0003\0003\0007\000\040\000R\000B\0004\000\137\000G\000e\000t\000V\000a\000l\000u\000e}{subsection.6.103.1}% 1672
\BOOKMARK [3][-]{subsubsection.6.103.1.338}{\376\377\0006\000.\0001\0000\0003\000.\0001\000.\0003\0003\0008\000\040\000R\000B\0004\000\137\000R\000e\000s\000e\000t\000P\000u\000l\000l\000u\000p}{subsection.6.103.1}% 1673
\BOOKMARK [3][-]{subsubsection.6.103.1.339}{\376\377\0006\000.\0001\0000\0003\000.\0001\000.\0003\0003\0009\000\040\000R\000B\0004\000\137\000S\000e\000t\000A\000n\000a\000l\000o\000g\000M\000o\000d\000e}{subsection.6.103.1}% 1674
\BOOKMARK [3][-]{subsubsection.6.103.1.340}{\376\377\0006\000.\0001\0000\0003\000.\0001\000.\0003\0004\0000\000\040\000R\000B\0004\000\137\000S\000e\000t\000D\000i\000g\000i\000t\000a\000l\000I\000n\000p\000u\000t}{subsection.6.103.1}% 1675
\BOOKMARK [3][-]{subsubsection.6.103.1.341}{\376\377\0006\000.\0001\0000\0003\000.\0001\000.\0003\0004\0001\000\040\000R\000B\0004\000\137\000S\000e\000t\000D\000i\000g\000i\000t\000a\000l\000M\000o\000d\000e}{subsection.6.103.1}% 1676
\BOOKMARK [3][-]{subsubsection.6.103.1.342}{\376\377\0006\000.\0001\0000\0003\000.\0001\000.\0003\0004\0002\000\040\000R\000B\0004\000\137\000S\000e\000t\000D\000i\000g\000i\000t\000a\000l\000O\000u\000t\000p\000u\000t}{subsection.6.103.1}% 1677
\BOOKMARK [3][-]{subsubsection.6.103.1.343}{\376\377\0006\000.\0001\0000\0003\000.\0001\000.\0003\0004\0003\000\040\000R\000B\0004\000\137\000S\000e\000t\000H\000i\000g\000h}{subsection.6.103.1}% 1678
\BOOKMARK [3][-]{subsubsection.6.103.1.344}{\376\377\0006\000.\0001\0000\0003\000.\0001\000.\0003\0004\0004\000\040\000R\000B\0004\000\137\000S\000e\000t\000L\000o\000w}{subsection.6.103.1}% 1679
\BOOKMARK [3][-]{subsubsection.6.103.1.345}{\376\377\0006\000.\0001\0000\0003\000.\0001\000.\0003\0004\0005\000\040\000R\000B\0004\000\137\000S\000e\000t\000P\000u\000l\000l\000u\000p}{subsection.6.103.1}% 1680
\BOOKMARK [3][-]{subsubsection.6.103.1.346}{\376\377\0006\000.\0001\0000\0003\000.\0001\000.\0003\0004\0006\000\040\000R\000B\0004\000\137\000T\000o\000g\000g\000l\000e}{subsection.6.103.1}% 1681
\BOOKMARK [3][-]{subsubsection.6.103.1.347}{\376\377\0006\000.\0001\0000\0003\000.\0001\000.\0003\0004\0007\000\040\000R\000B\0007\000\137\000G\000e\000t\000V\000a\000l\000u\000e}{subsection.6.103.1}% 1682
\BOOKMARK [3][-]{subsubsection.6.103.1.348}{\376\377\0006\000.\0001\0000\0003\000.\0001\000.\0003\0004\0008\000\040\000R\000B\0007\000\137\000R\000e\000s\000e\000t\000P\000u\000l\000l\000u\000p}{subsection.6.103.1}% 1683
\BOOKMARK [3][-]{subsubsection.6.103.1.349}{\376\377\0006\000.\0001\0000\0003\000.\0001\000.\0003\0004\0009\000\040\000R\000B\0007\000\137\000S\000e\000t\000A\000n\000a\000l\000o\000g\000M\000o\000d\000e}{subsection.6.103.1}% 1684
\BOOKMARK [3][-]{subsubsection.6.103.1.350}{\376\377\0006\000.\0001\0000\0003\000.\0001\000.\0003\0005\0000\000\040\000R\000B\0007\000\137\000S\000e\000t\000D\000i\000g\000i\000t\000a\000l\000I\000n\000p\000u\000t}{subsection.6.103.1}% 1685
\BOOKMARK [3][-]{subsubsection.6.103.1.351}{\376\377\0006\000.\0001\0000\0003\000.\0001\000.\0003\0005\0001\000\040\000R\000B\0007\000\137\000S\000e\000t\000D\000i\000g\000i\000t\000a\000l\000M\000o\000d\000e}{subsection.6.103.1}% 1686
\BOOKMARK [3][-]{subsubsection.6.103.1.352}{\376\377\0006\000.\0001\0000\0003\000.\0001\000.\0003\0005\0002\000\040\000R\000B\0007\000\137\000S\000e\000t\000D\000i\000g\000i\000t\000a\000l\000O\000u\000t\000p\000u\000t}{subsection.6.103.1}% 1687
\BOOKMARK [3][-]{subsubsection.6.103.1.353}{\376\377\0006\000.\0001\0000\0003\000.\0001\000.\0003\0005\0003\000\040\000R\000B\0007\000\137\000S\000e\000t\000H\000i\000g\000h}{subsection.6.103.1}% 1688
\BOOKMARK [3][-]{subsubsection.6.103.1.354}{\376\377\0006\000.\0001\0000\0003\000.\0001\000.\0003\0005\0004\000\040\000R\000B\0007\000\137\000S\000e\000t\000L\000o\000w}{subsection.6.103.1}% 1689
\BOOKMARK [3][-]{subsubsection.6.103.1.355}{\376\377\0006\000.\0001\0000\0003\000.\0001\000.\0003\0005\0005\000\040\000R\000B\0007\000\137\000S\000e\000t\000P\000u\000l\000l\000u\000p}{subsection.6.103.1}% 1690
\BOOKMARK [3][-]{subsubsection.6.103.1.356}{\376\377\0006\000.\0001\0000\0003\000.\0001\000.\0003\0005\0006\000\040\000R\000B\0007\000\137\000T\000o\000g\000g\000l\000e}{subsection.6.103.1}% 1691
\BOOKMARK [3][-]{subsubsection.6.103.1.357}{\376\377\0006\000.\0001\0000\0003\000.\0001\000.\0003\0005\0007\000\040\000R\000C\0000\000\137\000G\000e\000t\000V\000a\000l\000u\000e}{subsection.6.103.1}% 1692
\BOOKMARK [3][-]{subsubsection.6.103.1.358}{\376\377\0006\000.\0001\0000\0003\000.\0001\000.\0003\0005\0008\000\040\000R\000C\0000\000\137\000R\000e\000s\000e\000t\000P\000u\000l\000l\000u\000p}{subsection.6.103.1}% 1693
\BOOKMARK [3][-]{subsubsection.6.103.1.359}{\376\377\0006\000.\0001\0000\0003\000.\0001\000.\0003\0005\0009\000\040\000R\000C\0000\000\137\000S\000e\000t\000A\000n\000a\000l\000o\000g\000M\000o\000d\000e}{subsection.6.103.1}% 1694
\BOOKMARK [3][-]{subsubsection.6.103.1.360}{\376\377\0006\000.\0001\0000\0003\000.\0001\000.\0003\0006\0000\000\040\000R\000C\0000\000\137\000S\000e\000t\000D\000i\000g\000i\000t\000a\000l\000I\000n\000p\000u\000t}{subsection.6.103.1}% 1695
\BOOKMARK [3][-]{subsubsection.6.103.1.361}{\376\377\0006\000.\0001\0000\0003\000.\0001\000.\0003\0006\0001\000\040\000R\000C\0000\000\137\000S\000e\000t\000D\000i\000g\000i\000t\000a\000l\000M\000o\000d\000e}{subsection.6.103.1}% 1696
\BOOKMARK [3][-]{subsubsection.6.103.1.362}{\376\377\0006\000.\0001\0000\0003\000.\0001\000.\0003\0006\0002\000\040\000R\000C\0000\000\137\000S\000e\000t\000D\000i\000g\000i\000t\000a\000l\000O\000u\000t\000p\000u\000t}{subsection.6.103.1}% 1697
\BOOKMARK [3][-]{subsubsection.6.103.1.363}{\376\377\0006\000.\0001\0000\0003\000.\0001\000.\0003\0006\0003\000\040\000R\000C\0000\000\137\000S\000e\000t\000H\000i\000g\000h}{subsection.6.103.1}% 1698
\BOOKMARK [3][-]{subsubsection.6.103.1.364}{\376\377\0006\000.\0001\0000\0003\000.\0001\000.\0003\0006\0004\000\040\000R\000C\0000\000\137\000S\000e\000t\000L\000o\000w}{subsection.6.103.1}% 1699
\BOOKMARK [3][-]{subsubsection.6.103.1.365}{\376\377\0006\000.\0001\0000\0003\000.\0001\000.\0003\0006\0005\000\040\000R\000C\0000\000\137\000S\000e\000t\000P\000u\000l\000l\000u\000p}{subsection.6.103.1}% 1700
\BOOKMARK [3][-]{subsubsection.6.103.1.366}{\376\377\0006\000.\0001\0000\0003\000.\0001\000.\0003\0006\0006\000\040\000R\000C\0000\000\137\000T\000o\000g\000g\000l\000e}{subsection.6.103.1}% 1701
\BOOKMARK [3][-]{subsubsection.6.103.1.367}{\376\377\0006\000.\0001\0000\0003\000.\0001\000.\0003\0006\0007\000\040\000R\000C\0001\000\137\000G\000e\000t\000V\000a\000l\000u\000e}{subsection.6.103.1}% 1702
\BOOKMARK [3][-]{subsubsection.6.103.1.368}{\376\377\0006\000.\0001\0000\0003\000.\0001\000.\0003\0006\0008\000\040\000R\000C\0001\000\137\000R\000e\000s\000e\000t\000P\000u\000l\000l\000u\000p}{subsection.6.103.1}% 1703
\BOOKMARK [3][-]{subsubsection.6.103.1.369}{\376\377\0006\000.\0001\0000\0003\000.\0001\000.\0003\0006\0009\000\040\000R\000C\0001\000\137\000S\000e\000t\000A\000n\000a\000l\000o\000g\000M\000o\000d\000e}{subsection.6.103.1}% 1704
\BOOKMARK [3][-]{subsubsection.6.103.1.370}{\376\377\0006\000.\0001\0000\0003\000.\0001\000.\0003\0007\0000\000\040\000R\000C\0001\000\137\000S\000e\000t\000D\000i\000g\000i\000t\000a\000l\000I\000n\000p\000u\000t}{subsection.6.103.1}% 1705
\BOOKMARK [3][-]{subsubsection.6.103.1.371}{\376\377\0006\000.\0001\0000\0003\000.\0001\000.\0003\0007\0001\000\040\000R\000C\0001\000\137\000S\000e\000t\000D\000i\000g\000i\000t\000a\000l\000M\000o\000d\000e}{subsection.6.103.1}% 1706
\BOOKMARK [3][-]{subsubsection.6.103.1.372}{\376\377\0006\000.\0001\0000\0003\000.\0001\000.\0003\0007\0002\000\040\000R\000C\0001\000\137\000S\000e\000t\000D\000i\000g\000i\000t\000a\000l\000O\000u\000t\000p\000u\000t}{subsection.6.103.1}% 1707
\BOOKMARK [3][-]{subsubsection.6.103.1.373}{\376\377\0006\000.\0001\0000\0003\000.\0001\000.\0003\0007\0003\000\040\000R\000C\0001\000\137\000S\000e\000t\000H\000i\000g\000h}{subsection.6.103.1}% 1708
\BOOKMARK [3][-]{subsubsection.6.103.1.374}{\376\377\0006\000.\0001\0000\0003\000.\0001\000.\0003\0007\0004\000\040\000R\000C\0001\000\137\000S\000e\000t\000L\000o\000w}{subsection.6.103.1}% 1709
\BOOKMARK [3][-]{subsubsection.6.103.1.375}{\376\377\0006\000.\0001\0000\0003\000.\0001\000.\0003\0007\0005\000\040\000R\000C\0001\000\137\000S\000e\000t\000P\000u\000l\000l\000u\000p}{subsection.6.103.1}% 1710
\BOOKMARK [3][-]{subsubsection.6.103.1.376}{\376\377\0006\000.\0001\0000\0003\000.\0001\000.\0003\0007\0006\000\040\000R\000C\0001\000\137\000T\000o\000g\000g\000l\000e}{subsection.6.103.1}% 1711
\BOOKMARK [3][-]{subsubsection.6.103.1.377}{\376\377\0006\000.\0001\0000\0003\000.\0001\000.\0003\0007\0007\000\040\000R\000C\0003\000\137\000G\000e\000t\000V\000a\000l\000u\000e}{subsection.6.103.1}% 1712
\BOOKMARK [3][-]{subsubsection.6.103.1.378}{\376\377\0006\000.\0001\0000\0003\000.\0001\000.\0003\0007\0008\000\040\000R\000C\0003\000\137\000R\000e\000s\000e\000t\000P\000u\000l\000l\000u\000p}{subsection.6.103.1}% 1713
\BOOKMARK [3][-]{subsubsection.6.103.1.379}{\376\377\0006\000.\0001\0000\0003\000.\0001\000.\0003\0007\0009\000\040\000R\000C\0003\000\137\000S\000e\000t\000A\000n\000a\000l\000o\000g\000M\000o\000d\000e}{subsection.6.103.1}% 1714
\BOOKMARK [3][-]{subsubsection.6.103.1.380}{\376\377\0006\000.\0001\0000\0003\000.\0001\000.\0003\0008\0000\000\040\000R\000C\0003\000\137\000S\000e\000t\000D\000i\000g\000i\000t\000a\000l\000I\000n\000p\000u\000t}{subsection.6.103.1}% 1715
\BOOKMARK [3][-]{subsubsection.6.103.1.381}{\376\377\0006\000.\0001\0000\0003\000.\0001\000.\0003\0008\0001\000\040\000R\000C\0003\000\137\000S\000e\000t\000D\000i\000g\000i\000t\000a\000l\000M\000o\000d\000e}{subsection.6.103.1}% 1716
\BOOKMARK [3][-]{subsubsection.6.103.1.382}{\376\377\0006\000.\0001\0000\0003\000.\0001\000.\0003\0008\0002\000\040\000R\000C\0003\000\137\000S\000e\000t\000D\000i\000g\000i\000t\000a\000l\000O\000u\000t\000p\000u\000t}{subsection.6.103.1}% 1717
\BOOKMARK [3][-]{subsubsection.6.103.1.383}{\376\377\0006\000.\0001\0000\0003\000.\0001\000.\0003\0008\0003\000\040\000R\000C\0003\000\137\000S\000e\000t\000H\000i\000g\000h}{subsection.6.103.1}% 1718
\BOOKMARK [3][-]{subsubsection.6.103.1.384}{\376\377\0006\000.\0001\0000\0003\000.\0001\000.\0003\0008\0004\000\040\000R\000C\0003\000\137\000S\000e\000t\000L\000o\000w}{subsection.6.103.1}% 1719
\BOOKMARK [3][-]{subsubsection.6.103.1.385}{\376\377\0006\000.\0001\0000\0003\000.\0001\000.\0003\0008\0005\000\040\000R\000C\0003\000\137\000S\000e\000t\000P\000u\000l\000l\000u\000p}{subsection.6.103.1}% 1720
\BOOKMARK [3][-]{subsubsection.6.103.1.386}{\376\377\0006\000.\0001\0000\0003\000.\0001\000.\0003\0008\0006\000\040\000R\000C\0003\000\137\000T\000o\000g\000g\000l\000e}{subsection.6.103.1}% 1721
\BOOKMARK [3][-]{subsubsection.6.103.1.387}{\376\377\0006\000.\0001\0000\0003\000.\0001\000.\0003\0008\0007\000\040\000R\000C\0004\000\137\000G\000e\000t\000V\000a\000l\000u\000e}{subsection.6.103.1}% 1722
\BOOKMARK [3][-]{subsubsection.6.103.1.388}{\376\377\0006\000.\0001\0000\0003\000.\0001\000.\0003\0008\0008\000\040\000R\000C\0004\000\137\000R\000e\000s\000e\000t\000P\000u\000l\000l\000u\000p}{subsection.6.103.1}% 1723
\BOOKMARK [3][-]{subsubsection.6.103.1.389}{\376\377\0006\000.\0001\0000\0003\000.\0001\000.\0003\0008\0009\000\040\000R\000C\0004\000\137\000S\000e\000t\000A\000n\000a\000l\000o\000g\000M\000o\000d\000e}{subsection.6.103.1}% 1724
\BOOKMARK [3][-]{subsubsection.6.103.1.390}{\376\377\0006\000.\0001\0000\0003\000.\0001\000.\0003\0009\0000\000\040\000R\000C\0004\000\137\000S\000e\000t\000D\000i\000g\000i\000t\000a\000l\000I\000n\000p\000u\000t}{subsection.6.103.1}% 1725
\BOOKMARK [3][-]{subsubsection.6.103.1.391}{\376\377\0006\000.\0001\0000\0003\000.\0001\000.\0003\0009\0001\000\040\000R\000C\0004\000\137\000S\000e\000t\000D\000i\000g\000i\000t\000a\000l\000M\000o\000d\000e}{subsection.6.103.1}% 1726
\BOOKMARK [3][-]{subsubsection.6.103.1.392}{\376\377\0006\000.\0001\0000\0003\000.\0001\000.\0003\0009\0002\000\040\000R\000C\0004\000\137\000S\000e\000t\000D\000i\000g\000i\000t\000a\000l\000O\000u\000t\000p\000u\000t}{subsection.6.103.1}% 1727
\BOOKMARK [3][-]{subsubsection.6.103.1.393}{\376\377\0006\000.\0001\0000\0003\000.\0001\000.\0003\0009\0003\000\040\000R\000C\0004\000\137\000S\000e\000t\000H\000i\000g\000h}{subsection.6.103.1}% 1728
\BOOKMARK [3][-]{subsubsection.6.103.1.394}{\376\377\0006\000.\0001\0000\0003\000.\0001\000.\0003\0009\0004\000\040\000R\000C\0004\000\137\000S\000e\000t\000L\000o\000w}{subsection.6.103.1}% 1729
\BOOKMARK [3][-]{subsubsection.6.103.1.395}{\376\377\0006\000.\0001\0000\0003\000.\0001\000.\0003\0009\0005\000\040\000R\000C\0004\000\137\000S\000e\000t\000P\000u\000l\000l\000u\000p}{subsection.6.103.1}% 1730
\BOOKMARK [3][-]{subsubsection.6.103.1.396}{\376\377\0006\000.\0001\0000\0003\000.\0001\000.\0003\0009\0006\000\040\000R\000C\0004\000\137\000T\000o\000g\000g\000l\000e}{subsection.6.103.1}% 1731
\BOOKMARK [3][-]{subsubsection.6.103.1.397}{\376\377\0006\000.\0001\0000\0003\000.\0001\000.\0003\0009\0007\000\040\000R\000C\0005\000\137\000G\000e\000t\000V\000a\000l\000u\000e}{subsection.6.103.1}% 1732
\BOOKMARK [3][-]{subsubsection.6.103.1.398}{\376\377\0006\000.\0001\0000\0003\000.\0001\000.\0003\0009\0008\000\040\000R\000C\0005\000\137\000R\000e\000s\000e\000t\000P\000u\000l\000l\000u\000p}{subsection.6.103.1}% 1733
\BOOKMARK [3][-]{subsubsection.6.103.1.399}{\376\377\0006\000.\0001\0000\0003\000.\0001\000.\0003\0009\0009\000\040\000R\000C\0005\000\137\000S\000e\000t\000A\000n\000a\000l\000o\000g\000M\000o\000d\000e}{subsection.6.103.1}% 1734
\BOOKMARK [3][-]{subsubsection.6.103.1.400}{\376\377\0006\000.\0001\0000\0003\000.\0001\000.\0004\0000\0000\000\040\000R\000C\0005\000\137\000S\000e\000t\000D\000i\000g\000i\000t\000a\000l\000I\000n\000p\000u\000t}{subsection.6.103.1}% 1735
\BOOKMARK [3][-]{subsubsection.6.103.1.401}{\376\377\0006\000.\0001\0000\0003\000.\0001\000.\0004\0000\0001\000\040\000R\000C\0005\000\137\000S\000e\000t\000D\000i\000g\000i\000t\000a\000l\000M\000o\000d\000e}{subsection.6.103.1}% 1736
\BOOKMARK [3][-]{subsubsection.6.103.1.402}{\376\377\0006\000.\0001\0000\0003\000.\0001\000.\0004\0000\0002\000\040\000R\000C\0005\000\137\000S\000e\000t\000D\000i\000g\000i\000t\000a\000l\000O\000u\000t\000p\000u\000t}{subsection.6.103.1}% 1737
\BOOKMARK [3][-]{subsubsection.6.103.1.403}{\376\377\0006\000.\0001\0000\0003\000.\0001\000.\0004\0000\0003\000\040\000R\000C\0005\000\137\000S\000e\000t\000H\000i\000g\000h}{subsection.6.103.1}% 1738
\BOOKMARK [3][-]{subsubsection.6.103.1.404}{\376\377\0006\000.\0001\0000\0003\000.\0001\000.\0004\0000\0004\000\040\000R\000C\0005\000\137\000S\000e\000t\000L\000o\000w}{subsection.6.103.1}% 1739
\BOOKMARK [3][-]{subsubsection.6.103.1.405}{\376\377\0006\000.\0001\0000\0003\000.\0001\000.\0004\0000\0005\000\040\000R\000C\0005\000\137\000S\000e\000t\000P\000u\000l\000l\000u\000p}{subsection.6.103.1}% 1740
\BOOKMARK [3][-]{subsubsection.6.103.1.406}{\376\377\0006\000.\0001\0000\0003\000.\0001\000.\0004\0000\0006\000\040\000R\000C\0005\000\137\000T\000o\000g\000g\000l\000e}{subsection.6.103.1}% 1741
\BOOKMARK [3][-]{subsubsection.6.103.1.407}{\376\377\0006\000.\0001\0000\0003\000.\0001\000.\0004\0000\0007\000\040\000R\000C\0006\000\137\000G\000e\000t\000V\000a\000l\000u\000e}{subsection.6.103.1}% 1742
\BOOKMARK [3][-]{subsubsection.6.103.1.408}{\376\377\0006\000.\0001\0000\0003\000.\0001\000.\0004\0000\0008\000\040\000R\000C\0006\000\137\000R\000e\000s\000e\000t\000P\000u\000l\000l\000u\000p}{subsection.6.103.1}% 1743
\BOOKMARK [3][-]{subsubsection.6.103.1.409}{\376\377\0006\000.\0001\0000\0003\000.\0001\000.\0004\0000\0009\000\040\000R\000C\0006\000\137\000S\000e\000t\000A\000n\000a\000l\000o\000g\000M\000o\000d\000e}{subsection.6.103.1}% 1744
\BOOKMARK [3][-]{subsubsection.6.103.1.410}{\376\377\0006\000.\0001\0000\0003\000.\0001\000.\0004\0001\0000\000\040\000R\000C\0006\000\137\000S\000e\000t\000D\000i\000g\000i\000t\000a\000l\000I\000n\000p\000u\000t}{subsection.6.103.1}% 1745
\BOOKMARK [3][-]{subsubsection.6.103.1.411}{\376\377\0006\000.\0001\0000\0003\000.\0001\000.\0004\0001\0001\000\040\000R\000C\0006\000\137\000S\000e\000t\000D\000i\000g\000i\000t\000a\000l\000M\000o\000d\000e}{subsection.6.103.1}% 1746
\BOOKMARK [3][-]{subsubsection.6.103.1.412}{\376\377\0006\000.\0001\0000\0003\000.\0001\000.\0004\0001\0002\000\040\000R\000C\0006\000\137\000S\000e\000t\000D\000i\000g\000i\000t\000a\000l\000O\000u\000t\000p\000u\000t}{subsection.6.103.1}% 1747
\BOOKMARK [3][-]{subsubsection.6.103.1.413}{\376\377\0006\000.\0001\0000\0003\000.\0001\000.\0004\0001\0003\000\040\000R\000C\0006\000\137\000S\000e\000t\000H\000i\000g\000h}{subsection.6.103.1}% 1748
\BOOKMARK [3][-]{subsubsection.6.103.1.414}{\376\377\0006\000.\0001\0000\0003\000.\0001\000.\0004\0001\0004\000\040\000R\000C\0006\000\137\000S\000e\000t\000L\000o\000w}{subsection.6.103.1}% 1749
\BOOKMARK [3][-]{subsubsection.6.103.1.415}{\376\377\0006\000.\0001\0000\0003\000.\0001\000.\0004\0001\0005\000\040\000R\000C\0006\000\137\000S\000e\000t\000P\000u\000l\000l\000u\000p}{subsection.6.103.1}% 1750
\BOOKMARK [3][-]{subsubsection.6.103.1.416}{\376\377\0006\000.\0001\0000\0003\000.\0001\000.\0004\0001\0006\000\040\000R\000C\0006\000\137\000T\000o\000g\000g\000l\000e}{subsection.6.103.1}% 1751
\BOOKMARK [3][-]{subsubsection.6.103.1.417}{\376\377\0006\000.\0001\0000\0003\000.\0001\000.\0004\0001\0007\000\040\000R\000C\0007\000\137\000G\000e\000t\000V\000a\000l\000u\000e}{subsection.6.103.1}% 1752
\BOOKMARK [3][-]{subsubsection.6.103.1.418}{\376\377\0006\000.\0001\0000\0003\000.\0001\000.\0004\0001\0008\000\040\000R\000C\0007\000\137\000R\000e\000s\000e\000t\000P\000u\000l\000l\000u\000p}{subsection.6.103.1}% 1753
\BOOKMARK [3][-]{subsubsection.6.103.1.419}{\376\377\0006\000.\0001\0000\0003\000.\0001\000.\0004\0001\0009\000\040\000R\000C\0007\000\137\000S\000e\000t\000A\000n\000a\000l\000o\000g\000M\000o\000d\000e}{subsection.6.103.1}% 1754
\BOOKMARK [3][-]{subsubsection.6.103.1.420}{\376\377\0006\000.\0001\0000\0003\000.\0001\000.\0004\0002\0000\000\040\000R\000C\0007\000\137\000S\000e\000t\000D\000i\000g\000i\000t\000a\000l\000I\000n\000p\000u\000t}{subsection.6.103.1}% 1755
\BOOKMARK [3][-]{subsubsection.6.103.1.421}{\376\377\0006\000.\0001\0000\0003\000.\0001\000.\0004\0002\0001\000\040\000R\000C\0007\000\137\000S\000e\000t\000D\000i\000g\000i\000t\000a\000l\000M\000o\000d\000e}{subsection.6.103.1}% 1756
\BOOKMARK [3][-]{subsubsection.6.103.1.422}{\376\377\0006\000.\0001\0000\0003\000.\0001\000.\0004\0002\0002\000\040\000R\000C\0007\000\137\000S\000e\000t\000D\000i\000g\000i\000t\000a\000l\000O\000u\000t\000p\000u\000t}{subsection.6.103.1}% 1757
\BOOKMARK [3][-]{subsubsection.6.103.1.423}{\376\377\0006\000.\0001\0000\0003\000.\0001\000.\0004\0002\0003\000\040\000R\000C\0007\000\137\000S\000e\000t\000H\000i\000g\000h}{subsection.6.103.1}% 1758
\BOOKMARK [3][-]{subsubsection.6.103.1.424}{\376\377\0006\000.\0001\0000\0003\000.\0001\000.\0004\0002\0004\000\040\000R\000C\0007\000\137\000S\000e\000t\000L\000o\000w}{subsection.6.103.1}% 1759
\BOOKMARK [3][-]{subsubsection.6.103.1.425}{\376\377\0006\000.\0001\0000\0003\000.\0001\000.\0004\0002\0005\000\040\000R\000C\0007\000\137\000S\000e\000t\000P\000u\000l\000l\000u\000p}{subsection.6.103.1}% 1760
\BOOKMARK [3][-]{subsubsection.6.103.1.426}{\376\377\0006\000.\0001\0000\0003\000.\0001\000.\0004\0002\0006\000\040\000R\000C\0007\000\137\000T\000o\000g\000g\000l\000e}{subsection.6.103.1}% 1761
\BOOKMARK [3][-]{subsubsection.6.103.1.427}{\376\377\0006\000.\0001\0000\0003\000.\0001\000.\0004\0002\0007\000\040\000R\000D\0000\000\137\000G\000e\000t\000V\000a\000l\000u\000e}{subsection.6.103.1}% 1762
\BOOKMARK [3][-]{subsubsection.6.103.1.428}{\376\377\0006\000.\0001\0000\0003\000.\0001\000.\0004\0002\0008\000\040\000R\000D\0000\000\137\000R\000e\000s\000e\000t\000P\000u\000l\000l\000u\000p}{subsection.6.103.1}% 1763
\BOOKMARK [3][-]{subsubsection.6.103.1.429}{\376\377\0006\000.\0001\0000\0003\000.\0001\000.\0004\0002\0009\000\040\000R\000D\0000\000\137\000S\000e\000t\000A\000n\000a\000l\000o\000g\000M\000o\000d\000e}{subsection.6.103.1}% 1764
\BOOKMARK [3][-]{subsubsection.6.103.1.430}{\376\377\0006\000.\0001\0000\0003\000.\0001\000.\0004\0003\0000\000\040\000R\000D\0000\000\137\000S\000e\000t\000D\000i\000g\000i\000t\000a\000l\000I\000n\000p\000u\000t}{subsection.6.103.1}% 1765
\BOOKMARK [3][-]{subsubsection.6.103.1.431}{\376\377\0006\000.\0001\0000\0003\000.\0001\000.\0004\0003\0001\000\040\000R\000D\0000\000\137\000S\000e\000t\000D\000i\000g\000i\000t\000a\000l\000M\000o\000d\000e}{subsection.6.103.1}% 1766
\BOOKMARK [3][-]{subsubsection.6.103.1.432}{\376\377\0006\000.\0001\0000\0003\000.\0001\000.\0004\0003\0002\000\040\000R\000D\0000\000\137\000S\000e\000t\000D\000i\000g\000i\000t\000a\000l\000O\000u\000t\000p\000u\000t}{subsection.6.103.1}% 1767
\BOOKMARK [3][-]{subsubsection.6.103.1.433}{\376\377\0006\000.\0001\0000\0003\000.\0001\000.\0004\0003\0003\000\040\000R\000D\0000\000\137\000S\000e\000t\000H\000i\000g\000h}{subsection.6.103.1}% 1768
\BOOKMARK [3][-]{subsubsection.6.103.1.434}{\376\377\0006\000.\0001\0000\0003\000.\0001\000.\0004\0003\0004\000\040\000R\000D\0000\000\137\000S\000e\000t\000L\000o\000w}{subsection.6.103.1}% 1769
\BOOKMARK [3][-]{subsubsection.6.103.1.435}{\376\377\0006\000.\0001\0000\0003\000.\0001\000.\0004\0003\0005\000\040\000R\000D\0000\000\137\000S\000e\000t\000P\000u\000l\000l\000u\000p}{subsection.6.103.1}% 1770
\BOOKMARK [3][-]{subsubsection.6.103.1.436}{\376\377\0006\000.\0001\0000\0003\000.\0001\000.\0004\0003\0006\000\040\000R\000D\0000\000\137\000T\000o\000g\000g\000l\000e}{subsection.6.103.1}% 1771
\BOOKMARK [3][-]{subsubsection.6.103.1.437}{\376\377\0006\000.\0001\0000\0003\000.\0001\000.\0004\0003\0007\000\040\000R\000D\0006\000\137\000G\000e\000t\000V\000a\000l\000u\000e}{subsection.6.103.1}% 1772
\BOOKMARK [3][-]{subsubsection.6.103.1.438}{\376\377\0006\000.\0001\0000\0003\000.\0001\000.\0004\0003\0008\000\040\000R\000D\0006\000\137\000R\000e\000s\000e\000t\000P\000u\000l\000l\000u\000p}{subsection.6.103.1}% 1773
\BOOKMARK [3][-]{subsubsection.6.103.1.439}{\376\377\0006\000.\0001\0000\0003\000.\0001\000.\0004\0003\0009\000\040\000R\000D\0006\000\137\000S\000e\000t\000A\000n\000a\000l\000o\000g\000M\000o\000d\000e}{subsection.6.103.1}% 1774
\BOOKMARK [3][-]{subsubsection.6.103.1.440}{\376\377\0006\000.\0001\0000\0003\000.\0001\000.\0004\0004\0000\000\040\000R\000D\0006\000\137\000S\000e\000t\000D\000i\000g\000i\000t\000a\000l\000I\000n\000p\000u\000t}{subsection.6.103.1}% 1775
\BOOKMARK [3][-]{subsubsection.6.103.1.441}{\376\377\0006\000.\0001\0000\0003\000.\0001\000.\0004\0004\0001\000\040\000R\000D\0006\000\137\000S\000e\000t\000D\000i\000g\000i\000t\000a\000l\000M\000o\000d\000e}{subsection.6.103.1}% 1776
\BOOKMARK [3][-]{subsubsection.6.103.1.442}{\376\377\0006\000.\0001\0000\0003\000.\0001\000.\0004\0004\0002\000\040\000R\000D\0006\000\137\000S\000e\000t\000D\000i\000g\000i\000t\000a\000l\000O\000u\000t\000p\000u\000t}{subsection.6.103.1}% 1777
\BOOKMARK [3][-]{subsubsection.6.103.1.443}{\376\377\0006\000.\0001\0000\0003\000.\0001\000.\0004\0004\0003\000\040\000R\000D\0006\000\137\000S\000e\000t\000H\000i\000g\000h}{subsection.6.103.1}% 1778
\BOOKMARK [3][-]{subsubsection.6.103.1.444}{\376\377\0006\000.\0001\0000\0003\000.\0001\000.\0004\0004\0004\000\040\000R\000D\0006\000\137\000S\000e\000t\000L\000o\000w}{subsection.6.103.1}% 1779
\BOOKMARK [3][-]{subsubsection.6.103.1.445}{\376\377\0006\000.\0001\0000\0003\000.\0001\000.\0004\0004\0005\000\040\000R\000D\0006\000\137\000S\000e\000t\000P\000u\000l\000l\000u\000p}{subsection.6.103.1}% 1780
\BOOKMARK [3][-]{subsubsection.6.103.1.446}{\376\377\0006\000.\0001\0000\0003\000.\0001\000.\0004\0004\0006\000\040\000R\000D\0006\000\137\000T\000o\000g\000g\000l\000e}{subsection.6.103.1}% 1781
\BOOKMARK [3][-]{subsubsection.6.103.1.447}{\376\377\0006\000.\0001\0000\0003\000.\0001\000.\0004\0004\0007\000\040\000R\000E\000L\000A\000Y\000\137\000A\000N\000S}{subsection.6.103.1}% 1782
\BOOKMARK [3][-]{subsubsection.6.103.1.448}{\376\377\0006\000.\0001\0000\0003\000.\0001\000.\0004\0004\0008\000\040\000R\000E\000L\000A\000Y\000\137\000G\000e\000t\000V\000a\000l\000u\000e}{subsection.6.103.1}% 1783
\BOOKMARK [3][-]{subsubsection.6.103.1.449}{\376\377\0006\000.\0001\0000\0003\000.\0001\000.\0004\0004\0009\000\040\000R\000E\000L\000A\000Y\000\137\000L\000A\000T}{subsection.6.103.1}% 1784
\BOOKMARK [3][-]{subsubsection.6.103.1.450}{\376\377\0006\000.\0001\0000\0003\000.\0001\000.\0004\0005\0000\000\040\000R\000E\000L\000A\000Y\000\137\000O\000D}{subsection.6.103.1}% 1785
\BOOKMARK [3][-]{subsubsection.6.103.1.451}{\376\377\0006\000.\0001\0000\0003\000.\0001\000.\0004\0005\0001\000\040\000R\000E\000L\000A\000Y\000\137\000P\000O\000R\000T}{subsection.6.103.1}% 1786
\BOOKMARK [3][-]{subsubsection.6.103.1.452}{\376\377\0006\000.\0001\0000\0003\000.\0001\000.\0004\0005\0002\000\040\000R\000E\000L\000A\000Y\000\137\000R\000e\000s\000e\000t\000P\000u\000l\000l\000u\000p}{subsection.6.103.1}% 1787
\BOOKMARK [3][-]{subsubsection.6.103.1.453}{\376\377\0006\000.\0001\0000\0003\000.\0001\000.\0004\0005\0003\000\040\000R\000E\000L\000A\000Y\000\137\000S\000e\000t\000A\000n\000a\000l\000o\000g\000M\000o\000d\000e}{subsection.6.103.1}% 1788
\BOOKMARK [3][-]{subsubsection.6.103.1.454}{\376\377\0006\000.\0001\0000\0003\000.\0001\000.\0004\0005\0004\000\040\000R\000E\000L\000A\000Y\000\137\000S\000e\000t\000D\000i\000g\000i\000t\000a\000l\000I\000n\000p\000u\000t}{subsection.6.103.1}% 1789
\BOOKMARK [3][-]{subsubsection.6.103.1.455}{\376\377\0006\000.\0001\0000\0003\000.\0001\000.\0004\0005\0005\000\040\000R\000E\000L\000A\000Y\000\137\000S\000e\000t\000D\000i\000g\000i\000t\000a\000l\000M\000o\000d\000e}{subsection.6.103.1}% 1790
\BOOKMARK [3][-]{subsubsection.6.103.1.456}{\376\377\0006\000.\0001\0000\0003\000.\0001\000.\0004\0005\0006\000\040\000R\000E\000L\000A\000Y\000\137\000S\000e\000t\000D\000i\000g\000i\000t\000a\000l\000O\000u\000t\000p\000u\000t}{subsection.6.103.1}% 1791
\BOOKMARK [3][-]{subsubsection.6.103.1.457}{\376\377\0006\000.\0001\0000\0003\000.\0001\000.\0004\0005\0007\000\040\000R\000E\000L\000A\000Y\000\137\000S\000e\000t\000H\000i\000g\000h}{subsection.6.103.1}% 1792
\BOOKMARK [3][-]{subsubsection.6.103.1.458}{\376\377\0006\000.\0001\0000\0003\000.\0001\000.\0004\0005\0008\000\040\000R\000E\000L\000A\000Y\000\137\000S\000e\000t\000L\000o\000w}{subsection.6.103.1}% 1793
\BOOKMARK [3][-]{subsubsection.6.103.1.459}{\376\377\0006\000.\0001\0000\0003\000.\0001\000.\0004\0005\0009\000\040\000R\000E\000L\000A\000Y\000\137\000S\000e\000t\000O\000p\000e\000n\000D\000r\000a\000i\000n}{subsection.6.103.1}% 1794
\BOOKMARK [3][-]{subsubsection.6.103.1.460}{\376\377\0006\000.\0001\0000\0003\000.\0001\000.\0004\0006\0000\000\040\000R\000E\000L\000A\000Y\000\137\000S\000e\000t\000P\000u\000l\000l\000u\000p}{subsection.6.103.1}% 1795
\BOOKMARK [3][-]{subsubsection.6.103.1.461}{\376\377\0006\000.\0001\0000\0003\000.\0001\000.\0004\0006\0001\000\040\000R\000E\000L\000A\000Y\000\137\000S\000e\000t\000P\000u\000s\000h\000P\000u\000l\000l}{subsection.6.103.1}% 1796
\BOOKMARK [3][-]{subsubsection.6.103.1.462}{\376\377\0006\000.\0001\0000\0003\000.\0001\000.\0004\0006\0002\000\040\000R\000E\000L\000A\000Y\000\137\000T\000o\000g\000g\000l\000e}{subsection.6.103.1}% 1797
\BOOKMARK [3][-]{subsubsection.6.103.1.463}{\376\377\0006\000.\0001\0000\0003\000.\0001\000.\0004\0006\0003\000\040\000R\000E\000L\000A\000Y\000\137\000T\000R\000I\000S}{subsection.6.103.1}% 1798
\BOOKMARK [3][-]{subsubsection.6.103.1.464}{\376\377\0006\000.\0001\0000\0003\000.\0001\000.\0004\0006\0004\000\040\000R\000E\000L\000A\000Y\000\137\000W\000P\000U}{subsection.6.103.1}% 1799
\BOOKMARK [3][-]{subsubsection.6.103.1.465}{\376\377\0006\000.\0001\0000\0003\000.\0001\000.\0004\0006\0005\000\040\000R\000L\000E\000D\000\137\000A\000N\000S}{subsection.6.103.1}% 1800
\BOOKMARK [3][-]{subsubsection.6.103.1.466}{\376\377\0006\000.\0001\0000\0003\000.\0001\000.\0004\0006\0006\000\040\000R\000L\000E\000D\000\137\000G\000e\000t\000V\000a\000l\000u\000e}{subsection.6.103.1}% 1801
\BOOKMARK [3][-]{subsubsection.6.103.1.467}{\376\377\0006\000.\0001\0000\0003\000.\0001\000.\0004\0006\0007\000\040\000R\000L\000E\000D\000\137\000L\000A\000T}{subsection.6.103.1}% 1802
\BOOKMARK [3][-]{subsubsection.6.103.1.468}{\376\377\0006\000.\0001\0000\0003\000.\0001\000.\0004\0006\0008\000\040\000R\000L\000E\000D\000\137\000O\000D}{subsection.6.103.1}% 1803
\BOOKMARK [3][-]{subsubsection.6.103.1.469}{\376\377\0006\000.\0001\0000\0003\000.\0001\000.\0004\0006\0009\000\040\000R\000L\000E\000D\000\137\000P\000O\000R\000T}{subsection.6.103.1}% 1804
\BOOKMARK [3][-]{subsubsection.6.103.1.470}{\376\377\0006\000.\0001\0000\0003\000.\0001\000.\0004\0007\0000\000\040\000R\000L\000E\000D\000\137\000R\000e\000s\000e\000t\000P\000u\000l\000l\000u\000p}{subsection.6.103.1}% 1805
\BOOKMARK [3][-]{subsubsection.6.103.1.471}{\376\377\0006\000.\0001\0000\0003\000.\0001\000.\0004\0007\0001\000\040\000R\000L\000E\000D\000\137\000S\000e\000t\000A\000n\000a\000l\000o\000g\000M\000o\000d\000e}{subsection.6.103.1}% 1806
\BOOKMARK [3][-]{subsubsection.6.103.1.472}{\376\377\0006\000.\0001\0000\0003\000.\0001\000.\0004\0007\0002\000\040\000R\000L\000E\000D\000\137\000S\000e\000t\000D\000i\000g\000i\000t\000a\000l\000I\000n\000p\000u\000t}{subsection.6.103.1}% 1807
\BOOKMARK [3][-]{subsubsection.6.103.1.473}{\376\377\0006\000.\0001\0000\0003\000.\0001\000.\0004\0007\0003\000\040\000R\000L\000E\000D\000\137\000S\000e\000t\000D\000i\000g\000i\000t\000a\000l\000M\000o\000d\000e}{subsection.6.103.1}% 1808
\BOOKMARK [3][-]{subsubsection.6.103.1.474}{\376\377\0006\000.\0001\0000\0003\000.\0001\000.\0004\0007\0004\000\040\000R\000L\000E\000D\000\137\000S\000e\000t\000D\000i\000g\000i\000t\000a\000l\000O\000u\000t\000p\000u\000t}{subsection.6.103.1}% 1809
\BOOKMARK [3][-]{subsubsection.6.103.1.475}{\376\377\0006\000.\0001\0000\0003\000.\0001\000.\0004\0007\0005\000\040\000R\000L\000E\000D\000\137\000S\000e\000t\000H\000i\000g\000h}{subsection.6.103.1}% 1810
\BOOKMARK [3][-]{subsubsection.6.103.1.476}{\376\377\0006\000.\0001\0000\0003\000.\0001\000.\0004\0007\0006\000\040\000R\000L\000E\000D\000\137\000S\000e\000t\000L\000o\000w}{subsection.6.103.1}% 1811
\BOOKMARK [3][-]{subsubsection.6.103.1.477}{\376\377\0006\000.\0001\0000\0003\000.\0001\000.\0004\0007\0007\000\040\000R\000L\000E\000D\000\137\000S\000e\000t\000O\000p\000e\000n\000D\000r\000a\000i\000n}{subsection.6.103.1}% 1812
\BOOKMARK [3][-]{subsubsection.6.103.1.478}{\376\377\0006\000.\0001\0000\0003\000.\0001\000.\0004\0007\0008\000\040\000R\000L\000E\000D\000\137\000S\000e\000t\000P\000u\000l\000l\000u\000p}{subsection.6.103.1}% 1813
\BOOKMARK [3][-]{subsubsection.6.103.1.479}{\376\377\0006\000.\0001\0000\0003\000.\0001\000.\0004\0007\0009\000\040\000R\000L\000E\000D\000\137\000S\000e\000t\000P\000u\000s\000h\000P\000u\000l\000l}{subsection.6.103.1}% 1814
\BOOKMARK [3][-]{subsubsection.6.103.1.480}{\376\377\0006\000.\0001\0000\0003\000.\0001\000.\0004\0008\0000\000\040\000R\000L\000E\000D\000\137\000T\000o\000g\000g\000l\000e}{subsection.6.103.1}% 1815
\BOOKMARK [3][-]{subsubsection.6.103.1.481}{\376\377\0006\000.\0001\0000\0003\000.\0001\000.\0004\0008\0001\000\040\000R\000L\000E\000D\000\137\000T\000R\000I\000S}{subsection.6.103.1}% 1816
\BOOKMARK [3][-]{subsubsection.6.103.1.482}{\376\377\0006\000.\0001\0000\0003\000.\0001\000.\0004\0008\0002\000\040\000R\000L\000E\000D\000\137\000W\000P\000U}{subsection.6.103.1}% 1817
\BOOKMARK [2][-]{subsection.6.103.2}{\376\377\0006\000.\0001\0000\0003\000.\0002\000\040\000F\000u\000n\000c\000t\000i\000o\000n\000\040\000D\000o\000c\000u\000m\000e\000n\000t\000a\000t\000i\000o\000n}{section.6.103}% 1818
\BOOKMARK [3][-]{subsubsection.6.103.2.1}{\376\377\0006\000.\0001\0000\0003\000.\0002\000.\0001\000\040\000I\000O\000C\000A\000F\0001\000\137\000D\000e\000f\000a\000u\000l\000t\000I\000n\000t\000e\000r\000r\000u\000p\000t\000H\000a\000n\000d\000l\000e\000r\000\050\000\051}{subsection.6.103.2}% 1819
\BOOKMARK [3][-]{subsubsection.6.103.2.2}{\376\377\0006\000.\0001\0000\0003\000.\0002\000.\0002\000\040\000I\000O\000C\000A\000F\0001\000\137\000I\000S\000R\000\050\000\051}{subsection.6.103.2}% 1820
\BOOKMARK [3][-]{subsubsection.6.103.2.3}{\376\377\0006\000.\0001\0000\0003\000.\0002\000.\0003\000\040\000I\000O\000C\000A\000F\0001\000\137\000S\000e\000t\000I\000n\000t\000e\000r\000r\000u\000p\000t\000H\000a\000n\000d\000l\000e\000r\000\050\000\051}{subsection.6.103.2}% 1821
\BOOKMARK [3][-]{subsubsection.6.103.2.4}{\376\377\0006\000.\0001\0000\0003\000.\0002\000.\0004\000\040\000I\000O\000C\000A\000F\0002\000\137\000D\000e\000f\000a\000u\000l\000t\000I\000n\000t\000e\000r\000r\000u\000p\000t\000H\000a\000n\000d\000l\000e\000r\000\050\000\051}{subsection.6.103.2}% 1822
\BOOKMARK [3][-]{subsubsection.6.103.2.5}{\376\377\0006\000.\0001\0000\0003\000.\0002\000.\0005\000\040\000I\000O\000C\000A\000F\0002\000\137\000I\000S\000R\000\050\000\051}{subsection.6.103.2}% 1823
\BOOKMARK [3][-]{subsubsection.6.103.2.6}{\376\377\0006\000.\0001\0000\0003\000.\0002\000.\0006\000\040\000I\000O\000C\000A\000F\0002\000\137\000S\000e\000t\000I\000n\000t\000e\000r\000r\000u\000p\000t\000H\000a\000n\000d\000l\000e\000r\000\050\000\051}{subsection.6.103.2}% 1824
\BOOKMARK [3][-]{subsubsection.6.103.2.7}{\376\377\0006\000.\0001\0000\0003\000.\0002\000.\0007\000\040\000I\000O\000C\000A\000F\0005\000\137\000D\000e\000f\000a\000u\000l\000t\000I\000n\000t\000e\000r\000r\000u\000p\000t\000H\000a\000n\000d\000l\000e\000r\000\050\000\051}{subsection.6.103.2}% 1825
\BOOKMARK [3][-]{subsubsection.6.103.2.8}{\376\377\0006\000.\0001\0000\0003\000.\0002\000.\0008\000\040\000I\000O\000C\000A\000F\0005\000\137\000I\000S\000R\000\050\000\051}{subsection.6.103.2}% 1826
\BOOKMARK [3][-]{subsubsection.6.103.2.9}{\376\377\0006\000.\0001\0000\0003\000.\0002\000.\0009\000\040\000I\000O\000C\000A\000F\0005\000\137\000S\000e\000t\000I\000n\000t\000e\000r\000r\000u\000p\000t\000H\000a\000n\000d\000l\000e\000r\000\050\000\051}{subsection.6.103.2}% 1827
\BOOKMARK [3][-]{subsubsection.6.103.2.10}{\376\377\0006\000.\0001\0000\0003\000.\0002\000.\0001\0000\000\040\000P\000I\000N\000\137\000M\000A\000N\000A\000G\000E\000R\000\137\000I\000n\000i\000t\000i\000a\000l\000i\000z\000e\000\050\000\051}{subsection.6.103.2}% 1828
\BOOKMARK [2][-]{subsection.6.103.3}{\376\377\0006\000.\0001\0000\0003\000.\0003\000\040\000V\000a\000r\000i\000a\000b\000l\000e\000\040\000D\000o\000c\000u\000m\000e\000n\000t\000a\000t\000i\000o\000n}{section.6.103}% 1829
\BOOKMARK [3][-]{subsubsection.6.103.3.1}{\376\377\0006\000.\0001\0000\0003\000.\0003\000.\0001\000\040\000I\000O\000C\000A\000F\0001\000\137\000I\000n\000t\000e\000r\000r\000u\000p\000t\000H\000a\000n\000d\000l\000e\000r}{subsection.6.103.3}% 1830
\BOOKMARK [3][-]{subsubsection.6.103.3.2}{\376\377\0006\000.\0001\0000\0003\000.\0003\000.\0002\000\040\000I\000O\000C\000A\000F\0002\000\137\000I\000n\000t\000e\000r\000r\000u\000p\000t\000H\000a\000n\000d\000l\000e\000r}{subsection.6.103.3}% 1831
\BOOKMARK [3][-]{subsubsection.6.103.3.3}{\376\377\0006\000.\0001\0000\0003\000.\0003\000.\0003\000\040\000I\000O\000C\000A\000F\0005\000\137\000I\000n\000t\000e\000r\000r\000u\000p\000t\000H\000a\000n\000d\000l\000e\000r}{subsection.6.103.3}% 1832
\BOOKMARK [1][-]{section.6.104}{\376\377\0006\000.\0001\0000\0004\000\040\000p\000i\000n\000\137\000m\000a\000n\000a\000g\000e\000r\000.\000h}{chapter.6}% 1833
\BOOKMARK [1][-]{section.6.105}{\376\377\0006\000.\0001\0000\0005\000\040\000m\000a\000t\000e\000Q\0008\0004\000.\000X\000/\000m\000c\000c\000\137\000g\000e\000n\000e\000r\000a\000t\000e\000d\000\137\000f\000i\000l\000e\000s\000/\000s\000p\000i\0001\000.\000c\000\040\000F\000i\000l\000e\000\040\000R\000e\000f\000e\000r\000e\000n\000c\000e}{chapter.6}% 1834
\BOOKMARK [2][-]{subsection.6.105.1}{\376\377\0006\000.\0001\0000\0005\000.\0001\000\040\000F\000u\000n\000c\000t\000i\000o\000n\000\040\000D\000o\000c\000u\000m\000e\000n\000t\000a\000t\000i\000o\000n}{section.6.105}% 1835
\BOOKMARK [3][-]{subsubsection.6.105.1.1}{\376\377\0006\000.\0001\0000\0005\000.\0001\000.\0001\000\040\000S\000P\000I\0001\000\137\000C\000l\000o\000s\000e\000\050\000\051}{subsection.6.105.1}% 1836
\BOOKMARK [3][-]{subsubsection.6.105.1.2}{\376\377\0006\000.\0001\0000\0005\000.\0001\000.\0002\000\040\000S\000P\000I\0001\000\137\000E\000x\000c\000h\000a\000n\000g\000e\000B\000l\000o\000c\000k\000\050\000\051}{subsection.6.105.1}% 1837
\BOOKMARK [3][-]{subsubsection.6.105.1.3}{\376\377\0006\000.\0001\0000\0005\000.\0001\000.\0003\000\040\000S\000P\000I\0001\000\137\000E\000x\000c\000h\000a\000n\000g\000e\000B\000y\000t\000e\000\050\000\051}{subsection.6.105.1}% 1838
\BOOKMARK [3][-]{subsubsection.6.105.1.4}{\376\377\0006\000.\0001\0000\0005\000.\0001\000.\0004\000\040\000S\000P\000I\0001\000\137\000I\000n\000i\000t\000i\000a\000l\000i\000z\000e\000\050\000\051}{subsection.6.105.1}% 1839
\BOOKMARK [3][-]{subsubsection.6.105.1.5}{\376\377\0006\000.\0001\0000\0005\000.\0001\000.\0005\000\040\000S\000P\000I\0001\000\137\000O\000p\000e\000n\000\050\000\051}{subsection.6.105.1}% 1840
\BOOKMARK [3][-]{subsubsection.6.105.1.6}{\376\377\0006\000.\0001\0000\0005\000.\0001\000.\0006\000\040\000S\000P\000I\0001\000\137\000R\000e\000a\000d\000B\000l\000o\000c\000k\000\050\000\051}{subsection.6.105.1}% 1841
\BOOKMARK [3][-]{subsubsection.6.105.1.7}{\376\377\0006\000.\0001\0000\0005\000.\0001\000.\0007\000\040\000S\000P\000I\0001\000\137\000R\000e\000a\000d\000B\000y\000t\000e\000\050\000\051}{subsection.6.105.1}% 1842
\BOOKMARK [3][-]{subsubsection.6.105.1.8}{\376\377\0006\000.\0001\0000\0005\000.\0001\000.\0008\000\040\000S\000P\000I\0001\000\137\000W\000r\000i\000t\000e\000B\000l\000o\000c\000k\000\050\000\051}{subsection.6.105.1}% 1843
\BOOKMARK [3][-]{subsubsection.6.105.1.9}{\376\377\0006\000.\0001\0000\0005\000.\0001\000.\0009\000\040\000S\000P\000I\0001\000\137\000W\000r\000i\000t\000e\000B\000y\000t\000e\000\050\000\051}{subsection.6.105.1}% 1844
\BOOKMARK [1][-]{section.6.106}{\376\377\0006\000.\0001\0000\0006\000\040\000m\000a\000t\000e\000Q\0008\0004\000.\000X\000/\000m\000c\000c\000\137\000g\000e\000n\000e\000r\000a\000t\000e\000d\000\137\000f\000i\000l\000e\000s\000/\000s\000p\000i\0001\000.\000h\000\040\000F\000i\000l\000e\000\040\000R\000e\000f\000e\000r\000e\000n\000c\000e}{chapter.6}% 1845
\BOOKMARK [2][-]{subsection.6.106.1}{\376\377\0006\000.\0001\0000\0006\000.\0001\000\040\000E\000n\000u\000m\000e\000r\000a\000t\000i\000o\000n\000\040\000T\000y\000p\000e\000\040\000D\000o\000c\000u\000m\000e\000n\000t\000a\000t\000i\000o\000n}{section.6.106}% 1846
\BOOKMARK [3][-]{subsubsection.6.106.1.1}{\376\377\0006\000.\0001\0000\0006\000.\0001\000.\0001\000\040\000s\000p\000i\0001\000\137\000m\000o\000d\000e\000s\000\137\000t}{subsection.6.106.1}% 1847
\BOOKMARK [2][-]{subsection.6.106.2}{\376\377\0006\000.\0001\0000\0006\000.\0002\000\040\000F\000u\000n\000c\000t\000i\000o\000n\000\040\000D\000o\000c\000u\000m\000e\000n\000t\000a\000t\000i\000o\000n}{section.6.106}% 1848
\BOOKMARK [3][-]{subsubsection.6.106.2.1}{\376\377\0006\000.\0001\0000\0006\000.\0002\000.\0001\000\040\000S\000P\000I\0001\000\137\000C\000l\000o\000s\000e\000\050\000\051}{subsection.6.106.2}% 1849
\BOOKMARK [3][-]{subsubsection.6.106.2.2}{\376\377\0006\000.\0001\0000\0006\000.\0002\000.\0002\000\040\000S\000P\000I\0001\000\137\000E\000x\000c\000h\000a\000n\000g\000e\000B\000l\000o\000c\000k\000\050\000\051}{subsection.6.106.2}% 1850
\BOOKMARK [3][-]{subsubsection.6.106.2.3}{\376\377\0006\000.\0001\0000\0006\000.\0002\000.\0003\000\040\000S\000P\000I\0001\000\137\000E\000x\000c\000h\000a\000n\000g\000e\000B\000y\000t\000e\000\050\000\051}{subsection.6.106.2}% 1851
\BOOKMARK [3][-]{subsubsection.6.106.2.4}{\376\377\0006\000.\0001\0000\0006\000.\0002\000.\0004\000\040\000S\000P\000I\0001\000\137\000I\000n\000i\000t\000i\000a\000l\000i\000z\000e\000\050\000\051}{subsection.6.106.2}% 1852
\BOOKMARK [3][-]{subsubsection.6.106.2.5}{\376\377\0006\000.\0001\0000\0006\000.\0002\000.\0005\000\040\000S\000P\000I\0001\000\137\000O\000p\000e\000n\000\050\000\051}{subsection.6.106.2}% 1853
\BOOKMARK [3][-]{subsubsection.6.106.2.6}{\376\377\0006\000.\0001\0000\0006\000.\0002\000.\0006\000\040\000S\000P\000I\0001\000\137\000R\000e\000a\000d\000B\000l\000o\000c\000k\000\050\000\051}{subsection.6.106.2}% 1854
\BOOKMARK [3][-]{subsubsection.6.106.2.7}{\376\377\0006\000.\0001\0000\0006\000.\0002\000.\0007\000\040\000S\000P\000I\0001\000\137\000R\000e\000a\000d\000B\000y\000t\000e\000\050\000\051}{subsection.6.106.2}% 1855
\BOOKMARK [3][-]{subsubsection.6.106.2.8}{\376\377\0006\000.\0001\0000\0006\000.\0002\000.\0008\000\040\000S\000P\000I\0001\000\137\000W\000r\000i\000t\000e\000B\000l\000o\000c\000k\000\050\000\051}{subsection.6.106.2}% 1856
\BOOKMARK [3][-]{subsubsection.6.106.2.9}{\376\377\0006\000.\0001\0000\0006\000.\0002\000.\0009\000\040\000S\000P\000I\0001\000\137\000W\000r\000i\000t\000e\000B\000y\000t\000e\000\050\000\051}{subsection.6.106.2}% 1857
\BOOKMARK [1][-]{section.6.107}{\376\377\0006\000.\0001\0000\0007\000\040\000s\000p\000i\0001\000.\000h}{chapter.6}% 1858
\BOOKMARK [1][-]{section.6.108}{\376\377\0006\000.\0001\0000\0008\000\040\000m\000a\000t\000e\000Q\0008\0004\000.\000X\000/\000m\000c\000c\000\137\000g\000e\000n\000e\000r\000a\000t\000e\000d\000\137\000f\000i\000l\000e\000s\000/\000t\000m\000r\0000\000.\000c\000\040\000F\000i\000l\000e\000\040\000R\000e\000f\000e\000r\000e\000n\000c\000e}{chapter.6}% 1859
\BOOKMARK [2][-]{subsection.6.108.1}{\376\377\0006\000.\0001\0000\0008\000.\0001\000\040\000F\000u\000n\000c\000t\000i\000o\000n\000\040\000D\000o\000c\000u\000m\000e\000n\000t\000a\000t\000i\000o\000n}{section.6.108}% 1860
\BOOKMARK [3][-]{subsubsection.6.108.1.1}{\376\377\0006\000.\0001\0000\0008\000.\0001\000.\0001\000\040\000\137\000\137\000i\000n\000t\000e\000r\000r\000u\000p\000t\000\050\000\051}{subsection.6.108.1}% 1861
\BOOKMARK [3][-]{subsubsection.6.108.1.2}{\376\377\0006\000.\0001\0000\0008\000.\0001\000.\0002\000\040\000T\000M\000R\0000\000\137\000D\000e\000f\000a\000u\000l\000t\000I\000n\000t\000e\000r\000r\000u\000p\000t\000H\000a\000n\000d\000l\000e\000r\000\050\000\051}{subsection.6.108.1}% 1862
\BOOKMARK [3][-]{subsubsection.6.108.1.3}{\376\377\0006\000.\0001\0000\0008\000.\0001\000.\0003\000\040\000T\000M\000R\0000\000\137\000I\000n\000i\000t\000i\000a\000l\000i\000z\000e\000\050\000\051}{subsection.6.108.1}% 1863
\BOOKMARK [3][-]{subsubsection.6.108.1.4}{\376\377\0006\000.\0001\0000\0008\000.\0001\000.\0004\000\040\000T\000M\000R\0000\000\137\000R\000e\000a\000d\000T\000i\000m\000e\000r\000\050\000\051}{subsection.6.108.1}% 1864
\BOOKMARK [3][-]{subsubsection.6.108.1.5}{\376\377\0006\000.\0001\0000\0008\000.\0001\000.\0005\000\040\000T\000M\000R\0000\000\137\000R\000e\000l\000o\000a\000d\000\050\000\051}{subsection.6.108.1}% 1865
\BOOKMARK [3][-]{subsubsection.6.108.1.6}{\376\377\0006\000.\0001\0000\0008\000.\0001\000.\0006\000\040\000T\000M\000R\0000\000\137\000S\000e\000t\000I\000n\000t\000e\000r\000r\000u\000p\000t\000H\000a\000n\000d\000l\000e\000r\000\050\000\051}{subsection.6.108.1}% 1866
\BOOKMARK [3][-]{subsubsection.6.108.1.7}{\376\377\0006\000.\0001\0000\0008\000.\0001\000.\0007\000\040\000T\000M\000R\0000\000\137\000S\000t\000a\000r\000t\000T\000i\000m\000e\000r\000\050\000\051}{subsection.6.108.1}% 1867
\BOOKMARK [3][-]{subsubsection.6.108.1.8}{\376\377\0006\000.\0001\0000\0008\000.\0001\000.\0008\000\040\000T\000M\000R\0000\000\137\000S\000t\000o\000p\000T\000i\000m\000e\000r\000\050\000\051}{subsection.6.108.1}% 1868
\BOOKMARK [3][-]{subsubsection.6.108.1.9}{\376\377\0006\000.\0001\0000\0008\000.\0001\000.\0009\000\040\000T\000M\000R\0000\000\137\000W\000r\000i\000t\000e\000T\000i\000m\000e\000r\000\050\000\051}{subsection.6.108.1}% 1869
\BOOKMARK [2][-]{subsection.6.108.2}{\376\377\0006\000.\0001\0000\0008\000.\0002\000\040\000V\000a\000r\000i\000a\000b\000l\000e\000\040\000D\000o\000c\000u\000m\000e\000n\000t\000a\000t\000i\000o\000n}{section.6.108}% 1870
\BOOKMARK [3][-]{subsubsection.6.108.2.1}{\376\377\0006\000.\0001\0000\0008\000.\0002\000.\0001\000\040\000T\000M\000R\0000\000\137\000I\000n\000t\000e\000r\000r\000u\000p\000t\000H\000a\000n\000d\000l\000e\000r}{subsection.6.108.2}% 1871
\BOOKMARK [1][-]{section.6.109}{\376\377\0006\000.\0001\0000\0009\000\040\000m\000a\000t\000e\000Q\0008\0004\000.\000X\000/\000m\000c\000c\000\137\000g\000e\000n\000e\000r\000a\000t\000e\000d\000\137\000f\000i\000l\000e\000s\000/\000t\000m\000r\0000\000.\000h\000\040\000F\000i\000l\000e\000\040\000R\000e\000f\000e\000r\000e\000n\000c\000e}{chapter.6}% 1872
\BOOKMARK [2][-]{subsection.6.109.1}{\376\377\0006\000.\0001\0000\0009\000.\0001\000\040\000F\000u\000n\000c\000t\000i\000o\000n\000\040\000D\000o\000c\000u\000m\000e\000n\000t\000a\000t\000i\000o\000n}{section.6.109}% 1873
\BOOKMARK [3][-]{subsubsection.6.109.1.1}{\376\377\0006\000.\0001\0000\0009\000.\0001\000.\0001\000\040\000T\000M\000R\0000\000\137\000D\000e\000f\000a\000u\000l\000t\000I\000n\000t\000e\000r\000r\000u\000p\000t\000H\000a\000n\000d\000l\000e\000r\000\050\000\051}{subsection.6.109.1}% 1874
\BOOKMARK [3][-]{subsubsection.6.109.1.2}{\376\377\0006\000.\0001\0000\0009\000.\0001\000.\0002\000\040\000T\000M\000R\0000\000\137\000I\000n\000i\000t\000i\000a\000l\000i\000z\000e\000\050\000\051}{subsection.6.109.1}% 1875
\BOOKMARK [3][-]{subsubsection.6.109.1.3}{\376\377\0006\000.\0001\0000\0009\000.\0001\000.\0003\000\040\000T\000M\000R\0000\000\137\000R\000e\000a\000d\000T\000i\000m\000e\000r\000\050\000\051}{subsection.6.109.1}% 1876
\BOOKMARK [3][-]{subsubsection.6.109.1.4}{\376\377\0006\000.\0001\0000\0009\000.\0001\000.\0004\000\040\000T\000M\000R\0000\000\137\000R\000e\000l\000o\000a\000d\000\050\000\051}{subsection.6.109.1}% 1877
\BOOKMARK [3][-]{subsubsection.6.109.1.5}{\376\377\0006\000.\0001\0000\0009\000.\0001\000.\0005\000\040\000T\000M\000R\0000\000\137\000S\000e\000t\000I\000n\000t\000e\000r\000r\000u\000p\000t\000H\000a\000n\000d\000l\000e\000r\000\050\000\051}{subsection.6.109.1}% 1878
\BOOKMARK [3][-]{subsubsection.6.109.1.6}{\376\377\0006\000.\0001\0000\0009\000.\0001\000.\0006\000\040\000T\000M\000R\0000\000\137\000S\000t\000a\000r\000t\000T\000i\000m\000e\000r\000\050\000\051}{subsection.6.109.1}% 1879
\BOOKMARK [3][-]{subsubsection.6.109.1.7}{\376\377\0006\000.\0001\0000\0009\000.\0001\000.\0007\000\040\000T\000M\000R\0000\000\137\000S\000t\000o\000p\000T\000i\000m\000e\000r\000\050\000\051}{subsection.6.109.1}% 1880
\BOOKMARK [3][-]{subsubsection.6.109.1.8}{\376\377\0006\000.\0001\0000\0009\000.\0001\000.\0008\000\040\000T\000M\000R\0000\000\137\000W\000r\000i\000t\000e\000T\000i\000m\000e\000r\000\050\000\051}{subsection.6.109.1}% 1881
\BOOKMARK [2][-]{subsection.6.109.2}{\376\377\0006\000.\0001\0000\0009\000.\0002\000\040\000V\000a\000r\000i\000a\000b\000l\000e\000\040\000D\000o\000c\000u\000m\000e\000n\000t\000a\000t\000i\000o\000n}{section.6.109}% 1882
\BOOKMARK [3][-]{subsubsection.6.109.2.1}{\376\377\0006\000.\0001\0000\0009\000.\0002\000.\0001\000\040\000T\000M\000R\0000\000\137\000I\000n\000t\000e\000r\000r\000u\000p\000t\000H\000a\000n\000d\000l\000e\000r}{subsection.6.109.2}% 1883
\BOOKMARK [1][-]{section.6.110}{\376\377\0006\000.\0001\0001\0000\000\040\000t\000m\000r\0000\000.\000h}{chapter.6}% 1884
\BOOKMARK [1][-]{section.6.111}{\376\377\0006\000.\0001\0001\0001\000\040\000m\000a\000t\000e\000Q\0008\0004\000.\000X\000/\000m\000c\000c\000\137\000g\000e\000n\000e\000r\000a\000t\000e\000d\000\137\000f\000i\000l\000e\000s\000/\000t\000m\000r\0002\000.\000c\000\040\000F\000i\000l\000e\000\040\000R\000e\000f\000e\000r\000e\000n\000c\000e}{chapter.6}% 1885
\BOOKMARK [2][-]{subsection.6.111.1}{\376\377\0006\000.\0001\0001\0001\000.\0001\000\040\000F\000u\000n\000c\000t\000i\000o\000n\000\040\000D\000o\000c\000u\000m\000e\000n\000t\000a\000t\000i\000o\000n}{section.6.111}% 1886
\BOOKMARK [3][-]{subsubsection.6.111.1.1}{\376\377\0006\000.\0001\0001\0001\000.\0001\000.\0001\000\040\000\137\000\137\000i\000n\000t\000e\000r\000r\000u\000p\000t\000\050\000\051}{subsection.6.111.1}% 1887
\BOOKMARK [3][-]{subsubsection.6.111.1.2}{\376\377\0006\000.\0001\0001\0001\000.\0001\000.\0002\000\040\000T\000M\000R\0002\000\137\000C\000o\000u\000n\000t\000e\000r\0008\000B\000i\000t\000G\000e\000t\000\050\000\051}{subsection.6.111.1}% 1888
\BOOKMARK [3][-]{subsubsection.6.111.1.3}{\376\377\0006\000.\0001\0001\0001\000.\0001\000.\0003\000\040\000T\000M\000R\0002\000\137\000C\000o\000u\000n\000t\000e\000r\0008\000B\000i\000t\000S\000e\000t\000\050\000\051}{subsection.6.111.1}% 1889
\BOOKMARK [3][-]{subsubsection.6.111.1.4}{\376\377\0006\000.\0001\0001\0001\000.\0001\000.\0004\000\040\000T\000M\000R\0002\000\137\000D\000e\000f\000a\000u\000l\000t\000I\000n\000t\000e\000r\000r\000u\000p\000t\000H\000a\000n\000d\000l\000e\000r\000\050\000\051}{subsection.6.111.1}% 1890
\BOOKMARK [3][-]{subsubsection.6.111.1.5}{\376\377\0006\000.\0001\0001\0001\000.\0001\000.\0005\000\040\000T\000M\000R\0002\000\137\000E\000x\000t\000R\000e\000s\000e\000t\000S\000o\000u\000r\000c\000e\000S\000e\000t\000\050\000\051}{subsection.6.111.1}% 1891
\BOOKMARK [3][-]{subsubsection.6.111.1.6}{\376\377\0006\000.\0001\0001\0001\000.\0001\000.\0006\000\040\000T\000M\000R\0002\000\137\000I\000n\000i\000t\000i\000a\000l\000i\000z\000e\000\050\000\051}{subsection.6.111.1}% 1892
\BOOKMARK [3][-]{subsubsection.6.111.1.7}{\376\377\0006\000.\0001\0001\0001\000.\0001\000.\0007\000\040\000T\000M\000R\0002\000\137\000L\000o\000a\000d\000P\000e\000r\000i\000o\000d\000R\000e\000g\000i\000s\000t\000e\000r\000\050\000\051}{subsection.6.111.1}% 1893
\BOOKMARK [3][-]{subsubsection.6.111.1.8}{\376\377\0006\000.\0001\0001\0001\000.\0001\000.\0008\000\040\000T\000M\000R\0002\000\137\000M\000o\000d\000e\000S\000e\000t\000\050\000\051}{subsection.6.111.1}% 1894
\BOOKMARK [3][-]{subsubsection.6.111.1.9}{\376\377\0006\000.\0001\0001\0001\000.\0001\000.\0009\000\040\000T\000M\000R\0002\000\137\000P\000e\000r\000i\000o\000d\0008\000B\000i\000t\000S\000e\000t\000\050\000\051}{subsection.6.111.1}% 1895
\BOOKMARK [3][-]{subsubsection.6.111.1.10}{\376\377\0006\000.\0001\0001\0001\000.\0001\000.\0001\0000\000\040\000T\000M\000R\0002\000\137\000R\000e\000a\000d\000T\000i\000m\000e\000r\000\050\000\051}{subsection.6.111.1}% 1896
\BOOKMARK [3][-]{subsubsection.6.111.1.11}{\376\377\0006\000.\0001\0001\0001\000.\0001\000.\0001\0001\000\040\000T\000M\000R\0002\000\137\000S\000e\000t\000I\000n\000t\000e\000r\000r\000u\000p\000t\000H\000a\000n\000d\000l\000e\000r\000\050\000\051}{subsection.6.111.1}% 1897
\BOOKMARK [3][-]{subsubsection.6.111.1.12}{\376\377\0006\000.\0001\0001\0001\000.\0001\000.\0001\0002\000\040\000T\000M\000R\0002\000\137\000S\000t\000a\000r\000t\000\050\000\051}{subsection.6.111.1}% 1898
\BOOKMARK [3][-]{subsubsection.6.111.1.13}{\376\377\0006\000.\0001\0001\0001\000.\0001\000.\0001\0003\000\040\000T\000M\000R\0002\000\137\000S\000t\000a\000r\000t\000T\000i\000m\000e\000r\000\050\000\051}{subsection.6.111.1}% 1899
\BOOKMARK [3][-]{subsubsection.6.111.1.14}{\376\377\0006\000.\0001\0001\0001\000.\0001\000.\0001\0004\000\040\000T\000M\000R\0002\000\137\000S\000t\000o\000p\000\050\000\051}{subsection.6.111.1}% 1900
\BOOKMARK [3][-]{subsubsection.6.111.1.15}{\376\377\0006\000.\0001\0001\0001\000.\0001\000.\0001\0005\000\040\000T\000M\000R\0002\000\137\000S\000t\000o\000p\000T\000i\000m\000e\000r\000\050\000\051}{subsection.6.111.1}% 1901
\BOOKMARK [3][-]{subsubsection.6.111.1.16}{\376\377\0006\000.\0001\0001\0001\000.\0001\000.\0001\0006\000\040\000T\000M\000R\0002\000\137\000W\000r\000i\000t\000e\000T\000i\000m\000e\000r\000\050\000\051}{subsection.6.111.1}% 1902
\BOOKMARK [2][-]{subsection.6.111.2}{\376\377\0006\000.\0001\0001\0001\000.\0002\000\040\000V\000a\000r\000i\000a\000b\000l\000e\000\040\000D\000o\000c\000u\000m\000e\000n\000t\000a\000t\000i\000o\000n}{section.6.111}% 1903
\BOOKMARK [3][-]{subsubsection.6.111.2.1}{\376\377\0006\000.\0001\0001\0001\000.\0002\000.\0001\000\040\000T\000M\000R\0002\000\137\000I\000n\000t\000e\000r\000r\000u\000p\000t\000H\000a\000n\000d\000l\000e\000r}{subsection.6.111.2}% 1904
\BOOKMARK [1][-]{section.6.112}{\376\377\0006\000.\0001\0001\0002\000\040\000m\000a\000t\000e\000Q\0008\0004\000.\000X\000/\000m\000c\000c\000\137\000g\000e\000n\000e\000r\000a\000t\000e\000d\000\137\000f\000i\000l\000e\000s\000/\000t\000m\000r\0002\000.\000h\000\040\000F\000i\000l\000e\000\040\000R\000e\000f\000e\000r\000e\000n\000c\000e}{chapter.6}% 1905
\BOOKMARK [2][-]{subsection.6.112.1}{\376\377\0006\000.\0001\0001\0002\000.\0001\000\040\000E\000n\000u\000m\000e\000r\000a\000t\000i\000o\000n\000\040\000T\000y\000p\000e\000\040\000D\000o\000c\000u\000m\000e\000n\000t\000a\000t\000i\000o\000n}{section.6.112}% 1906
\BOOKMARK [3][-]{subsubsection.6.112.1.1}{\376\377\0006\000.\0001\0001\0002\000.\0001\000.\0001\000\040\000T\000M\000R\0002\000\137\000H\000L\000T\000\137\000E\000X\000T\000\137\000R\000E\000S\000E\000T\000\137\000S\000O\000U\000R\000C\000E}{subsection.6.112.1}% 1907
\BOOKMARK [3][-]{subsubsection.6.112.1.2}{\376\377\0006\000.\0001\0001\0002\000.\0001\000.\0002\000\040\000T\000M\000R\0002\000\137\000H\000L\000T\000\137\000M\000O\000D\000E}{subsection.6.112.1}% 1908
\BOOKMARK [2][-]{subsection.6.112.2}{\376\377\0006\000.\0001\0001\0002\000.\0002\000\040\000F\000u\000n\000c\000t\000i\000o\000n\000\040\000D\000o\000c\000u\000m\000e\000n\000t\000a\000t\000i\000o\000n}{section.6.112}% 1909
\BOOKMARK [3][-]{subsubsection.6.112.2.1}{\376\377\0006\000.\0001\0001\0002\000.\0002\000.\0001\000\040\000T\000M\000R\0002\000\137\000C\000o\000u\000n\000t\000e\000r\0008\000B\000i\000t\000G\000e\000t\000\050\000\051}{subsection.6.112.2}% 1910
\BOOKMARK [3][-]{subsubsection.6.112.2.2}{\376\377\0006\000.\0001\0001\0002\000.\0002\000.\0002\000\040\000T\000M\000R\0002\000\137\000C\000o\000u\000n\000t\000e\000r\0008\000B\000i\000t\000S\000e\000t\000\050\000\051}{subsection.6.112.2}% 1911
\BOOKMARK [3][-]{subsubsection.6.112.2.3}{\376\377\0006\000.\0001\0001\0002\000.\0002\000.\0003\000\040\000T\000M\000R\0002\000\137\000D\000e\000f\000a\000u\000l\000t\000I\000n\000t\000e\000r\000r\000u\000p\000t\000H\000a\000n\000d\000l\000e\000r\000\050\000\051}{subsection.6.112.2}% 1912
\BOOKMARK [3][-]{subsubsection.6.112.2.4}{\376\377\0006\000.\0001\0001\0002\000.\0002\000.\0004\000\040\000T\000M\000R\0002\000\137\000E\000x\000t\000R\000e\000s\000e\000t\000S\000o\000u\000r\000c\000e\000S\000e\000t\000\050\000\051}{subsection.6.112.2}% 1913
\BOOKMARK [3][-]{subsubsection.6.112.2.5}{\376\377\0006\000.\0001\0001\0002\000.\0002\000.\0005\000\040\000T\000M\000R\0002\000\137\000I\000n\000i\000t\000i\000a\000l\000i\000z\000e\000\050\000\051}{subsection.6.112.2}% 1914
\BOOKMARK [3][-]{subsubsection.6.112.2.6}{\376\377\0006\000.\0001\0001\0002\000.\0002\000.\0006\000\040\000T\000M\000R\0002\000\137\000L\000o\000a\000d\000P\000e\000r\000i\000o\000d\000R\000e\000g\000i\000s\000t\000e\000r\000\050\000\051}{subsection.6.112.2}% 1915
\BOOKMARK [3][-]{subsubsection.6.112.2.7}{\376\377\0006\000.\0001\0001\0002\000.\0002\000.\0007\000\040\000T\000M\000R\0002\000\137\000M\000o\000d\000e\000S\000e\000t\000\050\000\051}{subsection.6.112.2}% 1916
\BOOKMARK [3][-]{subsubsection.6.112.2.8}{\376\377\0006\000.\0001\0001\0002\000.\0002\000.\0008\000\040\000T\000M\000R\0002\000\137\000P\000e\000r\000i\000o\000d\0008\000B\000i\000t\000S\000e\000t\000\050\000\051}{subsection.6.112.2}% 1917
\BOOKMARK [3][-]{subsubsection.6.112.2.9}{\376\377\0006\000.\0001\0001\0002\000.\0002\000.\0009\000\040\000T\000M\000R\0002\000\137\000R\000e\000a\000d\000T\000i\000m\000e\000r\000\050\000\051}{subsection.6.112.2}% 1918
\BOOKMARK [3][-]{subsubsection.6.112.2.10}{\376\377\0006\000.\0001\0001\0002\000.\0002\000.\0001\0000\000\040\000T\000M\000R\0002\000\137\000S\000e\000t\000I\000n\000t\000e\000r\000r\000u\000p\000t\000H\000a\000n\000d\000l\000e\000r\000\050\000\051}{subsection.6.112.2}% 1919
\BOOKMARK [3][-]{subsubsection.6.112.2.11}{\376\377\0006\000.\0001\0001\0002\000.\0002\000.\0001\0001\000\040\000T\000M\000R\0002\000\137\000S\000t\000a\000r\000t\000\050\000\051}{subsection.6.112.2}% 1920
\BOOKMARK [3][-]{subsubsection.6.112.2.12}{\376\377\0006\000.\0001\0001\0002\000.\0002\000.\0001\0002\000\040\000T\000M\000R\0002\000\137\000S\000t\000a\000r\000t\000T\000i\000m\000e\000r\000\050\000\051}{subsection.6.112.2}% 1921
\BOOKMARK [3][-]{subsubsection.6.112.2.13}{\376\377\0006\000.\0001\0001\0002\000.\0002\000.\0001\0003\000\040\000T\000M\000R\0002\000\137\000S\000t\000o\000p\000\050\000\051}{subsection.6.112.2}% 1922
\BOOKMARK [3][-]{subsubsection.6.112.2.14}{\376\377\0006\000.\0001\0001\0002\000.\0002\000.\0001\0004\000\040\000T\000M\000R\0002\000\137\000S\000t\000o\000p\000T\000i\000m\000e\000r\000\050\000\051}{subsection.6.112.2}% 1923
\BOOKMARK [3][-]{subsubsection.6.112.2.15}{\376\377\0006\000.\0001\0001\0002\000.\0002\000.\0001\0005\000\040\000T\000M\000R\0002\000\137\000W\000r\000i\000t\000e\000T\000i\000m\000e\000r\000\050\000\051}{subsection.6.112.2}% 1924
\BOOKMARK [2][-]{subsection.6.112.3}{\376\377\0006\000.\0001\0001\0002\000.\0003\000\040\000V\000a\000r\000i\000a\000b\000l\000e\000\040\000D\000o\000c\000u\000m\000e\000n\000t\000a\000t\000i\000o\000n}{section.6.112}% 1925
\BOOKMARK [3][-]{subsubsection.6.112.3.1}{\376\377\0006\000.\0001\0001\0002\000.\0003\000.\0001\000\040\000T\000M\000R\0002\000\137\000I\000n\000t\000e\000r\000r\000u\000p\000t\000H\000a\000n\000d\000l\000e\000r}{subsection.6.112.3}% 1926
\BOOKMARK [1][-]{section.6.113}{\376\377\0006\000.\0001\0001\0003\000\040\000t\000m\000r\0002\000.\000h}{chapter.6}% 1927
\BOOKMARK [1][-]{section.6.114}{\376\377\0006\000.\0001\0001\0004\000\040\000m\000a\000t\000e\000Q\0008\0004\000.\000X\000/\000m\000c\000c\000\137\000g\000e\000n\000e\000r\000a\000t\000e\000d\000\137\000f\000i\000l\000e\000s\000/\000t\000m\000r\0004\000.\000c\000\040\000F\000i\000l\000e\000\040\000R\000e\000f\000e\000r\000e\000n\000c\000e}{chapter.6}% 1928
\BOOKMARK [2][-]{subsection.6.114.1}{\376\377\0006\000.\0001\0001\0004\000.\0001\000\040\000F\000u\000n\000c\000t\000i\000o\000n\000\040\000D\000o\000c\000u\000m\000e\000n\000t\000a\000t\000i\000o\000n}{section.6.114}% 1929
\BOOKMARK [3][-]{subsubsection.6.114.1.1}{\376\377\0006\000.\0001\0001\0004\000.\0001\000.\0001\000\040\000\137\000\137\000i\000n\000t\000e\000r\000r\000u\000p\000t\000\050\000\051}{subsection.6.114.1}% 1930
\BOOKMARK [3][-]{subsubsection.6.114.1.2}{\376\377\0006\000.\0001\0001\0004\000.\0001\000.\0002\000\040\000T\000M\000R\0004\000\137\000C\000o\000u\000n\000t\000e\000r\0008\000B\000i\000t\000G\000e\000t\000\050\000\051}{subsection.6.114.1}% 1931
\BOOKMARK [3][-]{subsubsection.6.114.1.3}{\376\377\0006\000.\0001\0001\0004\000.\0001\000.\0003\000\040\000T\000M\000R\0004\000\137\000C\000o\000u\000n\000t\000e\000r\0008\000B\000i\000t\000S\000e\000t\000\050\000\051}{subsection.6.114.1}% 1932
\BOOKMARK [3][-]{subsubsection.6.114.1.4}{\376\377\0006\000.\0001\0001\0004\000.\0001\000.\0004\000\040\000T\000M\000R\0004\000\137\000D\000e\000f\000a\000u\000l\000t\000I\000n\000t\000e\000r\000r\000u\000p\000t\000H\000a\000n\000d\000l\000e\000r\000\050\000\051}{subsection.6.114.1}% 1933
\BOOKMARK [3][-]{subsubsection.6.114.1.5}{\376\377\0006\000.\0001\0001\0004\000.\0001\000.\0005\000\040\000T\000M\000R\0004\000\137\000E\000x\000t\000R\000e\000s\000e\000t\000S\000o\000u\000r\000c\000e\000S\000e\000t\000\050\000\051}{subsection.6.114.1}% 1934
\BOOKMARK [3][-]{subsubsection.6.114.1.6}{\376\377\0006\000.\0001\0001\0004\000.\0001\000.\0006\000\040\000T\000M\000R\0004\000\137\000I\000n\000i\000t\000i\000a\000l\000i\000z\000e\000\050\000\051}{subsection.6.114.1}% 1935
\BOOKMARK [3][-]{subsubsection.6.114.1.7}{\376\377\0006\000.\0001\0001\0004\000.\0001\000.\0007\000\040\000T\000M\000R\0004\000\137\000L\000o\000a\000d\000P\000e\000r\000i\000o\000d\000R\000e\000g\000i\000s\000t\000e\000r\000\050\000\051}{subsection.6.114.1}% 1936
\BOOKMARK [3][-]{subsubsection.6.114.1.8}{\376\377\0006\000.\0001\0001\0004\000.\0001\000.\0008\000\040\000T\000M\000R\0004\000\137\000M\000o\000d\000e\000S\000e\000t\000\050\000\051}{subsection.6.114.1}% 1937
\BOOKMARK [3][-]{subsubsection.6.114.1.9}{\376\377\0006\000.\0001\0001\0004\000.\0001\000.\0009\000\040\000T\000M\000R\0004\000\137\000P\000e\000r\000i\000o\000d\0008\000B\000i\000t\000S\000e\000t\000\050\000\051}{subsection.6.114.1}% 1938
\BOOKMARK [3][-]{subsubsection.6.114.1.10}{\376\377\0006\000.\0001\0001\0004\000.\0001\000.\0001\0000\000\040\000T\000M\000R\0004\000\137\000R\000e\000a\000d\000T\000i\000m\000e\000r\000\050\000\051}{subsection.6.114.1}% 1939
\BOOKMARK [3][-]{subsubsection.6.114.1.11}{\376\377\0006\000.\0001\0001\0004\000.\0001\000.\0001\0001\000\040\000T\000M\000R\0004\000\137\000S\000e\000t\000I\000n\000t\000e\000r\000r\000u\000p\000t\000H\000a\000n\000d\000l\000e\000r\000\050\000\051}{subsection.6.114.1}% 1940
\BOOKMARK [3][-]{subsubsection.6.114.1.12}{\376\377\0006\000.\0001\0001\0004\000.\0001\000.\0001\0002\000\040\000T\000M\000R\0004\000\137\000S\000t\000a\000r\000t\000\050\000\051}{subsection.6.114.1}% 1941
\BOOKMARK [3][-]{subsubsection.6.114.1.13}{\376\377\0006\000.\0001\0001\0004\000.\0001\000.\0001\0003\000\040\000T\000M\000R\0004\000\137\000S\000t\000a\000r\000t\000T\000i\000m\000e\000r\000\050\000\051}{subsection.6.114.1}% 1942
\BOOKMARK [3][-]{subsubsection.6.114.1.14}{\376\377\0006\000.\0001\0001\0004\000.\0001\000.\0001\0004\000\040\000T\000M\000R\0004\000\137\000S\000t\000o\000p\000\050\000\051}{subsection.6.114.1}% 1943
\BOOKMARK [3][-]{subsubsection.6.114.1.15}{\376\377\0006\000.\0001\0001\0004\000.\0001\000.\0001\0005\000\040\000T\000M\000R\0004\000\137\000S\000t\000o\000p\000T\000i\000m\000e\000r\000\050\000\051}{subsection.6.114.1}% 1944
\BOOKMARK [3][-]{subsubsection.6.114.1.16}{\376\377\0006\000.\0001\0001\0004\000.\0001\000.\0001\0006\000\040\000T\000M\000R\0004\000\137\000W\000r\000i\000t\000e\000T\000i\000m\000e\000r\000\050\000\051}{subsection.6.114.1}% 1945
\BOOKMARK [2][-]{subsection.6.114.2}{\376\377\0006\000.\0001\0001\0004\000.\0002\000\040\000V\000a\000r\000i\000a\000b\000l\000e\000\040\000D\000o\000c\000u\000m\000e\000n\000t\000a\000t\000i\000o\000n}{section.6.114}% 1946
\BOOKMARK [3][-]{subsubsection.6.114.2.1}{\376\377\0006\000.\0001\0001\0004\000.\0002\000.\0001\000\040\000T\000M\000R\0004\000\137\000I\000n\000t\000e\000r\000r\000u\000p\000t\000H\000a\000n\000d\000l\000e\000r}{subsection.6.114.2}% 1947
\BOOKMARK [1][-]{section.6.115}{\376\377\0006\000.\0001\0001\0005\000\040\000m\000a\000t\000e\000Q\0008\0004\000.\000X\000/\000m\000c\000c\000\137\000g\000e\000n\000e\000r\000a\000t\000e\000d\000\137\000f\000i\000l\000e\000s\000/\000t\000m\000r\0004\000.\000h\000\040\000F\000i\000l\000e\000\040\000R\000e\000f\000e\000r\000e\000n\000c\000e}{chapter.6}% 1948
\BOOKMARK [2][-]{subsection.6.115.1}{\376\377\0006\000.\0001\0001\0005\000.\0001\000\040\000E\000n\000u\000m\000e\000r\000a\000t\000i\000o\000n\000\040\000T\000y\000p\000e\000\040\000D\000o\000c\000u\000m\000e\000n\000t\000a\000t\000i\000o\000n}{section.6.115}% 1949
\BOOKMARK [3][-]{subsubsection.6.115.1.1}{\376\377\0006\000.\0001\0001\0005\000.\0001\000.\0001\000\040\000T\000M\000R\0004\000\137\000H\000L\000T\000\137\000E\000X\000T\000\137\000R\000E\000S\000E\000T\000\137\000S\000O\000U\000R\000C\000E}{subsection.6.115.1}% 1950
\BOOKMARK [3][-]{subsubsection.6.115.1.2}{\376\377\0006\000.\0001\0001\0005\000.\0001\000.\0002\000\040\000T\000M\000R\0004\000\137\000H\000L\000T\000\137\000M\000O\000D\000E}{subsection.6.115.1}% 1951
\BOOKMARK [2][-]{subsection.6.115.2}{\376\377\0006\000.\0001\0001\0005\000.\0002\000\040\000F\000u\000n\000c\000t\000i\000o\000n\000\040\000D\000o\000c\000u\000m\000e\000n\000t\000a\000t\000i\000o\000n}{section.6.115}% 1952
\BOOKMARK [3][-]{subsubsection.6.115.2.1}{\376\377\0006\000.\0001\0001\0005\000.\0002\000.\0001\000\040\000T\000M\000R\0004\000\137\000C\000o\000u\000n\000t\000e\000r\0008\000B\000i\000t\000G\000e\000t\000\050\000\051}{subsection.6.115.2}% 1953
\BOOKMARK [3][-]{subsubsection.6.115.2.2}{\376\377\0006\000.\0001\0001\0005\000.\0002\000.\0002\000\040\000T\000M\000R\0004\000\137\000C\000o\000u\000n\000t\000e\000r\0008\000B\000i\000t\000S\000e\000t\000\050\000\051}{subsection.6.115.2}% 1954
\BOOKMARK [3][-]{subsubsection.6.115.2.3}{\376\377\0006\000.\0001\0001\0005\000.\0002\000.\0003\000\040\000T\000M\000R\0004\000\137\000D\000e\000f\000a\000u\000l\000t\000I\000n\000t\000e\000r\000r\000u\000p\000t\000H\000a\000n\000d\000l\000e\000r\000\050\000\051}{subsection.6.115.2}% 1955
\BOOKMARK [3][-]{subsubsection.6.115.2.4}{\376\377\0006\000.\0001\0001\0005\000.\0002\000.\0004\000\040\000T\000M\000R\0004\000\137\000E\000x\000t\000R\000e\000s\000e\000t\000S\000o\000u\000r\000c\000e\000S\000e\000t\000\050\000\051}{subsection.6.115.2}% 1956
\BOOKMARK [3][-]{subsubsection.6.115.2.5}{\376\377\0006\000.\0001\0001\0005\000.\0002\000.\0005\000\040\000T\000M\000R\0004\000\137\000I\000n\000i\000t\000i\000a\000l\000i\000z\000e\000\050\000\051}{subsection.6.115.2}% 1957
\BOOKMARK [3][-]{subsubsection.6.115.2.6}{\376\377\0006\000.\0001\0001\0005\000.\0002\000.\0006\000\040\000T\000M\000R\0004\000\137\000L\000o\000a\000d\000P\000e\000r\000i\000o\000d\000R\000e\000g\000i\000s\000t\000e\000r\000\050\000\051}{subsection.6.115.2}% 1958
\BOOKMARK [3][-]{subsubsection.6.115.2.7}{\376\377\0006\000.\0001\0001\0005\000.\0002\000.\0007\000\040\000T\000M\000R\0004\000\137\000M\000o\000d\000e\000S\000e\000t\000\050\000\051}{subsection.6.115.2}% 1959
\BOOKMARK [3][-]{subsubsection.6.115.2.8}{\376\377\0006\000.\0001\0001\0005\000.\0002\000.\0008\000\040\000T\000M\000R\0004\000\137\000P\000e\000r\000i\000o\000d\0008\000B\000i\000t\000S\000e\000t\000\050\000\051}{subsection.6.115.2}% 1960
\BOOKMARK [3][-]{subsubsection.6.115.2.9}{\376\377\0006\000.\0001\0001\0005\000.\0002\000.\0009\000\040\000T\000M\000R\0004\000\137\000R\000e\000a\000d\000T\000i\000m\000e\000r\000\050\000\051}{subsection.6.115.2}% 1961
\BOOKMARK [3][-]{subsubsection.6.115.2.10}{\376\377\0006\000.\0001\0001\0005\000.\0002\000.\0001\0000\000\040\000T\000M\000R\0004\000\137\000S\000e\000t\000I\000n\000t\000e\000r\000r\000u\000p\000t\000H\000a\000n\000d\000l\000e\000r\000\050\000\051}{subsection.6.115.2}% 1962
\BOOKMARK [3][-]{subsubsection.6.115.2.11}{\376\377\0006\000.\0001\0001\0005\000.\0002\000.\0001\0001\000\040\000T\000M\000R\0004\000\137\000S\000t\000a\000r\000t\000\050\000\051}{subsection.6.115.2}% 1963
\BOOKMARK [3][-]{subsubsection.6.115.2.12}{\376\377\0006\000.\0001\0001\0005\000.\0002\000.\0001\0002\000\040\000T\000M\000R\0004\000\137\000S\000t\000a\000r\000t\000T\000i\000m\000e\000r\000\050\000\051}{subsection.6.115.2}% 1964
\BOOKMARK [3][-]{subsubsection.6.115.2.13}{\376\377\0006\000.\0001\0001\0005\000.\0002\000.\0001\0003\000\040\000T\000M\000R\0004\000\137\000S\000t\000o\000p\000\050\000\051}{subsection.6.115.2}% 1965
\BOOKMARK [3][-]{subsubsection.6.115.2.14}{\376\377\0006\000.\0001\0001\0005\000.\0002\000.\0001\0004\000\040\000T\000M\000R\0004\000\137\000S\000t\000o\000p\000T\000i\000m\000e\000r\000\050\000\051}{subsection.6.115.2}% 1966
\BOOKMARK [3][-]{subsubsection.6.115.2.15}{\376\377\0006\000.\0001\0001\0005\000.\0002\000.\0001\0005\000\040\000T\000M\000R\0004\000\137\000W\000r\000i\000t\000e\000T\000i\000m\000e\000r\000\050\000\051}{subsection.6.115.2}% 1967
\BOOKMARK [2][-]{subsection.6.115.3}{\376\377\0006\000.\0001\0001\0005\000.\0003\000\040\000V\000a\000r\000i\000a\000b\000l\000e\000\040\000D\000o\000c\000u\000m\000e\000n\000t\000a\000t\000i\000o\000n}{section.6.115}% 1968
\BOOKMARK [3][-]{subsubsection.6.115.3.1}{\376\377\0006\000.\0001\0001\0005\000.\0003\000.\0001\000\040\000T\000M\000R\0004\000\137\000I\000n\000t\000e\000r\000r\000u\000p\000t\000H\000a\000n\000d\000l\000e\000r}{subsection.6.115.3}% 1969
\BOOKMARK [1][-]{section.6.116}{\376\377\0006\000.\0001\0001\0006\000\040\000t\000m\000r\0004\000.\000h}{chapter.6}% 1970
\BOOKMARK [1][-]{section.6.117}{\376\377\0006\000.\0001\0001\0007\000\040\000m\000a\000t\000e\000Q\0008\0004\000.\000X\000/\000m\000c\000c\000\137\000g\000e\000n\000e\000r\000a\000t\000e\000d\000\137\000f\000i\000l\000e\000s\000/\000t\000m\000r\0005\000.\000c\000\040\000F\000i\000l\000e\000\040\000R\000e\000f\000e\000r\000e\000n\000c\000e}{chapter.6}% 1971
\BOOKMARK [2][-]{subsection.6.117.1}{\376\377\0006\000.\0001\0001\0007\000.\0001\000\040\000F\000u\000n\000c\000t\000i\000o\000n\000\040\000D\000o\000c\000u\000m\000e\000n\000t\000a\000t\000i\000o\000n}{section.6.117}% 1972
\BOOKMARK [3][-]{subsubsection.6.117.1.1}{\376\377\0006\000.\0001\0001\0007\000.\0001\000.\0001\000\040\000\137\000\137\000i\000n\000t\000e\000r\000r\000u\000p\000t\000\050\000\051}{subsection.6.117.1}% 1973
\BOOKMARK [3][-]{subsubsection.6.117.1.2}{\376\377\0006\000.\0001\0001\0007\000.\0001\000.\0002\000\040\000T\000M\000R\0005\000\137\000C\000h\000e\000c\000k\000G\000a\000t\000e\000V\000a\000l\000u\000e\000S\000t\000a\000t\000u\000s\000\050\000\051}{subsection.6.117.1}% 1974
\BOOKMARK [3][-]{subsubsection.6.117.1.3}{\376\377\0006\000.\0001\0001\0007\000.\0001\000.\0003\000\040\000T\000M\000R\0005\000\137\000D\000e\000f\000a\000u\000l\000t\000I\000n\000t\000e\000r\000r\000u\000p\000t\000H\000a\000n\000d\000l\000e\000r\000\050\000\051}{subsection.6.117.1}% 1975
\BOOKMARK [3][-]{subsubsection.6.117.1.4}{\376\377\0006\000.\0001\0001\0007\000.\0001\000.\0004\000\040\000T\000M\000R\0005\000\137\000I\000n\000i\000t\000i\000a\000l\000i\000z\000e\000\050\000\051}{subsection.6.117.1}% 1976
\BOOKMARK [3][-]{subsubsection.6.117.1.5}{\376\377\0006\000.\0001\0001\0007\000.\0001\000.\0005\000\040\000T\000M\000R\0005\000\137\000R\000e\000a\000d\000T\000i\000m\000e\000r\000\050\000\051}{subsection.6.117.1}% 1977
\BOOKMARK [3][-]{subsubsection.6.117.1.6}{\376\377\0006\000.\0001\0001\0007\000.\0001\000.\0006\000\040\000T\000M\000R\0005\000\137\000R\000e\000l\000o\000a\000d\000\050\000\051}{subsection.6.117.1}% 1978
\BOOKMARK [3][-]{subsubsection.6.117.1.7}{\376\377\0006\000.\0001\0001\0007\000.\0001\000.\0007\000\040\000T\000M\000R\0005\000\137\000S\000e\000t\000I\000n\000t\000e\000r\000r\000u\000p\000t\000H\000a\000n\000d\000l\000e\000r\000\050\000\051}{subsection.6.117.1}% 1979
\BOOKMARK [3][-]{subsubsection.6.117.1.8}{\376\377\0006\000.\0001\0001\0007\000.\0001\000.\0008\000\040\000T\000M\000R\0005\000\137\000S\000t\000a\000r\000t\000S\000i\000n\000g\000l\000e\000P\000u\000l\000s\000e\000A\000c\000q\000u\000i\000s\000i\000t\000i\000o\000n\000\050\000\051}{subsection.6.117.1}% 1980
\BOOKMARK [3][-]{subsubsection.6.117.1.9}{\376\377\0006\000.\0001\0001\0007\000.\0001\000.\0009\000\040\000T\000M\000R\0005\000\137\000S\000t\000a\000r\000t\000T\000i\000m\000e\000r\000\050\000\051}{subsection.6.117.1}% 1981
\BOOKMARK [3][-]{subsubsection.6.117.1.10}{\376\377\0006\000.\0001\0001\0007\000.\0001\000.\0001\0000\000\040\000T\000M\000R\0005\000\137\000S\000t\000o\000p\000T\000i\000m\000e\000r\000\050\000\051}{subsection.6.117.1}% 1982
\BOOKMARK [3][-]{subsubsection.6.117.1.11}{\376\377\0006\000.\0001\0001\0007\000.\0001\000.\0001\0001\000\040\000T\000M\000R\0005\000\137\000W\000r\000i\000t\000e\000T\000i\000m\000e\000r\000\050\000\051}{subsection.6.117.1}% 1983
\BOOKMARK [2][-]{subsection.6.117.2}{\376\377\0006\000.\0001\0001\0007\000.\0002\000\040\000V\000a\000r\000i\000a\000b\000l\000e\000\040\000D\000o\000c\000u\000m\000e\000n\000t\000a\000t\000i\000o\000n}{section.6.117}% 1984
\BOOKMARK [3][-]{subsubsection.6.117.2.1}{\376\377\0006\000.\0001\0001\0007\000.\0002\000.\0001\000\040\000t\000i\000m\000e\000r\0005\000R\000e\000l\000o\000a\000d\000V\000a\000l}{subsection.6.117.2}% 1985
\BOOKMARK [3][-]{subsubsection.6.117.2.2}{\376\377\0006\000.\0001\0001\0007\000.\0002\000.\0002\000\040\000T\000M\000R\0005\000\137\000I\000n\000t\000e\000r\000r\000u\000p\000t\000H\000a\000n\000d\000l\000e\000r}{subsection.6.117.2}% 1986
\BOOKMARK [1][-]{section.6.118}{\376\377\0006\000.\0001\0001\0008\000\040\000m\000a\000t\000e\000Q\0008\0004\000.\000X\000/\000m\000c\000c\000\137\000g\000e\000n\000e\000r\000a\000t\000e\000d\000\137\000f\000i\000l\000e\000s\000/\000t\000m\000r\0005\000.\000h\000\040\000F\000i\000l\000e\000\040\000R\000e\000f\000e\000r\000e\000n\000c\000e}{chapter.6}% 1987
\BOOKMARK [2][-]{subsection.6.118.1}{\376\377\0006\000.\0001\0001\0008\000.\0001\000\040\000F\000u\000n\000c\000t\000i\000o\000n\000\040\000D\000o\000c\000u\000m\000e\000n\000t\000a\000t\000i\000o\000n}{section.6.118}% 1988
\BOOKMARK [3][-]{subsubsection.6.118.1.1}{\376\377\0006\000.\0001\0001\0008\000.\0001\000.\0001\000\040\000T\000M\000R\0005\000\137\000C\000h\000e\000c\000k\000G\000a\000t\000e\000V\000a\000l\000u\000e\000S\000t\000a\000t\000u\000s\000\050\000\051}{subsection.6.118.1}% 1989
\BOOKMARK [3][-]{subsubsection.6.118.1.2}{\376\377\0006\000.\0001\0001\0008\000.\0001\000.\0002\000\040\000T\000M\000R\0005\000\137\000D\000e\000f\000a\000u\000l\000t\000I\000n\000t\000e\000r\000r\000u\000p\000t\000H\000a\000n\000d\000l\000e\000r\000\050\000\051}{subsection.6.118.1}% 1990
\BOOKMARK [3][-]{subsubsection.6.118.1.3}{\376\377\0006\000.\0001\0001\0008\000.\0001\000.\0003\000\040\000T\000M\000R\0005\000\137\000I\000n\000i\000t\000i\000a\000l\000i\000z\000e\000\050\000\051}{subsection.6.118.1}% 1991
\BOOKMARK [3][-]{subsubsection.6.118.1.4}{\376\377\0006\000.\0001\0001\0008\000.\0001\000.\0004\000\040\000T\000M\000R\0005\000\137\000R\000e\000a\000d\000T\000i\000m\000e\000r\000\050\000\051}{subsection.6.118.1}% 1992
\BOOKMARK [3][-]{subsubsection.6.118.1.5}{\376\377\0006\000.\0001\0001\0008\000.\0001\000.\0005\000\040\000T\000M\000R\0005\000\137\000R\000e\000l\000o\000a\000d\000\050\000\051}{subsection.6.118.1}% 1993
\BOOKMARK [3][-]{subsubsection.6.118.1.6}{\376\377\0006\000.\0001\0001\0008\000.\0001\000.\0006\000\040\000T\000M\000R\0005\000\137\000S\000e\000t\000I\000n\000t\000e\000r\000r\000u\000p\000t\000H\000a\000n\000d\000l\000e\000r\000\050\000\051}{subsection.6.118.1}% 1994
\BOOKMARK [3][-]{subsubsection.6.118.1.7}{\376\377\0006\000.\0001\0001\0008\000.\0001\000.\0007\000\040\000T\000M\000R\0005\000\137\000S\000t\000a\000r\000t\000S\000i\000n\000g\000l\000e\000P\000u\000l\000s\000e\000A\000c\000q\000u\000i\000s\000i\000t\000i\000o\000n\000\050\000\051}{subsection.6.118.1}% 1995
\BOOKMARK [3][-]{subsubsection.6.118.1.8}{\376\377\0006\000.\0001\0001\0008\000.\0001\000.\0008\000\040\000T\000M\000R\0005\000\137\000S\000t\000a\000r\000t\000T\000i\000m\000e\000r\000\050\000\051}{subsection.6.118.1}% 1996
\BOOKMARK [3][-]{subsubsection.6.118.1.9}{\376\377\0006\000.\0001\0001\0008\000.\0001\000.\0009\000\040\000T\000M\000R\0005\000\137\000S\000t\000o\000p\000T\000i\000m\000e\000r\000\050\000\051}{subsection.6.118.1}% 1997
\BOOKMARK [3][-]{subsubsection.6.118.1.10}{\376\377\0006\000.\0001\0001\0008\000.\0001\000.\0001\0000\000\040\000T\000M\000R\0005\000\137\000W\000r\000i\000t\000e\000T\000i\000m\000e\000r\000\050\000\051}{subsection.6.118.1}% 1998
\BOOKMARK [2][-]{subsection.6.118.2}{\376\377\0006\000.\0001\0001\0008\000.\0002\000\040\000V\000a\000r\000i\000a\000b\000l\000e\000\040\000D\000o\000c\000u\000m\000e\000n\000t\000a\000t\000i\000o\000n}{section.6.118}% 1999
\BOOKMARK [3][-]{subsubsection.6.118.2.1}{\376\377\0006\000.\0001\0001\0008\000.\0002\000.\0001\000\040\000T\000M\000R\0005\000\137\000I\000n\000t\000e\000r\000r\000u\000p\000t\000H\000a\000n\000d\000l\000e\000r}{subsection.6.118.2}% 2000
\BOOKMARK [1][-]{section.6.119}{\376\377\0006\000.\0001\0001\0009\000\040\000t\000m\000r\0005\000.\000h}{chapter.6}% 2001
\BOOKMARK [1][-]{section.6.120}{\376\377\0006\000.\0001\0002\0000\000\040\000m\000a\000t\000e\000Q\0008\0004\000.\000X\000/\000m\000c\000c\000\137\000g\000e\000n\000e\000r\000a\000t\000e\000d\000\137\000f\000i\000l\000e\000s\000/\000t\000m\000r\0006\000.\000c\000\040\000F\000i\000l\000e\000\040\000R\000e\000f\000e\000r\000e\000n\000c\000e}{chapter.6}% 2002
\BOOKMARK [2][-]{subsection.6.120.1}{\376\377\0006\000.\0001\0002\0000\000.\0001\000\040\000F\000u\000n\000c\000t\000i\000o\000n\000\040\000D\000o\000c\000u\000m\000e\000n\000t\000a\000t\000i\000o\000n}{section.6.120}% 2003
\BOOKMARK [3][-]{subsubsection.6.120.1.1}{\376\377\0006\000.\0001\0002\0000\000.\0001\000.\0001\000\040\000\137\000\137\000i\000n\000t\000e\000r\000r\000u\000p\000t\000\050\000\051}{subsection.6.120.1}% 2004
\BOOKMARK [3][-]{subsubsection.6.120.1.2}{\376\377\0006\000.\0001\0002\0000\000.\0001\000.\0002\000\040\000T\000M\000R\0006\000\137\000C\000o\000u\000n\000t\000e\000r\0008\000B\000i\000t\000G\000e\000t\000\050\000\051}{subsection.6.120.1}% 2005
\BOOKMARK [3][-]{subsubsection.6.120.1.3}{\376\377\0006\000.\0001\0002\0000\000.\0001\000.\0003\000\040\000T\000M\000R\0006\000\137\000C\000o\000u\000n\000t\000e\000r\0008\000B\000i\000t\000S\000e\000t\000\050\000\051}{subsection.6.120.1}% 2006
\BOOKMARK [3][-]{subsubsection.6.120.1.4}{\376\377\0006\000.\0001\0002\0000\000.\0001\000.\0004\000\040\000T\000M\000R\0006\000\137\000D\000e\000f\000a\000u\000l\000t\000I\000n\000t\000e\000r\000r\000u\000p\000t\000H\000a\000n\000d\000l\000e\000r\000\050\000\051}{subsection.6.120.1}% 2007
\BOOKMARK [3][-]{subsubsection.6.120.1.5}{\376\377\0006\000.\0001\0002\0000\000.\0001\000.\0005\000\040\000T\000M\000R\0006\000\137\000E\000x\000t\000R\000e\000s\000e\000t\000S\000o\000u\000r\000c\000e\000S\000e\000t\000\050\000\051}{subsection.6.120.1}% 2008
\BOOKMARK [3][-]{subsubsection.6.120.1.6}{\376\377\0006\000.\0001\0002\0000\000.\0001\000.\0006\000\040\000T\000M\000R\0006\000\137\000I\000n\000i\000t\000i\000a\000l\000i\000z\000e\000\050\000\051}{subsection.6.120.1}% 2009
\BOOKMARK [3][-]{subsubsection.6.120.1.7}{\376\377\0006\000.\0001\0002\0000\000.\0001\000.\0007\000\040\000T\000M\000R\0006\000\137\000L\000o\000a\000d\000P\000e\000r\000i\000o\000d\000R\000e\000g\000i\000s\000t\000e\000r\000\050\000\051}{subsection.6.120.1}% 2010
\BOOKMARK [3][-]{subsubsection.6.120.1.8}{\376\377\0006\000.\0001\0002\0000\000.\0001\000.\0008\000\040\000T\000M\000R\0006\000\137\000M\000o\000d\000e\000S\000e\000t\000\050\000\051}{subsection.6.120.1}% 2011
\BOOKMARK [3][-]{subsubsection.6.120.1.9}{\376\377\0006\000.\0001\0002\0000\000.\0001\000.\0009\000\040\000T\000M\000R\0006\000\137\000P\000e\000r\000i\000o\000d\0008\000B\000i\000t\000S\000e\000t\000\050\000\051}{subsection.6.120.1}% 2012
\BOOKMARK [3][-]{subsubsection.6.120.1.10}{\376\377\0006\000.\0001\0002\0000\000.\0001\000.\0001\0000\000\040\000T\000M\000R\0006\000\137\000R\000e\000a\000d\000T\000i\000m\000e\000r\000\050\000\051}{subsection.6.120.1}% 2013
\BOOKMARK [3][-]{subsubsection.6.120.1.11}{\376\377\0006\000.\0001\0002\0000\000.\0001\000.\0001\0001\000\040\000T\000M\000R\0006\000\137\000S\000e\000t\000I\000n\000t\000e\000r\000r\000u\000p\000t\000H\000a\000n\000d\000l\000e\000r\000\050\000\051}{subsection.6.120.1}% 2014
\BOOKMARK [3][-]{subsubsection.6.120.1.12}{\376\377\0006\000.\0001\0002\0000\000.\0001\000.\0001\0002\000\040\000T\000M\000R\0006\000\137\000S\000t\000a\000r\000t\000\050\000\051}{subsection.6.120.1}% 2015
\BOOKMARK [3][-]{subsubsection.6.120.1.13}{\376\377\0006\000.\0001\0002\0000\000.\0001\000.\0001\0003\000\040\000T\000M\000R\0006\000\137\000S\000t\000a\000r\000t\000T\000i\000m\000e\000r\000\050\000\051}{subsection.6.120.1}% 2016
\BOOKMARK [3][-]{subsubsection.6.120.1.14}{\376\377\0006\000.\0001\0002\0000\000.\0001\000.\0001\0004\000\040\000T\000M\000R\0006\000\137\000S\000t\000o\000p\000\050\000\051}{subsection.6.120.1}% 2017
\BOOKMARK [3][-]{subsubsection.6.120.1.15}{\376\377\0006\000.\0001\0002\0000\000.\0001\000.\0001\0005\000\040\000T\000M\000R\0006\000\137\000S\000t\000o\000p\000T\000i\000m\000e\000r\000\050\000\051}{subsection.6.120.1}% 2018
\BOOKMARK [3][-]{subsubsection.6.120.1.16}{\376\377\0006\000.\0001\0002\0000\000.\0001\000.\0001\0006\000\040\000T\000M\000R\0006\000\137\000W\000r\000i\000t\000e\000T\000i\000m\000e\000r\000\050\000\051}{subsection.6.120.1}% 2019
\BOOKMARK [2][-]{subsection.6.120.2}{\376\377\0006\000.\0001\0002\0000\000.\0002\000\040\000V\000a\000r\000i\000a\000b\000l\000e\000\040\000D\000o\000c\000u\000m\000e\000n\000t\000a\000t\000i\000o\000n}{section.6.120}% 2020
\BOOKMARK [3][-]{subsubsection.6.120.2.1}{\376\377\0006\000.\0001\0002\0000\000.\0002\000.\0001\000\040\000T\000M\000R\0006\000\137\000I\000n\000t\000e\000r\000r\000u\000p\000t\000H\000a\000n\000d\000l\000e\000r}{subsection.6.120.2}% 2021
\BOOKMARK [1][-]{section.6.121}{\376\377\0006\000.\0001\0002\0001\000\040\000m\000a\000t\000e\000Q\0008\0004\000.\000X\000/\000m\000c\000c\000\137\000g\000e\000n\000e\000r\000a\000t\000e\000d\000\137\000f\000i\000l\000e\000s\000/\000t\000m\000r\0006\000.\000h\000\040\000F\000i\000l\000e\000\040\000R\000e\000f\000e\000r\000e\000n\000c\000e}{chapter.6}% 2022
\BOOKMARK [2][-]{subsection.6.121.1}{\376\377\0006\000.\0001\0002\0001\000.\0001\000\040\000E\000n\000u\000m\000e\000r\000a\000t\000i\000o\000n\000\040\000T\000y\000p\000e\000\040\000D\000o\000c\000u\000m\000e\000n\000t\000a\000t\000i\000o\000n}{section.6.121}% 2023
\BOOKMARK [3][-]{subsubsection.6.121.1.1}{\376\377\0006\000.\0001\0002\0001\000.\0001\000.\0001\000\040\000T\000M\000R\0006\000\137\000H\000L\000T\000\137\000E\000X\000T\000\137\000R\000E\000S\000E\000T\000\137\000S\000O\000U\000R\000C\000E}{subsection.6.121.1}% 2024
\BOOKMARK [3][-]{subsubsection.6.121.1.2}{\376\377\0006\000.\0001\0002\0001\000.\0001\000.\0002\000\040\000T\000M\000R\0006\000\137\000H\000L\000T\000\137\000M\000O\000D\000E}{subsection.6.121.1}% 2025
\BOOKMARK [2][-]{subsection.6.121.2}{\376\377\0006\000.\0001\0002\0001\000.\0002\000\040\000F\000u\000n\000c\000t\000i\000o\000n\000\040\000D\000o\000c\000u\000m\000e\000n\000t\000a\000t\000i\000o\000n}{section.6.121}% 2026
\BOOKMARK [3][-]{subsubsection.6.121.2.1}{\376\377\0006\000.\0001\0002\0001\000.\0002\000.\0001\000\040\000T\000M\000R\0006\000\137\000C\000o\000u\000n\000t\000e\000r\0008\000B\000i\000t\000G\000e\000t\000\050\000\051}{subsection.6.121.2}% 2027
\BOOKMARK [3][-]{subsubsection.6.121.2.2}{\376\377\0006\000.\0001\0002\0001\000.\0002\000.\0002\000\040\000T\000M\000R\0006\000\137\000C\000o\000u\000n\000t\000e\000r\0008\000B\000i\000t\000S\000e\000t\000\050\000\051}{subsection.6.121.2}% 2028
\BOOKMARK [3][-]{subsubsection.6.121.2.3}{\376\377\0006\000.\0001\0002\0001\000.\0002\000.\0003\000\040\000T\000M\000R\0006\000\137\000D\000e\000f\000a\000u\000l\000t\000I\000n\000t\000e\000r\000r\000u\000p\000t\000H\000a\000n\000d\000l\000e\000r\000\050\000\051}{subsection.6.121.2}% 2029
\BOOKMARK [3][-]{subsubsection.6.121.2.4}{\376\377\0006\000.\0001\0002\0001\000.\0002\000.\0004\000\040\000T\000M\000R\0006\000\137\000E\000x\000t\000R\000e\000s\000e\000t\000S\000o\000u\000r\000c\000e\000S\000e\000t\000\050\000\051}{subsection.6.121.2}% 2030
\BOOKMARK [3][-]{subsubsection.6.121.2.5}{\376\377\0006\000.\0001\0002\0001\000.\0002\000.\0005\000\040\000T\000M\000R\0006\000\137\000I\000n\000i\000t\000i\000a\000l\000i\000z\000e\000\050\000\051}{subsection.6.121.2}% 2031
\BOOKMARK [3][-]{subsubsection.6.121.2.6}{\376\377\0006\000.\0001\0002\0001\000.\0002\000.\0006\000\040\000T\000M\000R\0006\000\137\000L\000o\000a\000d\000P\000e\000r\000i\000o\000d\000R\000e\000g\000i\000s\000t\000e\000r\000\050\000\051}{subsection.6.121.2}% 2032
\BOOKMARK [3][-]{subsubsection.6.121.2.7}{\376\377\0006\000.\0001\0002\0001\000.\0002\000.\0007\000\040\000T\000M\000R\0006\000\137\000M\000o\000d\000e\000S\000e\000t\000\050\000\051}{subsection.6.121.2}% 2033
\BOOKMARK [3][-]{subsubsection.6.121.2.8}{\376\377\0006\000.\0001\0002\0001\000.\0002\000.\0008\000\040\000T\000M\000R\0006\000\137\000P\000e\000r\000i\000o\000d\0008\000B\000i\000t\000S\000e\000t\000\050\000\051}{subsection.6.121.2}% 2034
\BOOKMARK [3][-]{subsubsection.6.121.2.9}{\376\377\0006\000.\0001\0002\0001\000.\0002\000.\0009\000\040\000T\000M\000R\0006\000\137\000R\000e\000a\000d\000T\000i\000m\000e\000r\000\050\000\051}{subsection.6.121.2}% 2035
\BOOKMARK [3][-]{subsubsection.6.121.2.10}{\376\377\0006\000.\0001\0002\0001\000.\0002\000.\0001\0000\000\040\000T\000M\000R\0006\000\137\000S\000e\000t\000I\000n\000t\000e\000r\000r\000u\000p\000t\000H\000a\000n\000d\000l\000e\000r\000\050\000\051}{subsection.6.121.2}% 2036
\BOOKMARK [3][-]{subsubsection.6.121.2.11}{\376\377\0006\000.\0001\0002\0001\000.\0002\000.\0001\0001\000\040\000T\000M\000R\0006\000\137\000S\000t\000a\000r\000t\000\050\000\051}{subsection.6.121.2}% 2037
\BOOKMARK [3][-]{subsubsection.6.121.2.12}{\376\377\0006\000.\0001\0002\0001\000.\0002\000.\0001\0002\000\040\000T\000M\000R\0006\000\137\000S\000t\000a\000r\000t\000T\000i\000m\000e\000r\000\050\000\051}{subsection.6.121.2}% 2038
\BOOKMARK [3][-]{subsubsection.6.121.2.13}{\376\377\0006\000.\0001\0002\0001\000.\0002\000.\0001\0003\000\040\000T\000M\000R\0006\000\137\000S\000t\000o\000p\000\050\000\051}{subsection.6.121.2}% 2039
\BOOKMARK [3][-]{subsubsection.6.121.2.14}{\376\377\0006\000.\0001\0002\0001\000.\0002\000.\0001\0004\000\040\000T\000M\000R\0006\000\137\000S\000t\000o\000p\000T\000i\000m\000e\000r\000\050\000\051}{subsection.6.121.2}% 2040
\BOOKMARK [3][-]{subsubsection.6.121.2.15}{\376\377\0006\000.\0001\0002\0001\000.\0002\000.\0001\0005\000\040\000T\000M\000R\0006\000\137\000W\000r\000i\000t\000e\000T\000i\000m\000e\000r\000\050\000\051}{subsection.6.121.2}% 2041
\BOOKMARK [2][-]{subsection.6.121.3}{\376\377\0006\000.\0001\0002\0001\000.\0003\000\040\000V\000a\000r\000i\000a\000b\000l\000e\000\040\000D\000o\000c\000u\000m\000e\000n\000t\000a\000t\000i\000o\000n}{section.6.121}% 2042
\BOOKMARK [3][-]{subsubsection.6.121.3.1}{\376\377\0006\000.\0001\0002\0001\000.\0003\000.\0001\000\040\000T\000M\000R\0006\000\137\000I\000n\000t\000e\000r\000r\000u\000p\000t\000H\000a\000n\000d\000l\000e\000r}{subsection.6.121.3}% 2043
\BOOKMARK [1][-]{section.6.122}{\376\377\0006\000.\0001\0002\0002\000\040\000t\000m\000r\0006\000.\000h}{chapter.6}% 2044
\BOOKMARK [1][-]{section.6.123}{\376\377\0006\000.\0001\0002\0003\000\040\000m\000a\000t\000e\000Q\0008\0004\000.\000X\000/\000m\000c\000c\000\137\000g\000e\000n\000e\000r\000a\000t\000e\000d\000\137\000f\000i\000l\000e\000s\000/\000u\000a\000r\000t\0001\000.\000c\000\040\000F\000i\000l\000e\000\040\000R\000e\000f\000e\000r\000e\000n\000c\000e}{chapter.6}% 2045
\BOOKMARK [2][-]{subsection.6.123.1}{\376\377\0006\000.\0001\0002\0003\000.\0001\000\040\000F\000u\000n\000c\000t\000i\000o\000n\000\040\000D\000o\000c\000u\000m\000e\000n\000t\000a\000t\000i\000o\000n}{section.6.123}% 2046
\BOOKMARK [3][-]{subsubsection.6.123.1.1}{\376\377\0006\000.\0001\0002\0003\000.\0001\000.\0001\000\040\000U\000A\000R\000T\0001\000\137\000D\000e\000f\000a\000u\000l\000t\000E\000r\000r\000o\000r\000H\000a\000n\000d\000l\000e\000r\000\050\000\051}{subsection.6.123.1}% 2047
\BOOKMARK [3][-]{subsubsection.6.123.1.2}{\376\377\0006\000.\0001\0002\0003\000.\0001\000.\0002\000\040\000U\000A\000R\000T\0001\000\137\000D\000e\000f\000a\000u\000l\000t\000F\000r\000a\000m\000i\000n\000g\000E\000r\000r\000o\000r\000H\000a\000n\000d\000l\000e\000r\000\050\000\051}{subsection.6.123.1}% 2048
\BOOKMARK [3][-]{subsubsection.6.123.1.3}{\376\377\0006\000.\0001\0002\0003\000.\0001\000.\0003\000\040\000U\000A\000R\000T\0001\000\137\000D\000e\000f\000a\000u\000l\000t\000O\000v\000e\000r\000r\000u\000n\000E\000r\000r\000o\000r\000H\000a\000n\000d\000l\000e\000r\000\050\000\051}{subsection.6.123.1}% 2049
\BOOKMARK [3][-]{subsubsection.6.123.1.4}{\376\377\0006\000.\0001\0002\0003\000.\0001\000.\0004\000\040\000U\000A\000R\000T\0001\000\137\000g\000e\000t\000\137\000l\000a\000s\000t\000\137\000s\000t\000a\000t\000u\000s\000\050\000\051}{subsection.6.123.1}% 2050
\BOOKMARK [3][-]{subsubsection.6.123.1.5}{\376\377\0006\000.\0001\0002\0003\000.\0001\000.\0005\000\040\000U\000A\000R\000T\0001\000\137\000I\000n\000i\000t\000i\000a\000l\000i\000z\000e\000\050\000\051}{subsection.6.123.1}% 2051
\BOOKMARK [3][-]{subsubsection.6.123.1.6}{\376\377\0006\000.\0001\0002\0003\000.\0001\000.\0006\000\040\000U\000A\000R\000T\0001\000\137\000i\000s\000\137\000r\000x\000\137\000r\000e\000a\000d\000y\000\050\000\051}{subsection.6.123.1}% 2052
\BOOKMARK [3][-]{subsubsection.6.123.1.7}{\376\377\0006\000.\0001\0002\0003\000.\0001\000.\0007\000\040\000U\000A\000R\000T\0001\000\137\000i\000s\000\137\000t\000x\000\137\000d\000o\000n\000e\000\050\000\051}{subsection.6.123.1}% 2053
\BOOKMARK [3][-]{subsubsection.6.123.1.8}{\376\377\0006\000.\0001\0002\0003\000.\0001\000.\0008\000\040\000U\000A\000R\000T\0001\000\137\000i\000s\000\137\000t\000x\000\137\000r\000e\000a\000d\000y\000\050\000\051}{subsection.6.123.1}% 2054
\BOOKMARK [3][-]{subsubsection.6.123.1.9}{\376\377\0006\000.\0001\0002\0003\000.\0001\000.\0009\000\040\000U\000A\000R\000T\0001\000\137\000R\000e\000a\000d\000\050\000\051}{subsection.6.123.1}% 2055
\BOOKMARK [3][-]{subsubsection.6.123.1.10}{\376\377\0006\000.\0001\0002\0003\000.\0001\000.\0001\0000\000\040\000U\000A\000R\000T\0001\000\137\000S\000e\000t\000A\000d\000d\000r\000e\000s\000s\000t\000o\000T\000r\000a\000n\000s\000m\000i\000t\000\050\000\051}{subsection.6.123.1}% 2056
\BOOKMARK [3][-]{subsubsection.6.123.1.11}{\376\377\0006\000.\0001\0002\0003\000.\0001\000.\0001\0001\000\040\000U\000A\000R\000T\0001\000\137\000S\000e\000t\000E\000r\000r\000o\000r\000H\000a\000n\000d\000l\000e\000r\000\050\000\051}{subsection.6.123.1}% 2057
\BOOKMARK [3][-]{subsubsection.6.123.1.12}{\376\377\0006\000.\0001\0002\0003\000.\0001\000.\0001\0002\000\040\000U\000A\000R\000T\0001\000\137\000S\000e\000t\000F\000r\000a\000m\000i\000n\000g\000E\000r\000r\000o\000r\000H\000a\000n\000d\000l\000e\000r\000\050\000\051}{subsection.6.123.1}% 2058
\BOOKMARK [3][-]{subsubsection.6.123.1.13}{\376\377\0006\000.\0001\0002\0003\000.\0001\000.\0001\0003\000\040\000U\000A\000R\000T\0001\000\137\000S\000e\000t\000O\000v\000e\000r\000r\000u\000n\000E\000r\000r\000o\000r\000H\000a\000n\000d\000l\000e\000r\000\050\000\051}{subsection.6.123.1}% 2059
\BOOKMARK [3][-]{subsubsection.6.123.1.14}{\376\377\0006\000.\0001\0002\0003\000.\0001\000.\0001\0004\000\040\000U\000A\000R\000T\0001\000\137\000W\000r\000i\000t\000e\000\050\000\051}{subsection.6.123.1}% 2060
\BOOKMARK [2][-]{subsection.6.123.2}{\376\377\0006\000.\0001\0002\0003\000.\0002\000\040\000V\000a\000r\000i\000a\000b\000l\000e\000\040\000D\000o\000c\000u\000m\000e\000n\000t\000a\000t\000i\000o\000n}{section.6.123}% 2061
\BOOKMARK [3][-]{subsubsection.6.123.2.1}{\376\377\0006\000.\0001\0002\0003\000.\0002\000.\0001\000\040\000U\000A\000R\000T\0001\000\137\000E\000r\000r\000o\000r\000H\000a\000n\000d\000l\000e\000r}{subsection.6.123.2}% 2062
\BOOKMARK [3][-]{subsubsection.6.123.2.2}{\376\377\0006\000.\0001\0002\0003\000.\0002\000.\0002\000\040\000U\000A\000R\000T\0001\000\137\000F\000r\000a\000m\000i\000n\000g\000E\000r\000r\000o\000r\000H\000a\000n\000d\000l\000e\000r}{subsection.6.123.2}% 2063
\BOOKMARK [3][-]{subsubsection.6.123.2.3}{\376\377\0006\000.\0001\0002\0003\000.\0002\000.\0003\000\040\000U\000A\000R\000T\0001\000\137\000O\000v\000e\000r\000r\000u\000n\000E\000r\000r\000o\000r\000H\000a\000n\000d\000l\000e\000r}{subsection.6.123.2}% 2064
\BOOKMARK [1][-]{section.6.124}{\376\377\0006\000.\0001\0002\0004\000\040\000m\000a\000t\000e\000Q\0008\0004\000.\000X\000/\000m\000c\000c\000\137\000g\000e\000n\000e\000r\000a\000t\000e\000d\000\137\000f\000i\000l\000e\000s\000/\000u\000a\000r\000t\0001\000.\000h\000\040\000F\000i\000l\000e\000\040\000R\000e\000f\000e\000r\000e\000n\000c\000e}{chapter.6}% 2065
\BOOKMARK [2][-]{subsection.6.124.1}{\376\377\0006\000.\0001\0002\0004\000.\0001\000\040\000M\000a\000c\000r\000o\000\040\000D\000e\000f\000i\000n\000i\000t\000i\000o\000n\000\040\000D\000o\000c\000u\000m\000e\000n\000t\000a\000t\000i\000o\000n}{section.6.124}% 2066
\BOOKMARK [3][-]{subsubsection.6.124.1.1}{\376\377\0006\000.\0001\0002\0004\000.\0001\000.\0001\000\040\000U\000A\000R\000T\0001\000\137\000D\000a\000t\000a\000R\000e\000a\000d\000y}{subsection.6.124.1}% 2067
\BOOKMARK [2][-]{subsection.6.124.2}{\376\377\0006\000.\0001\0002\0004\000.\0002\000\040\000F\000u\000n\000c\000t\000i\000o\000n\000\040\000D\000o\000c\000u\000m\000e\000n\000t\000a\000t\000i\000o\000n}{section.6.124}% 2068
\BOOKMARK [3][-]{subsubsection.6.124.2.1}{\376\377\0006\000.\0001\0002\0004\000.\0002\000.\0001\000\040\000U\000A\000R\000T\0001\000\137\000g\000e\000t\000\137\000l\000a\000s\000t\000\137\000s\000t\000a\000t\000u\000s\000\050\000\051}{subsection.6.124.2}% 2069
\BOOKMARK [3][-]{subsubsection.6.124.2.2}{\376\377\0006\000.\0001\0002\0004\000.\0002\000.\0002\000\040\000U\000A\000R\000T\0001\000\137\000I\000n\000i\000t\000i\000a\000l\000i\000z\000e\000\050\000\051}{subsection.6.124.2}% 2070
\BOOKMARK [3][-]{subsubsection.6.124.2.3}{\376\377\0006\000.\0001\0002\0004\000.\0002\000.\0003\000\040\000U\000A\000R\000T\0001\000\137\000i\000s\000\137\000r\000x\000\137\000r\000e\000a\000d\000y\000\050\000\051}{subsection.6.124.2}% 2071
\BOOKMARK [3][-]{subsubsection.6.124.2.4}{\376\377\0006\000.\0001\0002\0004\000.\0002\000.\0004\000\040\000U\000A\000R\000T\0001\000\137\000i\000s\000\137\000t\000x\000\137\000d\000o\000n\000e\000\050\000\051}{subsection.6.124.2}% 2072
\BOOKMARK [3][-]{subsubsection.6.124.2.5}{\376\377\0006\000.\0001\0002\0004\000.\0002\000.\0005\000\040\000U\000A\000R\000T\0001\000\137\000i\000s\000\137\000t\000x\000\137\000r\000e\000a\000d\000y\000\050\000\051}{subsection.6.124.2}% 2073
\BOOKMARK [3][-]{subsubsection.6.124.2.6}{\376\377\0006\000.\0001\0002\0004\000.\0002\000.\0006\000\040\000U\000A\000R\000T\0001\000\137\000R\000e\000a\000d\000\050\000\051}{subsection.6.124.2}% 2074
\BOOKMARK [3][-]{subsubsection.6.124.2.7}{\376\377\0006\000.\0001\0002\0004\000.\0002\000.\0007\000\040\000U\000A\000R\000T\0001\000\137\000S\000e\000t\000A\000d\000d\000r\000e\000s\000s\000t\000o\000T\000r\000a\000n\000s\000m\000i\000t\000\050\000\051}{subsection.6.124.2}% 2075
\BOOKMARK [3][-]{subsubsection.6.124.2.8}{\376\377\0006\000.\0001\0002\0004\000.\0002\000.\0008\000\040\000U\000A\000R\000T\0001\000\137\000S\000e\000t\000E\000r\000r\000o\000r\000H\000a\000n\000d\000l\000e\000r\000\050\000\051}{subsection.6.124.2}% 2076
\BOOKMARK [3][-]{subsubsection.6.124.2.9}{\376\377\0006\000.\0001\0002\0004\000.\0002\000.\0009\000\040\000U\000A\000R\000T\0001\000\137\000S\000e\000t\000F\000r\000a\000m\000i\000n\000g\000E\000r\000r\000o\000r\000H\000a\000n\000d\000l\000e\000r\000\050\000\051}{subsection.6.124.2}% 2077
\BOOKMARK [3][-]{subsubsection.6.124.2.10}{\376\377\0006\000.\0001\0002\0004\000.\0002\000.\0001\0000\000\040\000U\000A\000R\000T\0001\000\137\000S\000e\000t\000O\000v\000e\000r\000r\000u\000n\000E\000r\000r\000o\000r\000H\000a\000n\000d\000l\000e\000r\000\050\000\051}{subsection.6.124.2}% 2078
\BOOKMARK [3][-]{subsubsection.6.124.2.11}{\376\377\0006\000.\0001\0002\0004\000.\0002\000.\0001\0001\000\040\000U\000A\000R\000T\0001\000\137\000W\000r\000i\000t\000e\000\050\000\051}{subsection.6.124.2}% 2079
\BOOKMARK [1][-]{section.6.125}{\376\377\0006\000.\0001\0002\0005\000\040\000u\000a\000r\000t\0001\000.\000h}{chapter.6}% 2080
\BOOKMARK [1][-]{section.6.126}{\376\377\0006\000.\0001\0002\0006\000\040\000m\000a\000t\000e\000Q\0008\0004\000.\000X\000/\000m\000c\000c\000\137\000g\000e\000n\000e\000r\000a\000t\000e\000d\000\137\000f\000i\000l\000e\000s\000/\000u\000a\000r\000t\0002\000.\000c\000\040\000F\000i\000l\000e\000\040\000R\000e\000f\000e\000r\000e\000n\000c\000e}{chapter.6}% 2081
\BOOKMARK [2][-]{subsection.6.126.1}{\376\377\0006\000.\0001\0002\0006\000.\0001\000\040\000M\000a\000c\000r\000o\000\040\000D\000e\000f\000i\000n\000i\000t\000i\000o\000n\000\040\000D\000o\000c\000u\000m\000e\000n\000t\000a\000t\000i\000o\000n}{section.6.126}% 2082
\BOOKMARK [3][-]{subsubsection.6.126.1.1}{\376\377\0006\000.\0001\0002\0006\000.\0001\000.\0001\000\040\000I\000N\000T\000\137\000T\000R\000A\000C\000E}{subsection.6.126.1}% 2083
\BOOKMARK [3][-]{subsubsection.6.126.1.2}{\376\377\0006\000.\0001\0002\0006\000.\0001\000.\0002\000\040\000I\000O\000\137\000R\000B\0006\000\137\000T\000o\000g\000g\000l\000e}{subsection.6.126.1}% 2084
\BOOKMARK [3][-]{subsubsection.6.126.1.3}{\376\377\0006\000.\0001\0002\0006\000.\0001\000.\0003\000\040\000T\000R\000A\000C\000E}{subsection.6.126.1}% 2085
\BOOKMARK [3][-]{subsubsection.6.126.1.4}{\376\377\0006\000.\0001\0002\0006\000.\0001\000.\0004\000\040\000U\000A\000R\000T\0002\000\137\000R\000X\000\137\000B\000U\000F\000F\000E\000R\000\137\000S\000I\000Z\000E}{subsection.6.126.1}% 2086
\BOOKMARK [3][-]{subsubsection.6.126.1.5}{\376\377\0006\000.\0001\0002\0006\000.\0001\000.\0005\000\040\000U\000A\000R\000T\0002\000\137\000T\000X\000\137\000B\000U\000F\000F\000E\000R\000\137\000S\000I\000Z\000E}{subsection.6.126.1}% 2087
\BOOKMARK [2][-]{subsection.6.126.2}{\376\377\0006\000.\0001\0002\0006\000.\0002\000\040\000F\000u\000n\000c\000t\000i\000o\000n\000\040\000D\000o\000c\000u\000m\000e\000n\000t\000a\000t\000i\000o\000n}{section.6.126}% 2088
\BOOKMARK [3][-]{subsubsection.6.126.2.1}{\376\377\0006\000.\0001\0002\0006\000.\0002\000.\0001\000\040\000\137\000\137\000i\000n\000t\000e\000r\000r\000u\000p\000t\000\050\000\051\000\040\000[\0001\000/\0002\000]}{subsection.6.126.2}% 2089
\BOOKMARK [3][-]{subsubsection.6.126.2.2}{\376\377\0006\000.\0001\0002\0006\000.\0002\000.\0002\000\040\000\137\000\137\000i\000n\000t\000e\000r\000r\000u\000p\000t\000\050\000\051\000\040\000[\0002\000/\0002\000]}{subsection.6.126.2}% 2090
\BOOKMARK [3][-]{subsubsection.6.126.2.3}{\376\377\0006\000.\0001\0002\0006\000.\0002\000.\0003\000\040\000g\000e\000t\000c\000h\000\050\000\051}{subsection.6.126.2}% 2091
\BOOKMARK [3][-]{subsubsection.6.126.2.4}{\376\377\0006\000.\0001\0002\0006\000.\0002\000.\0004\000\040\000p\000u\000t\000c\000h\000\050\000\051}{subsection.6.126.2}% 2092
\BOOKMARK [3][-]{subsubsection.6.126.2.5}{\376\377\0006\000.\0001\0002\0006\000.\0002\000.\0005\000\040\000U\000A\000R\000T\0002\000\137\000D\000e\000f\000a\000u\000l\000t\000E\000r\000r\000o\000r\000H\000a\000n\000d\000l\000e\000r\000\050\000\051}{subsection.6.126.2}% 2093
\BOOKMARK [3][-]{subsubsection.6.126.2.6}{\376\377\0006\000.\0001\0002\0006\000.\0002\000.\0006\000\040\000U\000A\000R\000T\0002\000\137\000D\000e\000f\000a\000u\000l\000t\000F\000r\000a\000m\000i\000n\000g\000E\000r\000r\000o\000r\000H\000a\000n\000d\000l\000e\000r\000\050\000\051}{subsection.6.126.2}% 2094
\BOOKMARK [3][-]{subsubsection.6.126.2.7}{\376\377\0006\000.\0001\0002\0006\000.\0002\000.\0007\000\040\000U\000A\000R\000T\0002\000\137\000D\000e\000f\000a\000u\000l\000t\000O\000v\000e\000r\000r\000u\000n\000E\000r\000r\000o\000r\000H\000a\000n\000d\000l\000e\000r\000\050\000\051}{subsection.6.126.2}% 2095
\BOOKMARK [3][-]{subsubsection.6.126.2.8}{\376\377\0006\000.\0001\0002\0006\000.\0002\000.\0008\000\040\000U\000A\000R\000T\0002\000\137\000g\000e\000t\000\137\000l\000a\000s\000t\000\137\000s\000t\000a\000t\000u\000s\000\050\000\051}{subsection.6.126.2}% 2096
\BOOKMARK [3][-]{subsubsection.6.126.2.9}{\376\377\0006\000.\0001\0002\0006\000.\0002\000.\0009\000\040\000U\000A\000R\000T\0002\000\137\000I\000n\000i\000t\000i\000a\000l\000i\000z\000e\000\050\000\051}{subsection.6.126.2}% 2097
\BOOKMARK [3][-]{subsubsection.6.126.2.10}{\376\377\0006\000.\0001\0002\0006\000.\0002\000.\0001\0000\000\040\000U\000A\000R\000T\0002\000\137\000i\000s\000\137\000r\000x\000\137\000r\000e\000a\000d\000y\000\050\000\051}{subsection.6.126.2}% 2098
\BOOKMARK [3][-]{subsubsection.6.126.2.11}{\376\377\0006\000.\0001\0002\0006\000.\0002\000.\0001\0001\000\040\000U\000A\000R\000T\0002\000\137\000i\000s\000\137\000t\000x\000\137\000d\000o\000n\000e\000\050\000\051}{subsection.6.126.2}% 2099
\BOOKMARK [3][-]{subsubsection.6.126.2.12}{\376\377\0006\000.\0001\0002\0006\000.\0002\000.\0001\0002\000\040\000U\000A\000R\000T\0002\000\137\000i\000s\000\137\000t\000x\000\137\000r\000e\000a\000d\000y\000\050\000\051}{subsection.6.126.2}% 2100
\BOOKMARK [3][-]{subsubsection.6.126.2.13}{\376\377\0006\000.\0001\0002\0006\000.\0002\000.\0001\0003\000\040\000U\000A\000R\000T\0002\000\137\000R\000e\000a\000d\000\050\000\051}{subsection.6.126.2}% 2101
\BOOKMARK [3][-]{subsubsection.6.126.2.14}{\376\377\0006\000.\0001\0002\0006\000.\0002\000.\0001\0004\000\040\000U\000A\000R\000T\0002\000\137\000R\000e\000c\000e\000i\000v\000e\000\137\000I\000S\000R\000\050\000\051}{subsection.6.126.2}% 2102
\BOOKMARK [3][-]{subsubsection.6.126.2.15}{\376\377\0006\000.\0001\0002\0006\000.\0002\000.\0001\0005\000\040\000U\000A\000R\000T\0002\000\137\000R\000x\000D\000a\000t\000a\000H\000a\000n\000d\000l\000e\000r\000\050\000\051}{subsection.6.126.2}% 2103
\BOOKMARK [3][-]{subsubsection.6.126.2.16}{\376\377\0006\000.\0001\0002\0006\000.\0002\000.\0001\0006\000\040\000U\000A\000R\000T\0002\000\137\000S\000e\000t\000E\000r\000r\000o\000r\000H\000a\000n\000d\000l\000e\000r\000\050\000\051}{subsection.6.126.2}% 2104
\BOOKMARK [3][-]{subsubsection.6.126.2.17}{\376\377\0006\000.\0001\0002\0006\000.\0002\000.\0001\0007\000\040\000U\000A\000R\000T\0002\000\137\000S\000e\000t\000F\000r\000a\000m\000i\000n\000g\000E\000r\000r\000o\000r\000H\000a\000n\000d\000l\000e\000r\000\050\000\051}{subsection.6.126.2}% 2105
\BOOKMARK [3][-]{subsubsection.6.126.2.18}{\376\377\0006\000.\0001\0002\0006\000.\0002\000.\0001\0008\000\040\000U\000A\000R\000T\0002\000\137\000S\000e\000t\000O\000v\000e\000r\000r\000u\000n\000E\000r\000r\000o\000r\000H\000a\000n\000d\000l\000e\000r\000\050\000\051}{subsection.6.126.2}% 2106
\BOOKMARK [3][-]{subsubsection.6.126.2.19}{\376\377\0006\000.\0001\0002\0006\000.\0002\000.\0001\0009\000\040\000U\000A\000R\000T\0002\000\137\000S\000e\000t\000R\000x\000I\000n\000t\000e\000r\000r\000u\000p\000t\000H\000a\000n\000d\000l\000e\000r\000\050\000\051}{subsection.6.126.2}% 2107
\BOOKMARK [3][-]{subsubsection.6.126.2.20}{\376\377\0006\000.\0001\0002\0006\000.\0002\000.\0002\0000\000\040\000U\000A\000R\000T\0002\000\137\000S\000e\000t\000T\000x\000I\000n\000t\000e\000r\000r\000u\000p\000t\000H\000a\000n\000d\000l\000e\000r\000\050\000\051}{subsection.6.126.2}% 2108
\BOOKMARK [3][-]{subsubsection.6.126.2.21}{\376\377\0006\000.\0001\0002\0006\000.\0002\000.\0002\0001\000\040\000U\000A\000R\000T\0002\000\137\000T\000r\000a\000n\000s\000m\000i\000t\000\137\000I\000S\000R\000\050\000\051}{subsection.6.126.2}% 2109
\BOOKMARK [3][-]{subsubsection.6.126.2.22}{\376\377\0006\000.\0001\0002\0006\000.\0002\000.\0002\0002\000\040\000U\000A\000R\000T\0002\000\137\000W\000r\000i\000t\000e\000\050\000\051}{subsection.6.126.2}% 2110
\BOOKMARK [2][-]{subsection.6.126.3}{\376\377\0006\000.\0001\0002\0006\000.\0003\000\040\000V\000a\000r\000i\000a\000b\000l\000e\000\040\000D\000o\000c\000u\000m\000e\000n\000t\000a\000t\000i\000o\000n}{section.6.126}% 2111
\BOOKMARK [3][-]{subsubsection.6.126.3.1}{\376\377\0006\000.\0001\0002\0006\000.\0003\000.\0001\000\040\000U\000A\000R\000T\0002\000\137\000E\000r\000r\000o\000r\000H\000a\000n\000d\000l\000e\000r}{subsection.6.126.3}% 2112
\BOOKMARK [3][-]{subsubsection.6.126.3.2}{\376\377\0006\000.\0001\0002\0006\000.\0003\000.\0002\000\040\000U\000A\000R\000T\0002\000\137\000F\000r\000a\000m\000i\000n\000g\000E\000r\000r\000o\000r\000H\000a\000n\000d\000l\000e\000r}{subsection.6.126.3}% 2113
\BOOKMARK [3][-]{subsubsection.6.126.3.3}{\376\377\0006\000.\0001\0002\0006\000.\0003\000.\0003\000\040\000U\000A\000R\000T\0002\000\137\000O\000v\000e\000r\000r\000u\000n\000E\000r\000r\000o\000r\000H\000a\000n\000d\000l\000e\000r}{subsection.6.126.3}% 2114
\BOOKMARK [3][-]{subsubsection.6.126.3.4}{\376\377\0006\000.\0001\0002\0006\000.\0003\000.\0004\000\040\000u\000a\000r\000t\0002\000R\000x\000C\000o\000u\000n\000t}{subsection.6.126.3}% 2115
\BOOKMARK [3][-]{subsubsection.6.126.3.5}{\376\377\0006\000.\0001\0002\0006\000.\0003\000.\0005\000\040\000u\000a\000r\000t\0002\000T\000x\000B\000u\000f\000f\000e\000r\000R\000e\000m\000a\000i\000n\000i\000n\000g}{subsection.6.126.3}% 2116
\BOOKMARK [1][-]{section.6.127}{\376\377\0006\000.\0001\0002\0007\000\040\000m\000a\000t\000e\000Q\0008\0004\000.\000X\000/\000m\000c\000c\000\137\000g\000e\000n\000e\000r\000a\000t\000e\000d\000\137\000f\000i\000l\000e\000s\000/\000u\000a\000r\000t\0002\000.\000h\000\040\000F\000i\000l\000e\000\040\000R\000e\000f\000e\000r\000e\000n\000c\000e}{chapter.6}% 2117
\BOOKMARK [2][-]{subsection.6.127.1}{\376\377\0006\000.\0001\0002\0007\000.\0001\000\040\000M\000a\000c\000r\000o\000\040\000D\000e\000f\000i\000n\000i\000t\000i\000o\000n\000\040\000D\000o\000c\000u\000m\000e\000n\000t\000a\000t\000i\000o\000n}{section.6.127}% 2118
\BOOKMARK [3][-]{subsubsection.6.127.1.1}{\376\377\0006\000.\0001\0002\0007\000.\0001\000.\0001\000\040\000U\000A\000R\000T\0002\000\137\000D\000a\000t\000a\000R\000e\000a\000d\000y}{subsection.6.127.1}% 2119
\BOOKMARK [2][-]{subsection.6.127.2}{\376\377\0006\000.\0001\0002\0007\000.\0002\000\040\000F\000u\000n\000c\000t\000i\000o\000n\000\040\000D\000o\000c\000u\000m\000e\000n\000t\000a\000t\000i\000o\000n}{section.6.127}% 2120
\BOOKMARK [3][-]{subsubsection.6.127.2.1}{\376\377\0006\000.\0001\0002\0007\000.\0002\000.\0001\000\040\000U\000A\000R\000T\0002\000\137\000g\000e\000t\000\137\000l\000a\000s\000t\000\137\000s\000t\000a\000t\000u\000s\000\050\000\051}{subsection.6.127.2}% 2121
\BOOKMARK [3][-]{subsubsection.6.127.2.2}{\376\377\0006\000.\0001\0002\0007\000.\0002\000.\0002\000\040\000U\000A\000R\000T\0002\000\137\000I\000n\000i\000t\000i\000a\000l\000i\000z\000e\000\050\000\051}{subsection.6.127.2}% 2122
\BOOKMARK [3][-]{subsubsection.6.127.2.3}{\376\377\0006\000.\0001\0002\0007\000.\0002\000.\0003\000\040\000U\000A\000R\000T\0002\000\137\000i\000s\000\137\000r\000x\000\137\000r\000e\000a\000d\000y\000\050\000\051}{subsection.6.127.2}% 2123
\BOOKMARK [3][-]{subsubsection.6.127.2.4}{\376\377\0006\000.\0001\0002\0007\000.\0002\000.\0004\000\040\000U\000A\000R\000T\0002\000\137\000i\000s\000\137\000t\000x\000\137\000d\000o\000n\000e\000\050\000\051}{subsection.6.127.2}% 2124
\BOOKMARK [3][-]{subsubsection.6.127.2.5}{\376\377\0006\000.\0001\0002\0007\000.\0002\000.\0005\000\040\000U\000A\000R\000T\0002\000\137\000i\000s\000\137\000t\000x\000\137\000r\000e\000a\000d\000y\000\050\000\051}{subsection.6.127.2}% 2125
\BOOKMARK [3][-]{subsubsection.6.127.2.6}{\376\377\0006\000.\0001\0002\0007\000.\0002\000.\0006\000\040\000U\000A\000R\000T\0002\000\137\000R\000e\000a\000d\000\050\000\051}{subsection.6.127.2}% 2126
\BOOKMARK [3][-]{subsubsection.6.127.2.7}{\376\377\0006\000.\0001\0002\0007\000.\0002\000.\0007\000\040\000U\000A\000R\000T\0002\000\137\000R\000e\000c\000e\000i\000v\000e\000\137\000I\000S\000R\000\050\000\051}{subsection.6.127.2}% 2127
\BOOKMARK [3][-]{subsubsection.6.127.2.8}{\376\377\0006\000.\0001\0002\0007\000.\0002\000.\0008\000\040\000U\000A\000R\000T\0002\000\137\000R\000x\000D\000a\000t\000a\000H\000a\000n\000d\000l\000e\000r\000\050\000\051}{subsection.6.127.2}% 2128
\BOOKMARK [3][-]{subsubsection.6.127.2.9}{\376\377\0006\000.\0001\0002\0007\000.\0002\000.\0009\000\040\000U\000A\000R\000T\0002\000\137\000S\000e\000t\000E\000r\000r\000o\000r\000H\000a\000n\000d\000l\000e\000r\000\050\000\051}{subsection.6.127.2}% 2129
\BOOKMARK [3][-]{subsubsection.6.127.2.10}{\376\377\0006\000.\0001\0002\0007\000.\0002\000.\0001\0000\000\040\000U\000A\000R\000T\0002\000\137\000S\000e\000t\000F\000r\000a\000m\000i\000n\000g\000E\000r\000r\000o\000r\000H\000a\000n\000d\000l\000e\000r\000\050\000\051}{subsection.6.127.2}% 2130
\BOOKMARK [3][-]{subsubsection.6.127.2.11}{\376\377\0006\000.\0001\0002\0007\000.\0002\000.\0001\0001\000\040\000U\000A\000R\000T\0002\000\137\000S\000e\000t\000O\000v\000e\000r\000r\000u\000n\000E\000r\000r\000o\000r\000H\000a\000n\000d\000l\000e\000r\000\050\000\051}{subsection.6.127.2}% 2131
\BOOKMARK [3][-]{subsubsection.6.127.2.12}{\376\377\0006\000.\0001\0002\0007\000.\0002\000.\0001\0002\000\040\000U\000A\000R\000T\0002\000\137\000S\000e\000t\000R\000x\000I\000n\000t\000e\000r\000r\000u\000p\000t\000H\000a\000n\000d\000l\000e\000r\000\050\000\051}{subsection.6.127.2}% 2132
\BOOKMARK [3][-]{subsubsection.6.127.2.13}{\376\377\0006\000.\0001\0002\0007\000.\0002\000.\0001\0003\000\040\000U\000A\000R\000T\0002\000\137\000S\000e\000t\000T\000x\000I\000n\000t\000e\000r\000r\000u\000p\000t\000H\000a\000n\000d\000l\000e\000r\000\050\000\051}{subsection.6.127.2}% 2133
\BOOKMARK [3][-]{subsubsection.6.127.2.14}{\376\377\0006\000.\0001\0002\0007\000.\0002\000.\0001\0004\000\040\000U\000A\000R\000T\0002\000\137\000T\000r\000a\000n\000s\000m\000i\000t\000\137\000I\000S\000R\000\050\000\051}{subsection.6.127.2}% 2134
\BOOKMARK [3][-]{subsubsection.6.127.2.15}{\376\377\0006\000.\0001\0002\0007\000.\0002\000.\0001\0005\000\040\000U\000A\000R\000T\0002\000\137\000W\000r\000i\000t\000e\000\050\000\051}{subsection.6.127.2}% 2135
\BOOKMARK [2][-]{subsection.6.127.3}{\376\377\0006\000.\0001\0002\0007\000.\0003\000\040\000V\000a\000r\000i\000a\000b\000l\000e\000\040\000D\000o\000c\000u\000m\000e\000n\000t\000a\000t\000i\000o\000n}{section.6.127}% 2136
\BOOKMARK [3][-]{subsubsection.6.127.3.1}{\376\377\0006\000.\0001\0002\0007\000.\0003\000.\0001\000\040\000U\000A\000R\000T\0002\000\137\000R\000x\000I\000n\000t\000e\000r\000r\000u\000p\000t\000H\000a\000n\000d\000l\000e\000r}{subsection.6.127.3}% 2137
\BOOKMARK [3][-]{subsubsection.6.127.3.2}{\376\377\0006\000.\0001\0002\0007\000.\0003\000.\0002\000\040\000U\000A\000R\000T\0002\000\137\000T\000x\000I\000n\000t\000e\000r\000r\000u\000p\000t\000H\000a\000n\000d\000l\000e\000r}{subsection.6.127.3}% 2138
\BOOKMARK [3][-]{subsubsection.6.127.3.3}{\376\377\0006\000.\0001\0002\0007\000.\0003\000.\0003\000\040\000u\000a\000r\000t\0002\000R\000x\000C\000o\000u\000n\000t}{subsection.6.127.3}% 2139
\BOOKMARK [3][-]{subsubsection.6.127.3.4}{\376\377\0006\000.\0001\0002\0007\000.\0003\000.\0004\000\040\000u\000a\000r\000t\0002\000T\000x\000B\000u\000f\000f\000e\000r\000R\000e\000m\000a\000i\000n\000i\000n\000g}{subsection.6.127.3}% 2140
\BOOKMARK [1][-]{section.6.128}{\376\377\0006\000.\0001\0002\0008\000\040\000u\000a\000r\000t\0002\000.\000h}{chapter.6}% 2141
\BOOKMARK [1][-]{section.6.129}{\376\377\0006\000.\0001\0002\0009\000\040\000m\000a\000t\000e\000Q\0008\0004\000.\000X\000/\000m\000c\000c\000\137\000g\000e\000n\000e\000r\000a\000t\000e\000d\000\137\000f\000i\000l\000e\000s\000/\000u\000a\000r\000t\0005\000.\000c\000\040\000F\000i\000l\000e\000\040\000R\000e\000f\000e\000r\000e\000n\000c\000e}{chapter.6}% 2142
\BOOKMARK [2][-]{subsection.6.129.1}{\376\377\0006\000.\0001\0002\0009\000.\0001\000\040\000M\000a\000c\000r\000o\000\040\000D\000e\000f\000i\000n\000i\000t\000i\000o\000n\000\040\000D\000o\000c\000u\000m\000e\000n\000t\000a\000t\000i\000o\000n}{section.6.129}% 2143
\BOOKMARK [3][-]{subsubsection.6.129.1.1}{\376\377\0006\000.\0001\0002\0009\000.\0001\000.\0001\000\040\000I\000N\000T\000\137\000T\000R\000A\000C\000E}{subsection.6.129.1}% 2144
\BOOKMARK [3][-]{subsubsection.6.129.1.2}{\376\377\0006\000.\0001\0002\0009\000.\0001\000.\0002\000\040\000I\000O\000\137\000R\000B\0006\000\137\000T\000o\000g\000g\000l\000e}{subsection.6.129.1}% 2145
\BOOKMARK [3][-]{subsubsection.6.129.1.3}{\376\377\0006\000.\0001\0002\0009\000.\0001\000.\0003\000\040\000T\000R\000A\000C\000E}{subsection.6.129.1}% 2146
\BOOKMARK [3][-]{subsubsection.6.129.1.4}{\376\377\0006\000.\0001\0002\0009\000.\0001\000.\0004\000\040\000U\000A\000R\000T\0005\000\137\000R\000X\000\137\000B\000U\000F\000F\000E\000R\000\137\000S\000I\000Z\000E}{subsection.6.129.1}% 2147
\BOOKMARK [3][-]{subsubsection.6.129.1.5}{\376\377\0006\000.\0001\0002\0009\000.\0001\000.\0005\000\040\000U\000A\000R\000T\0005\000\137\000T\000X\000\137\000B\000U\000F\000F\000E\000R\000\137\000S\000I\000Z\000E}{subsection.6.129.1}% 2148
\BOOKMARK [2][-]{subsection.6.129.2}{\376\377\0006\000.\0001\0002\0009\000.\0002\000\040\000F\000u\000n\000c\000t\000i\000o\000n\000\040\000D\000o\000c\000u\000m\000e\000n\000t\000a\000t\000i\000o\000n}{section.6.129}% 2149
\BOOKMARK [3][-]{subsubsection.6.129.2.1}{\376\377\0006\000.\0001\0002\0009\000.\0002\000.\0001\000\040\000\137\000\137\000i\000n\000t\000e\000r\000r\000u\000p\000t\000\050\000\051\000\040\000[\0001\000/\0002\000]}{subsection.6.129.2}% 2150
\BOOKMARK [3][-]{subsubsection.6.129.2.2}{\376\377\0006\000.\0001\0002\0009\000.\0002\000.\0002\000\040\000\137\000\137\000i\000n\000t\000e\000r\000r\000u\000p\000t\000\050\000\051\000\040\000[\0002\000/\0002\000]}{subsection.6.129.2}% 2151
\BOOKMARK [3][-]{subsubsection.6.129.2.3}{\376\377\0006\000.\0001\0002\0009\000.\0002\000.\0003\000\040\000U\000A\000R\000T\0005\000\137\000D\000e\000f\000a\000u\000l\000t\000E\000r\000r\000o\000r\000H\000a\000n\000d\000l\000e\000r\000\050\000\051}{subsection.6.129.2}% 2152
\BOOKMARK [3][-]{subsubsection.6.129.2.4}{\376\377\0006\000.\0001\0002\0009\000.\0002\000.\0004\000\040\000U\000A\000R\000T\0005\000\137\000D\000e\000f\000a\000u\000l\000t\000F\000r\000a\000m\000i\000n\000g\000E\000r\000r\000o\000r\000H\000a\000n\000d\000l\000e\000r\000\050\000\051}{subsection.6.129.2}% 2153
\BOOKMARK [3][-]{subsubsection.6.129.2.5}{\376\377\0006\000.\0001\0002\0009\000.\0002\000.\0005\000\040\000U\000A\000R\000T\0005\000\137\000D\000e\000f\000a\000u\000l\000t\000O\000v\000e\000r\000r\000u\000n\000E\000r\000r\000o\000r\000H\000a\000n\000d\000l\000e\000r\000\050\000\051}{subsection.6.129.2}% 2154
\BOOKMARK [3][-]{subsubsection.6.129.2.6}{\376\377\0006\000.\0001\0002\0009\000.\0002\000.\0006\000\040\000U\000A\000R\000T\0005\000\137\000g\000e\000t\000\137\000l\000a\000s\000t\000\137\000s\000t\000a\000t\000u\000s\000\050\000\051}{subsection.6.129.2}% 2155
\BOOKMARK [3][-]{subsubsection.6.129.2.7}{\376\377\0006\000.\0001\0002\0009\000.\0002\000.\0007\000\040\000U\000A\000R\000T\0005\000\137\000I\000n\000i\000t\000i\000a\000l\000i\000z\000e\000\050\000\051}{subsection.6.129.2}% 2156
\BOOKMARK [3][-]{subsubsection.6.129.2.8}{\376\377\0006\000.\0001\0002\0009\000.\0002\000.\0008\000\040\000U\000A\000R\000T\0005\000\137\000i\000s\000\137\000r\000x\000\137\000r\000e\000a\000d\000y\000\050\000\051}{subsection.6.129.2}% 2157
\BOOKMARK [3][-]{subsubsection.6.129.2.9}{\376\377\0006\000.\0001\0002\0009\000.\0002\000.\0009\000\040\000U\000A\000R\000T\0005\000\137\000i\000s\000\137\000t\000x\000\137\000d\000o\000n\000e\000\050\000\051}{subsection.6.129.2}% 2158
\BOOKMARK [3][-]{subsubsection.6.129.2.10}{\376\377\0006\000.\0001\0002\0009\000.\0002\000.\0001\0000\000\040\000U\000A\000R\000T\0005\000\137\000i\000s\000\137\000t\000x\000\137\000r\000e\000a\000d\000y\000\050\000\051}{subsection.6.129.2}% 2159
\BOOKMARK [3][-]{subsubsection.6.129.2.11}{\376\377\0006\000.\0001\0002\0009\000.\0002\000.\0001\0001\000\040\000U\000A\000R\000T\0005\000\137\000R\000e\000a\000d\000\050\000\051}{subsection.6.129.2}% 2160
\BOOKMARK [3][-]{subsubsection.6.129.2.12}{\376\377\0006\000.\0001\0002\0009\000.\0002\000.\0001\0002\000\040\000U\000A\000R\000T\0005\000\137\000R\000e\000c\000e\000i\000v\000e\000\137\000I\000S\000R\000\050\000\051}{subsection.6.129.2}% 2161
\BOOKMARK [3][-]{subsubsection.6.129.2.13}{\376\377\0006\000.\0001\0002\0009\000.\0002\000.\0001\0003\000\040\000U\000A\000R\000T\0005\000\137\000R\000x\000D\000a\000t\000a\000H\000a\000n\000d\000l\000e\000r\000\050\000\051}{subsection.6.129.2}% 2162
\BOOKMARK [3][-]{subsubsection.6.129.2.14}{\376\377\0006\000.\0001\0002\0009\000.\0002\000.\0001\0004\000\040\000U\000A\000R\000T\0005\000\137\000S\000e\000t\000E\000r\000r\000o\000r\000H\000a\000n\000d\000l\000e\000r\000\050\000\051}{subsection.6.129.2}% 2163
\BOOKMARK [3][-]{subsubsection.6.129.2.15}{\376\377\0006\000.\0001\0002\0009\000.\0002\000.\0001\0005\000\040\000U\000A\000R\000T\0005\000\137\000S\000e\000t\000F\000r\000a\000m\000i\000n\000g\000E\000r\000r\000o\000r\000H\000a\000n\000d\000l\000e\000r\000\050\000\051}{subsection.6.129.2}% 2164
\BOOKMARK [3][-]{subsubsection.6.129.2.16}{\376\377\0006\000.\0001\0002\0009\000.\0002\000.\0001\0006\000\040\000U\000A\000R\000T\0005\000\137\000S\000e\000t\000O\000v\000e\000r\000r\000u\000n\000E\000r\000r\000o\000r\000H\000a\000n\000d\000l\000e\000r\000\050\000\051}{subsection.6.129.2}% 2165
\BOOKMARK [3][-]{subsubsection.6.129.2.17}{\376\377\0006\000.\0001\0002\0009\000.\0002\000.\0001\0007\000\040\000U\000A\000R\000T\0005\000\137\000S\000e\000t\000R\000x\000I\000n\000t\000e\000r\000r\000u\000p\000t\000H\000a\000n\000d\000l\000e\000r\000\050\000\051}{subsection.6.129.2}% 2166
\BOOKMARK [3][-]{subsubsection.6.129.2.18}{\376\377\0006\000.\0001\0002\0009\000.\0002\000.\0001\0008\000\040\000U\000A\000R\000T\0005\000\137\000S\000e\000t\000T\000x\000I\000n\000t\000e\000r\000r\000u\000p\000t\000H\000a\000n\000d\000l\000e\000r\000\050\000\051}{subsection.6.129.2}% 2167
\BOOKMARK [3][-]{subsubsection.6.129.2.19}{\376\377\0006\000.\0001\0002\0009\000.\0002\000.\0001\0009\000\040\000U\000A\000R\000T\0005\000\137\000T\000r\000a\000n\000s\000m\000i\000t\000\137\000I\000S\000R\000\050\000\051}{subsection.6.129.2}% 2168
\BOOKMARK [3][-]{subsubsection.6.129.2.20}{\376\377\0006\000.\0001\0002\0009\000.\0002\000.\0002\0000\000\040\000U\000A\000R\000T\0005\000\137\000W\000r\000i\000t\000e\000\050\000\051}{subsection.6.129.2}% 2169
\BOOKMARK [2][-]{subsection.6.129.3}{\376\377\0006\000.\0001\0002\0009\000.\0003\000\040\000V\000a\000r\000i\000a\000b\000l\000e\000\040\000D\000o\000c\000u\000m\000e\000n\000t\000a\000t\000i\000o\000n}{section.6.129}% 2170
\BOOKMARK [3][-]{subsubsection.6.129.3.1}{\376\377\0006\000.\0001\0002\0009\000.\0003\000.\0001\000\040\000U\000A\000R\000T\0005\000\137\000E\000r\000r\000o\000r\000H\000a\000n\000d\000l\000e\000r}{subsection.6.129.3}% 2171
\BOOKMARK [3][-]{subsubsection.6.129.3.2}{\376\377\0006\000.\0001\0002\0009\000.\0003\000.\0002\000\040\000U\000A\000R\000T\0005\000\137\000F\000r\000a\000m\000i\000n\000g\000E\000r\000r\000o\000r\000H\000a\000n\000d\000l\000e\000r}{subsection.6.129.3}% 2172
\BOOKMARK [3][-]{subsubsection.6.129.3.3}{\376\377\0006\000.\0001\0002\0009\000.\0003\000.\0003\000\040\000U\000A\000R\000T\0005\000\137\000O\000v\000e\000r\000r\000u\000n\000E\000r\000r\000o\000r\000H\000a\000n\000d\000l\000e\000r}{subsection.6.129.3}% 2173
\BOOKMARK [3][-]{subsubsection.6.129.3.4}{\376\377\0006\000.\0001\0002\0009\000.\0003\000.\0004\000\040\000u\000a\000r\000t\0005\000R\000x\000C\000o\000u\000n\000t}{subsection.6.129.3}% 2174
\BOOKMARK [3][-]{subsubsection.6.129.3.5}{\376\377\0006\000.\0001\0002\0009\000.\0003\000.\0005\000\040\000u\000a\000r\000t\0005\000T\000x\000B\000u\000f\000f\000e\000r\000R\000e\000m\000a\000i\000n\000i\000n\000g}{subsection.6.129.3}% 2175
\BOOKMARK [1][-]{section.6.130}{\376\377\0006\000.\0001\0003\0000\000\040\000m\000a\000t\000e\000Q\0008\0004\000.\000X\000/\000m\000c\000c\000\137\000g\000e\000n\000e\000r\000a\000t\000e\000d\000\137\000f\000i\000l\000e\000s\000/\000u\000a\000r\000t\0005\000.\000h\000\040\000F\000i\000l\000e\000\040\000R\000e\000f\000e\000r\000e\000n\000c\000e}{chapter.6}% 2176
\BOOKMARK [2][-]{subsection.6.130.1}{\376\377\0006\000.\0001\0003\0000\000.\0001\000\040\000M\000a\000c\000r\000o\000\040\000D\000e\000f\000i\000n\000i\000t\000i\000o\000n\000\040\000D\000o\000c\000u\000m\000e\000n\000t\000a\000t\000i\000o\000n}{section.6.130}% 2177
\BOOKMARK [3][-]{subsubsection.6.130.1.1}{\376\377\0006\000.\0001\0003\0000\000.\0001\000.\0001\000\040\000U\000A\000R\000T\0005\000\137\000D\000a\000t\000a\000R\000e\000a\000d\000y}{subsection.6.130.1}% 2178
\BOOKMARK [2][-]{subsection.6.130.2}{\376\377\0006\000.\0001\0003\0000\000.\0002\000\040\000F\000u\000n\000c\000t\000i\000o\000n\000\040\000D\000o\000c\000u\000m\000e\000n\000t\000a\000t\000i\000o\000n}{section.6.130}% 2179
\BOOKMARK [3][-]{subsubsection.6.130.2.1}{\376\377\0006\000.\0001\0003\0000\000.\0002\000.\0001\000\040\000U\000A\000R\000T\0005\000\137\000g\000e\000t\000\137\000l\000a\000s\000t\000\137\000s\000t\000a\000t\000u\000s\000\050\000\051}{subsection.6.130.2}% 2180
\BOOKMARK [3][-]{subsubsection.6.130.2.2}{\376\377\0006\000.\0001\0003\0000\000.\0002\000.\0002\000\040\000U\000A\000R\000T\0005\000\137\000I\000n\000i\000t\000i\000a\000l\000i\000z\000e\000\050\000\051}{subsection.6.130.2}% 2181
\BOOKMARK [3][-]{subsubsection.6.130.2.3}{\376\377\0006\000.\0001\0003\0000\000.\0002\000.\0003\000\040\000U\000A\000R\000T\0005\000\137\000i\000s\000\137\000r\000x\000\137\000r\000e\000a\000d\000y\000\050\000\051}{subsection.6.130.2}% 2182
\BOOKMARK [3][-]{subsubsection.6.130.2.4}{\376\377\0006\000.\0001\0003\0000\000.\0002\000.\0004\000\040\000U\000A\000R\000T\0005\000\137\000i\000s\000\137\000t\000x\000\137\000d\000o\000n\000e\000\050\000\051}{subsection.6.130.2}% 2183
\BOOKMARK [3][-]{subsubsection.6.130.2.5}{\376\377\0006\000.\0001\0003\0000\000.\0002\000.\0005\000\040\000U\000A\000R\000T\0005\000\137\000i\000s\000\137\000t\000x\000\137\000r\000e\000a\000d\000y\000\050\000\051}{subsection.6.130.2}% 2184
\BOOKMARK [3][-]{subsubsection.6.130.2.6}{\376\377\0006\000.\0001\0003\0000\000.\0002\000.\0006\000\040\000U\000A\000R\000T\0005\000\137\000R\000e\000a\000d\000\050\000\051}{subsection.6.130.2}% 2185
\BOOKMARK [3][-]{subsubsection.6.130.2.7}{\376\377\0006\000.\0001\0003\0000\000.\0002\000.\0007\000\040\000U\000A\000R\000T\0005\000\137\000R\000e\000c\000e\000i\000v\000e\000\137\000I\000S\000R\000\050\000\051}{subsection.6.130.2}% 2186
\BOOKMARK [3][-]{subsubsection.6.130.2.8}{\376\377\0006\000.\0001\0003\0000\000.\0002\000.\0008\000\040\000U\000A\000R\000T\0005\000\137\000R\000x\000D\000a\000t\000a\000H\000a\000n\000d\000l\000e\000r\000\050\000\051}{subsection.6.130.2}% 2187
\BOOKMARK [3][-]{subsubsection.6.130.2.9}{\376\377\0006\000.\0001\0003\0000\000.\0002\000.\0009\000\040\000U\000A\000R\000T\0005\000\137\000S\000e\000t\000E\000r\000r\000o\000r\000H\000a\000n\000d\000l\000e\000r\000\050\000\051}{subsection.6.130.2}% 2188
\BOOKMARK [3][-]{subsubsection.6.130.2.10}{\376\377\0006\000.\0001\0003\0000\000.\0002\000.\0001\0000\000\040\000U\000A\000R\000T\0005\000\137\000S\000e\000t\000F\000r\000a\000m\000i\000n\000g\000E\000r\000r\000o\000r\000H\000a\000n\000d\000l\000e\000r\000\050\000\051}{subsection.6.130.2}% 2189
\BOOKMARK [3][-]{subsubsection.6.130.2.11}{\376\377\0006\000.\0001\0003\0000\000.\0002\000.\0001\0001\000\040\000U\000A\000R\000T\0005\000\137\000S\000e\000t\000O\000v\000e\000r\000r\000u\000n\000E\000r\000r\000o\000r\000H\000a\000n\000d\000l\000e\000r\000\050\000\051}{subsection.6.130.2}% 2190
\BOOKMARK [3][-]{subsubsection.6.130.2.12}{\376\377\0006\000.\0001\0003\0000\000.\0002\000.\0001\0002\000\040\000U\000A\000R\000T\0005\000\137\000S\000e\000t\000R\000x\000I\000n\000t\000e\000r\000r\000u\000p\000t\000H\000a\000n\000d\000l\000e\000r\000\050\000\051}{subsection.6.130.2}% 2191
\BOOKMARK [3][-]{subsubsection.6.130.2.13}{\376\377\0006\000.\0001\0003\0000\000.\0002\000.\0001\0003\000\040\000U\000A\000R\000T\0005\000\137\000S\000e\000t\000T\000x\000I\000n\000t\000e\000r\000r\000u\000p\000t\000H\000a\000n\000d\000l\000e\000r\000\050\000\051}{subsection.6.130.2}% 2192
\BOOKMARK [3][-]{subsubsection.6.130.2.14}{\376\377\0006\000.\0001\0003\0000\000.\0002\000.\0001\0004\000\040\000U\000A\000R\000T\0005\000\137\000T\000r\000a\000n\000s\000m\000i\000t\000\137\000I\000S\000R\000\050\000\051}{subsection.6.130.2}% 2193
\BOOKMARK [3][-]{subsubsection.6.130.2.15}{\376\377\0006\000.\0001\0003\0000\000.\0002\000.\0001\0005\000\040\000U\000A\000R\000T\0005\000\137\000W\000r\000i\000t\000e\000\050\000\051}{subsection.6.130.2}% 2194
\BOOKMARK [2][-]{subsection.6.130.3}{\376\377\0006\000.\0001\0003\0000\000.\0003\000\040\000V\000a\000r\000i\000a\000b\000l\000e\000\040\000D\000o\000c\000u\000m\000e\000n\000t\000a\000t\000i\000o\000n}{section.6.130}% 2195
\BOOKMARK [3][-]{subsubsection.6.130.3.1}{\376\377\0006\000.\0001\0003\0000\000.\0003\000.\0001\000\040\000U\000A\000R\000T\0005\000\137\000R\000x\000I\000n\000t\000e\000r\000r\000u\000p\000t\000H\000a\000n\000d\000l\000e\000r}{subsection.6.130.3}% 2196
\BOOKMARK [3][-]{subsubsection.6.130.3.2}{\376\377\0006\000.\0001\0003\0000\000.\0003\000.\0002\000\040\000U\000A\000R\000T\0005\000\137\000T\000x\000I\000n\000t\000e\000r\000r\000u\000p\000t\000H\000a\000n\000d\000l\000e\000r}{subsection.6.130.3}% 2197
\BOOKMARK [3][-]{subsubsection.6.130.3.3}{\376\377\0006\000.\0001\0003\0000\000.\0003\000.\0003\000\040\000u\000a\000r\000t\0005\000R\000x\000C\000o\000u\000n\000t}{subsection.6.130.3}% 2198
\BOOKMARK [3][-]{subsubsection.6.130.3.4}{\376\377\0006\000.\0001\0003\0000\000.\0003\000.\0004\000\040\000u\000a\000r\000t\0005\000T\000x\000B\000u\000f\000f\000e\000r\000R\000e\000m\000a\000i\000n\000i\000n\000g}{subsection.6.130.3}% 2199
\BOOKMARK [1][-]{section.6.131}{\376\377\0006\000.\0001\0003\0001\000\040\000u\000a\000r\000t\0005\000.\000h}{chapter.6}% 2200
\BOOKMARK [1][-]{section.6.132}{\376\377\0006\000.\0001\0003\0002\000\040\000m\000a\000t\000e\000Q\0008\0004\000.\000X\000/\000m\000x\000c\000m\000d\000.\000c\000\040\000F\000i\000l\000e\000\040\000R\000e\000f\000e\000r\000e\000n\000c\000e}{chapter.6}% 2201
\BOOKMARK [2][-]{subsection.6.132.1}{\376\377\0006\000.\0001\0003\0002\000.\0001\000\040\000F\000u\000n\000c\000t\000i\000o\000n\000\040\000D\000o\000c\000u\000m\000e\000n\000t\000a\000t\000i\000o\000n}{section.6.132}% 2202
\BOOKMARK [3][-]{subsubsection.6.132.1.1}{\376\377\0006\000.\0001\0003\0002\000.\0001\000.\0001\000\040\000c\000a\000l\000c\000\137\000c\000h\000e\000c\000k\000s\000u\000m\000\050\000\051}{subsection.6.132.1}% 2203
\BOOKMARK [3][-]{subsubsection.6.132.1.2}{\376\377\0006\000.\0001\0003\0002\000.\0001\000.\0002\000\040\000F\000M\000\137\000i\000o\000\050\000\051}{subsection.6.132.1}% 2204
\BOOKMARK [3][-]{subsubsection.6.132.1.3}{\376\377\0006\000.\0001\0003\0002\000.\0001\000.\0003\000\040\000F\000M\000\137\000r\000e\000s\000t\000a\000r\000t\000\050\000\051}{subsection.6.132.1}% 2205
\BOOKMARK [3][-]{subsubsection.6.132.1.4}{\376\377\0006\000.\0001\0003\0002\000.\0001\000.\0004\000\040\000F\000M\000\137\000r\000x\000\050\000\051}{subsection.6.132.1}% 2206
\BOOKMARK [3][-]{subsubsection.6.132.1.5}{\376\377\0006\000.\0001\0003\0002\000.\0001\000.\0005\000\040\000F\000M\000\137\000r\000x\000\137\000c\000o\000u\000n\000t\000\050\000\051}{subsection.6.132.1}% 2207
\BOOKMARK [3][-]{subsubsection.6.132.1.6}{\376\377\0006\000.\0001\0003\0002\000.\0001\000.\0006\000\040\000F\000M\000\137\000r\000x\000\137\000r\000e\000a\000d\000y\000\050\000\051}{subsection.6.132.1}% 2208
\BOOKMARK [3][-]{subsubsection.6.132.1.7}{\376\377\0006\000.\0001\0003\0002\000.\0001\000.\0007\000\040\000F\000M\000\137\000t\000x\000\050\000\051}{subsection.6.132.1}% 2209
\BOOKMARK [3][-]{subsubsection.6.132.1.8}{\376\377\0006\000.\0001\0003\0002\000.\0001\000.\0008\000\040\000F\000M\000\137\000t\000x\000\137\000e\000m\000p\000t\000y\000\050\000\051}{subsection.6.132.1}% 2210
\BOOKMARK [3][-]{subsubsection.6.132.1.9}{\376\377\0006\000.\0001\0003\0002\000.\0001\000.\0009\000\040\000l\000p\000\137\000f\000i\000l\000t\000e\000r\000\050\000\051}{subsection.6.132.1}% 2211
\BOOKMARK [3][-]{subsubsection.6.132.1.10}{\376\377\0006\000.\0001\0003\0002\000.\0001\000.\0001\0000\000\040\000o\000n\000e\000s\000e\000c\000\137\000i\000o\000\050\000\051}{subsection.6.132.1}% 2212
\BOOKMARK [3][-]{subsubsection.6.132.1.11}{\376\377\0006\000.\0001\0003\0002\000.\0001\000.\0001\0001\000\040\000t\000e\000n\000s\000e\000c\000\137\000i\000o\000\050\000\051}{subsection.6.132.1}% 2213
\BOOKMARK [1][-]{section.6.133}{\376\377\0006\000.\0001\0003\0003\000\040\000m\000a\000t\000e\000Q\0008\0004\000.\000X\000/\000m\000x\000c\000m\000d\000.\000h\000\040\000F\000i\000l\000e\000\040\000R\000e\000f\000e\000r\000e\000n\000c\000e}{chapter.6}% 2214
\BOOKMARK [2][-]{subsection.6.133.1}{\376\377\0006\000.\0001\0003\0003\000.\0001\000\040\000M\000a\000c\000r\000o\000\040\000D\000e\000f\000i\000n\000i\000t\000i\000o\000n\000\040\000D\000o\000c\000u\000m\000e\000n\000t\000a\000t\000i\000o\000n}{section.6.133}% 2215
\BOOKMARK [3][-]{subsubsection.6.133.1.1}{\376\377\0006\000.\0001\0003\0003\000.\0001\000.\0001\000\040\000A\000M\000P\000\137\000W\000H\000O\000L\000E\000\137\000Z\000E\000R\000O}{subsection.6.133.1}% 2216
\BOOKMARK [3][-]{subsubsection.6.133.1.2}{\376\377\0006\000.\0001\0003\0003\000.\0001\000.\0002\000\040\000B\000U\000F\000F\000E\000R\000\137\000S\000P\000A\000C\000I\000N\000G}{subsection.6.133.1}% 2217
\BOOKMARK [3][-]{subsubsection.6.133.1.3}{\376\377\0006\000.\0001\0003\0003\000.\0001\000.\0003\000\040\000C\000M\000D\000\137\000C\000R\000C\000\137\000L\000E\000N}{subsection.6.133.1}% 2218
\BOOKMARK [3][-]{subsubsection.6.133.1.4}{\376\377\0006\000.\0001\0003\0003\000.\0001\000.\0004\000\040\000D\000T\000G\000\137\000L\000E\000N}{subsection.6.133.1}% 2219
\BOOKMARK [3][-]{subsubsection.6.133.1.5}{\376\377\0006\000.\0001\0003\0003\000.\0001\000.\0005\000\040\000F\000M\0008\0000\000\137\000I\000D}{subsection.6.133.1}% 2220
\BOOKMARK [3][-]{subsubsection.6.133.1.6}{\376\377\0006\000.\0001\0003\0003\000.\0001\000.\0006\000\040\000F\000M\000\137\000B\000U\000F\000F\000E\000R}{subsection.6.133.1}% 2221
\BOOKMARK [3][-]{subsubsection.6.133.1.7}{\376\377\0006\000.\0001\0003\0003\000.\0001\000.\0007\000\040\000F\000M\000x\000x\000\137\000S\000T\000A\000T\000E}{subsection.6.133.1}% 2222
\BOOKMARK [3][-]{subsubsection.6.133.1.8}{\376\377\0006\000.\0001\0003\0003\000.\0001\000.\0008\000\040\000I\000O\000\137\000T\000E\000S\000T}{subsection.6.133.1}% 2223
\BOOKMARK [3][-]{subsubsection.6.133.1.9}{\376\377\0006\000.\0001\0003\0003\000.\0001\000.\0009\000\040\000L\000P\000\137\000B\000U\000F\000F\000E\000R\000\137\000S\000I\000Z\000E}{subsection.6.133.1}% 2224
\BOOKMARK [3][-]{subsubsection.6.133.1.10}{\376\377\0006\000.\0001\0003\0003\000.\0001\000.\0001\0000\000\040\000M\000A\000X\000\137\000B\000\137\000B\000U\000F}{subsection.6.133.1}% 2225
\BOOKMARK [3][-]{subsubsection.6.133.1.11}{\376\377\0006\000.\0001\0003\0003\000.\0001\000.\0001\0001\000\040\000M\000A\000X\000\137\000C\000\137\000B\000U\000F}{subsection.6.133.1}% 2226
\BOOKMARK [3][-]{subsubsection.6.133.1.12}{\376\377\0006\000.\0001\0003\0003\000.\0001\000.\0001\0002\000\040\000O\000N\000L\000I\000N\000E\000\137\000T\000I\000M\000E\000O\000U\000T}{subsection.6.133.1}% 2227
\BOOKMARK [3][-]{subsubsection.6.133.1.13}{\376\377\0006\000.\0001\0003\0003\000.\0001\000.\0001\0003\000\040\000S\000P\000I\000N\000N\000E\000R\000\137\000S\000P\000E\000E\000D}{subsection.6.133.1}% 2228
\BOOKMARK [3][-]{subsubsection.6.133.1.14}{\376\377\0006\000.\0001\0003\0003\000.\0001\000.\0001\0004\000\040\000V\000E\000R}{subsection.6.133.1}% 2229
\BOOKMARK [2][-]{subsection.6.133.2}{\376\377\0006\000.\0001\0003\0003\000.\0002\000\040\000T\000y\000p\000e\000d\000e\000f\000\040\000D\000o\000c\000u\000m\000e\000n\000t\000a\000t\000i\000o\000n}{section.6.133}% 2230
\BOOKMARK [3][-]{subsubsection.6.133.2.1}{\376\377\0006\000.\0001\0003\0003\000.\0002\000.\0001\000\040\000B\000\137\000t\000y\000p\000e}{subsection.6.133.2}% 2231
\BOOKMARK [2][-]{subsection.6.133.3}{\376\377\0006\000.\0001\0003\0003\000.\0003\000\040\000E\000n\000u\000m\000e\000r\000a\000t\000i\000o\000n\000\040\000T\000y\000p\000e\000\040\000D\000o\000c\000u\000m\000e\000n\000t\000a\000t\000i\000o\000n}{section.6.133}% 2232
\BOOKMARK [3][-]{subsubsection.6.133.3.1}{\376\377\0006\000.\0001\0003\0003\000.\0003\000.\0001\000\040\000s\000t\000a\000t\000u\000s\000\137\000t\000y\000p\000e}{subsection.6.133.3}% 2233
\BOOKMARK [2][-]{subsection.6.133.4}{\376\377\0006\000.\0001\0003\0003\000.\0004\000\040\000F\000u\000n\000c\000t\000i\000o\000n\000\040\000D\000o\000c\000u\000m\000e\000n\000t\000a\000t\000i\000o\000n}{section.6.133}% 2234
\BOOKMARK [3][-]{subsubsection.6.133.4.1}{\376\377\0006\000.\0001\0003\0003\000.\0004\000.\0001\000\040\000c\000a\000l\000c\000\137\000c\000h\000e\000c\000k\000s\000u\000m\000\050\000\051}{subsection.6.133.4}% 2235
\BOOKMARK [3][-]{subsubsection.6.133.4.2}{\376\377\0006\000.\0001\0003\0003\000.\0004\000.\0002\000\040\000F\000M\000\137\000i\000o\000\050\000\051}{subsection.6.133.4}% 2236
\BOOKMARK [3][-]{subsubsection.6.133.4.3}{\376\377\0006\000.\0001\0003\0003\000.\0004\000.\0003\000\040\000F\000M\000\137\000r\000e\000s\000t\000a\000r\000t\000\050\000\051}{subsection.6.133.4}% 2237
\BOOKMARK [3][-]{subsubsection.6.133.4.4}{\376\377\0006\000.\0001\0003\0003\000.\0004\000.\0004\000\040\000F\000M\000\137\000r\000x\000\050\000\051}{subsection.6.133.4}% 2238
\BOOKMARK [3][-]{subsubsection.6.133.4.5}{\376\377\0006\000.\0001\0003\0003\000.\0004\000.\0005\000\040\000F\000M\000\137\000r\000x\000\137\000c\000o\000u\000n\000t\000\050\000\051}{subsection.6.133.4}% 2239
\BOOKMARK [3][-]{subsubsection.6.133.4.6}{\376\377\0006\000.\0001\0003\0003\000.\0004\000.\0006\000\040\000F\000M\000\137\000r\000x\000\137\000r\000e\000a\000d\000y\000\050\000\051}{subsection.6.133.4}% 2240
\BOOKMARK [3][-]{subsubsection.6.133.4.7}{\376\377\0006\000.\0001\0003\0003\000.\0004\000.\0007\000\040\000F\000M\000\137\000t\000x\000\050\000\051}{subsection.6.133.4}% 2241
\BOOKMARK [3][-]{subsubsection.6.133.4.8}{\376\377\0006\000.\0001\0003\0003\000.\0004\000.\0008\000\040\000F\000M\000\137\000t\000x\000\137\000e\000m\000p\000t\000y\000\050\000\051}{subsection.6.133.4}% 2242
\BOOKMARK [3][-]{subsubsection.6.133.4.9}{\376\377\0006\000.\0001\0003\0003\000.\0004\000.\0009\000\040\000l\000p\000\137\000f\000i\000l\000t\000e\000r\000\050\000\051}{subsection.6.133.4}% 2243
\BOOKMARK [3][-]{subsubsection.6.133.4.10}{\376\377\0006\000.\0001\0003\0003\000.\0004\000.\0001\0000\000\040\000o\000n\000e\000s\000e\000c\000\137\000i\000o\000\050\000\051}{subsection.6.133.4}% 2244
\BOOKMARK [3][-]{subsubsection.6.133.4.11}{\376\377\0006\000.\0001\0003\0003\000.\0004\000.\0001\0001\000\040\000t\000e\000n\000s\000e\000c\000\137\000i\000o\000\050\000\051}{subsection.6.133.4}% 2245
\BOOKMARK [3][-]{subsubsection.6.133.4.12}{\376\377\0006\000.\0001\0003\0003\000.\0004\000.\0001\0002\000\040\000w\000d\000t\000d\000e\000l\000a\000y\000\050\000\051}{subsection.6.133.4}% 2246
\BOOKMARK [2][-]{subsection.6.133.5}{\376\377\0006\000.\0001\0003\0003\000.\0005\000\040\000V\000a\000r\000i\000a\000b\000l\000e\000\040\000D\000o\000c\000u\000m\000e\000n\000t\000a\000t\000i\000o\000n}{section.6.133}% 2247
\BOOKMARK [3][-]{subsubsection.6.133.5.1}{\376\377\0006\000.\0001\0003\0003\000.\0005\000.\0001\000\040\000B}{subsection.6.133.5}% 2248
\BOOKMARK [3][-]{subsubsection.6.133.5.2}{\376\377\0006\000.\0001\0003\0003\000.\0005\000.\0002\000\040\000b\000u\000i\000l\000d\000\137\000v\000e\000r\000s\000i\000o\000n}{subsection.6.133.5}% 2249
\BOOKMARK [3][-]{subsubsection.6.133.5.3}{\376\377\0006\000.\0001\0003\0003\000.\0005\000.\0003\000\040\000c\000a\000n\000b\000u\000s\000\137\000n\000a\000m\000e}{subsection.6.133.5}% 2250
\BOOKMARK [3][-]{subsubsection.6.133.5.4}{\376\377\0006\000.\0001\0003\0003\000.\0005\000.\0004\000\040\000c\000m\000d\000\137\000b\000a\000t\000t\000e\000r\000y\000a}{subsection.6.133.5}% 2251
\BOOKMARK [3][-]{subsubsection.6.133.5.5}{\376\377\0006\000.\0001\0003\0003\000.\0005\000.\0005\000\040\000c\000m\000d\000\137\000b\000a\000t\000t\000e\000r\000y\000v}{subsection.6.133.5}% 2252
\BOOKMARK [3][-]{subsubsection.6.133.5.6}{\376\377\0006\000.\0001\0003\0003\000.\0005\000.\0006\000\040\000c\000m\000d\000\137\000d\000a\000t\000e}{subsection.6.133.5}% 2253
\BOOKMARK [3][-]{subsubsection.6.133.5.7}{\376\377\0006\000.\0001\0003\0003\000.\0005\000.\0007\000\040\000c\000m\000d\000\137\000f\000w\000r\000e\000v\000a}{subsection.6.133.5}% 2254
\BOOKMARK [3][-]{subsubsection.6.133.5.8}{\376\377\0006\000.\0001\0003\0003\000.\0005\000.\0008\000\040\000c\000m\000d\000\137\000f\000w\000r\000e\000v\000b}{subsection.6.133.5}% 2255
\BOOKMARK [3][-]{subsubsection.6.133.5.9}{\376\377\0006\000.\0001\0003\0003\000.\0005\000.\0009\000\040\000c\000m\000d\000\137\000f\000w\000r\000e\000v\000c}{subsection.6.133.5}% 2256
\BOOKMARK [3][-]{subsubsection.6.133.5.10}{\376\377\0006\000.\0001\0003\0003\000.\0005\000.\0001\0000\000\040\000c\000m\000d\000\137\000i\000d}{subsection.6.133.5}% 2257
\BOOKMARK [3][-]{subsubsection.6.133.5.11}{\376\377\0006\000.\0001\0003\0003\000.\0005\000.\0001\0001\000\040\000c\000m\000d\000\137\000m\000i\000s\000c}{subsection.6.133.5}% 2258
\BOOKMARK [3][-]{subsubsection.6.133.5.12}{\376\377\0006\000.\0001\0003\0003\000.\0005\000.\0001\0002\000\040\000c\000m\000d\000\137\000m\000x\000\137\000l\000o\000g}{subsection.6.133.5}% 2259
\BOOKMARK [3][-]{subsubsection.6.133.5.13}{\376\377\0006\000.\0001\0003\0003\000.\0005\000.\0001\0003\000\040\000c\000m\000d\000\137\000m\000x\000\137\000s\000t\000a\000t\000u\000s}{subsection.6.133.5}% 2260
\BOOKMARK [3][-]{subsubsection.6.133.5.14}{\376\377\0006\000.\0001\0003\0003\000.\0005\000.\0001\0004\000\040\000c\000m\000d\000\137\000p\000a\000n\000e\000l\000v}{subsection.6.133.5}% 2261
\BOOKMARK [3][-]{subsubsection.6.133.5.15}{\376\377\0006\000.\0001\0003\0003\000.\0005\000.\0001\0005\000\040\000c\000m\000d\000\137\000s\000t\000a\000t\000u\000s}{subsection.6.133.5}% 2262
\BOOKMARK [3][-]{subsubsection.6.133.5.16}{\376\377\0006\000.\0001\0003\0003\000.\0005\000.\0001\0006\000\040\000c\000m\000d\000\137\000t\000i\000m\000e}{subsection.6.133.5}% 2263
\BOOKMARK [3][-]{subsubsection.6.133.5.17}{\376\377\0006\000.\0001\0003\0003\000.\0005\000.\0001\0007\000\040\000c\000m\000d\000\137\000w\000a\000t\000t\000s}{subsection.6.133.5}% 2264
\BOOKMARK [3][-]{subsubsection.6.133.5.18}{\376\377\0006\000.\0001\0003\0003\000.\0005\000.\0001\0008\000\040\000F\000M\0008\0000\000\137\000n\000a\000m\000e}{subsection.6.133.5}% 2265
\BOOKMARK [3][-]{subsubsection.6.133.5.19}{\376\377\0006\000.\0001\0003\0003\000.\0005\000.\0001\0009\000\040\000m\000o\000d\000b\000u\000s\000\137\000n\000a\000m\000e}{subsection.6.133.5}% 2266
\BOOKMARK [3][-]{subsubsection.6.133.5.20}{\376\377\0006\000.\0001\0003\0003\000.\0005\000.\0002\0000\000\040\000s\000t\000a\000t\000e\000\137\000n\000a\000m\000e}{subsection.6.133.5}% 2267
\BOOKMARK [1][-]{section.6.134}{\376\377\0006\000.\0001\0003\0004\000\040\000m\000x\000c\000m\000d\000.\000h}{chapter.6}% 2268
\BOOKMARK [1][-]{section.6.135}{\376\377\0006\000.\0001\0003\0005\000\040\000m\000o\000d\000b\000u\000s\000\137\000m\000a\000s\000t\000e\000r\000.\000c\000\040\000F\000i\000l\000e\000\040\000R\000e\000f\000e\000r\000e\000n\000c\000e}{chapter.6}% 2269
\BOOKMARK [2][-]{subsection.6.135.1}{\376\377\0006\000.\0001\0003\0005\000.\0001\000\040\000M\000a\000c\000r\000o\000\040\000D\000e\000f\000i\000n\000i\000t\000i\000o\000n\000\040\000D\000o\000c\000u\000m\000e\000n\000t\000a\000t\000i\000o\000n}{section.6.135}% 2270
\BOOKMARK [3][-]{subsubsection.6.135.1.1}{\376\377\0006\000.\0001\0003\0005\000.\0001\000.\0001\000\040\000O\000F\000F}{subsection.6.135.1}% 2271
\BOOKMARK [3][-]{subsubsection.6.135.1.2}{\376\377\0006\000.\0001\0003\0005\000.\0001\000.\0002\000\040\000O\000N}{subsection.6.135.1}% 2272
\BOOKMARK [2][-]{subsection.6.135.2}{\376\377\0006\000.\0001\0003\0005\000.\0002\000\040\000F\000u\000n\000c\000t\000i\000o\000n\000\040\000D\000o\000c\000u\000m\000e\000n\000t\000a\000t\000i\000o\000n}{section.6.135}% 2273
\BOOKMARK [3][-]{subsubsection.6.135.2.1}{\376\377\0006\000.\0001\0003\0005\000.\0002\000.\0001\000\040\000c\000l\000e\000a\000r\000\137\0002\000h\000z\000\050\000\051}{subsection.6.135.2}% 2274
\BOOKMARK [3][-]{subsubsection.6.135.2.2}{\376\377\0006\000.\0001\0003\0005\000.\0002\000.\0002\000\040\000c\000l\000e\000a\000r\000\137\0005\0000\0000\000a\000h\000z\000\050\000\051}{subsection.6.135.2}% 2275
\BOOKMARK [3][-]{subsubsection.6.135.2.3}{\376\377\0006\000.\0001\0003\0005\000.\0002\000.\0003\000\040\000c\000l\000e\000a\000r\000\137\0005\0000\0000\000h\000z\000\050\000\051}{subsection.6.135.2}% 2276
\BOOKMARK [3][-]{subsubsection.6.135.2.4}{\376\377\0006\000.\0001\0003\0005\000.\0002\000.\0004\000\040\000c\000r\000c\0001\0006\000\050\000\051}{subsection.6.135.2}% 2277
\BOOKMARK [3][-]{subsubsection.6.135.2.5}{\376\377\0006\000.\0001\0003\0005\000.\0002\000.\0005\000\040\000g\000e\000t\000\137\0002\000h\000z\000\050\000\051}{subsection.6.135.2}% 2278
\BOOKMARK [3][-]{subsubsection.6.135.2.6}{\376\377\0006\000.\0001\0003\0005\000.\0002\000.\0006\000\040\000g\000e\000t\000\137\0005\0000\0000\000a\000h\000z\000\050\000\051}{subsection.6.135.2}% 2279
\BOOKMARK [3][-]{subsubsection.6.135.2.7}{\376\377\0006\000.\0001\0003\0005\000.\0002\000.\0007\000\040\000g\000e\000t\000\137\0005\0000\0000\000h\000z\000\050\000\051}{subsection.6.135.2}% 2280
\BOOKMARK [3][-]{subsubsection.6.135.2.8}{\376\377\0006\000.\0001\0003\0005\000.\0002\000.\0008\000\040\000i\000n\000i\000t\000\137\000m\000b\000\137\000m\000a\000s\000t\000e\000r\000\137\000t\000i\000m\000e\000r\000s\000\050\000\051}{subsection.6.135.2}% 2281
\BOOKMARK [3][-]{subsubsection.6.135.2.9}{\376\377\0006\000.\0001\0003\0005\000.\0002\000.\0009\000\040\000i\000n\000i\000t\000\137\000s\000t\000r\000e\000a\000m\000\137\000p\000a\000r\000a\000m\000s\000\050\000\051}{subsection.6.135.2}% 2282
\BOOKMARK [3][-]{subsubsection.6.135.2.10}{\376\377\0006\000.\0001\0003\0005\000.\0002\000.\0001\0000\000\040\000m\000a\000s\000t\000e\000r\000\137\000c\000o\000n\000t\000r\000o\000l\000l\000e\000r\000\137\000w\000o\000r\000k\000\050\000\051}{subsection.6.135.2}% 2283
\BOOKMARK [3][-]{subsubsection.6.135.2.11}{\376\377\0006\000.\0001\0003\0005\000.\0002\000.\0001\0001\000\040\000m\000b\0001\0006\000\137\000s\000w\000a\000p\000\050\000\051}{subsection.6.135.2}% 2284
\BOOKMARK [3][-]{subsubsection.6.135.2.12}{\376\377\0006\000.\0001\0003\0005\000.\0002\000.\0001\0002\000\040\000m\000b\0003\0002\000\137\000s\000w\000a\000p\000\050\000\051}{subsection.6.135.2}% 2285
\BOOKMARK [3][-]{subsubsection.6.135.2.13}{\376\377\0006\000.\0001\0003\0005\000.\0002\000.\0001\0003\000\040\000m\000b\000\137\000s\000e\000t\000u\000p\000\050\000\051}{subsection.6.135.2}% 2286
\BOOKMARK [3][-]{subsubsection.6.135.2.14}{\376\377\0006\000.\0001\0003\0005\000.\0002\000.\0001\0004\000\040\000m\000b\000\137\000t\000x\000\137\000t\000e\000s\000t\000\050\000\051}{subsection.6.135.2}% 2287
\BOOKMARK [3][-]{subsubsection.6.135.2.15}{\376\377\0006\000.\0001\0003\0005\000.\0002\000.\0001\0005\000\040\000m\000o\000d\000b\000u\000s\000\137\000r\000t\000u\000\137\000s\000e\000n\000d\000\137\000m\000s\000g\000\050\000\051}{subsection.6.135.2}% 2288
\BOOKMARK [3][-]{subsubsection.6.135.2.16}{\376\377\0006\000.\0001\0003\0005\000.\0002\000.\0001\0006\000\040\000m\000y\000\137\000m\000o\000d\000b\000u\000s\000\137\000r\000x\000\137\0003\0002\000\050\000\051}{subsection.6.135.2}% 2289
\BOOKMARK [3][-]{subsubsection.6.135.2.17}{\376\377\0006\000.\0001\0003\0005\000.\0002\000.\0001\0007\000\040\000t\000i\000m\000e\000r\000\137\0002\000m\000s\000\137\000t\000i\000c\000k\000\050\000\051}{subsection.6.135.2}% 2290
\BOOKMARK [3][-]{subsubsection.6.135.2.18}{\376\377\0006\000.\0001\0003\0005\000.\0002\000.\0001\0008\000\040\000t\000i\000m\000e\000r\000\137\0005\0000\0000\000m\000s\000\137\000t\000i\000c\000k\000\050\000\051}{subsection.6.135.2}% 2291
\BOOKMARK [2][-]{subsection.6.135.3}{\376\377\0006\000.\0001\0003\0005\000.\0003\000\040\000V\000a\000r\000i\000a\000b\000l\000e\000\040\000D\000o\000c\000u\000m\000e\000n\000t\000a\000t\000i\000o\000n}{section.6.135}% 2292
\BOOKMARK [3][-]{subsubsection.6.135.3.1}{\376\377\0006\000.\0001\0003\0005\000.\0003\000.\0001\000\040\000C}{subsection.6.135.3}% 2293
\BOOKMARK [3][-]{subsubsection.6.135.3.2}{\376\377\0006\000.\0001\0003\0005\000.\0003\000.\0002\000\040\000c\000c\000\137\000b\000u\000f\000f\000e\000r}{subsection.6.135.3}% 2294
\BOOKMARK [3][-]{subsubsection.6.135.3.3}{\376\377\0006\000.\0001\0003\0005\000.\0003\000.\0003\000\040\000c\000c\000\137\000b\000u\000f\000f\000e\000r\000\137\000t\000x}{subsection.6.135.3}% 2295
\BOOKMARK [3][-]{subsubsection.6.135.3.4}{\376\377\0006\000.\0001\0003\0005\000.\0003\000.\0004\000\040\000c\000c\000\137\000s\000t\000r\000e\000a\000m\000\137\000f\000i\000l\000e}{subsection.6.135.3}% 2296
\BOOKMARK [3][-]{subsubsection.6.135.3.5}{\376\377\0006\000.\0001\0003\0005\000.\0003\000.\0005\000\040\000e\000m}{subsection.6.135.3}% 2297
\BOOKMARK [3][-]{subsubsection.6.135.3.6}{\376\377\0006\000.\0001\0003\0005\000.\0003\000.\0006\000\040\000e\000m\000\137\000c\000o\000n\000f\000i\000g}{subsection.6.135.3}% 2298
\BOOKMARK [3][-]{subsubsection.6.135.3.7}{\376\377\0006\000.\0001\0003\0005\000.\0003\000.\0007\000\040\000e\000m\000\137\000d\000a\000t\000a\0001}{subsection.6.135.3}% 2299
\BOOKMARK [3][-]{subsubsection.6.135.3.8}{\376\377\0006\000.\0001\0003\0005\000.\0003\000.\0008\000\040\000e\000m\000\137\000d\000a\000t\000a\0002}{subsection.6.135.3}% 2300
\BOOKMARK [3][-]{subsubsection.6.135.3.9}{\376\377\0006\000.\0001\0003\0005\000.\0003\000.\0009\000\040\000e\000m\000\137\000i\000d}{subsection.6.135.3}% 2301
\BOOKMARK [3][-]{subsubsection.6.135.3.10}{\376\377\0006\000.\0001\0003\0005\000.\0003\000.\0001\0000\000\040\000e\000m\000\137\000l\000i\000g\000h\000t}{subsection.6.135.3}% 2302
\BOOKMARK [3][-]{subsubsection.6.135.3.11}{\376\377\0006\000.\0001\0003\0005\000.\0003\000.\0001\0001\000\040\000e\000m\000\137\000p\000a\000s\000s\000w\000d}{subsection.6.135.3}% 2303
\BOOKMARK [3][-]{subsubsection.6.135.3.12}{\376\377\0006\000.\0001\0003\0005\000.\0003\000.\0001\0002\000\040\000e\000m\000\137\000s\000e\000r\000i\000a\000l}{subsection.6.135.3}% 2304
\BOOKMARK [3][-]{subsubsection.6.135.3.13}{\376\377\0006\000.\0001\0003\0005\000.\0003\000.\0001\0003\000\040\000e\000m\000\137\000v\000e\000r\000s\000i\000o\000n}{subsection.6.135.3}% 2305
\BOOKMARK [3][-]{subsubsection.6.135.3.14}{\376\377\0006\000.\0001\0003\0005\000.\0003\000.\0001\0004\000\040\000e\000m\000s}{subsection.6.135.3}% 2306
\BOOKMARK [3][-]{subsubsection.6.135.3.15}{\376\377\0006\000.\0001\0003\0005\000.\0003\000.\0001\0005\000\040\000e\000m\000t}{subsection.6.135.3}% 2307
\BOOKMARK [3][-]{subsubsection.6.135.3.16}{\376\377\0006\000.\0001\0003\0005\000.\0003\000.\0001\0006\000\040\000e\000m\000v}{subsection.6.135.3}% 2308
\BOOKMARK [3][-]{subsubsection.6.135.3.17}{\376\377\0006\000.\0001\0003\0005\000.\0003\000.\0001\0007\000\040\000M}{subsection.6.135.3}% 2309
\BOOKMARK [3][-]{subsubsection.6.135.3.18}{\376\377\0006\000.\0001\0003\0005\000.\0003\000.\0001\0008\000\040\000m\000o\000d\000b\000u\000s\000\137\000e\000m\000\137\000c\000o\000n\000f\000i\000g}{subsection.6.135.3}% 2310
\BOOKMARK [3][-]{subsubsection.6.135.3.19}{\376\377\0006\000.\0001\0003\0005\000.\0003\000.\0001\0009\000\040\000m\000o\000d\000b\000u\000s\000\137\000e\000m\000\137\000d\000a\000t\000a\0001}{subsection.6.135.3}% 2311
\BOOKMARK [3][-]{subsubsection.6.135.3.20}{\376\377\0006\000.\0001\0003\0005\000.\0003\000.\0002\0000\000\040\000m\000o\000d\000b\000u\000s\000\137\000e\000m\000\137\000d\000a\000t\000a\0002}{subsection.6.135.3}% 2312
\BOOKMARK [3][-]{subsubsection.6.135.3.21}{\376\377\0006\000.\0001\0003\0005\000.\0003\000.\0002\0001\000\040\000m\000o\000d\000b\000u\000s\000\137\000e\000m\000\137\000i\000d}{subsection.6.135.3}% 2313
\BOOKMARK [3][-]{subsubsection.6.135.3.22}{\376\377\0006\000.\0001\0003\0005\000.\0003\000.\0002\0002\000\040\000m\000o\000d\000b\000u\000s\000\137\000e\000m\000\137\000l\000i\000g\000h\000t}{subsection.6.135.3}% 2314
\BOOKMARK [3][-]{subsubsection.6.135.3.23}{\376\377\0006\000.\0001\0003\0005\000.\0003\000.\0002\0003\000\040\000m\000o\000d\000b\000u\000s\000\137\000e\000m\000\137\000p\000a\000s\000s\000w\000d}{subsection.6.135.3}% 2315
\BOOKMARK [3][-]{subsubsection.6.135.3.24}{\376\377\0006\000.\0001\0003\0005\000.\0003\000.\0002\0004\000\040\000m\000o\000d\000b\000u\000s\000\137\000e\000m\000\137\000s\000e\000r\000i\000a\000l}{subsection.6.135.3}% 2316
\BOOKMARK [3][-]{subsubsection.6.135.3.25}{\376\377\0006\000.\0001\0003\0005\000.\0003\000.\0002\0005\000\040\000m\000o\000d\000b\000u\000s\000\137\000e\000m\000\137\000v\000e\000r\000s\000i\000o\000n}{subsection.6.135.3}% 2317
\BOOKMARK [3][-]{subsubsection.6.135.3.26}{\376\377\0006\000.\0001\0003\0005\000.\0003\000.\0002\0006\000\040\000M\000T}{subsection.6.135.3}% 2318
\BOOKMARK [3][-]{subsubsection.6.135.3.27}{\376\377\0006\000.\0001\0003\0005\000.\0003\000.\0002\0007\000\040\000V}{subsection.6.135.3}% 2319
\BOOKMARK [1][-]{section.6.136}{\376\377\0006\000.\0001\0003\0006\000\040\000m\000o\000d\000b\000u\000s\000\137\000m\000a\000s\000t\000e\000r\000.\000h\000\040\000F\000i\000l\000e\000\040\000R\000e\000f\000e\000r\000e\000n\000c\000e}{chapter.6}% 2320
\BOOKMARK [2][-]{subsection.6.136.1}{\376\377\0006\000.\0001\0003\0006\000.\0001\000\040\000M\000a\000c\000r\000o\000\040\000D\000e\000f\000i\000n\000i\000t\000i\000o\000n\000\040\000D\000o\000c\000u\000m\000e\000n\000t\000a\000t\000i\000o\000n}{section.6.136}% 2321
\BOOKMARK [3][-]{subsubsection.6.136.1.1}{\376\377\0006\000.\0001\0003\0006\000.\0001\000.\0001\000\040\000B\000O\000F\000F}{subsection.6.136.1}% 2322
\BOOKMARK [3][-]{subsubsection.6.136.1.2}{\376\377\0006\000.\0001\0003\0006\000.\0001\000.\0002\000\040\000B\000O\000N}{subsection.6.136.1}% 2323
\BOOKMARK [3][-]{subsubsection.6.136.1.3}{\376\377\0006\000.\0001\0003\0006\000.\0001\000.\0003\000\040\000C\000D\000E\000L\000A\000Y}{subsection.6.136.1}% 2324
\BOOKMARK [3][-]{subsubsection.6.136.1.4}{\376\377\0006\000.\0001\0003\0006\000.\0001\000.\0004\000\040\000D\000B\000U\000G\000\137\000R}{subsection.6.136.1}% 2325
\BOOKMARK [3][-]{subsubsection.6.136.1.5}{\376\377\0006\000.\0001\0003\0006\000.\0001\000.\0005\000\040\000D\000U\000P\000L\000\137\000D\000E\000L\000A\000Y}{subsection.6.136.1}% 2326
\BOOKMARK [3][-]{subsubsection.6.136.1.6}{\376\377\0006\000.\0001\0003\0006\000.\0001\000.\0006\000\040\000E\000M\000\137\000D\000A\000T\000A\000\137\000L\000E\000N\0001}{subsection.6.136.1}% 2327
\BOOKMARK [3][-]{subsubsection.6.136.1.7}{\376\377\0006\000.\0001\0003\0006\000.\0001\000.\0007\000\040\000E\000M\000\137\000D\000A\000T\000A\000\137\000L\000E\000N\0002}{subsection.6.136.1}% 2328
\BOOKMARK [3][-]{subsubsection.6.136.1.8}{\376\377\0006\000.\0001\0003\0006\000.\0001\000.\0008\000\040\000F\000A\000S\000T\000Q}{subsection.6.136.1}% 2329
\BOOKMARK [3][-]{subsubsection.6.136.1.9}{\376\377\0006\000.\0001\0003\0006\000.\0001\000.\0009\000\040\000I\000N\000T\000\137\000T\000R\000A\000C\000E}{subsection.6.136.1}% 2330
\BOOKMARK [3][-]{subsubsection.6.136.1.10}{\376\377\0006\000.\0001\0003\0006\000.\0001\000.\0001\0000\000\040\000M\000A\000D\000D\000R}{subsection.6.136.1}% 2331
\BOOKMARK [3][-]{subsubsection.6.136.1.11}{\376\377\0006\000.\0001\0003\0006\000.\0001\000.\0001\0001\000\040\000M\000A\000X\000\137\000D\000A\000T\000A}{subsection.6.136.1}% 2332
\BOOKMARK [3][-]{subsubsection.6.136.1.12}{\376\377\0006\000.\0001\0003\0006\000.\0001\000.\0001\0002\000\040\000M\000B\000\137\000E\000M\0005\0004\0000}{subsection.6.136.1}% 2333
\BOOKMARK [3][-]{subsubsection.6.136.1.13}{\376\377\0006\000.\0001\0003\0006\000.\0001\000.\0001\0003\000\040\000M\000B\000\137\000E\000M\0005\0004\0000\000\137\000I\000D\000\137\000H}{subsection.6.136.1}% 2334
\BOOKMARK [3][-]{subsubsection.6.136.1.14}{\376\377\0006\000.\0001\0003\0006\000.\0001\000.\0001\0004\000\040\000M\000B\000\137\000E\000M\0005\0004\0000\000\137\000I\000D\000\137\000L}{subsection.6.136.1}% 2335
\BOOKMARK [3][-]{subsubsection.6.136.1.15}{\376\377\0006\000.\0001\0003\0006\000.\0001\000.\0001\0005\000\040\000M\000B\000\137\000M\000A\000S\000T\000E\000R}{subsection.6.136.1}% 2336
\BOOKMARK [3][-]{subsubsection.6.136.1.16}{\376\377\0006\000.\0001\0003\0006\000.\0001\000.\0001\0006\000\040\000M\000M\000\137\000E\000R\000R\000O\000R\000\137\000C}{subsection.6.136.1}% 2337
\BOOKMARK [3][-]{subsubsection.6.136.1.17}{\376\377\0006\000.\0001\0003\0006\000.\0001\000.\0001\0007\000\040\000M\000M\000\137\000E\000R\000R\000O\000R\000\137\000S}{subsection.6.136.1}% 2338
\BOOKMARK [3][-]{subsubsection.6.136.1.18}{\376\377\0006\000.\0001\0003\0006\000.\0001\000.\0001\0008\000\040\000Q\000D\000E\000L\000A\000Y}{subsection.6.136.1}% 2339
\BOOKMARK [3][-]{subsubsection.6.136.1.19}{\376\377\0006\000.\0001\0003\0006\000.\0001\000.\0001\0009\000\040\000R\000D\000E\000L\000A\000Y}{subsection.6.136.1}% 2340
\BOOKMARK [3][-]{subsubsection.6.136.1.20}{\376\377\0006\000.\0001\0003\0006\000.\0001\000.\0002\0000\000\040\000R\000E\000A\000D\000\137\000C\000O\000I\000L\000S}{subsection.6.136.1}% 2341
\BOOKMARK [3][-]{subsubsection.6.136.1.21}{\376\377\0006\000.\0001\0003\0006\000.\0001\000.\0002\0001\000\040\000R\000E\000A\000D\000\137\000D\000I\000S\000C\000R\000E\000T\000E\000\137\000I\000N\000P\000U\000T\000S}{subsection.6.136.1}% 2342
\BOOKMARK [3][-]{subsubsection.6.136.1.22}{\376\377\0006\000.\0001\0003\0006\000.\0001\000.\0002\0002\000\040\000R\000E\000A\000D\000\137\000H\000O\000L\000D\000I\000N\000G\000\137\000R\000E\000G\000I\000S\000T\000E\000R\000S}{subsection.6.136.1}% 2343
\BOOKMARK [3][-]{subsubsection.6.136.1.23}{\376\377\0006\000.\0001\0003\0006\000.\0001\000.\0002\0003\000\040\000R\000E\000A\000D\000\137\000I\000N\000P\000U\000T\000\137\000R\000E\000G\000I\000S\000T\000E\000R\000S}{subsection.6.136.1}% 2344
\BOOKMARK [3][-]{subsubsection.6.136.1.24}{\376\377\0006\000.\0001\0003\0006\000.\0001\000.\0002\0004\000\040\000S\000E\000R\000I\000A\000L\000\137\000D\000A\000T\000A\000\137\000L\000E\000N}{subsection.6.136.1}% 2345
\BOOKMARK [3][-]{subsubsection.6.136.1.25}{\376\377\0006\000.\0001\0003\0006\000.\0001\000.\0002\0005\000\040\000S\000e\000r\000r\000o\000r}{subsection.6.136.1}% 2346
\BOOKMARK [3][-]{subsubsection.6.136.1.26}{\376\377\0006\000.\0001\0003\0006\000.\0001\000.\0002\0006\000\040\000S\000P\000A\000C\000I\000N\000G}{subsection.6.136.1}% 2347
\BOOKMARK [3][-]{subsubsection.6.136.1.27}{\376\377\0006\000.\0001\0003\0006\000.\0001\000.\0002\0007\000\040\000S\000r\000b\000u\000f\000f\000e\000r}{subsection.6.136.1}% 2348
\BOOKMARK [3][-]{subsubsection.6.136.1.28}{\376\377\0006\000.\0001\0003\0006\000.\0001\000.\0002\0008\000\040\000S\000r\000e\000a\000d}{subsection.6.136.1}% 2349
\BOOKMARK [3][-]{subsubsection.6.136.1.29}{\376\377\0006\000.\0001\0003\0006\000.\0001\000.\0002\0009\000\040\000S\000t\000r\000m\000t}{subsection.6.136.1}% 2350
\BOOKMARK [3][-]{subsubsection.6.136.1.30}{\376\377\0006\000.\0001\0003\0006\000.\0001\000.\0003\0000\000\040\000S\000W\000M\000B\000M\000V\000E\000R}{subsection.6.136.1}% 2351
\BOOKMARK [3][-]{subsubsection.6.136.1.31}{\376\377\0006\000.\0001\0003\0006\000.\0001\000.\0003\0001\000\040\000S\000w\000r\000i\000t\000e}{subsection.6.136.1}% 2352
\BOOKMARK [3][-]{subsubsection.6.136.1.32}{\376\377\0006\000.\0001\0003\0006\000.\0001\000.\0003\0002\000\040\000T\000D\000E\000L\000A\000Y}{subsection.6.136.1}% 2353
\BOOKMARK [3][-]{subsubsection.6.136.1.33}{\376\377\0006\000.\0001\0003\0006\000.\0001\000.\0003\0003\000\040\000T\000E\000D\000E\000L\000A\000Y}{subsection.6.136.1}% 2354
\BOOKMARK [3][-]{subsubsection.6.136.1.34}{\376\377\0006\000.\0001\0003\0006\000.\0001\000.\0003\0004\000\040\000T\000O\000D\000E\000L\000A\000Y}{subsection.6.136.1}% 2355
\BOOKMARK [3][-]{subsubsection.6.136.1.35}{\376\377\0006\000.\0001\0003\0006\000.\0001\000.\0003\0005\000\040\000W\000R\000I\000T\000E\000\137\000M\000U\000L\000T\000I\000P\000L\000E\000\137\000C\000O\000I\000L\000S}{subsection.6.136.1}% 2356
\BOOKMARK [3][-]{subsubsection.6.136.1.36}{\376\377\0006\000.\0001\0003\0006\000.\0001\000.\0003\0006\000\040\000W\000R\000I\000T\000E\000\137\000M\000U\000L\000T\000I\000P\000L\000E\000\137\000R\000E\000G\000I\000S\000T\000E\000R\000S}{subsection.6.136.1}% 2357
\BOOKMARK [3][-]{subsubsection.6.136.1.37}{\376\377\0006\000.\0001\0003\0006\000.\0001\000.\0003\0007\000\040\000W\000R\000I\000T\000E\000\137\000S\000I\000N\000G\000L\000E\000\137\000C\000O\000I\000L}{subsection.6.136.1}% 2358
\BOOKMARK [3][-]{subsubsection.6.136.1.38}{\376\377\0006\000.\0001\0003\0006\000.\0001\000.\0003\0008\000\040\000W\000R\000I\000T\000E\000\137\000S\000I\000N\000G\000L\000E\000\137\000R\000E\000G\000I\000S\000T\000E\000R}{subsection.6.136.1}% 2359
\BOOKMARK [2][-]{subsection.6.136.2}{\376\377\0006\000.\0001\0003\0006\000.\0002\000\040\000T\000y\000p\000e\000d\000e\000f\000\040\000D\000o\000c\000u\000m\000e\000n\000t\000a\000t\000i\000o\000n}{section.6.136}% 2360
\BOOKMARK [3][-]{subsubsection.6.136.2.1}{\376\377\0006\000.\0001\0003\0006\000.\0002\000.\0001\000\040\000C\000\137\000d\000a\000t\000a}{subsection.6.136.2}% 2361
\BOOKMARK [3][-]{subsubsection.6.136.2.2}{\376\377\0006\000.\0001\0003\0006\000.\0002\000.\0002\000\040\000c\000m\000d\000\137\000t\000y\000p\000e}{subsection.6.136.2}% 2362
\BOOKMARK [3][-]{subsubsection.6.136.2.3}{\376\377\0006\000.\0001\0003\0006\000.\0002\000.\0003\000\040\000c\000o\000m\000m\000\137\000t\000y\000p\000e}{subsection.6.136.2}% 2363
\BOOKMARK [3][-]{subsubsection.6.136.2.4}{\376\377\0006\000.\0001\0003\0006\000.\0002\000.\0004\000\040\000E\000M\000\137\000d\000a\000t\000a\0001}{subsection.6.136.2}% 2364
\BOOKMARK [3][-]{subsubsection.6.136.2.5}{\376\377\0006\000.\0001\0003\0006\000.\0002\000.\0005\000\040\000E\000M\000\137\000d\000a\000t\000a\0002}{subsection.6.136.2}% 2365
\BOOKMARK [3][-]{subsubsection.6.136.2.6}{\376\377\0006\000.\0001\0003\0006\000.\0002\000.\0006\000\040\000E\000M\000\137\000s\000e\000r\000i\000a\000l}{subsection.6.136.2}% 2366
\BOOKMARK [3][-]{subsubsection.6.136.2.7}{\376\377\0006\000.\0001\0003\0006\000.\0002\000.\0007\000\040\000E\000M\000\137\000v\000e\000r\000s\000i\000o\000n}{subsection.6.136.2}% 2367
\BOOKMARK [3][-]{subsubsection.6.136.2.8}{\376\377\0006\000.\0001\0003\0006\000.\0002\000.\0008\000\040\000f\000i\000l\000t\000e\000r\000\137\000t\000y\000p\000e}{subsection.6.136.2}% 2368
\BOOKMARK [3][-]{subsubsection.6.136.2.9}{\376\377\0006\000.\0001\0003\0006\000.\0002\000.\0009\000\040\000M\000\137\000d\000a\000t\000a}{subsection.6.136.2}% 2369
\BOOKMARK [3][-]{subsubsection.6.136.2.10}{\376\377\0006\000.\0001\0003\0006\000.\0002\000.\0001\0000\000\040\000M\000\137\000t\000i\000m\000e\000\137\000d\000a\000t\000a}{subsection.6.136.2}% 2370
\BOOKMARK [3][-]{subsubsection.6.136.2.11}{\376\377\0006\000.\0001\0003\0006\000.\0002\000.\0001\0001\000\040\000t\000r\000a\000c\000e\000\137\000t\000y\000p\000e}{subsection.6.136.2}% 2371
\BOOKMARK [2][-]{subsection.6.136.3}{\376\377\0006\000.\0001\0003\0006\000.\0003\000\040\000E\000n\000u\000m\000e\000r\000a\000t\000i\000o\000n\000\040\000T\000y\000p\000e\000\040\000D\000o\000c\000u\000m\000e\000n\000t\000a\000t\000i\000o\000n}{section.6.136}% 2372
\BOOKMARK [3][-]{subsubsection.6.136.3.1}{\376\377\0006\000.\0001\0003\0006\000.\0003\000.\0001\000\040\000c\000m\000d\000\137\000t\000y\000p\000e}{subsection.6.136.3}% 2373
\BOOKMARK [3][-]{subsubsection.6.136.3.2}{\376\377\0006\000.\0001\0003\0006\000.\0003\000.\0002\000\040\000c\000o\000m\000m\000\137\000t\000y\000p\000e}{subsection.6.136.3}% 2374
\BOOKMARK [3][-]{subsubsection.6.136.3.3}{\376\377\0006\000.\0001\0003\0006\000.\0003\000.\0003\000\040\000f\000i\000l\000t\000e\000r\000\137\000t\000y\000p\000e}{subsection.6.136.3}% 2375
\BOOKMARK [3][-]{subsubsection.6.136.3.4}{\376\377\0006\000.\0001\0003\0006\000.\0003\000.\0004\000\040\000t\000r\000a\000c\000e\000\137\000t\000y\000p\000e}{subsection.6.136.3}% 2376
\BOOKMARK [2][-]{subsection.6.136.4}{\376\377\0006\000.\0001\0003\0006\000.\0004\000\040\000F\000u\000n\000c\000t\000i\000o\000n\000\040\000D\000o\000c\000u\000m\000e\000n\000t\000a\000t\000i\000o\000n}{section.6.136}% 2377
\BOOKMARK [3][-]{subsubsection.6.136.4.1}{\376\377\0006\000.\0001\0003\0006\000.\0004\000.\0001\000\040\000c\000l\000e\000a\000r\000\137\0002\000h\000z\000\050\000\051}{subsection.6.136.4}% 2378
\BOOKMARK [3][-]{subsubsection.6.136.4.2}{\376\377\0006\000.\0001\0003\0006\000.\0004\000.\0002\000\040\000c\000l\000e\000a\000r\000\137\0005\0000\0000\000a\000h\000z\000\050\000\051}{subsection.6.136.4}% 2379
\BOOKMARK [3][-]{subsubsection.6.136.4.3}{\376\377\0006\000.\0001\0003\0006\000.\0004\000.\0003\000\040\000c\000l\000e\000a\000r\000\137\0005\0000\0000\000h\000z\000\050\000\051}{subsection.6.136.4}% 2380
\BOOKMARK [3][-]{subsubsection.6.136.4.4}{\376\377\0006\000.\0001\0003\0006\000.\0004\000.\0004\000\040\000c\000r\000c\0001\0006\000\050\000\051}{subsection.6.136.4}% 2381
\BOOKMARK [3][-]{subsubsection.6.136.4.5}{\376\377\0006\000.\0001\0003\0006\000.\0004\000.\0005\000\040\000g\000e\000t\000\137\0002\000h\000z\000\050\000\051}{subsection.6.136.4}% 2382
\BOOKMARK [3][-]{subsubsection.6.136.4.6}{\376\377\0006\000.\0001\0003\0006\000.\0004\000.\0006\000\040\000g\000e\000t\000\137\0005\0000\0000\000a\000h\000z\000\050\000\051}{subsection.6.136.4}% 2383
\BOOKMARK [3][-]{subsubsection.6.136.4.7}{\376\377\0006\000.\0001\0003\0006\000.\0004\000.\0007\000\040\000g\000e\000t\000\137\0005\0000\0000\000h\000z\000\050\000\051}{subsection.6.136.4}% 2384
\BOOKMARK [3][-]{subsubsection.6.136.4.8}{\376\377\0006\000.\0001\0003\0006\000.\0004\000.\0008\000\040\000i\000n\000i\000t\000\137\000m\000b\000\137\000m\000a\000s\000t\000e\000r\000\137\000t\000i\000m\000e\000r\000s\000\050\000\051}{subsection.6.136.4}% 2385
\BOOKMARK [3][-]{subsubsection.6.136.4.9}{\376\377\0006\000.\0001\0003\0006\000.\0004\000.\0009\000\040\000i\000n\000i\000t\000\137\000s\000t\000r\000e\000a\000m\000\137\000p\000a\000r\000a\000m\000s\000\050\000\051}{subsection.6.136.4}% 2386
\BOOKMARK [3][-]{subsubsection.6.136.4.10}{\376\377\0006\000.\0001\0003\0006\000.\0004\000.\0001\0000\000\040\000m\000a\000s\000t\000e\000r\000\137\000c\000o\000n\000t\000r\000o\000l\000l\000e\000r\000\137\000w\000o\000r\000k\000\050\000\051}{subsection.6.136.4}% 2387
\BOOKMARK [3][-]{subsubsection.6.136.4.11}{\376\377\0006\000.\0001\0003\0006\000.\0004\000.\0001\0001\000\040\000m\000b\0001\0006\000\137\000s\000w\000a\000p\000\050\000\051}{subsection.6.136.4}% 2388
\BOOKMARK [3][-]{subsubsection.6.136.4.12}{\376\377\0006\000.\0001\0003\0006\000.\0004\000.\0001\0002\000\040\000m\000b\0003\0002\000\137\000s\000w\000a\000p\000\050\000\051}{subsection.6.136.4}% 2389
\BOOKMARK [3][-]{subsubsection.6.136.4.13}{\376\377\0006\000.\0001\0003\0006\000.\0004\000.\0001\0003\000\040\000m\000b\000\137\000s\000e\000t\000u\000p\000\050\000\051}{subsection.6.136.4}% 2390
\BOOKMARK [3][-]{subsubsection.6.136.4.14}{\376\377\0006\000.\0001\0003\0006\000.\0004\000.\0001\0004\000\040\000m\000b\000\137\000t\000x\000\137\000t\000e\000s\000t\000\050\000\051}{subsection.6.136.4}% 2391
\BOOKMARK [3][-]{subsubsection.6.136.4.15}{\376\377\0006\000.\0001\0003\0006\000.\0004\000.\0001\0005\000\040\000m\000o\000d\000b\000u\000s\000\137\000r\000t\000u\000\137\000s\000e\000n\000d\000\137\000m\000s\000g\000\050\000\051}{subsection.6.136.4}% 2392
\BOOKMARK [3][-]{subsubsection.6.136.4.16}{\376\377\0006\000.\0001\0003\0006\000.\0004\000.\0001\0006\000\040\000m\000y\000\137\000m\000o\000d\000b\000u\000s\000\137\000r\000x\000\137\0003\0002\000\050\000\051}{subsection.6.136.4}% 2393
\BOOKMARK [3][-]{subsubsection.6.136.4.17}{\376\377\0006\000.\0001\0003\0006\000.\0004\000.\0001\0007\000\040\000t\000i\000m\000e\000r\000\137\0002\000m\000s\000\137\000t\000i\000c\000k\000\050\000\051}{subsection.6.136.4}% 2394
\BOOKMARK [3][-]{subsubsection.6.136.4.18}{\376\377\0006\000.\0001\0003\0006\000.\0004\000.\0001\0008\000\040\000t\000i\000m\000e\000r\000\137\0005\0000\0000\000m\000s\000\137\000t\000i\000c\000k\000\050\000\051}{subsection.6.136.4}% 2395
\BOOKMARK [2][-]{subsection.6.136.5}{\376\377\0006\000.\0001\0003\0006\000.\0005\000\040\000V\000a\000r\000i\000a\000b\000l\000e\000\040\000D\000o\000c\000u\000m\000e\000n\000t\000a\000t\000i\000o\000n}{section.6.136}% 2396
\BOOKMARK [3][-]{subsubsection.6.136.5.1}{\376\377\0006\000.\0001\0003\0006\000.\0005\000.\0001\000\040\000C}{subsection.6.136.5}% 2397
\BOOKMARK [3][-]{subsubsection.6.136.5.2}{\376\377\0006\000.\0001\0003\0006\000.\0005\000.\0002\000\040\000e\000m}{subsection.6.136.5}% 2398
\BOOKMARK [3][-]{subsubsection.6.136.5.3}{\376\377\0006\000.\0001\0003\0006\000.\0005\000.\0003\000\040\000e\000m\000s}{subsection.6.136.5}% 2399
\BOOKMARK [3][-]{subsubsection.6.136.5.4}{\376\377\0006\000.\0001\0003\0006\000.\0005\000.\0004\000\040\000e\000m\000t}{subsection.6.136.5}% 2400
\BOOKMARK [3][-]{subsubsection.6.136.5.5}{\376\377\0006\000.\0001\0003\0006\000.\0005\000.\0005\000\040\000e\000m\000v}{subsection.6.136.5}% 2401
\BOOKMARK [3][-]{subsubsection.6.136.5.6}{\376\377\0006\000.\0001\0003\0006\000.\0005\000.\0006\000\040\000M}{subsection.6.136.5}% 2402
\BOOKMARK [3][-]{subsubsection.6.136.5.7}{\376\377\0006\000.\0001\0003\0006\000.\0005\000.\0007\000\040\000M\000T}{subsection.6.136.5}% 2403
\BOOKMARK [3][-]{subsubsection.6.136.5.8}{\376\377\0006\000.\0001\0003\0006\000.\0005\000.\0008\000\040\000V}{subsection.6.136.5}% 2404
\BOOKMARK [1][-]{section.6.137}{\376\377\0006\000.\0001\0003\0007\000\040\000m\000o\000d\000b\000u\000s\000\137\000m\000a\000s\000t\000e\000r\000.\000h}{chapter.6}% 2405
\BOOKMARK [1][-]{section.6.138}{\376\377\0006\000.\0001\0003\0008\000\040\000P\000I\000C\0001\0008\000F\0004\0007\000Q\0008\0004\000-\000E\000\137\000P\000/\000P\000A\000D\000S\000/\000D\000I\000P\0001\0005\0004\0003\000W\0005\0008\000P\0002\0005\0004\000L\0005\0001\0007\0005\000H\0006\0003\0005\000Q\0004\0000\000N\000.\000d\000\040\000F\000i\000l\000e\000\040\000R\000e\000f\000e\000r\000e\000n\000c\000e}{chapter.6}% 2406
\BOOKMARK [1][-]{section.6.139}{\376\377\0006\000.\0001\0003\0009\000\040\000P\000I\000C\0001\0008\000F\0004\0007\000Q\0008\0004\000-\000E\000\137\000P\000/\000P\000A\000D\000S\000/\000P\000I\000C\0001\0008\000F\0004\0007\000Q\0008\0004\000-\000E\000\137\000P\000.\000c\000\040\000F\000i\000l\000e\000\040\000R\000e\000f\000e\000r\000e\000n\000c\000e}{chapter.6}% 2407
\BOOKMARK [1][-]{section.6.140}{\376\377\0006\000.\0001\0004\0000\000\040\000q\000c\000o\000n\000f\000i\000g\000.\000h\000\040\000F\000i\000l\000e\000\040\000R\000e\000f\000e\000r\000e\000n\000c\000e}{chapter.6}% 2408
\BOOKMARK [2][-]{subsection.6.140.1}{\376\377\0006\000.\0001\0004\0000\000.\0001\000\040\000M\000a\000c\000r\000o\000\040\000D\000e\000f\000i\000n\000i\000t\000i\000o\000n\000\040\000D\000o\000c\000u\000m\000e\000n\000t\000a\000t\000i\000o\000n}{section.6.140}% 2409
\BOOKMARK [3][-]{subsubsection.6.140.1.1}{\376\377\0006\000.\0001\0004\0000\000.\0001\000.\0001\000\040\000I\000N\000T\000\137\000T\000R\000A\000C\000E}{subsection.6.140.1}% 2410
\BOOKMARK [3][-]{subsubsection.6.140.1.2}{\376\377\0006\000.\0001\0004\0000\000.\0001\000.\0002\000\040\000M\000A\000X\000\137\000S\000H\000A\000P\000E\000S}{subsection.6.140.1}% 2411
\BOOKMARK [3][-]{subsubsection.6.140.1.3}{\376\377\0006\000.\0001\0004\0000\000.\0001\000.\0003\000\040\000N\000H\000D}{subsection.6.140.1}% 2412
\BOOKMARK [3][-]{subsubsection.6.140.1.4}{\376\377\0006\000.\0001\0004\0000\000.\0001\000.\0004\000\040\000S\000P\000I\000N\000\137\000V\000A\000L\000\137\000U\000P\000D\000A\000T\000E}{subsection.6.140.1}% 2413
\BOOKMARK [2][-]{subsection.6.140.2}{\376\377\0006\000.\0001\0004\0000\000.\0002\000\040\000F\000u\000n\000c\000t\000i\000o\000n\000\040\000D\000o\000c\000u\000m\000e\000n\000t\000a\000t\000i\000o\000n}{section.6.140}% 2414
\BOOKMARK [3][-]{subsubsection.6.140.2.1}{\376\377\0006\000.\0001\0004\0000\000.\0002\000.\0001\000\040\000s\000p\000i\000n\000n\000e\000r\000s\000\050\000\051}{subsection.6.140.2}% 2415
\BOOKMARK [2][-]{subsection.6.140.3}{\376\377\0006\000.\0001\0004\0000\000.\0003\000\040\000V\000a\000r\000i\000a\000b\000l\000e\000\040\000D\000o\000c\000u\000m\000e\000n\000t\000a\000t\000i\000o\000n}{section.6.140}% 2416
\BOOKMARK [3][-]{subsubsection.6.140.3.1}{\376\377\0006\000.\0001\0004\0000\000.\0003\000.\0001\000\040\000b\000a\000t\000\137\000a\000m\000p\000\137\000w\000h\000o\000l\000e}{subsection.6.140.3}% 2417
\BOOKMARK [3][-]{subsubsection.6.140.3.2}{\376\377\0006\000.\0001\0004\0000\000.\0003\000.\0002\000\040\000c\000c\000\137\000m\000o\000d\000e}{subsection.6.140.3}% 2418
\BOOKMARK [3][-]{subsubsection.6.140.3.3}{\376\377\0006\000.\0001\0004\0000\000.\0003\000.\0003\000\040\000p\000a\000n\000e\000l\000\137\000w\000a\000t\000t\000s}{subsection.6.140.3}% 2419
\BOOKMARK [3][-]{subsubsection.6.140.3.4}{\376\377\0006\000.\0001\0004\0000\000.\0003\000.\0004\000\040\000s\000p\000i\000n}{subsection.6.140.3}% 2420
\BOOKMARK [3][-]{subsubsection.6.140.3.5}{\376\377\0006\000.\0001\0004\0000\000.\0003\000.\0005\000\040\000v\000o\000l\000t\000\137\000f\000r\000a\000c\000t}{subsection.6.140.3}% 2421
\BOOKMARK [3][-]{subsubsection.6.140.3.6}{\376\377\0006\000.\0001\0004\0000\000.\0003\000.\0006\000\040\000v\000o\000l\000t\000\137\000w\000h\000o\000l\000e}{subsection.6.140.3}% 2422
\BOOKMARK [3][-]{subsubsection.6.140.3.7}{\376\377\0006\000.\0001\0004\0000\000.\0003\000.\0007\000\040\000v\000w}{subsection.6.140.3}% 2423
\BOOKMARK [1][-]{section.6.141}{\376\377\0006\000.\0001\0004\0001\000\040\000q\000c\000o\000n\000f\000i\000g\000.\000h}{chapter.6}% 2424
\BOOKMARK [1][-]{section.6.142}{\376\377\0006\000.\0001\0004\0002\000\040\000r\000i\000n\000g\000b\000u\000f\000s\000.\000c\000\040\000F\000i\000l\000e\000\040\000R\000e\000f\000e\000r\000e\000n\000c\000e}{chapter.6}% 2425
\BOOKMARK [2][-]{subsection.6.142.1}{\376\377\0006\000.\0001\0004\0002\000.\0001\000\040\000F\000u\000n\000c\000t\000i\000o\000n\000\040\000D\000o\000c\000u\000m\000e\000n\000t\000a\000t\000i\000o\000n}{section.6.142}% 2426
\BOOKMARK [3][-]{subsubsection.6.142.1.1}{\376\377\0006\000.\0001\0004\0002\000.\0001\000.\0001\000\040\000m\000o\000d\000u\000l\000o\000\137\000d\000e\000c\000\050\000\051}{subsection.6.142.1}% 2427
\BOOKMARK [3][-]{subsubsection.6.142.1.2}{\376\377\0006\000.\0001\0004\0002\000.\0001\000.\0002\000\040\000m\000o\000d\000u\000l\000o\000\137\000i\000n\000c\000\050\000\051}{subsection.6.142.1}% 2428
\BOOKMARK [3][-]{subsubsection.6.142.1.3}{\376\377\0006\000.\0001\0004\0002\000.\0001\000.\0003\000\040\000r\000i\000n\000g\000B\000u\000f\000S\000\137\000e\000m\000p\000t\000y\000\050\000\051}{subsection.6.142.1}% 2429
\BOOKMARK [3][-]{subsubsection.6.142.1.4}{\376\377\0006\000.\0001\0004\0002\000.\0001\000.\0004\000\040\000r\000i\000n\000g\000B\000u\000f\000S\000\137\000f\000l\000u\000s\000h\000\050\000\051}{subsection.6.142.1}% 2430
\BOOKMARK [3][-]{subsubsection.6.142.1.5}{\376\377\0006\000.\0001\0004\0002\000.\0001\000.\0005\000\040\000r\000i\000n\000g\000B\000u\000f\000S\000\137\000f\000u\000l\000l\000\050\000\051}{subsection.6.142.1}% 2431
\BOOKMARK [3][-]{subsubsection.6.142.1.6}{\376\377\0006\000.\0001\0004\0002\000.\0001\000.\0006\000\040\000r\000i\000n\000g\000B\000u\000f\000S\000\137\000g\000e\000t\000\050\000\051}{subsection.6.142.1}% 2432
\BOOKMARK [3][-]{subsubsection.6.142.1.7}{\376\377\0006\000.\0001\0004\0002\000.\0001\000.\0007\000\040\000r\000i\000n\000g\000B\000u\000f\000S\000\137\000i\000n\000i\000t\000\050\000\051}{subsection.6.142.1}% 2433
\BOOKMARK [3][-]{subsubsection.6.142.1.8}{\376\377\0006\000.\0001\0004\0002\000.\0001\000.\0008\000\040\000r\000i\000n\000g\000B\000u\000f\000S\000\137\000p\000u\000t\000\050\000\051}{subsection.6.142.1}% 2434
\BOOKMARK [3][-]{subsubsection.6.142.1.9}{\376\377\0006\000.\0001\0004\0002\000.\0001\000.\0009\000\040\000r\000i\000n\000g\000B\000u\000f\000S\000\137\000p\000u\000t\000\137\000d\000m\000a\000\050\000\051}{subsection.6.142.1}% 2435
\BOOKMARK [3][-]{subsubsection.6.142.1.10}{\376\377\0006\000.\0001\0004\0002\000.\0001\000.\0001\0000\000\040\000r\000i\000n\000g\000B\000u\000f\000S\000\137\000p\000u\000t\000\137\000d\000m\000a\000\137\000c\000p\000y\000\050\000\051}{subsection.6.142.1}% 2436
\BOOKMARK [1][-]{section.6.143}{\376\377\0006\000.\0001\0004\0003\000\040\000r\000i\000n\000g\000b\000u\000f\000s\000.\000h\000\040\000F\000i\000l\000e\000\040\000R\000e\000f\000e\000r\000e\000n\000c\000e}{chapter.6}% 2437
\BOOKMARK [2][-]{subsection.6.143.1}{\376\377\0006\000.\0001\0004\0003\000.\0001\000\040\000M\000a\000c\000r\000o\000\040\000D\000e\000f\000i\000n\000i\000t\000i\000o\000n\000\040\000D\000o\000c\000u\000m\000e\000n\000t\000a\000t\000i\000o\000n}{section.6.143}% 2438
\BOOKMARK [3][-]{subsubsection.6.143.1.1}{\376\377\0006\000.\0001\0004\0003\000.\0001\000.\0001\000\040\000R\000B\000U\000F\000\137\000S\000I\000Z\000E}{subsection.6.143.1}% 2439
\BOOKMARK [2][-]{subsection.6.143.2}{\376\377\0006\000.\0001\0004\0003\000.\0002\000\040\000T\000y\000p\000e\000d\000e\000f\000\040\000D\000o\000c\000u\000m\000e\000n\000t\000a\000t\000i\000o\000n}{section.6.143}% 2440
\BOOKMARK [3][-]{subsubsection.6.143.2.1}{\376\377\0006\000.\0001\0004\0003\000.\0002\000.\0001\000\040\000r\000i\000n\000g\000B\000u\000f\000S\000\137\000t}{subsection.6.143.2}% 2441
\BOOKMARK [2][-]{subsection.6.143.3}{\376\377\0006\000.\0001\0004\0003\000.\0003\000\040\000F\000u\000n\000c\000t\000i\000o\000n\000\040\000D\000o\000c\000u\000m\000e\000n\000t\000a\000t\000i\000o\000n}{section.6.143}% 2442
\BOOKMARK [3][-]{subsubsection.6.143.3.1}{\376\377\0006\000.\0001\0004\0003\000.\0003\000.\0001\000\040\000r\000i\000n\000g\000B\000u\000f\000S\000\137\000e\000m\000p\000t\000y\000\050\000\051}{subsection.6.143.3}% 2443
\BOOKMARK [3][-]{subsubsection.6.143.3.2}{\376\377\0006\000.\0001\0004\0003\000.\0003\000.\0002\000\040\000r\000i\000n\000g\000B\000u\000f\000S\000\137\000f\000l\000u\000s\000h\000\050\000\051}{subsection.6.143.3}% 2444
\BOOKMARK [3][-]{subsubsection.6.143.3.3}{\376\377\0006\000.\0001\0004\0003\000.\0003\000.\0003\000\040\000r\000i\000n\000g\000B\000u\000f\000S\000\137\000f\000u\000l\000l\000\050\000\051}{subsection.6.143.3}% 2445
\BOOKMARK [3][-]{subsubsection.6.143.3.4}{\376\377\0006\000.\0001\0004\0003\000.\0003\000.\0004\000\040\000r\000i\000n\000g\000B\000u\000f\000S\000\137\000g\000e\000t\000\050\000\051}{subsection.6.143.3}% 2446
\BOOKMARK [3][-]{subsubsection.6.143.3.5}{\376\377\0006\000.\0001\0004\0003\000.\0003\000.\0005\000\040\000r\000i\000n\000g\000B\000u\000f\000S\000\137\000i\000n\000i\000t\000\050\000\051}{subsection.6.143.3}% 2447
\BOOKMARK [3][-]{subsubsection.6.143.3.6}{\376\377\0006\000.\0001\0004\0003\000.\0003\000.\0006\000\040\000r\000i\000n\000g\000B\000u\000f\000S\000\137\000p\000u\000t\000\050\000\051}{subsection.6.143.3}% 2448
\BOOKMARK [3][-]{subsubsection.6.143.3.7}{\376\377\0006\000.\0001\0004\0003\000.\0003\000.\0007\000\040\000r\000i\000n\000g\000B\000u\000f\000S\000\137\000p\000u\000t\000\137\000d\000m\000a\000\050\000\051}{subsection.6.143.3}% 2449
\BOOKMARK [3][-]{subsubsection.6.143.3.8}{\376\377\0006\000.\0001\0004\0003\000.\0003\000.\0008\000\040\000r\000i\000n\000g\000B\000u\000f\000S\000\137\000p\000u\000t\000\137\000d\000m\000a\000\137\000c\000p\000y\000\050\000\051}{subsection.6.143.3}% 2450
\BOOKMARK [1][-]{section.6.144}{\376\377\0006\000.\0001\0004\0004\000\040\000r\000i\000n\000g\000b\000u\000f\000s\000.\000h}{chapter.6}% 2451
\BOOKMARK [1][-]{section.6.145}{\376\377\0006\000.\0001\0004\0005\000\040\000t\000i\000m\000e\000r\000s\000.\000c\000\040\000F\000i\000l\000e\000\040\000R\000e\000f\000e\000r\000e\000n\000c\000e}{chapter.6}% 2452
\BOOKMARK [2][-]{subsection.6.145.1}{\376\377\0006\000.\0001\0004\0005\000.\0001\000\040\000F\000u\000n\000c\000t\000i\000o\000n\000\040\000D\000o\000c\000u\000m\000e\000n\000t\000a\000t\000i\000o\000n}{section.6.145}% 2453
\BOOKMARK [3][-]{subsubsection.6.145.1.1}{\376\377\0006\000.\0001\0004\0005\000.\0001\000.\0001\000\040\000d\000e\000l\000a\000y\000\137\000m\000s\000\050\000\051}{subsection.6.145.1}% 2454
\BOOKMARK [3][-]{subsubsection.6.145.1.2}{\376\377\0006\000.\0001\0004\0005\000.\0001\000.\0002\000\040\000d\000e\000l\000a\000y\000\137\000u\000s\000\050\000\051}{subsection.6.145.1}% 2455
\BOOKMARK [3][-]{subsubsection.6.145.1.3}{\376\377\0006\000.\0001\0004\0005\000.\0001\000.\0003\000\040\000S\000t\000a\000r\000t\000T\000i\000m\000e\000r\000\050\000\051}{subsection.6.145.1}% 2456
\BOOKMARK [3][-]{subsubsection.6.145.1.4}{\376\377\0006\000.\0001\0004\0005\000.\0001\000.\0004\000\040\000t\000i\000m\000e\000r\000\137\000m\000s\000\137\000t\000i\000c\000k\000\050\000\051}{subsection.6.145.1}% 2457
\BOOKMARK [3][-]{subsubsection.6.145.1.5}{\376\377\0006\000.\0001\0004\0005\000.\0001\000.\0005\000\040\000T\000i\000m\000e\000r\000D\000o\000n\000e\000\050\000\051}{subsection.6.145.1}% 2458
\BOOKMARK [3][-]{subsubsection.6.145.1.6}{\376\377\0006\000.\0001\0004\0005\000.\0001\000.\0006\000\040\000W\000a\000i\000t\000M\000s\000\050\000\051}{subsection.6.145.1}% 2459
\BOOKMARK [2][-]{subsection.6.145.2}{\376\377\0006\000.\0001\0004\0005\000.\0002\000\040\000V\000a\000r\000i\000a\000b\000l\000e\000\040\000D\000o\000c\000u\000m\000e\000n\000t\000a\000t\000i\000o\000n}{section.6.145}% 2460
\BOOKMARK [3][-]{subsubsection.6.145.2.1}{\376\377\0006\000.\0001\0004\0005\000.\0002\000.\0001\000\040\000t\000i\000c\000k\000C\000o\000u\000n\000t}{subsection.6.145.2}% 2461
\BOOKMARK [1][-]{section.6.146}{\376\377\0006\000.\0001\0004\0006\000\040\000t\000i\000m\000e\000r\000s\000.\000h\000\040\000F\000i\000l\000e\000\040\000R\000e\000f\000e\000r\000e\000n\000c\000e}{chapter.6}% 2462
\BOOKMARK [2][-]{subsection.6.146.1}{\376\377\0006\000.\0001\0004\0006\000.\0001\000\040\000E\000n\000u\000m\000e\000r\000a\000t\000i\000o\000n\000\040\000T\000y\000p\000e\000\040\000D\000o\000c\000u\000m\000e\000n\000t\000a\000t\000i\000o\000n}{section.6.146}% 2463
\BOOKMARK [3][-]{subsubsection.6.146.1.1}{\376\377\0006\000.\0001\0004\0006\000.\0001\000.\0001\000\040\000A\000P\000P\000\137\000T\000I\000M\000E\000R\000S}{subsection.6.146.1}% 2464
\BOOKMARK [2][-]{subsection.6.146.2}{\376\377\0006\000.\0001\0004\0006\000.\0002\000\040\000F\000u\000n\000c\000t\000i\000o\000n\000\040\000D\000o\000c\000u\000m\000e\000n\000t\000a\000t\000i\000o\000n}{section.6.146}% 2465
\BOOKMARK [3][-]{subsubsection.6.146.2.1}{\376\377\0006\000.\0001\0004\0006\000.\0002\000.\0001\000\040\000d\000e\000l\000a\000y\000\137\000m\000s\000\050\000\051}{subsection.6.146.2}% 2466
\BOOKMARK [3][-]{subsubsection.6.146.2.2}{\376\377\0006\000.\0001\0004\0006\000.\0002\000.\0002\000\040\000S\000t\000a\000r\000t\000T\000i\000m\000e\000r\000\050\000\051}{subsection.6.146.2}% 2467
\BOOKMARK [3][-]{subsubsection.6.146.2.3}{\376\377\0006\000.\0001\0004\0006\000.\0002\000.\0003\000\040\000t\000i\000m\000e\000r\000\137\000m\000s\000\137\000t\000i\000c\000k\000\050\000\051}{subsection.6.146.2}% 2468
\BOOKMARK [3][-]{subsubsection.6.146.2.4}{\376\377\0006\000.\0001\0004\0006\000.\0002\000.\0004\000\040\000T\000i\000m\000e\000r\000D\000o\000n\000e\000\050\000\051}{subsection.6.146.2}% 2469
\BOOKMARK [3][-]{subsubsection.6.146.2.5}{\376\377\0006\000.\0001\0004\0006\000.\0002\000.\0005\000\040\000W\000a\000i\000t\000M\000s\000\050\000\051}{subsection.6.146.2}% 2470
\BOOKMARK [1][-]{section.6.147}{\376\377\0006\000.\0001\0004\0007\000\040\000t\000i\000m\000e\000r\000s\000.\000h}{chapter.6}% 2471
\BOOKMARK [1][-]{section.6.148}{\376\377\0006\000.\0001\0004\0008\000\040\000t\000r\000a\000c\000e\000.\000h\000\040\000F\000i\000l\000e\000\040\000R\000e\000f\000e\000r\000e\000n\000c\000e}{chapter.6}% 2472
\BOOKMARK [2][-]{subsection.6.148.1}{\376\377\0006\000.\0001\0004\0008\000.\0001\000\040\000M\000a\000c\000r\000o\000\040\000D\000e\000f\000i\000n\000i\000t\000i\000o\000n\000\040\000D\000o\000c\000u\000m\000e\000n\000t\000a\000t\000i\000o\000n}{section.6.148}% 2473
\BOOKMARK [3][-]{subsubsection.6.148.1.1}{\376\377\0006\000.\0001\0004\0008\000.\0001\000.\0001\000\040\000T\000R\000A\000C\000E}{subsection.6.148.1}% 2474
\BOOKMARK [1][-]{section.6.149}{\376\377\0006\000.\0001\0004\0009\000\040\000t\000r\000a\000c\000e\000.\000h}{chapter.6}% 2475
\BOOKMARK [0][-]{chapter.7}{\376\377\0007\000\040\000E\000x\000a\000m\000p\000l\000e\000s}{}% 2476
\BOOKMARK [1][-]{section.7.1}{\376\377\0007\000.\0001\000\040\000s\000i\000m\000p\000l\000e\000\137\000p\000u\000b\000l\000i\000s\000h\000e\000r\000.\000c}{chapter.7}% 2477
\BOOKMARK [1][-]{section.7.2}{\376\377\0007\000.\0002\000\040\000s\000i\000m\000p\000l\000e\000\137\000s\000u\000b\000s\000c\000r\000i\000b\000e\000r\000.\000c}{chapter.7}% 2478
\BOOKMARK [1][-]{section.7.3}{\376\377\0007\000.\0003\000\040\000r\000e\000c\000o\000n\000n\000e\000c\000t\000\137\000s\000u\000b\000s\000c\000r\000i\000b\000e\000r\000.\000c}{chapter.7}% 2479
\BOOKMARK [1][-]{section.7.4}{\376\377\0007\000.\0004\000\040\000b\000i\000o\000\137\000p\000u\000b\000l\000i\000s\000h\000e\000r\000.\000c}{chapter.7}% 2480
\BOOKMARK [1][-]{section.7.5}{\376\377\0007\000.\0005\000\040\000o\000p\000e\000n\000s\000s\000l\000\137\000p\000u\000b\000l\000i\000s\000h\000e\000r\000.\000c}{chapter.7}% 2481
\BOOKMARK [0][-]{section*.891}{\376\377\000I\000n\000d\000e\000x}{}% 2482
