This is pdfTeX, Version 3.141592653-2.6-1.40.26 (TeX Live 2025/dev/Debian) (preloaded format=pdflatex 2025.3.8)  8 MAR 2025 19:44
entering extended mode
 restricted \write18 enabled.
 %&-line parsing enabled.
**refman
(./refman.tex
LaTeX2e <2024-11-01> patch level 1
L3 programming layer <2024-12-25>
(/usr/share/texlive/texmf-dist/tex/generic/iftex/iftex.sty
Package: iftex 2024/12/12 v1.0g TeX engine tests
)
(/usr/share/texlive/texmf-dist/tex/latex/base/book.cls
Document Class: book 2024/06/29 v1.4n Standard LaTeX document class
(/usr/share/texlive/texmf-dist/tex/latex/base/bk10.clo
File: bk10.clo 2024/06/29 v1.4n Standard LaTeX file (size option)
)
\c@part=\count196
\c@chapter=\count197
\c@section=\count198
\c@subsection=\count199
\c@subsubsection=\count266
\c@paragraph=\count267
\c@subparagraph=\count268
\c@figure=\count269
\c@table=\count270
\abovecaptionskip=\skip49
\belowcaptionskip=\skip50
\bibindent=\dimen141
)
(/usr/share/texlive/texmf-dist/tex/latex/base/ifthen.sty
Package: ifthen 2024/03/16 v1.1e Standard LaTeX ifthen package (DPC)
)
(/usr/share/texlive/texmf-dist/tex/latex/tools/array.sty
Rollback for package 'array' requested -> date 2016-10-06.
         Best approximation is the release introduced on 2016-10-06.

(/usr/share/texlive/texmf-dist/tex/latex/tools/array-2016-10-06.sty
Package: array 2016/10/06 v2.4d Tabular extension package (FMi)
\col@sep=\dimen142
\extrarowheight=\dimen143
\NC@list=\toks17
\extratabsurround=\skip51
\backup@length=\skip52
))
(/usr/share/texlive/texmf-dist/tex/generic/infwarerr/infwarerr.sty
package info suppressed
)
(./doxygen.sty
Package: doxygen 
 (/usr/share/texlive/texmf-dist/tex/latex/base/alltt.sty
Package: alltt 2024/07/07 v2.0g defines alltt environment
)
(/usr/share/texlive/texmf-dist/tex/latex/tools/calc.sty
Package: calc 2023/07/08 v4.3 Infix arithmetic (KKT,FJ)
\calc@Acount=\count271
\calc@Bcount=\count272
\calc@Adimen=\dimen144
\calc@Bdimen=\dimen145
\calc@Askip=\skip53
\calc@Bskip=\skip54
LaTeX Info: Redefining \setlength on input line 80.
LaTeX Info: Redefining \addtolength on input line 81.
\calc@Ccount=\count273
\calc@Cskip=\skip55
)
(/usr/share/texlive/texmf-dist/tex/latex/float/float.sty
Package: float 2001/11/08 v1.3d Float enhancements (AL)
\c@float@type=\count274
\float@exts=\toks18
\float@box=\box52
\@float@everytoks=\toks19
\@floatcapt=\box53
)
(/usr/share/texlive/texmf-dist/tex/latex/tools/verbatim.sty
Package: verbatim 2024-01-22 v1.5x LaTeX2e package for verbatim enhancements
\every@verbatim=\toks20
\verbatim@line=\toks21
\verbatim@in@stream=\read2
)
(/usr/share/texlive/texmf-dist/tex/latex/xcolor/xcolor.sty
Package: xcolor 2024/09/29 v3.02 LaTeX color extensions (UK)

(/usr/share/texlive/texmf-dist/tex/latex/graphics-cfg/color.cfg
File: color.cfg 2016/01/02 v1.6 sample color configuration
)
Package xcolor Info: Driver file: pdftex.def on input line 274.

(/usr/share/texlive/texmf-dist/tex/latex/graphics-def/pdftex.def
File: pdftex.def 2024/04/13 v1.2c Graphics/color driver for pdftex
)
(/usr/share/texlive/texmf-dist/tex/latex/graphics/mathcolor.ltx)
Package xcolor Info: Model `cmy' substituted by `cmy0' on input line 1349.
Package xcolor Info: Model `hsb' substituted by `rgb' on input line 1353.
Package xcolor Info: Model `RGB' extended on input line 1365.
Package xcolor Info: Model `HTML' substituted by `rgb' on input line 1367.
Package xcolor Info: Model `Hsb' substituted by `hsb' on input line 1368.
Package xcolor Info: Model `tHsb' substituted by `hsb' on input line 1369.
Package xcolor Info: Model `HSB' substituted by `hsb' on input line 1370.
Package xcolor Info: Model `Gray' substituted by `gray' on input line 1371.
Package xcolor Info: Model `wave' substituted by `hsb' on input line 1372.
)
(/usr/share/texlive/texmf-dist/tex/latex/colortbl/colortbl.sty
Package: colortbl 2024/07/06 v1.0i Color table columns (DPC)
\everycr=\toks22
\minrowclearance=\skip56
\rownum=\count275
)
(./longtable_doxygen.sty
Package: longtable_doxygen 2014/10/28 v4.11 Multi-page Table package (DPC) - fr
ozen version for doxygen
\LTleft=\skip57
\LTright=\skip58
\LTpre=\skip59
\LTpost=\skip60
\LTchunksize=\count276
\LTcapwidth=\dimen146
\LT@head=\box54
\LT@firsthead=\box55
\LT@foot=\box56
\LT@lastfoot=\box57
\LT@cols=\count277
\LT@rows=\count278
\c@LT@tables=\count279
\c@LT@chunks=\count280
\LT@p@ftn=\toks23
) (./tabu_doxygen.sty
Package: tabu_doxygen 2011/02/26 v2.8 - flexible LaTeX tabulars (FC), frozen ve
rsion for doxygen

(/usr/share/texlive/texmf-dist/tex/latex/varwidth/varwidth.sty
Package: varwidth 2009/03/30 ver 0.92;  Variable-width minipages
\@vwid@box=\box58
\sift@deathcycles=\count281
\@vwid@loff=\dimen147
\@vwid@roff=\dimen148
)
\c@taburow=\count282
\tabu@nbcols=\count283
\tabu@cnt=\count284
\tabu@Xcol=\count285
\tabu@alloc=\count286
\tabu@nested=\count287
\tabu@target=\dimen149
\tabu@spreadtarget=\dimen150
\tabu@naturalX=\dimen151
\tabucolX=\dimen152
\tabu@Xsum=\dimen153
\extrarowdepth=\dimen154
\abovetabulinesep=\dimen155
\belowtabulinesep=\dimen156
\tabustrutrule=\dimen157
\tabu@thebody=\toks24
\tabu@footnotes=\toks25
\tabu@box=\box59
\tabu@arstrutbox=\box60
\tabu@hleads=\box61
\tabu@vleads=\box62
\tabu@cellskip=\skip61
)
(/usr/share/texlive/texmf-dist/tex/latex/fancyvrb/fancyvrb.sty
Package: fancyvrb 2024/01/20 4.5c verbatim text (tvz,hv)

(/usr/share/texlive/texmf-dist/tex/latex/graphics/keyval.sty
Package: keyval 2022/05/29 v1.15 key=value parser (DPC)
\KV@toks@=\toks26
)
\FV@CodeLineNo=\count288
\FV@InFile=\read3
\FV@TabBox=\box63
\c@FancyVerbLine=\count289
\FV@StepNumber=\count290
\FV@OutFile=\write3
)
(/usr/share/texlive/texmf-dist/tex/latex/tools/tabularx.sty
Package: tabularx 2023/12/11 v2.12a `tabularx' package (DPC)
\TX@col@width=\dimen158
\TX@old@table=\dimen159
\TX@old@col=\dimen160
\TX@target=\dimen161
\TX@delta=\dimen162
\TX@cols=\count291
\TX@ftn=\toks27
)
(/usr/share/texlive/texmf-dist/tex/latex/tools/multicol.sty
Package: multicol 2024/09/14 v1.9i multicolumn formatting (FMi)
\c@tracingmulticols=\count292
\mult@box=\box64
\multicol@leftmargin=\dimen163
\c@unbalance=\count293
\c@collectmore=\count294
\doublecol@number=\count295
\multicoltolerance=\count296
\multicolpretolerance=\count297
\full@width=\dimen164
\page@free=\dimen165
\premulticols=\dimen166
\postmulticols=\dimen167
\multicolsep=\skip62
\multicolbaselineskip=\skip63
\partial@page=\box65
\last@line=\box66
\mc@boxedresult=\box67
\maxbalancingoverflow=\dimen168
\mult@rightbox=\box68
\mult@grightbox=\box69
\mult@firstbox=\box70
\mult@gfirstbox=\box71
\@tempa=\box72
\@tempa=\box73
\@tempa=\box74
\@tempa=\box75
\@tempa=\box76
\@tempa=\box77
\@tempa=\box78
\@tempa=\box79
\@tempa=\box80
\@tempa=\box81
\@tempa=\box82
\@tempa=\box83
\@tempa=\box84
\@tempa=\box85
\@tempa=\box86
\@tempa=\box87
\@tempa=\box88
\@tempa=\box89
\@tempa=\box90
\@tempa=\box91
\@tempa=\box92
\@tempa=\box93
\@tempa=\box94
\@tempa=\box95
\@tempa=\box96
\@tempa=\box97
\@tempa=\box98
\@tempa=\box99
\@tempa=\box100
\@tempa=\box101
\@tempa=\box102
\@tempa=\box103
\@tempa=\box104
\@tempa=\box105
\@tempa=\box106
\@tempa=\box107
\c@minrows=\count298
\c@columnbadness=\count299
\c@finalcolumnbadness=\count300
\last@try=\dimen169
\multicolovershoot=\dimen170
\multicolundershoot=\dimen171
\mult@nat@firstbox=\box108
\colbreak@box=\box109
\mc@col@check@num=\count301
)
(/usr/share/texlive/texmf-dist/tex/latex/multirow/multirow.sty
Package: multirow 2024/11/12 v2.9 Span multiple rows of a table
\multirow@colwidth=\skip64
\multirow@cntb=\count302
\multirow@dima=\skip65
\bigstrutjot=\dimen172
)
(/usr/share/texlive/texmf-dist/tex/latex/hanging/hanging.sty
Package: hanging 2009/09/02 v1.2b hanging paragraphs and punctuation
\h@ngcommawd=\skip66
\h@ngfstopwd=\skip67
\h@ngquotewd=\skip68
\h@ngdquotewd=\skip69
\h@ngquerywd=\skip70
\h@ngexclwd=\skip71
\h@ngcolonwd=\skip72
\h@ngscolonwd=\skip73
)
(/usr/share/texlive/texmf-dist/tex/generic/iftex/ifpdf.sty
Package: ifpdf 2019/10/25 v3.4 ifpdf legacy package. Use iftex instead.
)
(/usr/share/texlive/texmf-dist/tex/latex/adjustbox/adjustbox.sty
Package: adjustbox 2022/10/17 v1.3a Adjusting TeX boxes (trim, clip, ...)

(/usr/share/texlive/texmf-dist/tex/latex/xkeyval/xkeyval.sty
Package: xkeyval 2022/06/16 v2.9 package option processing (HA)

(/usr/share/texlive/texmf-dist/tex/generic/xkeyval/xkeyval.tex
(/usr/share/texlive/texmf-dist/tex/generic/xkeyval/xkvutils.tex
\XKV@toks=\toks28
\XKV@tempa@toks=\toks29
)
\XKV@depth=\count303
File: xkeyval.tex 2014/12/03 v2.7a key=value parser (HA)
))
(/usr/share/texlive/texmf-dist/tex/latex/adjustbox/adjcalc.sty
Package: adjcalc 2012/05/16 v1.1 Provides advanced setlength with multiple back
-ends (calc, etex, pgfmath)
)
(/usr/share/texlive/texmf-dist/tex/latex/adjustbox/trimclip.sty
Package: trimclip 2020/08/19 v1.2 Trim and clip general TeX material

(/usr/share/texlive/texmf-dist/tex/latex/graphics/graphicx.sty
Package: graphicx 2021/09/16 v1.2d Enhanced LaTeX Graphics (DPC,SPQR)

(/usr/share/texlive/texmf-dist/tex/latex/graphics/graphics.sty
Package: graphics 2024/08/06 v1.4g Standard LaTeX Graphics (DPC,SPQR)

(/usr/share/texlive/texmf-dist/tex/latex/graphics/trig.sty
Package: trig 2023/12/02 v1.11 sin cos tan (DPC)
)
(/usr/share/texlive/texmf-dist/tex/latex/graphics-cfg/graphics.cfg
File: graphics.cfg 2016/06/04 v1.11 sample graphics configuration
)
Package graphics Info: Driver file: pdftex.def on input line 106.
)
\Gin@req@height=\dimen173
\Gin@req@width=\dimen174
)
(/usr/share/texlive/texmf-dist/tex/latex/collectbox/collectbox.sty
Package: collectbox 2022/10/17 v0.4c Collect macro arguments as boxes
\collectedbox=\box110
)
\tc@llx=\dimen175
\tc@lly=\dimen176
\tc@urx=\dimen177
\tc@ury=\dimen178
Package trimclip Info: Using driver 'tc-pdftex.def'.

(/usr/share/texlive/texmf-dist/tex/latex/adjustbox/tc-pdftex.def
File: tc-pdftex.def 2019/01/04 v2.2 Clipping driver for pdftex
))
\adjbox@Width=\dimen179
\adjbox@Height=\dimen180
\adjbox@Depth=\dimen181
\adjbox@Totalheight=\dimen182
\adjbox@pwidth=\dimen183
\adjbox@pheight=\dimen184
\adjbox@pdepth=\dimen185
\adjbox@ptotalheight=\dimen186

(/usr/share/texlive/texmf-dist/tex/latex/ifoddpage/ifoddpage.sty
Package: ifoddpage 2022/10/18 v1.2 Conditionals for odd/even page detection
\c@checkoddpage=\count304
))
(/usr/share/texlive/texmf-dist/tex/latex/amsfonts/amssymb.sty
Package: amssymb 2013/01/14 v3.01 AMS font symbols

(/usr/share/texlive/texmf-dist/tex/latex/amsfonts/amsfonts.sty
Package: amsfonts 2013/01/14 v3.01 Basic AMSFonts support
\@emptytoks=\toks30
\symAMSa=\mathgroup4
\symAMSb=\mathgroup5
LaTeX Font Info:    Redeclaring math symbol \hbar on input line 98.
LaTeX Font Info:    Overwriting math alphabet `\mathfrak' in version `bold'
(Font)                  U/euf/m/n --> U/euf/b/n on input line 106.
))
(/usr/share/texlive/texmf-dist/tex/latex/stackengine/stackengine.sty
Package: stackengine 2021/07/22 v4.11\ Stacking text and objects in convenient 
ways

(/usr/share/texlive/texmf-dist/tex/latex/etoolbox/etoolbox.sty
Package: etoolbox 2020/10/05 v2.5k e-TeX tools for LaTeX (JAW)
\etb@tempcnta=\count305
)
(/usr/share/texlive/texmf-dist/tex/generic/listofitems/listofitems.sty
(/usr/share/texlive/texmf-dist/tex/generic/listofitems/listofitems.tex
\loi_cnt_foreach_nest=\count306
\loi_nestcnt=\count307
)
Package: listofitems 2024/03/09 v1.65 Grab items in lists using user-specified 
sep char (CT)
)
\c@@stackindex=\count308
\@boxshift=\skip74
\stack@tmplength=\skip75
\temp@stkl=\skip76
\@stackedboxwidth=\skip77
\@addedbox=\box111
\@anchorbox=\box112
\@insetbox=\box113
\se@backgroundbox=\box114
\stackedbox=\box115
\@centerbox=\box116
\c@ROWcellindex@=\count309
)
(/usr/share/texlive/texmf-dist/tex/latex/enumitem/enumitem.sty
Package: enumitem 2019/06/20 v3.9 Customized lists
\labelindent=\skip78
\enit@outerparindent=\dimen187
\enit@toks=\toks31
\enit@inbox=\box117
\enit@count@id=\count310
\enitdp@description=\count311
)
(/usr/share/texlive/texmf-dist/tex/generic/alphalph/alphalph.sty
Package: alphalph 2019/12/09 v2.6 Convert numbers to letters (HO)

(/usr/share/texlive/texmf-dist/tex/generic/intcalc/intcalc.sty
Package: intcalc 2019/12/15 v1.3 Expandable calculations with integers (HO)
))
(/usr/share/texlive/texmf-dist/tex/generic/ulem/ulem.sty
\UL@box=\box118
\UL@hyphenbox=\box119
\UL@skip=\skip79
\UL@hook=\toks32
\UL@height=\dimen188
\UL@pe=\count312
\UL@pixel=\dimen189
\ULC@box=\box120
Package: ulem 2019/11/18
\ULdepth=\dimen190
)
\xrefbox=\box121
\xreflength=\skip80
\CodeWidthChar=\skip81
\CodeHeightChar=\skip82
\DoxyCodeWidth=\skip83
\c@DoxyEnumeratei=\count313
\c@DoxyEnumerateii=\count314
\c@DoxyEnumerateiii=\count315
\c@DoxyEnumerateiv=\count316
\c@DoxyEnumeratev=\count317
\c@DoxyEnumeratevi=\count318
\c@DoxyEnumeratevii=\count319
\c@DoxyEnumerateviii=\count320
\c@DoxyEnumerateix=\count321
\c@DoxyEnumeratex=\count322
\c@DoxyEnumeratexi=\count323
\c@DoxyEnumeratexii=\count324
\enitdp@DoxyEnumerate=\count325
\enitdp@DoxyItemize=\count326
\c@subsubsubsection=\count327
\c@subsubsubsubsection=\count328
\c@subsubsubsubsubsection=\count329
\c@subsubsubsubsubsubsection=\count330
)
(/usr/share/texlive/texmf-dist/tex/latex/base/inputenc.sty
Package: inputenc 2024/02/08 v1.3d Input encoding file
\inpenc@prehook=\toks33
\inpenc@posthook=\toks34
)
(/usr/share/texlive/texmf-dist/tex/latex/base/makeidx.sty
Package: makeidx 2021/10/04 v1.0m Standard LaTeX package
)
(/usr/share/texlive/texmf-dist/tex/latex/base/textcomp.sty
Package: textcomp 2024/04/24 v2.1b Standard LaTeX package
)
(/usr/share/texlive/texmf-dist/tex/latex/wasysym/wasysym.sty
Package: wasysym 2020/01/19 v2.4 Wasy-2 symbol support package
\symwasy=\mathgroup6
LaTeX Font Info:    Overwriting symbol font `wasy' in version `bold'
(Font)                  U/wasy/m/n --> U/wasy/b/n on input line 93.
)
(/usr/share/texlive/texmf-dist/tex/generic/iftex/ifxetex.sty
Package: ifxetex 2019/10/25 v0.7 ifxetex legacy package. Use iftex instead.
)
(/usr/share/texlive/texmf-dist/tex/latex/base/fontenc.sty
Package: fontenc 2021/04/29 v2.0v Standard LaTeX package
)
(/usr/share/texlive/texmf-dist/tex/latex/psnfss/helvet.sty
Package: helvet 2020/03/25 PSNFSS-v9.3 (WaS) 
)
(/usr/share/texlive/texmf-dist/tex/latex/psnfss/courier.sty
Package: courier 2020/03/25 PSNFSS-v9.3 (WaS) 
)
(/usr/share/texlive/texmf-dist/tex/latex/geometry/geometry.sty
Package: geometry 2020/01/02 v5.9 Page Geometry

(/usr/share/texlive/texmf-dist/tex/generic/iftex/ifvtex.sty
Package: ifvtex 2019/10/25 v1.7 ifvtex legacy package. Use iftex instead.
)
\Gm@cnth=\count331
\Gm@cntv=\count332
\c@Gm@tempcnt=\count333
\Gm@bindingoffset=\dimen191
\Gm@wd@mp=\dimen192
\Gm@odd@mp=\dimen193
\Gm@even@mp=\dimen194
\Gm@layoutwidth=\dimen195
\Gm@layoutheight=\dimen196
\Gm@layouthoffset=\dimen197
\Gm@layoutvoffset=\dimen198
\Gm@dimlist=\toks35
)
(/usr/share/texlive/texmf-dist/tex/latex/changepage/changepage.sty
Package: changepage 2009/10/20 v1.0c check page and change page layout
\c@cp@cntr=\count334
\cp@tempcnt=\count335
LaTeX Info: Redefining \checkoddpage on input line 59.
)
(/usr/share/texlive/texmf-dist/tex/latex/fancyhdr/fancyhdr.sty
Package: fancyhdr 2025/01/07 v5.1.1 Extensive control of page headers and foote
rs
\f@nch@headwidth=\skip84
\f@nch@offset@elh=\skip85
\f@nch@offset@erh=\skip86
\f@nch@offset@olh=\skip87
\f@nch@offset@orh=\skip88
\f@nch@offset@elf=\skip89
\f@nch@offset@erf=\skip90
\f@nch@offset@olf=\skip91
\f@nch@offset@orf=\skip92
\f@nch@height=\skip93
\f@nch@footalignment=\skip94
\f@nch@widthL=\skip95
\f@nch@widthC=\skip96
\f@nch@widthR=\skip97
\@temptokenb=\toks36
)
(/usr/share/texlive/texmf-dist/tex/latex/natbib/natbib.sty
Package: natbib 2010/09/13 8.31b (PWD, AO)
\bibhang=\skip98
\bibsep=\skip99
LaTeX Info: Redefining \cite on input line 694.
\c@NAT@ctr=\count336
)
(/usr/share/texlive/texmf-dist/tex/latex/tocloft/tocloft.sty
Package: tocloft 2017/08/31 v2.3i parameterised ToC, etc., typesetting
Package tocloft Info: The document has chapter divisions on input line 51.
\cftparskip=\skip100
\cftbeforetoctitleskip=\skip101
\cftaftertoctitleskip=\skip102
\cftbeforepartskip=\skip103
\cftpartnumwidth=\skip104
\cftpartindent=\skip105
\cftbeforechapskip=\skip106
\cftchapindent=\skip107
\cftchapnumwidth=\skip108
\cftbeforesecskip=\skip109
\cftsecindent=\skip110
\cftsecnumwidth=\skip111
\cftbeforesubsecskip=\skip112
\cftsubsecindent=\skip113
\cftsubsecnumwidth=\skip114
\cftbeforesubsubsecskip=\skip115
\cftsubsubsecindent=\skip116
\cftsubsubsecnumwidth=\skip117
\cftbeforeparaskip=\skip118
\cftparaindent=\skip119
\cftparanumwidth=\skip120
\cftbeforesubparaskip=\skip121
\cftsubparaindent=\skip122
\cftsubparanumwidth=\skip123
\cftbeforeloftitleskip=\skip124
\cftafterloftitleskip=\skip125
\cftbeforefigskip=\skip126
\cftfigindent=\skip127
\cftfignumwidth=\skip128
\c@lofdepth=\count337
\c@lotdepth=\count338
\cftbeforelottitleskip=\skip129
\cftafterlottitleskip=\skip130
\cftbeforetabskip=\skip131
\cfttabindent=\skip132
\cfttabnumwidth=\skip133
)
\@indexfile=\write4
\openout4 = `refman.idx'.


Writing index file refman.idx
(/usr/share/texlive/texmf-dist/tex/latex/newunicodechar/newunicodechar.sty
Package: newunicodechar 2018/04/08 v1.2 Defining Unicode characters
)
(/usr/share/texlive/texmf-dist/tex/latex/hyperref/hyperref.sty
Package: hyperref 2024-11-05 v7.01l Hypertext links for LaTeX

(/usr/share/texlive/texmf-dist/tex/latex/kvsetkeys/kvsetkeys.sty
Package: kvsetkeys 2022-10-05 v1.19 Key value parser (HO)
)
(/usr/share/texlive/texmf-dist/tex/generic/kvdefinekeys/kvdefinekeys.sty
Package: kvdefinekeys 2019-12-19 v1.6 Define keys (HO)
)
(/usr/share/texlive/texmf-dist/tex/generic/pdfescape/pdfescape.sty
Package: pdfescape 2019/12/09 v1.15 Implements pdfTeX's escape features (HO)

(/usr/share/texlive/texmf-dist/tex/generic/ltxcmds/ltxcmds.sty
Package: ltxcmds 2023-12-04 v1.26 LaTeX kernel commands for general use (HO)
)
(/usr/share/texlive/texmf-dist/tex/generic/pdftexcmds/pdftexcmds.sty
Package: pdftexcmds 2020-06-27 v0.33 Utility functions of pdfTeX for LuaTeX (HO
)
Package pdftexcmds Info: \pdf@primitive is available.
Package pdftexcmds Info: \pdf@ifprimitive is available.
Package pdftexcmds Info: \pdfdraftmode found.
))
(/usr/share/texlive/texmf-dist/tex/latex/hycolor/hycolor.sty
Package: hycolor 2020-01-27 v1.10 Color options for hyperref/bookmark (HO)
)
(/usr/share/texlive/texmf-dist/tex/latex/hyperref/nameref.sty
Package: nameref 2023-11-26 v2.56 Cross-referencing by name of section

(/usr/share/texlive/texmf-dist/tex/latex/refcount/refcount.sty
Package: refcount 2019/12/15 v3.6 Data extraction from label references (HO)
)
(/usr/share/texlive/texmf-dist/tex/generic/gettitlestring/gettitlestring.sty
Package: gettitlestring 2019/12/15 v1.6 Cleanup title references (HO)

(/usr/share/texlive/texmf-dist/tex/latex/kvoptions/kvoptions.sty
Package: kvoptions 2022-06-15 v3.15 Key value format for package options (HO)
))
\c@section@level=\count339
)
(/usr/share/texlive/texmf-dist/tex/generic/stringenc/stringenc.sty
Package: stringenc 2019/11/29 v1.12 Convert strings between diff. encodings (HO
)
)
\@linkdim=\dimen199
\Hy@linkcounter=\count340
\Hy@pagecounter=\count341

(/usr/share/texlive/texmf-dist/tex/latex/hyperref/pd1enc.def
File: pd1enc.def 2024-11-05 v7.01l Hyperref: PDFDocEncoding definition (HO)
Now handling font encoding PD1 ...
... no UTF-8 mapping file for font encoding PD1
)
\Hy@SavedSpaceFactor=\count342

(/usr/share/texlive/texmf-dist/tex/latex/hyperref/puenc.def
File: puenc.def 2024-11-05 v7.01l Hyperref: PDF Unicode definition (HO)
Now handling font encoding PU ...
... no UTF-8 mapping file for font encoding PU
)
Package hyperref Info: Hyper figures OFF on input line 4157.
Package hyperref Info: Link nesting OFF on input line 4162.
Package hyperref Info: Hyper index ON on input line 4165.
Package hyperref Info: Plain pages OFF on input line 4172.
Package hyperref Info: Backreferencing ON on input line 4175.
Package hyperref Info: Implicit mode ON; LaTeX internals redefined.
Package hyperref Info: Bookmarks ON on input line 4424.

(/usr/share/texlive/texmf-dist/tex/latex/hyperref/backref.sty
Package: backref 2023-11-26 v1.44 Bibliographical back referencing

(/usr/share/texlive/texmf-dist/tex/latex/rerunfilecheck/rerunfilecheck.sty
Package: rerunfilecheck 2022-07-10 v1.10 Rerun checks for auxiliary files (HO)

(/usr/share/texlive/texmf-dist/tex/latex/base/atveryend-ltx.sty
Package: atveryend-ltx 2020/08/19 v1.0a Emulation of the original atveryend pac
kage
with kernel methods
)
(/usr/share/texlive/texmf-dist/tex/generic/uniquecounter/uniquecounter.sty
Package: uniquecounter 2019/12/15 v1.4 Provide unlimited unique counter (HO)

(/usr/share/texlive/texmf-dist/tex/generic/bigintcalc/bigintcalc.sty
Package: bigintcalc 2019/12/15 v1.5 Expandable calculations on big integers (HO
)
))
Package uniquecounter Info: New unique counter `rerunfilecheck' on input line 2
85.
))
\c@Hy@tempcnt=\count343

(/usr/share/texlive/texmf-dist/tex/latex/url/url.sty
\Urlmuskip=\muskip17
Package: url 2013/09/16  ver 3.4  Verb mode for urls, etc.
)
LaTeX Info: Redefining \url on input line 4763.
\XeTeXLinkMargin=\dimen256

(/usr/share/texlive/texmf-dist/tex/generic/bitset/bitset.sty
Package: bitset 2019/12/09 v1.3 Handle bit-vector datatype (HO)
)
\Fld@menulength=\count344
\Field@Width=\dimen257
\Fld@charsize=\dimen258
Package hyperref Info: Hyper figures OFF on input line 6042.
Package hyperref Info: Link nesting OFF on input line 6047.
Package hyperref Info: Hyper index ON on input line 6050.
Package hyperref Info: backreferencing ON on input line 6055.
Package hyperref Info: Link coloring OFF on input line 6062.
Package hyperref Info: Link coloring with OCG OFF on input line 6067.
Package hyperref Info: PDF/A mode OFF on input line 6072.

(/usr/share/texlive/texmf-dist/tex/latex/base/atbegshi-ltx.sty
Package: atbegshi-ltx 2021/01/10 v1.0c Emulation of the original atbegshi
package with kernel methods
)
\Hy@abspage=\count345
\c@Item=\count346
\c@Hfootnote=\count347
)
Package hyperref Info: Driver: hpdftex.

(/usr/share/texlive/texmf-dist/tex/latex/hyperref/hpdftex.def
File: hpdftex.def 2024-11-05 v7.01l Hyperref driver for pdfTeX
\Fld@listcount=\count348
\c@bookmark@seq@number=\count349
\Hy@SectionHShift=\skip134
)
Package hyperref Info: Option `colorlinks' set `true' on input line 187.
Package hyperref Info: Option `unicode' set `true' on input line 187.

(/usr/share/texlive/texmf-dist/tex/latex/caption/caption.sty
Package: caption 2023/08/05 v3.6o Customizing captions (AR)

(/usr/share/texlive/texmf-dist/tex/latex/caption/caption3.sty
Package: caption3 2023/07/31 v2.4d caption3 kernel (AR)
\caption@tempdima=\dimen259
\captionmargin=\dimen260
\caption@leftmargin=\dimen261
\caption@rightmargin=\dimen262
\caption@width=\dimen263
\caption@indent=\dimen264
\caption@parindent=\dimen265
\caption@hangindent=\dimen266
Package caption Info: Standard document class detected.
)
\c@caption@flags=\count350
\c@continuedfloat=\count351
Package caption Info: changepage package is loaded.
\caption@adjustwidth@hsize=\dimen267
\caption@adjustwidth@linewidth=\dimen268
Package caption Info: float package is loaded.
Package caption Info: hyperref package is loaded.
Package caption Info: longtable package is loaded.

(/usr/share/texlive/texmf-dist/tex/latex/caption/ltcaption.sty
Package: ltcaption 2021/01/08 v1.4c longtable captions (AR)
))
(/usr/share/texlive/texmf-dist/tex/latex/etoc/etoc.sty
Package: etoc 2023/10/29 v1.2d Completely customisable TOCs (JFB)
\Etoc@toctoks=\toks37
\c@etoc@tocid=\count352
\etoc@framed@titlebox=\box122
\etoc@framed@contentsbox=\box123
)
LaTeX Font Info:    Trying to load font information for T1+phv on input line 20
9.

(/usr/share/texlive/texmf-dist/tex/latex/psnfss/t1phv.fd
File: t1phv.fd 2020/03/25 scalable font definitions for T1/phv.
)
LaTeX Font Info:    Font shape `T1/phv/m/n' will be
(Font)              scaled to size 8.99994pt on input line 209.

(/usr/share/texlive/texmf-dist/tex/latex/l3backend/l3backend-pdftex.def
File: l3backend-pdftex.def 2024-05-08 L3 backend support: PDF output (pdfTeX)
\l__color_backend_stack_int=\count353
\l__pdf_internal_box=\box124
)
(./refman.aux)
\openout1 = `refman.aux'.

LaTeX Font Info:    Checking defaults for OML/cmm/m/it on input line 209.
LaTeX Font Info:    ... okay on input line 209.
LaTeX Font Info:    Checking defaults for OMS/cmsy/m/n on input line 209.
LaTeX Font Info:    ... okay on input line 209.
LaTeX Font Info:    Checking defaults for OT1/cmr/m/n on input line 209.
LaTeX Font Info:    ... okay on input line 209.
LaTeX Font Info:    Checking defaults for T1/cmr/m/n on input line 209.
LaTeX Font Info:    ... okay on input line 209.
LaTeX Font Info:    Checking defaults for TS1/cmr/m/n on input line 209.
LaTeX Font Info:    ... okay on input line 209.
LaTeX Font Info:    Checking defaults for OMX/cmex/m/n on input line 209.
LaTeX Font Info:    ... okay on input line 209.
LaTeX Font Info:    Checking defaults for U/cmr/m/n on input line 209.
LaTeX Font Info:    ... okay on input line 209.
LaTeX Font Info:    Checking defaults for PD1/pdf/m/n on input line 209.
LaTeX Font Info:    ... okay on input line 209.
LaTeX Font Info:    Checking defaults for PU/pdf/m/n on input line 209.
LaTeX Font Info:    ... okay on input line 209.

(/usr/share/texlive/texmf-dist/tex/context/base/mkii/supp-pdf.mkii
[Loading MPS to PDF converter (version 2006.09.02).]
\scratchcounter=\count354
\scratchdimen=\dimen269
\scratchbox=\box125
\nofMPsegments=\count355
\nofMParguments=\count356
\everyMPshowfont=\toks38
\MPscratchCnt=\count357
\MPscratchDim=\dimen270
\MPnumerator=\count358
\makeMPintoPDFobject=\count359
\everyMPtoPDFconversion=\toks39
) (/usr/share/texlive/texmf-dist/tex/latex/epstopdf-pkg/epstopdf-base.sty
Package: epstopdf-base 2020-01-24 v2.11 Base part for package epstopdf
Package epstopdf-base Info: Redefining graphics rule for `.eps' on input line 4
85.

(/usr/share/texlive/texmf-dist/tex/latex/latexconfig/epstopdf-sys.cfg
File: epstopdf-sys.cfg 2010/07/13 v1.3 Configuration of (r)epstopdf for TeX Liv
e
))
*geometry* driver: auto-detecting
*geometry* detected driver: pdftex
*geometry* verbose mode - [ preamble ] result:
* driver: pdftex
* paper: a4paper
* layout: <same size as paper>
* layoutoffset:(h,v)=(0.0pt,0.0pt)
* modes: twoside 
* h-part:(L,W,R)=(71.13188pt, 455.24411pt, 71.13188pt)
* v-part:(T,H,B)=(71.13188pt, 702.78308pt, 71.13188pt)
* \paperwidth=597.50787pt
* \paperheight=845.04684pt
* \textwidth=455.24411pt
* \textheight=702.78308pt
* \oddsidemargin=-1.1381pt
* \evensidemargin=-1.1381pt
* \topmargin=-31.2056pt
* \headheight=12.0pt
* \headsep=18.06749pt
* \topskip=10.0pt
* \footskip=25.29494pt
* \marginparwidth=125.0pt
* \marginparsep=7.0pt
* \columnsep=10.0pt
* \skip\footins=9.0pt plus 4.0pt minus 2.0pt
* \hoffset=0.0pt
* \voffset=0.0pt
* \mag=1000
* \@twocolumnfalse
* \@twosidetrue
* \@mparswitchtrue
* \@reversemarginfalse
* (1in=72.27pt=25.4mm, 1cm=28.453pt)

Package backref Info: ** backref set up for natbib ** on input line 209.
Package hyperref Info: Link coloring ON on input line 209.
(./refman.out) (./refman.out)
\@outlinefile=\write5
\openout5 = `refman.out'.

Package caption Info: Begin \AtBeginDocument code.
Package caption Info: End \AtBeginDocument code.
\Etoc@tf=\read4
Package hyperref Info: Option `pageanchor' set `false' on input line 217.
Package hyperref Info: Option `bookmarksnumbered' set `true' on input line 217.

Package hyperref Info: Option `unicode' set `true' on input line 217.
LaTeX Font Info:    Font shape `T1/phv/m/n' will be
(Font)              scaled to size 12.9599pt on input line 222.
LaTeX Font Info:    Font shape `T1/phv/m/n' will be
(Font)              scaled to size 10.79993pt on input line 223.


[1


{/var/lib/texmf/fonts/map/pdftex/updmap/pdftex.map}{/usr/share/texlive/texmf-di
st/fonts/enc/dvips/base/8r.enc}]

[2

]
\tf@toc=\write6
\openout6 = `refman.toc'.

LaTeX Font Info:    Font shape `T1/phv/b/n' will be
(Font)              scaled to size 8.99994pt on input line 231.
LaTeX Font Info:    Trying to load font information for U+msa on input line 231
.
 (/usr/share/texlive/texmf-dist/tex/latex/amsfonts/umsa.fd
File: umsa.fd 2013/01/14 v3.01 AMS symbols A
)
LaTeX Font Info:    Trying to load font information for U+msb on input line 231
.

(/usr/share/texlive/texmf-dist/tex/latex/amsfonts/umsb.fd
File: umsb.fd 2013/01/14 v3.01 AMS symbols B
)
LaTeX Font Info:    Trying to load font information for U+wasy on input line 23
1.

(/usr/share/texlive/texmf-dist/tex/latex/wasysym/uwasy.fd
File: uwasy.fd 2020/01/19 v2.4 Wasy-2 symbol font definitions
)

LaTeX Font Info:    Font shape `T1/phv/b/n' will be
(Font)              scaled to size 6.29996pt on input line 231.
[1]
LaTeX Font Info:    Font shape `T1/phv/m/n' will be
(Font)              scaled to size 6.29996pt on input line 231.


[2]

[3]

[4]

[5]

[6]

[7]

[8]

[9]

[10]

[11]

[12]

[13]

[14]

[15]

[16]

[17]

[18]

[19]

[20]
Underfull \hbox (badness 10000) in paragraph at lines 231--231
 [][] [][]\T1/phv/m/n/10 6.18 linux/matesocketcan/build/[]Debug/[]GNU-[]Linux/[
]_[]ext/5c0/raw.githubusercontent.[]com[]_[]linux-can[]_[]can- 
 []


Underfull \hbox (badness 986) in paragraph at lines 231--231
 [][] [][]\T1/phv/m/n/10 6.19 linux/matesocketcan/build/[]Release/[]GNU-[]Linux
/[]_[]ext/5c0/raw.githubusercontent.[]com[]_[]linux-can[]_[]can- 
 []



[21]

[22]

[23]

[24]

[25]

[26]
LaTeX Font Info:    Font shape `T1/phv/m/n' will be
(Font)              scaled to size 7.19995pt on input line 231.
LaTeX Font Info:    Trying to load font information for T1+pcr on input line 23
1.
 (/usr/share/texlive/texmf-dist/tex/latex/psnfss/t1pcr.fd
File: t1pcr.fd 2001/06/04 font definitions for T1/pcr.
)

[27]

[28]

[29]

[30]

[31]

[32]

[33]

[34]

[35]

[36]

[37]

[38]

[39]

[40]

[41]

[42]

[43]

[44]

[45]

[46]

[47]

[48]

[49]

[50]

[51]

[52]

[53]

[54]

[55]

[56]

[57]

[58]

[59]

[60]
Package hyperref Info: Option `pageanchor' set `true' on input line 234.

Chapter 1.
LaTeX Font Info:    Font shape `T1/phv/m/n' will be
(Font)              scaled to size 18.66588pt on input line 236.
LaTeX Font Info:    Font shape `T1/phv/b/n' will be
(Font)              scaled to size 18.66588pt on input line 236.
LaTeX Font Info:    Font shape `T1/phv/b/n' will be
(Font)              scaled to size 22.39185pt on input line 236.
(./topics.tex
LaTeX Font Info:    Font shape `T1/phv/b/n' will be
(Font)              scaled to size 12.9599pt on input line 1.
)

[1


]

[2

]
Chapter 2.
(./annotated.tex

[3])

[4]
Chapter 3.
(./files.tex
LaTeX Font Info:    Trying to load font information for TS1+phv on input line 2
7.
 (/usr/share/texlive/texmf-dist/tex/latex/psnfss/ts1phv.fd
File: ts1phv.fd 2020/03/25 scalable font definitions for TS1/phv.
)
LaTeX Font Info:    Font shape `TS1/phv/m/n' will be
(Font)              scaled to size 8.99994pt on input line 27.

Overfull \hbox (74.01602pt too wide) in paragraph at lines 32--32
 [][] \T1/phv/m/n/10 linux/matesocketcan/build/[]Debug/[]GNU-[]Linux/[]_[]ext/5
c0/[] 
 []


Underfull \hbox (badness 10000) in paragraph at lines 32--32
 []  
 []


Overfull \hbox (80.69391pt too wide) in paragraph at lines 33--33
 [][] \T1/phv/m/n/10 linux/matesocketcan/build/[]Release/[]GNU-[]Linux/[]_[]ext
/5c0/[] 
 []


Underfull \hbox (badness 10000) in paragraph at lines 33--33
 []  
 []



[5

]

[6])

[7]

[8

]
Chapter 4.
(./group__api.tex
LaTeX Font Info:    Font shape `T1/phv/m/n' will be
(Font)              scaled to size 8.09995pt on input line 14.
LaTeX Font Info:    Font shape `T1/phv/m/it' in size <9> not available
(Font)              Font shape `T1/phv/m/sl' tried instead on input line 14.
LaTeX Font Info:    Font shape `T1/phv/m/sl' will be
(Font)              scaled to size 8.09995pt on input line 14.
LaTeX Font Info:    Font shape `T1/phv/m/it' in size <7> not available
(Font)              Font shape `T1/phv/m/sl' tried instead on input line 14.
LaTeX Font Info:    Font shape `T1/phv/m/sl' will be
(Font)              scaled to size 6.29996pt on input line 14.
LaTeX Font Info:    Font shape `T1/pcr/m/it' in size <9> not available
(Font)              Font shape `T1/pcr/m/sl' tried instead on input line 19.


[9]
LaTeX Font Info:    Font shape `T1/phv/b/n' will be
(Font)              scaled to size 10.79993pt on input line 44.
LaTeX Font Info:    Font shape `T1/phv/bc/n' will be
(Font)              scaled to size 8.99994pt on input line 56.

Underfull \hbox (badness 10000) detected at line 56
[][][]
 []


Underfull \hbox (badness 10000) detected at line 72
[][][]
 []

LaTeX Font Info:    Font shape `T1/pcr/m/it' in size <8> not available
(Font)              Font shape `T1/pcr/m/sl' tried instead on input line 92.
LaTeX Font Info:    Font shape `T1/pcr/m/it' in size <7> not available
(Font)              Font shape `T1/pcr/m/sl' tried instead on input line 92.


[10]
Underfull \hbox (badness 10000) detected at line 98
[][][]
 []


Underfull \hbox (badness 10000) detected at line 122
[][][]
 []

 <./group__api_gadbe914e5a9d4f93314c4e7637cb4f7b3_icgraph.pdf>
<group__api_gadbe914e5a9d4f93314c4e7637cb4f7b3_icgraph.pdf, id=13332, 277.035pt
 x 136.51pt>
File: group__api_gadbe914e5a9d4f93314c4e7637cb4f7b3_icgraph.pdf Graphic file (t
ype pdf)
<use group__api_gadbe914e5a9d4f93314c4e7637cb4f7b3_icgraph.pdf>
Package pdftex.def Info: group__api_gadbe914e5a9d4f93314c4e7637cb4f7b3_icgraph.
pdf  used on input line 129.
(pdftex.def)             Requested size: 276.0pt x 136.0014pt.


[11]
Underfull \hbox (badness 10000) detected at line 142
[][][]
 []


Underfull \hbox (badness 10000) detected at line 150
[][][]
 []


Underfull \hbox (badness 10000) detected at line 153
[][][]
 []



[12]
Underfull \hbox (badness 10000) detected at line 171
[][][]
 []

 <./group__api_gad2450e11094eba170a7fee52e2ad8a03_cgraph.pdf>
<group__api_gad2450e11094eba170a7fee52e2ad8a03_cgraph.pdf, id=13360, 166.6225pt
 x 117.43875pt>
File: group__api_gad2450e11094eba170a7fee52e2ad8a03_cgraph.pdf Graphic file (ty
pe pdf)
<use group__api_gad2450e11094eba170a7fee52e2ad8a03_cgraph.pdf>
Package pdftex.def Info: group__api_gad2450e11094eba170a7fee52e2ad8a03_cgraph.p
df  used on input line 178.
(pdftex.def)             Requested size: 166.0pt x 117.00836pt.
 <./group__api_gad2450e11094eba170a7fee52e2ad8a03_icgraph.pdf>
<group__api_gad2450e11094eba170a7fee52e2ad8a03_icgraph.pdf, id=13368, 243.91125
pt x 117.43875pt>
File: group__api_gad2450e11094eba170a7fee52e2ad8a03_icgraph.pdf Graphic file (t
ype pdf)
<use group__api_gad2450e11094eba170a7fee52e2ad8a03_icgraph.pdf>
Package pdftex.def Info: group__api_gad2450e11094eba170a7fee52e2ad8a03_icgraph.
pdf  used on input line 185.
(pdftex.def)             Requested size: 243.0pt x 117.0012pt.

Underfull \hbox (badness 10000) in paragraph at lines 192--193
|  \T1/pcr/m/n/8 void($\OMS/cmsy/m/n/8 ^^C$ \T1/pcr/m/sl/8 publish[]_[]response
[]_[]callback \T1/pcr/m/n/8 )(void $\OMS/cmsy/m/n/8 ^^C$$^^C$[]\T1/pcr/m/n/8 , 
struct []
 []


Underfull \hbox (badness 10000) detected at line 200
[][][]
 []



[13]
Underfull \hbox (badness 10000) detected at line 220
[][][]
 []


Underfull \hbox (badness 10000) detected at line 223
[][][]
 []


Underfull \hbox (badness 10000) detected at line 230
[][][]
 []


Underfull \hbox (badness 10000) detected at line 249
[][][]
 []

 <./group__api_gaa5dab8a06f016b09c7a5259274b3b3ce_icgraph.pdf>
<group__api_gaa5dab8a06f016b09c7a5259274b3b3ce_icgraph.pdf, id=13395, 254.9525p
t x 136.51pt>
File: group__api_gaa5dab8a06f016b09c7a5259274b3b3ce_icgraph.pdf Graphic file (t
ype pdf)
<use group__api_gaa5dab8a06f016b09c7a5259274b3b3ce_icgraph.pdf>
Package pdftex.def Info: group__api_gaa5dab8a06f016b09c7a5259274b3b3ce_icgraph.
pdf  used on input line 256.
(pdftex.def)             Requested size: 254.0pt x 136.00557pt.


[14]
Underfull \hbox (badness 10000) in paragraph at lines 263--264
|  \T1/pcr/m/n/8 void($\OMS/cmsy/m/n/8 ^^C$ \T1/pcr/m/sl/8 publish[]_[]response
[]_[]callback \T1/pcr/m/n/8 )(void $\OMS/cmsy/m/n/8 ^^C$$^^C$[]\T1/pcr/m/n/8 , 
struct []
 []


Underfull \hbox (badness 10000) detected at line 284
[][][]
 []


Underfull \hbox (badness 10000) detected at line 298
[][][]
 []


Underfull \hbox (badness 10000) detected at line 301
[][][]
 []



[15]
Underfull \hbox (badness 10000) detected at line 314
[][][]
 []


Underfull \hbox (badness 10000) detected at line 322
[][][]
 []


Underfull \hbox (badness 10000) detected at line 337
[][][]
 []


Underfull \hbox (badness 10000) detected at line 353
[][][]
 []

 <./group__api_gaf97b13371c254248416dcaf5890cec49_icgraph.pdf>
<group__api_gaf97b13371c254248416dcaf5890cec49_icgraph.pdf, id=13444, 271.0125p
t x 136.51pt>
File: group__api_gaf97b13371c254248416dcaf5890cec49_icgraph.pdf Graphic file (t
ype pdf)
<use group__api_gaf97b13371c254248416dcaf5890cec49_icgraph.pdf>
Package pdftex.def Info: group__api_gaf97b13371c254248416dcaf5890cec49_icgraph.
pdf  used on input line 360.
(pdftex.def)             Requested size: 270.0pt x 136.00557pt.


[16]
Underfull \hbox (badness 10000) detected at line 373
[][][]
 []


Underfull \hbox (badness 10000) detected at line 376
[][][]
 []


Underfull \hbox (badness 10000) detected at line 384
[][][]
 []



[17]
Underfull \hbox (badness 10000) detected at line 399
[][][]
 []


Underfull \hbox (badness 10000) detected at line 417
[][][]
 []


Underfull \hbox (badness 10000) detected at line 420
[][][]
 []


Underfull \hbox (badness 10000) detected at line 433
[][][]
 []



[18]
Underfull \hbox (badness 10000) detected at line 445
[][][]
 []


Underfull \hbox (badness 10000) detected at line 460
[][][]
 []


Underfull \hbox (badness 10000) detected at line 468
[][][]
 []


Underfull \hbox (badness 10000) detected at line 471
[][][]
 []

 <./group__api_gae3d3aafc7588ed53a90c9f66fc620a6e_icgraph.pdf>
<group__api_gae3d3aafc7588ed53a90c9f66fc620a6e_icgraph.pdf, id=13492, 391.4625p
t x 136.51pt>
File: group__api_gae3d3aafc7588ed53a90c9f66fc620a6e_icgraph.pdf Graphic file (t
ype pdf)
<use group__api_gae3d3aafc7588ed53a90c9f66fc620a6e_icgraph.pdf>
Package pdftex.def Info: group__api_gae3d3aafc7588ed53a90c9f66fc620a6e_icgraph.
pdf  used on input line 478.
(pdftex.def)             Requested size: 350.0pt x 122.05798pt.


[19]
Underfull \hbox (badness 10000) detected at line 491
[][][]
 []


Underfull \hbox (badness 10000) detected at line 501
[][][]
 []

) (./group__packers.tex
Overfull \hbox (34.1161pt too wide) in paragraph at lines 20--33
[] \T1/phv/m/n/10 = 1u , [] = 2u , []
 []



[20]
Underfull \hbox (badness 10000) detected at line 81
[][][]
 []


Underfull \hbox (badness 10000) detected at line 94
[][][]
 []


Underfull \hbox (badness 10000) detected at line 107
[][][]
 []



[21]
Underfull \hbox (badness 10000) detected at line 123
[][][]
 []


Underfull \hbox (badness 10000) detected at line 174
[][][]
 []



[22]
Underfull \hbox (badness 10000) detected at line 239
[][][]
 []


Underfull \hbox (badness 10000) detected at line 242
[][][]
 []


Underfull \hbox (badness 10000) detected at line 245
[][][]
 []



[23]
Underfull \hbox (badness 10000) detected at line 265
[][][]
 []


Underfull \hbox (badness 10000) detected at line 268
[][][]
 []


Underfull \hbox (badness 10000) detected at line 281
[][][]
 []


Underfull \hbox (badness 10000) detected at line 293
[][][]
 []



[24]
Underfull \hbox (badness 10000) detected at line 313
[][][]
 []


Underfull \hbox (badness 10000) detected at line 316
[][][]
 []


Underfull \hbox (badness 10000) detected at line 346
[][][]
 []


Underfull \hbox (badness 10000) detected at line 349
[][][]
 []


Underfull \hbox (badness 10000) detected at line 352
[][][]
 []



[25]
Underfull \hbox (badness 10000) detected at line 376
[][][]
 []


Underfull \hbox (badness 10000) detected at line 385
[][][]
 []


Underfull \hbox (badness 10000) detected at line 409
[][][]
 []


Underfull \hbox (badness 10000) detected at line 417
[][][]
 []



[26]
Underfull \hbox (badness 10000) detected at line 420
[][][]
 []


Underfull \hbox (badness 10000) detected at line 444
[][][]
 []


Underfull \hbox (badness 10000) detected at line 452
[][][]
 []


Underfull \hbox (badness 10000) detected at line 455
[][][]
 []

) (./group__unpackers.tex

[27]
Overfull \hbox (15.2437pt too wide) in paragraph at lines 36--55
[] \T1/phv/m/n/10 = 9u , [] = 10u , []
 []


Underfull \hbox (badness 1210) in paragraph at lines 56--65
[] \T1/phv/m/n/10 = 0u , [] = 1u ,
 []


Overfull \hbox (55.9931pt too wide) in paragraph at lines 56--65
[] \T1/phv/m/n/10 = 2u , []
 []


Overfull \hbox (87.70885pt too wide) in paragraph at lines 56--65
[] \T1/phv/m/n/10 = 4u , []
 []


Overfull \hbox (85.53928pt too wide) in paragraph at lines 66--71
[]\T1/phv/m/n/10 enum [] { [] = 0u , []
 []



[28]
Underfull \hbox (badness 10000) detected at line 103
[][][]
 []


Underfull \hbox (badness 10000) detected at line 142
[][][]
 []



[29]
Underfull \hbox (badness 10000) detected at line 213
[][][]
 []


Underfull \hbox (badness 10000) detected at line 247
[][][]
 []



[30]
Underfull \hbox (badness 10000) detected at line 257
[][][]
 []


Underfull \hbox (badness 10000) detected at line 270
[][][]
 []


Underfull \hbox (badness 10000) detected at line 282
[][][]
 []


Underfull \hbox (badness 10000) detected at line 295
[][][]
 []



[31]
Underfull \hbox (badness 10000) detected at line 305
[][][]
 []


Underfull \hbox (badness 10000) detected at line 318
[][][]
 []


Underfull \hbox (badness 10000) detected at line 330
[][][]
 []


Underfull \hbox (badness 10000) detected at line 352
[][][]
 []

) (./group__details.tex

[32]
Overfull \hbox (41.08958pt too wide) in paragraph at lines 57--58
[]\T1/phv/m/n/10 struct [] $\OMS/cmsy/m/n/10 ^^C$ [] \T1/phv/m/n/10 (const stru
ct [] $\OMS/cmsy/m/n/10 ^^C$\T1/phv/m/n/10 mq, enum []
 []



[33]
Underfull \hbox (badness 10000) detected at line 64
[][][]
 []


Underfull \hbox (badness 10000) detected at line 107
[][][]
 []



[34]
Underfull \hbox (badness 10000) detected at line 172
[][][]
 []


Underfull \hbox (badness 10000) detected at line 192
[][][]
 []



[35]
Underfull \hbox (badness 10000) detected at line 212
[][][]
 []


Underfull \hbox (badness 10000) detected at line 232
[][][]
 []


Underfull \hbox (badness 10000) detected at line 252
[][][]
 []



[36]
Underfull \hbox (badness 10000) detected at line 270
[][][]
 []


Underfull \hbox (badness 10000) detected at line 288
[][][]
 []


Underfull \hbox (badness 10000) detected at line 301
[][][]
 []



[37]
Underfull \hbox (badness 10000) detected at line 328
[][][]
 []


Underfull \hbox (badness 10000) detected at line 360
[][][]
 []


Underfull \hbox (badness 10000) detected at line 370
[][][]
 []


Underfull \hbox (badness 10000) detected at line 373
[][][]
 []

) (./group__pal.tex

[38]

[39]

[40]
Underfull \hbox (badness 10000) detected at line 74
[][][]
 []


Underfull \hbox (badness 10000) detected at line 103
[][][]
 []

) (./group__adc__context__scan.tex

[41]
Underfull \hbox (badness 2326) in paragraph at lines 48--48
[]\T1/phv/m/sl/9 This API starts A/D con-ver-sion on se-lected chan-nel. Cor-re
ct ADC con-text should be se-lected us-ing
 []



[42]
Underfull \hbox (badness 2359) in paragraph at lines 70--70
[]\T1/phv/m/sl/9 This API clears the ac-cu-mu-la-tor of se-lected con-text. Cor
-rect ADC con-text should be se-lected us-ing
 []



[43]

[44]
Underfull \hbox (badness 1708) in paragraph at lines 211--212
[]\T1/phv/m/n/10 This API clears the ac-cu-mu-la-tor of se-lected con-text. Cor
-rect ADC con-text should be se-lected us-ing
 []


Underfull \hbox (badness 10000) detected at line 218
[][][]
 []



[45]
Underfull \hbox (badness 10000) detected at line 250
[][][]
 []


Underfull \hbox (badness 10000) detected at line 283
[][][]
 []



[46]
Underfull \hbox (badness 10000) detected at line 317
[][][]
 []


Underfull \hbox (badness 10000) detected at line 349
[][][]
 []


Underfull \hbox (badness 10000) detected at line 381
[][][]
 []



[47]
Underfull \hbox (badness 10000) detected at line 414
[][][]
 []


Underfull \hbox (badness 10000) detected at line 450
[][][]
 []



[48]
Underfull \hbox (badness 10000) detected at line 482
[][][]
 []


Underfull \hbox (badness 10000) detected at line 523
[][][]
 []



[49]
Underfull \hbox (badness 10000) detected at line 555
[][][]
 []


Underfull \hbox (badness 10000) detected at line 588
[][][]
 []


Underfull \hbox (badness 10000) detected at line 621
[][][]
 []



[50]
Underfull \hbox (badness 10000) detected at line 654
[][][]
 []


Underfull \hbox (badness 10000) detected at line 689
[][][]
 []



[51]
Underfull \hbox (badness 10000) detected at line 723
[][][]
 []


Underfull \hbox (badness 10000) detected at line 756
[][][]
 []



[52]
Underfull \hbox (badness 10000) detected at line 790
[][][]
 []


Underfull \hbox (badness 10000) detected at line 823
[][][]
 []



[53]
Underfull \hbox (badness 10000) detected at line 856
[][][]
 []


Underfull \hbox (badness 10000) detected at line 890
[][][]
 []



[54]
Underfull \hbox (badness 10000) detected at line 924
[][][]
 []


Underfull \hbox (badness 10000) detected at line 958
[][][]
 []


Underfull \hbox (badness 10000) detected at line 992
[][][]
 []



[55] <./group__adc__context__scan_gab0e0ea1662a8e789547210a2d33127e1_cgraph.pdf
>
<group__adc__context__scan_gab0e0ea1662a8e789547210a2d33127e1_cgraph.pdf, id=14
385, 358.33875pt x 196.735pt>
File: group__adc__context__scan_gab0e0ea1662a8e789547210a2d33127e1_cgraph.pdf G
raphic file (type pdf)
<use group__adc__context__scan_gab0e0ea1662a8e789547210a2d33127e1_cgraph.pdf>
Package pdftex.def Info: group__adc__context__scan_gab0e0ea1662a8e789547210a2d3
3127e1_cgraph.pdf  used on input line 1015.
(pdftex.def)             Requested size: 350.0pt x 192.16855pt.
 <./group__adc__context__scan_gab0e0ea1662a8e789547210a2d33127e1_icgraph.pdf>
<group__adc__context__scan_gab0e0ea1662a8e789547210a2d33127e1_icgraph.pdf, id=1
4393, 382.42876pt x 99.37125pt>
File: group__adc__context__scan_gab0e0ea1662a8e789547210a2d33127e1_icgraph.pdf 
Graphic file (type pdf)
<use group__adc__context__scan_gab0e0ea1662a8e789547210a2d33127e1_icgraph.pdf>
Package pdftex.def Info: group__adc__context__scan_gab0e0ea1662a8e789547210a2d3
3127e1_icgraph.pdf  used on input line 1023.
(pdftex.def)             Requested size: 350.0pt x 90.94957pt.

Underfull \hbox (badness 10000) detected at line 1041
[][][]
 []



[56]
Underfull \hbox (badness 10000) detected at line 1076
[][][]
 []


Underfull \hbox (badness 10000) detected at line 1109
[][][]
 []



[57]
Underfull \hbox (badness 10000) detected at line 1142
[][][]
 []

 <./group__adc__context__scan_ga922be39b90e7ae385d6860d954edceb0_icgraph.pdf>
<group__adc__context__scan_ga922be39b90e7ae385d6860d954edceb0_icgraph.pdf, id=1
4447, 567.11874pt x 110.4125pt>
File: group__adc__context__scan_ga922be39b90e7ae385d6860d954edceb0_icgraph.pdf 
Graphic file (type pdf)
<use group__adc__context__scan_ga922be39b90e7ae385d6860d954edceb0_icgraph.pdf>
Package pdftex.def Info: group__adc__context__scan_ga922be39b90e7ae385d6860d954
edceb0_icgraph.pdf  used on input line 1171.
(pdftex.def)             Requested size: 350.0pt x 68.14334pt.

Underfull \hbox (badness 10000) detected at line 1189
[][][]
 []



[58] <./group__adc__context__scan_ga19b2ac860b37d84c2d3cfe161af9e65b_icgraph.pd
f>
<group__adc__context__scan_ga19b2ac860b37d84c2d3cfe161af9e65b_icgraph.pdf, id=1
4469, 575.14874pt x 99.37125pt>
File: group__adc__context__scan_ga19b2ac860b37d84c2d3cfe161af9e65b_icgraph.pdf 
Graphic file (type pdf)
<use group__adc__context__scan_ga19b2ac860b37d84c2d3cfe161af9e65b_icgraph.pdf>
Package pdftex.def Info: group__adc__context__scan_ga19b2ac860b37d84c2d3cfe161a
f9e65b_icgraph.pdf  used on input line 1218.
(pdftex.def)             Requested size: 350.0pt x 60.47232pt.

Underfull \hbox (badness 10000) detected at line 1236
[][][]
 []

 <./group__adc__context__scan_gaedf2eff80da4f8e7fbf8a1f6ee3ee1a8_icgraph.pdf>
<group__adc__context__scan_gaedf2eff80da4f8e7fbf8a1f6ee3ee1a8_icgraph.pdf, id=1
4483, 570.13pt x 110.4125pt>
File: group__adc__context__scan_gaedf2eff80da4f8e7fbf8a1f6ee3ee1a8_icgraph.pdf 
Graphic file (type pdf)
<use group__adc__context__scan_gaedf2eff80da4f8e7fbf8a1f6ee3ee1a8_icgraph.pdf>
Package pdftex.def Info: group__adc__context__scan_gaedf2eff80da4f8e7fbf8a1f6ee
3ee1a8_icgraph.pdf  used on input line 1265.
(pdftex.def)             Requested size: 350.0pt x 67.78113pt.


[59]
Underfull \hbox (badness 10000) detected at line 1283
[][][]
 []


Underfull \hbox (badness 10000) detected at line 1322
[][][]
 []



[60]
Underfull \hbox (badness 10000) detected at line 1361
[][][]
 []


Underfull \hbox (badness 10000) detected at line 1400
[][][]
 []



[61]
Underfull \hbox (badness 10000) detected at line 1433
[][][]
 []


Underfull \hbox (badness 10000) detected at line 1466
[][][]
 []



[62]
Underfull \hbox (badness 10000) detected at line 1499
[][][]
 []


Underfull \hbox (badness 10000) detected at line 1532
[][][]
 []



[63]
Underfull \hbox (badness 10000) detected at line 1565
[][][]
 []


Underfull \hbox (badness 1681) in paragraph at lines 1599--1600
[]\T1/phv/m/n/10 This API starts A/D con-ver-sion on se-lected chan-nel. Cor-re
ct ADC con-text should be se-lected us-ing
 []


Underfull \hbox (badness 10000) detected at line 1606
[][][]
 []



[64]
Underfull \hbox (badness 10000) detected at line 1641
[][][]
 []

)

[65]

[66

]
Chapter 5.
(./structB__type.tex <./structB__type__coll__graph.pdf>
<structB__type__coll__graph.pdf, id=14622, 166.6225pt x 171.64125pt>
File: structB__type__coll__graph.pdf Graphic file (type pdf)
<use structB__type__coll__graph.pdf>
Package pdftex.def Info: structB__type__coll__graph.pdf  used on input line 13.

(pdftex.def)             Requested size: 166.0pt x 171.01224pt.


[67]

[68]

[69]

[70]) (./unionblob__log.tex <./unionblob__log__coll__graph.pdf>
<unionblob__log__coll__graph.pdf, id=14725, 250.9375pt x 171.64125pt>
File: unionblob__log__coll__graph.pdf Graphic file (type pdf)
<use unionblob__log__coll__graph.pdf>
Package pdftex.def Info: unionblob__log__coll__graph.pdf  used on input line 13
.
(pdftex.def)             Requested size: 250.0pt x 171.00961pt.


[71]) (./structblob__type.tex) (./structC__data.tex <./structC__data__coll__gra
ph.pdf>
<structC__data__coll__graph.pdf, id=14753, 133.49875pt x 171.64125pt>
File: structC__data__coll__graph.pdf Graphic file (type pdf)
<use structC__data__coll__graph.pdf>
Package pdftex.def Info: structC__data__coll__graph.pdf  used on input line 13.

(pdftex.def)             Requested size: 133.0pt x 171.01747pt.


[72]

[73]

[74]) (./structCAN1__RX__FIFO.tex) (./structCAN__FIFOREG.tex

[75]) (./structcan__frames__t.tex

[76]) (./unionCAN__MSG__FIELD.tex

[77]

[78]) (./structCAN__MSG__OBJ.tex <./structCAN__MSG__OBJ__coll__graph.pdf>
<structCAN__MSG__OBJ__coll__graph.pdf, id=14895, 178.6675pt x 171.64125pt>
File: structCAN__MSG__OBJ__coll__graph.pdf Graphic file (type pdf)
<use structCAN__MSG__OBJ__coll__graph.pdf>
Package pdftex.def Info: structCAN__MSG__OBJ__coll__graph.pdf  used on input li
ne 13.
(pdftex.def)             Requested size: 178.0pt x 171.00961pt.


[79]) (./structcan__rec__count__t.tex) (./structEB__data.tex

[80]

[81]

[82]) (./structEM__data1.tex

[83]

[84]

[85]

[86]) (./structEM__data2.tex

[87]

[88]) (./structEM__serial.tex

[89]) (./structEM__version.tex) (./structM__data.tex

[90]

[91]) (./structM__time__data.tex

[92]) (./structmbedtls__context.tex

[93]) (./structmqtt__client.tex <./structmqtt__client__coll__graph.pdf>
<structmqtt__client__coll__graph.pdf, id=15201, 211.79124pt x 243.91125pt>
File: structmqtt__client__coll__graph.pdf Graphic file (type pdf)
<use structmqtt__client__coll__graph.pdf>
Package pdftex.def Info: structmqtt__client__coll__graph.pdf  used on input lin
e 18.
(pdftex.def)             Requested size: 211.0pt x 243.00996pt.


[94]
LaTeX Font Info:    Font shape `TS1/phv/m/it' in size <9> not available
(Font)              Font shape `TS1/phv/m/sl' tried instead on input line 27.
LaTeX Font Info:    Font shape `TS1/phv/m/sl' will be
(Font)              scaled to size 8.09995pt on input line 27.


[95]
LaTeX Font Info:    Font shape `TS1/phv/m/it' in size <10> not available
(Font)              Font shape `TS1/phv/m/sl' tried instead on input line 58.
LaTeX Font Info:    Font shape `TS1/phv/m/sl' will be
(Font)              scaled to size 8.99994pt on input line 58.

Underfull \hbox (badness 10000) detected at line 77
[][][]
 []



[96]
Underfull \hbox (badness 10000) detected at line 115
[][][]
 []



[97]
Underfull \hbox (badness 10000) detected at line 192
[][][]
 []


Underfull \hbox (badness 10000) detected at line 227
[][][]
 []


Underfull \hbox (badness 10000) detected at line 240
[][][]
 []



[98]
Underfull \hbox (badness 10000) detected at line 285
[][][]
 []



[99]
Underfull \hbox (badness 10000) detected at line 320
[][][]
 []


Underfull \hbox (badness 10000) detected at line 333
[][][]
 []

) (./structmqtt__fixed__header.tex
Underfull \hbox (badness 10000) detected at line 26
[][][]
 []



[100]) (./structmqtt__message__queue.tex <./structmqtt__message__queue__coll__g
raph.pdf>
<structmqtt__message__queue__coll__graph.pdf, id=15317, 211.79124pt x 171.64125
pt>
File: structmqtt__message__queue__coll__graph.pdf Graphic file (type pdf)
<use structmqtt__message__queue__coll__graph.pdf>
Package pdftex.def Info: structmqtt__message__queue__coll__graph.pdf  used on i
nput line 18.
(pdftex.def)             Requested size: 211.0pt x 171.00699pt.


[101]
Overfull \hbox (41.08958pt too wide) in paragraph at lines 43--44
[]\T1/phv/m/n/10 struct [] $\OMS/cmsy/m/n/10 ^^C$ [] \T1/phv/m/n/10 (const stru
ct [] $\OMS/cmsy/m/n/10 ^^C$\T1/phv/m/n/10 mq, enum []
 []



[102]
Underfull \hbox (badness 10000) detected at line 50
[][][]
 []


Underfull \hbox (badness 10000) detected at line 68
[][][]
 []


Underfull \hbox (badness 10000) detected at line 81
[][][]
 []


Underfull \hbox (badness 10000) detected at line 104
[][][]
 []


Underfull \hbox (badness 10000) detected at line 117
[][][]
 []

) (./structmqtt__queued__message.tex

[103]
Underfull \hbox (badness 10000) detected at line 53
[][][]
 []



[104]
Underfull \hbox (badness 10000) detected at line 96
[][][]
 []

) (./structmqtt__response.tex <./structmqtt__response__coll__graph.pdf>
<structmqtt__response__coll__graph.pdf, id=15395, 417.56pt x 471.7625pt>
File: structmqtt__response__coll__graph.pdf Graphic file (type pdf)
<use structmqtt__response__coll__graph.pdf>
Package pdftex.def Info: structmqtt__response__coll__graph.pdf  used on input l
ine 18.
(pdftex.def)             Requested size: 350.0pt x 395.45715pt.


[105]

[106]
Underfull \hbox (badness 10000) detected at line 68
[][][]
 []



[107]) (./structmqtt__response__connack.tex
Underfull \hbox (badness 10000) detected at line 29
[][][]
 []



[108]
Underfull \hbox (badness 10000) detected at line 45
[][][]
 []

) (./structmqtt__response__pingresp.tex
Underfull \hbox (badness 10000) detected at line 22
[][][]
 []


Underfull \hbox (badness 10000) detected at line 25
[][][]
 []



[109]) (./structmqtt__response__puback.tex
Underfull \hbox (badness 10000) detected at line 27
[][][]
 []



[110]) (./structmqtt__response__pubcomp.tex
Underfull \hbox (badness 10000) detected at line 22
[][][]
 []

) (./structmqtt__response__publish.tex

[111]
Underfull \hbox (badness 10000) detected at line 43
[][][]
 []



[112]
Underfull \hbox (badness 10000) detected at line 99
[][][]
 []


Underfull \hbox (badness 10000) detected at line 122
[][][]
 []

) (./structmqtt__response__pubrec.tex

[113]
Underfull \hbox (badness 10000) detected at line 22
[][][]
 []

) (./structmqtt__response__pubrel.tex
Underfull \hbox (badness 10000) detected at line 22
[][][]
 []



[114]) (./structmqtt__response__suback.tex
Underfull \hbox (badness 10000) detected at line 31
[][][]
 []



[115]
Underfull \hbox (badness 10000) detected at line 47
[][][]
 []


Underfull \hbox (badness 10000) detected at line 57
[][][]
 []


Underfull \hbox (badness 10000) detected at line 87
[][][]
 []

) (./structmqtt__response__unsuback.tex

[116]
Underfull \hbox (badness 10000) detected at line 27
[][][]
 []


Underfull \hbox (badness 10000) detected at line 43
[][][]
 []



[117]
Underfull \hbox (badness 10000) detected at line 53
[][][]
 []

) (./unionMREG.tex) (./unionMREG32.tex

[118]) (./unionMREG64.tex) (./structmx__log__packed__t.tex

[119]) (./structmx__logpage__t.tex

[120]) (./structmx__status__packed__t.tex

[121]) (./unionPWMDC.tex) (./structringBufS__t.tex

[122]) (./structspi1__configuration__t.tex

[123]) (./structspi__link__type.tex

[124]

[125]) (./unionuart1__status__t.tex

[126]) (./unionuart2__status__t.tex

[127]) (./unionuart5__status__t.tex

[128]) (./structV__type.tex

[129]

[130])

[131]

[132

]
Chapter 6.
(./batmon_8c.tex <./batmon_8c__incl.pdf>
<batmon_8c__incl.pdf, id=15852, 2051.665pt x 563.10374pt>
File: batmon_8c__incl.pdf Graphic file (type pdf)
<use batmon_8c__incl.pdf>
Package pdftex.def Info: batmon_8c__incl.pdf  used on input line 10.
(pdftex.def)             Requested size: 350.0pt x 96.06146pt.


[133] <./batmon_8c_afb90aa0295eaeb354e4c5cd2b0fb7bcd_cgraph.pdf>
<batmon_8c_afb90aa0295eaeb354e4c5cd2b0fb7bcd_cgraph.pdf, id=15911, 484.81125pt 
x 136.51pt>
File: batmon_8c_afb90aa0295eaeb354e4c5cd2b0fb7bcd_cgraph.pdf Graphic file (type
 pdf)
<use batmon_8c_afb90aa0295eaeb354e4c5cd2b0fb7bcd_cgraph.pdf>
Package pdftex.def Info: batmon_8c_afb90aa0295eaeb354e4c5cd2b0fb7bcd_cgraph.pdf
  used on input line 64.
(pdftex.def)             Requested size: 350.0pt x 98.55582pt.
 <./batmon_8c_afb90aa0295eaeb354e4c5cd2b0fb7bcd_icgraph.pdf>
<batmon_8c_afb90aa0295eaeb354e4c5cd2b0fb7bcd_icgraph.pdf, id=15919, 415.5525pt 
x 99.37125pt>
File: batmon_8c_afb90aa0295eaeb354e4c5cd2b0fb7bcd_icgraph.pdf Graphic file (typ
e pdf)
<use batmon_8c_afb90aa0295eaeb354e4c5cd2b0fb7bcd_icgraph.pdf>
Package pdftex.def Info: batmon_8c_afb90aa0295eaeb354e4c5cd2b0fb7bcd_icgraph.pd
f  used on input line 71.
(pdftex.def)             Requested size: 350.0pt x 83.69872pt.
 <./batmon_8c_a43503c9f548cfd1f8f90725d966b5a43_icgraph.pdf>
<batmon_8c_a43503c9f548cfd1f8f90725d966b5a43_icgraph.pdf, id=15927, 376.40625pt
 x 99.37125pt>
File: batmon_8c_a43503c9f548cfd1f8f90725d966b5a43_icgraph.pdf Graphic file (typ
e pdf)
<use batmon_8c_a43503c9f548cfd1f8f90725d966b5a43_icgraph.pdf>
Package pdftex.def Info: batmon_8c_a43503c9f548cfd1f8f90725d966b5a43_icgraph.pd
f  used on input line 84.
(pdftex.def)             Requested size: 350.0pt x 92.40671pt.
 <./batmon_8c_a4e559943b300b91a879ff08d4daa4e79_icgraph.pdf>
<batmon_8c_a4e559943b300b91a879ff08d4daa4e79_icgraph.pdf, id=15935, 646.415pt x
 156.585pt>
File: batmon_8c_a4e559943b300b91a879ff08d4daa4e79_icgraph.pdf Graphic file (typ
e pdf)
<use batmon_8c_a4e559943b300b91a879ff08d4daa4e79_icgraph.pdf>
Package pdftex.def Info: batmon_8c_a4e559943b300b91a879ff08d4daa4e79_icgraph.pd
f  used on input line 97.
(pdftex.def)             Requested size: 350.0pt x 84.78162pt.


[134] <./batmon_8c_ac7c8f22b0d243f33067e05205e1f0d90_icgraph.pdf>
<batmon_8c_ac7c8f22b0d243f33067e05205e1f0d90_icgraph.pdf, id=15953, 248.93pt x 
99.37125pt>
File: batmon_8c_ac7c8f22b0d243f33067e05205e1f0d90_icgraph.pdf Graphic file (typ
e pdf)
<use batmon_8c_ac7c8f22b0d243f33067e05205e1f0d90_icgraph.pdf>
Package pdftex.def Info: batmon_8c_ac7c8f22b0d243f33067e05205e1f0d90_icgraph.pd
f  used on input line 110.
(pdftex.def)             Requested size: 248.0pt x 99.00253pt.
 <./batmon_8c_a160aba7dd1ed1077ba586114e8dc20cc_cgraph.pdf>
<batmon_8c_a160aba7dd1ed1077ba586114e8dc20cc_cgraph.pdf, id=15962, 464.73625pt 
x 265.99374pt>
File: batmon_8c_a160aba7dd1ed1077ba586114e8dc20cc_cgraph.pdf Graphic file (type
 pdf)
<use batmon_8c_a160aba7dd1ed1077ba586114e8dc20cc_cgraph.pdf>
Package pdftex.def Info: batmon_8c_a160aba7dd1ed1077ba586114e8dc20cc_cgraph.pdf
  used on input line 123.
(pdftex.def)             Requested size: 350.0pt x 200.3309pt.


[135] <./batmon_8c_a160aba7dd1ed1077ba586114e8dc20cc_icgraph.pdf>
<batmon_8c_a160aba7dd1ed1077ba586114e8dc20cc_icgraph.pdf, id=15977, 388.45125pt
 x 99.37125pt>
File: batmon_8c_a160aba7dd1ed1077ba586114e8dc20cc_icgraph.pdf Graphic file (typ
e pdf)
<use batmon_8c_a160aba7dd1ed1077ba586114e8dc20cc_icgraph.pdf>
Package pdftex.def Info: batmon_8c_a160aba7dd1ed1077ba586114e8dc20cc_icgraph.pd
f  used on input line 130.
(pdftex.def)             Requested size: 350.0pt x 89.53639pt.
 <./batmon_8c_acaf2c3f31713fd984939d9a6fa2a09ed_cgraph.pdf>
<batmon_8c_acaf2c3f31713fd984939d9a6fa2a09ed_cgraph.pdf, id=15986, 299.1175pt x
 99.37125pt>
File: batmon_8c_acaf2c3f31713fd984939d9a6fa2a09ed_cgraph.pdf Graphic file (type
 pdf)
<use batmon_8c_acaf2c3f31713fd984939d9a6fa2a09ed_cgraph.pdf>
Package pdftex.def Info: batmon_8c_acaf2c3f31713fd984939d9a6fa2a09ed_cgraph.pdf
  used on input line 149.
(pdftex.def)             Requested size: 298.0pt x 99.00708pt.
 <./batmon_8c_acaf2c3f31713fd984939d9a6fa2a09ed_icgraph.pdf>
<batmon_8c_acaf2c3f31713fd984939d9a6fa2a09ed_icgraph.pdf, id=15994, 232.87pt x 
99.37125pt>
File: batmon_8c_acaf2c3f31713fd984939d9a6fa2a09ed_icgraph.pdf Graphic file (typ
e pdf)
<use batmon_8c_acaf2c3f31713fd984939d9a6fa2a09ed_icgraph.pdf>
Package pdftex.def Info: batmon_8c_acaf2c3f31713fd984939d9a6fa2a09ed_icgraph.pd
f  used on input line 156.
(pdftex.def)             Requested size: 232.0pt x 99.00406pt.


[136] <./batmon_8c_a6561f5e8a9faaab240e263bec23c52e3_icgraph.pdf>
<batmon_8c_a6561f5e8a9faaab240e263bec23c52e3_icgraph.pdf, id=16011, 531.9875pt 
x 99.37125pt>
File: batmon_8c_a6561f5e8a9faaab240e263bec23c52e3_icgraph.pdf Graphic file (typ
e pdf)
<use batmon_8c_a6561f5e8a9faaab240e263bec23c52e3_icgraph.pdf>
Package pdftex.def Info: batmon_8c_a6561f5e8a9faaab240e263bec23c52e3_icgraph.pd
f  used on input line 169.
(pdftex.def)             Requested size: 350.0pt x 65.379pt.
 <./batmon_8c_a69ec5e5e21e10a162890ab673c76fa6a_icgraph.pdf>
<batmon_8c_a69ec5e5e21e10a162890ab673c76fa6a_icgraph.pdf, id=16019, 355.3275pt 
x 99.37125pt>
File: batmon_8c_a69ec5e5e21e10a162890ab673c76fa6a_icgraph.pdf Graphic file (typ
e pdf)
<use batmon_8c_a69ec5e5e21e10a162890ab673c76fa6a_icgraph.pdf>
Package pdftex.def Info: batmon_8c_a69ec5e5e21e10a162890ab673c76fa6a_icgraph.pd
f  used on input line 182.
(pdftex.def)             Requested size: 350.0pt x 97.88504pt.
 <./batmon_8c_abbecfe08a8067da1d2daaef283c614c6_cgraph.pdf>
<batmon_8c_abbecfe08a8067da1d2daaef283c614c6_cgraph.pdf, id=16028, 302.12875pt 
x 136.51pt>
File: batmon_8c_abbecfe08a8067da1d2daaef283c614c6_cgraph.pdf Graphic file (type
 pdf)
<use batmon_8c_abbecfe08a8067da1d2daaef283c614c6_cgraph.pdf>
Package pdftex.def Info: batmon_8c_abbecfe08a8067da1d2daaef283c614c6_cgraph.pdf
  used on input line 195.
(pdftex.def)             Requested size: 301.0pt x 135.99933pt.


[137] <./batmon_8c_abbecfe08a8067da1d2daaef283c614c6_icgraph.pdf>
<batmon_8c_abbecfe08a8067da1d2daaef283c614c6_icgraph.pdf, id=16045, 501.875pt x
 156.585pt>
File: batmon_8c_abbecfe08a8067da1d2daaef283c614c6_icgraph.pdf Graphic file (typ
e pdf)
<use batmon_8c_abbecfe08a8067da1d2daaef283c614c6_icgraph.pdf>
Package pdftex.def Info: batmon_8c_abbecfe08a8067da1d2daaef283c614c6_icgraph.pd
f  used on input line 202.
(pdftex.def)             Requested size: 350.0pt x 109.20496pt.


[138]) (./batmon_8h.tex <./batmon_8h__incl.pdf>
<batmon_8h__incl.pdf, id=16067, 2039.62pt x 507.8975pt>
File: batmon_8h__incl.pdf Graphic file (type pdf)
<use batmon_8h__incl.pdf>
Package pdftex.def Info: batmon_8h__incl.pdf  used on input line 11.
(pdftex.def)             Requested size: 350.0pt x 87.15517pt.
 <./batmon_8h__dep__incl.pdf>
<batmon_8h__dep__incl.pdf, id=16075, 297.11pt x 209.78375pt>
File: batmon_8h__dep__incl.pdf Graphic file (type pdf)
<use batmon_8h__dep__incl.pdf>
Package pdftex.def Info: batmon_8h__dep__incl.pdf  used on input line 18.
(pdftex.def)             Requested size: 296.0pt x 209.00856pt.


[139]

[140]

[141]

[142]
Underfull \hbox (badness 10000) in paragraph at lines 291--292
\T1/pcr/m/n/8 #define LOG[]_[][]VARS abuf[]3[] - 128, abuf[]1[]&0x0f, [], [], a
buf[]2[] - 128, [], [],
 []


Underfull \hbox (badness 10000) in paragraph at lines 291--292
[]\T1/pcr/m/n/8 , [], [], B.[]run[]_[]time, B.[]net[]_[]balance, [], ((float) e
m.[]wl1)
 []


Underfull \hbox (badness 10000) in paragraph at lines 291--292
\T1/pcr/m/n/8 / 10.[]0f, ((float) em.[]val1) / 10.[]0f, ((float) em.[]varl1) / 
10.[]0f, ((float) em.[]vl1l2) / 10.[]
 []


Underfull \hbox (badness 10000) in paragraph at lines 291--292
\T1/pcr/m/n/8 0f, EBD.[]bat[]_[]energy / 3600.[]0f, EBD.[]bat[]_[]cycles, ((flo
at) em.[]pfl1) / 1000.[]0f, ((float) emt.[]hz) /
 []



[143] <./batmon_8h_a05be8c7dd6283ae5a7f065d26f0d24bd_cgraph.pdf>
<batmon_8h_a05be8c7dd6283ae5a7f065d26f0d24bd_cgraph.pdf, id=16260, 484.81125pt 
x 136.51pt>
File: batmon_8h_a05be8c7dd6283ae5a7f065d26f0d24bd_cgraph.pdf Graphic file (type
 pdf)
<use batmon_8h_a05be8c7dd6283ae5a7f065d26f0d24bd_cgraph.pdf>
Package pdftex.def Info: batmon_8h_a05be8c7dd6283ae5a7f065d26f0d24bd_cgraph.pdf
  used on input line 339.
(pdftex.def)             Requested size: 350.0pt x 98.55582pt.
 <./batmon_8h_a05be8c7dd6283ae5a7f065d26f0d24bd_icgraph.pdf>
<batmon_8h_a05be8c7dd6283ae5a7f065d26f0d24bd_icgraph.pdf, id=16268, 415.5525pt 
x 99.37125pt>
File: batmon_8h_a05be8c7dd6283ae5a7f065d26f0d24bd_icgraph.pdf Graphic file (typ
e pdf)
<use batmon_8h_a05be8c7dd6283ae5a7f065d26f0d24bd_icgraph.pdf>
Package pdftex.def Info: batmon_8h_a05be8c7dd6283ae5a7f065d26f0d24bd_icgraph.pd
f  used on input line 346.
(pdftex.def)             Requested size: 350.0pt x 83.69872pt.
 <./batmon_8h_a5cfcf35db3a2421524591108178d3485_icgraph.pdf>
<batmon_8h_a5cfcf35db3a2421524591108178d3485_icgraph.pdf, id=16276, 376.40625pt
 x 99.37125pt>
File: batmon_8h_a5cfcf35db3a2421524591108178d3485_icgraph.pdf Graphic file (typ
e pdf)
<use batmon_8h_a5cfcf35db3a2421524591108178d3485_icgraph.pdf>
Package pdftex.def Info: batmon_8h_a5cfcf35db3a2421524591108178d3485_icgraph.pd
f  used on input line 359.
(pdftex.def)             Requested size: 350.0pt x 92.40671pt.


[144] <./batmon_8h_a112d1a729a5d6666e53f2f6971bcf7b9_icgraph.pdf>
<batmon_8h_a112d1a729a5d6666e53f2f6971bcf7b9_icgraph.pdf, id=16291, 646.415pt x
 156.585pt>
File: batmon_8h_a112d1a729a5d6666e53f2f6971bcf7b9_icgraph.pdf Graphic file (typ
e pdf)
<use batmon_8h_a112d1a729a5d6666e53f2f6971bcf7b9_icgraph.pdf>
Package pdftex.def Info: batmon_8h_a112d1a729a5d6666e53f2f6971bcf7b9_icgraph.pd
f  used on input line 372.
(pdftex.def)             Requested size: 350.0pt x 84.78162pt.
 <./batmon_8h_a39a1d0b1f4183eadf34e4a964c53a70a_icgraph.pdf>
<batmon_8h_a39a1d0b1f4183eadf34e4a964c53a70a_icgraph.pdf, id=16301, 248.93pt x 
99.37125pt>
File: batmon_8h_a39a1d0b1f4183eadf34e4a964c53a70a_icgraph.pdf Graphic file (typ
e pdf)
<use batmon_8h_a39a1d0b1f4183eadf34e4a964c53a70a_icgraph.pdf>
Package pdftex.def Info: batmon_8h_a39a1d0b1f4183eadf34e4a964c53a70a_icgraph.pd
f  used on input line 385.
(pdftex.def)             Requested size: 248.0pt x 99.00253pt.
 <./batmon_8h_a13b4d58a94868e8e9ec436bb66e16261_cgraph.pdf>
<batmon_8h_a13b4d58a94868e8e9ec436bb66e16261_cgraph.pdf, id=16310, 464.73625pt 
x 265.99374pt>
File: batmon_8h_a13b4d58a94868e8e9ec436bb66e16261_cgraph.pdf Graphic file (type
 pdf)
<use batmon_8h_a13b4d58a94868e8e9ec436bb66e16261_cgraph.pdf>
Package pdftex.def Info: batmon_8h_a13b4d58a94868e8e9ec436bb66e16261_cgraph.pdf
  used on input line 398.
(pdftex.def)             Requested size: 350.0pt x 200.3309pt.


[145] <./batmon_8h_a13b4d58a94868e8e9ec436bb66e16261_icgraph.pdf>
<batmon_8h_a13b4d58a94868e8e9ec436bb66e16261_icgraph.pdf, id=16326, 388.45125pt
 x 99.37125pt>
File: batmon_8h_a13b4d58a94868e8e9ec436bb66e16261_icgraph.pdf Graphic file (typ
e pdf)
<use batmon_8h_a13b4d58a94868e8e9ec436bb66e16261_icgraph.pdf>
Package pdftex.def Info: batmon_8h_a13b4d58a94868e8e9ec436bb66e16261_icgraph.pd
f  used on input line 405.
(pdftex.def)             Requested size: 350.0pt x 89.53639pt.
 <./batmon_8h_a9bd0bb4826ad1e0f9cb43ae7ad62a95a_cgraph.pdf>
<batmon_8h_a9bd0bb4826ad1e0f9cb43ae7ad62a95a_cgraph.pdf, id=16335, 299.1175pt x
 99.37125pt>
File: batmon_8h_a9bd0bb4826ad1e0f9cb43ae7ad62a95a_cgraph.pdf Graphic file (type
 pdf)
<use batmon_8h_a9bd0bb4826ad1e0f9cb43ae7ad62a95a_cgraph.pdf>
Package pdftex.def Info: batmon_8h_a9bd0bb4826ad1e0f9cb43ae7ad62a95a_cgraph.pdf
  used on input line 424.
(pdftex.def)             Requested size: 298.0pt x 99.00708pt.


[146] <./batmon_8h_a9bd0bb4826ad1e0f9cb43ae7ad62a95a_icgraph.pdf>
<batmon_8h_a9bd0bb4826ad1e0f9cb43ae7ad62a95a_icgraph.pdf, id=16351, 232.87pt x 
99.37125pt>
File: batmon_8h_a9bd0bb4826ad1e0f9cb43ae7ad62a95a_icgraph.pdf Graphic file (typ
e pdf)
<use batmon_8h_a9bd0bb4826ad1e0f9cb43ae7ad62a95a_icgraph.pdf>
Package pdftex.def Info: batmon_8h_a9bd0bb4826ad1e0f9cb43ae7ad62a95a_icgraph.pd
f  used on input line 431.
(pdftex.def)             Requested size: 232.0pt x 99.00406pt.
 <./batmon_8h_a9cbf505667eb91703734b609fd3193f3_cgraph.pdf>
<batmon_8h_a9cbf505667eb91703734b609fd3193f3_cgraph.pdf, id=16359, 341.275pt x 
99.37125pt>
File: batmon_8h_a9cbf505667eb91703734b609fd3193f3_cgraph.pdf Graphic file (type
 pdf)
<use batmon_8h_a9cbf505667eb91703734b609fd3193f3_cgraph.pdf>
Package pdftex.def Info: batmon_8h_a9cbf505667eb91703734b609fd3193f3_cgraph.pdf
  used on input line 444.
(pdftex.def)             Requested size: 340.0pt x 99.00557pt.
 <./batmon_8h_a9cbf505667eb91703734b609fd3193f3_icgraph.pdf>
<batmon_8h_a9cbf505667eb91703734b609fd3193f3_icgraph.pdf, id=16367, 553.06625pt
 x 99.37125pt>
File: batmon_8h_a9cbf505667eb91703734b609fd3193f3_icgraph.pdf Graphic file (typ
e pdf)
<use batmon_8h_a9cbf505667eb91703734b609fd3193f3_icgraph.pdf>
Package pdftex.def Info: batmon_8h_a9cbf505667eb91703734b609fd3193f3_icgraph.pd
f  used on input line 451.
(pdftex.def)             Requested size: 350.0pt x 62.88472pt.
 <./batmon_8h_a075ee7d57eabca595ad66174b39f15af_cgraph.pdf>
<batmon_8h_a075ee7d57eabca595ad66174b39f15af_cgraph.pdf, id=16375, 341.275pt x 
99.37125pt>
File: batmon_8h_a075ee7d57eabca595ad66174b39f15af_cgraph.pdf Graphic file (type
 pdf)
<use batmon_8h_a075ee7d57eabca595ad66174b39f15af_cgraph.pdf>
Package pdftex.def Info: batmon_8h_a075ee7d57eabca595ad66174b39f15af_cgraph.pdf
  used on input line 464.
(pdftex.def)             Requested size: 340.0pt x 99.00557pt.


[147] <./batmon_8h_a075ee7d57eabca595ad66174b39f15af_icgraph.pdf>
<batmon_8h_a075ee7d57eabca595ad66174b39f15af_icgraph.pdf, id=16392, 553.06625pt
 x 99.37125pt>
File: batmon_8h_a075ee7d57eabca595ad66174b39f15af_icgraph.pdf Graphic file (typ
e pdf)
<use batmon_8h_a075ee7d57eabca595ad66174b39f15af_icgraph.pdf>
Package pdftex.def Info: batmon_8h_a075ee7d57eabca595ad66174b39f15af_icgraph.pd
f  used on input line 471.
(pdftex.def)             Requested size: 350.0pt x 62.88472pt.
 <./batmon_8h_acd52e079250052fc87b5835daea13181_icgraph.pdf>
<batmon_8h_acd52e079250052fc87b5835daea13181_icgraph.pdf, id=16401, 531.9875pt 
x 99.37125pt>
File: batmon_8h_acd52e079250052fc87b5835daea13181_icgraph.pdf Graphic file (typ
e pdf)
<use batmon_8h_acd52e079250052fc87b5835daea13181_icgraph.pdf>
Package pdftex.def Info: batmon_8h_acd52e079250052fc87b5835daea13181_icgraph.pd
f  used on input line 484.
(pdftex.def)             Requested size: 350.0pt x 65.379pt.
 <./batmon_8h_a15314de4478a071b2726a550b833f18f_icgraph.pdf>
<batmon_8h_a15314de4478a071b2726a550b833f18f_icgraph.pdf, id=16409, 355.3275pt 
x 99.37125pt>
File: batmon_8h_a15314de4478a071b2726a550b833f18f_icgraph.pdf Graphic file (typ
e pdf)
<use batmon_8h_a15314de4478a071b2726a550b833f18f_icgraph.pdf>
Package pdftex.def Info: batmon_8h_a15314de4478a071b2726a550b833f18f_icgraph.pd
f  used on input line 497.
(pdftex.def)             Requested size: 350.0pt x 97.88504pt.


[148] <./batmon_8h_a47b16823f4da92b237bb8b5a19eb8acc_cgraph.pdf>
<batmon_8h_a47b16823f4da92b237bb8b5a19eb8acc_cgraph.pdf, id=16425, 302.12875pt 
x 136.51pt>
File: batmon_8h_a47b16823f4da92b237bb8b5a19eb8acc_cgraph.pdf Graphic file (type
 pdf)
<use batmon_8h_a47b16823f4da92b237bb8b5a19eb8acc_cgraph.pdf>
Package pdftex.def Info: batmon_8h_a47b16823f4da92b237bb8b5a19eb8acc_cgraph.pdf
  used on input line 510.
(pdftex.def)             Requested size: 301.0pt x 135.99933pt.
 <./batmon_8h_a47b16823f4da92b237bb8b5a19eb8acc_icgraph.pdf>
<batmon_8h_a47b16823f4da92b237bb8b5a19eb8acc_icgraph.pdf, id=16433, 501.875pt x
 156.585pt>
File: batmon_8h_a47b16823f4da92b237bb8b5a19eb8acc_icgraph.pdf Graphic file (typ
e pdf)
<use batmon_8h_a47b16823f4da92b237bb8b5a19eb8acc_icgraph.pdf>
Package pdftex.def Info: batmon_8h_a47b16823f4da92b237bb8b5a19eb8acc_icgraph.pd
f  used on input line 517.
(pdftex.def)             Requested size: 350.0pt x 109.20496pt.


[149]
Underfull \hbox (badness 10000) in paragraph at lines 581--582
\T1/pcr/m/n/8 const char log[]_[]format[]$ $[] = "$[]$,%d.%01d,%d.%01d,%d,%d.%0
1d,%d,%.[]1f,%.[]1f,%.[]2f,%.[]2f,%d,%.[]1f,%.[]
 []

) (./batmon_8h_source.tex

[150]
Overfull \hbox (31.75pt too wide) in paragraph at lines 73--73
[]\T1/pcr/m/n/7 "^,%d.%01d,%d.%01d,%d,%d.%01d,%d,%.1f,%.1f,%.2f,%.2f,%d,%.1f,%.
1f,%.1f,%4.1f,%.2f,%u,%5.3f,%5.3f,%u,%s,~$\OMS/cmsy/m/n/7 n$\T1/pcr/m/n/7 r$\OM
S/cmsy/m/n/7 n$\T1/pcr/m/n/7 n"[];  
 []



[151]) (./canfilter_8c.tex <./canfilter_8c__incl.pdf>
<canfilter_8c__incl.pdf, id=16524, 793.96625pt x 154.5775pt>
File: canfilter_8c__incl.pdf Graphic file (type pdf)
<use canfilter_8c__incl.pdf>
Package pdftex.def Info: canfilter_8c__incl.pdf  used on input line 16.
(pdftex.def)             Requested size: 350.0pt x 68.14166pt.


[152]) (./canreceive_8c.tex <./canreceive_8c__incl.pdf>
<canreceive_8c__incl.pdf, id=16541, 793.96625pt x 154.5775pt>
File: canreceive_8c__incl.pdf Graphic file (type pdf)
<use canreceive_8c__incl.pdf>
Package pdftex.def Info: canreceive_8c__incl.pdf  used on input line 16.
(pdftex.def)             Requested size: 350.0pt x 68.14166pt.
) (./cantransmit_8c.tex <./cantransmit_8c__incl.pdf>
<cantransmit_8c__incl.pdf, id=16551, 793.96625pt x 154.5775pt>
File: cantransmit_8c__incl.pdf Graphic file (type pdf)
<use cantransmit_8c__incl.pdf>
Package pdftex.def Info: cantransmit_8c__incl.pdf  used on input line 16.
(pdftex.def)             Requested size: 350.0pt x 68.14166pt.


[153]) (./README_8md.tex) (./canfd_8c.tex <./canfd_8c__incl.pdf>
<canfd_8c__incl.pdf, id=16568, 1992.44376pt x 618.31pt>
File: canfd_8c__incl.pdf Graphic file (type pdf)
<use canfd_8c__incl.pdf>
Package pdftex.def Info: canfd_8c__incl.pdf  used on input line 9.
(pdftex.def)             Requested size: 350.0pt x 108.61156pt.


[154] <./canfd_8c_a369ea76a14f2a9ac1fd1120985a5febc_cgraph.pdf>
<canfd_8c_a369ea76a14f2a9ac1fd1120985a5febc_cgraph.pdf, id=16614, 387.4475pt x 
173.64874pt>
File: canfd_8c_a369ea76a14f2a9ac1fd1120985a5febc_cgraph.pdf Graphic file (type 
pdf)
<use canfd_8c_a369ea76a14f2a9ac1fd1120985a5febc_cgraph.pdf>
Package pdftex.def Info: canfd_8c_a369ea76a14f2a9ac1fd1120985a5febc_cgraph.pdf 
 used on input line 70.
(pdftex.def)             Requested size: 350.0pt x 156.868pt.
 <./canfd_8c_a369ea76a14f2a9ac1fd1120985a5febc_icgraph.pdf>
<canfd_8c_a369ea76a14f2a9ac1fd1120985a5febc_icgraph.pdf, id=16622, 417.56pt x 9
9.37125pt>
File: canfd_8c_a369ea76a14f2a9ac1fd1120985a5febc_icgraph.pdf Graphic file (type
 pdf)
<use canfd_8c_a369ea76a14f2a9ac1fd1120985a5febc_icgraph.pdf>
Package pdftex.def Info: canfd_8c_a369ea76a14f2a9ac1fd1120985a5febc_icgraph.pdf
  used on input line 77.
(pdftex.def)             Requested size: 350.0pt x 83.29842pt.


[155] <./canfd_8c_ae83b9e5eede2fbaa2f524f82a14ebe65_cgraph.pdf>
<canfd_8c_ae83b9e5eede2fbaa2f524f82a14ebe65_cgraph.pdf, id=16663, 551.05875pt x
 173.64874pt>
File: canfd_8c_ae83b9e5eede2fbaa2f524f82a14ebe65_cgraph.pdf Graphic file (type 
pdf)
<use canfd_8c_ae83b9e5eede2fbaa2f524f82a14ebe65_cgraph.pdf>
Package pdftex.def Info: canfd_8c_ae83b9e5eede2fbaa2f524f82a14ebe65_cgraph.pdf 
 used on input line 102.
(pdftex.def)             Requested size: 350.0pt x 110.29486pt.
 <./canfd_8c_ae83b9e5eede2fbaa2f524f82a14ebe65_icgraph.pdf>
<canfd_8c_ae83b9e5eede2fbaa2f524f82a14ebe65_icgraph.pdf, id=16671, 596.2275pt x
 249.93375pt>
File: canfd_8c_ae83b9e5eede2fbaa2f524f82a14ebe65_icgraph.pdf Graphic file (type
 pdf)
<use canfd_8c_ae83b9e5eede2fbaa2f524f82a14ebe65_icgraph.pdf>
Package pdftex.def Info: canfd_8c_ae83b9e5eede2fbaa2f524f82a14ebe65_icgraph.pdf
  used on input line 109.
(pdftex.def)             Requested size: 350.0pt x 146.71596pt.


[156] <./canfd_8c_a29a7687004bc2ca4fe3a3ad2ed5d4f6b_cgraph.pdf>
<canfd_8c_a29a7687004bc2ca4fe3a3ad2ed5d4f6b_cgraph.pdf, id=16688, 510.90875pt x
 173.64874pt>
File: canfd_8c_a29a7687004bc2ca4fe3a3ad2ed5d4f6b_cgraph.pdf Graphic file (type 
pdf)
<use canfd_8c_a29a7687004bc2ca4fe3a3ad2ed5d4f6b_cgraph.pdf>
Package pdftex.def Info: canfd_8c_a29a7687004bc2ca4fe3a3ad2ed5d4f6b_cgraph.pdf 
 used on input line 122.
(pdftex.def)             Requested size: 350.0pt x 118.95662pt.
 <./canfd_8c_a29a7687004bc2ca4fe3a3ad2ed5d4f6b_icgraph.pdf>
<canfd_8c_a29a7687004bc2ca4fe3a3ad2ed5d4f6b_icgraph.pdf, id=16696, 372.39125pt 
x 118.4425pt>
File: canfd_8c_a29a7687004bc2ca4fe3a3ad2ed5d4f6b_icgraph.pdf Graphic file (type
 pdf)
<use canfd_8c_a29a7687004bc2ca4fe3a3ad2ed5d4f6b_icgraph.pdf>
Package pdftex.def Info: canfd_8c_a29a7687004bc2ca4fe3a3ad2ed5d4f6b_icgraph.pdf
  used on input line 129.
(pdftex.def)             Requested size: 350.0pt x 111.3251pt.
 <./canfd_8c_ad62faa46dc11f1a1e7b2efa6a460582f_cgraph.pdf>
<canfd_8c_ad62faa46dc11f1a1e7b2efa6a460582f_cgraph.pdf, id=16704, 918.43124pt x
 396.48125pt>
File: canfd_8c_ad62faa46dc11f1a1e7b2efa6a460582f_cgraph.pdf Graphic file (type 
pdf)
<use canfd_8c_ad62faa46dc11f1a1e7b2efa6a460582f_cgraph.pdf>
Package pdftex.def Info: canfd_8c_ad62faa46dc11f1a1e7b2efa6a460582f_cgraph.pdf 
 used on input line 143.
(pdftex.def)             Requested size: 350.0pt x 151.09396pt.
 <./canfd_8c_ad62faa46dc11f1a1e7b2efa6a460582f_icgraph.pdf>
<canfd_8c_ad62faa46dc11f1a1e7b2efa6a460582f_icgraph.pdf, id=16712, 254.9525pt x
 99.37125pt>
File: canfd_8c_ad62faa46dc11f1a1e7b2efa6a460582f_icgraph.pdf Graphic file (type
 pdf)
<use canfd_8c_ad62faa46dc11f1a1e7b2efa6a460582f_icgraph.pdf>
Package pdftex.def Info: canfd_8c_ad62faa46dc11f1a1e7b2efa6a460582f_icgraph.pdf
  used on input line 150.
(pdftex.def)             Requested size: 254.0pt x 99.00406pt.


[157] <./canfd_8c_a09603ea6c3ec888054e217e43d2f463d_cgraph.pdf>
<canfd_8c_a09603ea6c3ec888054e217e43d2f463d_cgraph.pdf, id=16728, 541.02126pt x
 297.11pt>
File: canfd_8c_a09603ea6c3ec888054e217e43d2f463d_cgraph.pdf Graphic file (type 
pdf)
<use canfd_8c_a09603ea6c3ec888054e217e43d2f463d_cgraph.pdf>
Package pdftex.def Info: canfd_8c_a09603ea6c3ec888054e217e43d2f463d_cgraph.pdf 
 used on input line 163.
(pdftex.def)             Requested size: 350.0pt x 192.2125pt.
 <./canfd_8c_a09603ea6c3ec888054e217e43d2f463d_icgraph.pdf>
<canfd_8c_a09603ea6c3ec888054e217e43d2f463d_icgraph.pdf, id=16736, 223.83624pt 
x 99.37125pt>
File: canfd_8c_a09603ea6c3ec888054e217e43d2f463d_icgraph.pdf Graphic file (type
 pdf)
<use canfd_8c_a09603ea6c3ec888054e217e43d2f463d_icgraph.pdf>
Package pdftex.def Info: canfd_8c_a09603ea6c3ec888054e217e43d2f463d_icgraph.pdf
  used on input line 170.
(pdftex.def)             Requested size: 223.0pt x 99.00253pt.


[158] <./canfd_8c_aa74b37318c7f7322c16d8df246d48e98_icgraph.pdf>
<canfd_8c_aa74b37318c7f7322c16d8df246d48e98_icgraph.pdf, id=16752, 370.38374pt 
x 99.37125pt>
File: canfd_8c_aa74b37318c7f7322c16d8df246d48e98_icgraph.pdf Graphic file (type
 pdf)
<use canfd_8c_aa74b37318c7f7322c16d8df246d48e98_icgraph.pdf>
Package pdftex.def Info: canfd_8c_aa74b37318c7f7322c16d8df246d48e98_icgraph.pdf
  used on input line 195.
(pdftex.def)             Requested size: 350.0pt x 93.90329pt.


[159]) (./canfd_8h.tex <./canfd_8h__incl.pdf>
<canfd_8h__incl.pdf, id=16772, 1992.44376pt x 563.10374pt>
File: canfd_8h__incl.pdf Graphic file (type pdf)
<use canfd_8h__incl.pdf>
Package pdftex.def Info: canfd_8h__incl.pdf  used on input line 12.
(pdftex.def)             Requested size: 350.0pt x 98.9141pt.
 <./canfd_8h__dep__incl.pdf>
<canfd_8h__dep__incl.pdf, id=16781, 258.9675pt x 154.5775pt>
File: canfd_8h__dep__incl.pdf Graphic file (type pdf)
<use canfd_8h__dep__incl.pdf>
Package pdftex.def Info: canfd_8h__dep__incl.pdf  used on input line 19.
(pdftex.def)             Requested size: 258.0pt x 154.01573pt.


[160]

[161]

[162]

[163] <./canfd_8h_a369ea76a14f2a9ac1fd1120985a5febc_cgraph.pdf>
<canfd_8h_a369ea76a14f2a9ac1fd1120985a5febc_cgraph.pdf, id=16915, 387.4475pt x 
173.64874pt>
File: canfd_8h_a369ea76a14f2a9ac1fd1120985a5febc_cgraph.pdf Graphic file (type 
pdf)
<use canfd_8h_a369ea76a14f2a9ac1fd1120985a5febc_cgraph.pdf>
Package pdftex.def Info: canfd_8h_a369ea76a14f2a9ac1fd1120985a5febc_cgraph.pdf 
 used on input line 294.
(pdftex.def)             Requested size: 350.0pt x 156.868pt.


[164] <./canfd_8h_a369ea76a14f2a9ac1fd1120985a5febc_icgraph.pdf>
<canfd_8h_a369ea76a14f2a9ac1fd1120985a5febc_icgraph.pdf, id=16927, 417.56pt x 9
9.37125pt>
File: canfd_8h_a369ea76a14f2a9ac1fd1120985a5febc_icgraph.pdf Graphic file (type
 pdf)
<use canfd_8h_a369ea76a14f2a9ac1fd1120985a5febc_icgraph.pdf>
Package pdftex.def Info: canfd_8h_a369ea76a14f2a9ac1fd1120985a5febc_icgraph.pdf
  used on input line 301.
(pdftex.def)             Requested size: 350.0pt x 83.29842pt.
 <./canfd_8h_a29a7687004bc2ca4fe3a3ad2ed5d4f6b_cgraph.pdf>
<canfd_8h_a29a7687004bc2ca4fe3a3ad2ed5d4f6b_cgraph.pdf, id=16938, 510.90875pt x
 173.64874pt>
File: canfd_8h_a29a7687004bc2ca4fe3a3ad2ed5d4f6b_cgraph.pdf Graphic file (type 
pdf)
<use canfd_8h_a29a7687004bc2ca4fe3a3ad2ed5d4f6b_cgraph.pdf>
Package pdftex.def Info: canfd_8h_a29a7687004bc2ca4fe3a3ad2ed5d4f6b_cgraph.pdf 
 used on input line 332.
(pdftex.def)             Requested size: 350.0pt x 118.95662pt.


[165] <./canfd_8h_a29a7687004bc2ca4fe3a3ad2ed5d4f6b_icgraph.pdf>
<canfd_8h_a29a7687004bc2ca4fe3a3ad2ed5d4f6b_icgraph.pdf, id=16953, 372.39125pt 
x 118.4425pt>
File: canfd_8h_a29a7687004bc2ca4fe3a3ad2ed5d4f6b_icgraph.pdf Graphic file (type
 pdf)
<use canfd_8h_a29a7687004bc2ca4fe3a3ad2ed5d4f6b_icgraph.pdf>
Package pdftex.def Info: canfd_8h_a29a7687004bc2ca4fe3a3ad2ed5d4f6b_icgraph.pdf
  used on input line 339.
(pdftex.def)             Requested size: 350.0pt x 111.3251pt.
 <./canfd_8h_ad62faa46dc11f1a1e7b2efa6a460582f_cgraph.pdf>
<canfd_8h_ad62faa46dc11f1a1e7b2efa6a460582f_cgraph.pdf, id=16961, 918.43124pt x
 396.48125pt>
File: canfd_8h_ad62faa46dc11f1a1e7b2efa6a460582f_cgraph.pdf Graphic file (type 
pdf)
<use canfd_8h_ad62faa46dc11f1a1e7b2efa6a460582f_cgraph.pdf>
Package pdftex.def Info: canfd_8h_ad62faa46dc11f1a1e7b2efa6a460582f_cgraph.pdf 
 used on input line 353.
(pdftex.def)             Requested size: 350.0pt x 151.09396pt.
 <./canfd_8h_ad62faa46dc11f1a1e7b2efa6a460582f_icgraph.pdf>
<canfd_8h_ad62faa46dc11f1a1e7b2efa6a460582f_icgraph.pdf, id=16969, 254.9525pt x
 99.37125pt>
File: canfd_8h_ad62faa46dc11f1a1e7b2efa6a460582f_icgraph.pdf Graphic file (type
 pdf)
<use canfd_8h_ad62faa46dc11f1a1e7b2efa6a460582f_icgraph.pdf>
Package pdftex.def Info: canfd_8h_ad62faa46dc11f1a1e7b2efa6a460582f_icgraph.pdf
  used on input line 360.
(pdftex.def)             Requested size: 254.0pt x 99.00406pt.


[166] <./canfd_8h_a09603ea6c3ec888054e217e43d2f463d_cgraph.pdf>
<canfd_8h_a09603ea6c3ec888054e217e43d2f463d_cgraph.pdf, id=16986, 541.02126pt x
 297.11pt>
File: canfd_8h_a09603ea6c3ec888054e217e43d2f463d_cgraph.pdf Graphic file (type 
pdf)
<use canfd_8h_a09603ea6c3ec888054e217e43d2f463d_cgraph.pdf>
Package pdftex.def Info: canfd_8h_a09603ea6c3ec888054e217e43d2f463d_cgraph.pdf 
 used on input line 373.
(pdftex.def)             Requested size: 350.0pt x 192.2125pt.
 <./canfd_8h_a09603ea6c3ec888054e217e43d2f463d_icgraph.pdf>
<canfd_8h_a09603ea6c3ec888054e217e43d2f463d_icgraph.pdf, id=16994, 223.83624pt 
x 99.37125pt>
File: canfd_8h_a09603ea6c3ec888054e217e43d2f463d_icgraph.pdf Graphic file (type
 pdf)
<use canfd_8h_a09603ea6c3ec888054e217e43d2f463d_icgraph.pdf>
Package pdftex.def Info: canfd_8h_a09603ea6c3ec888054e217e43d2f463d_icgraph.pdf
  used on input line 380.
(pdftex.def)             Requested size: 223.0pt x 99.00253pt.


[167] <./canfd_8h_aa74b37318c7f7322c16d8df246d48e98_icgraph.pdf>
<canfd_8h_aa74b37318c7f7322c16d8df246d48e98_icgraph.pdf, id=17011, 370.38374pt 
x 99.37125pt>
File: canfd_8h_aa74b37318c7f7322c16d8df246d48e98_icgraph.pdf Graphic file (type
 pdf)
<use canfd_8h_aa74b37318c7f7322c16d8df246d48e98_icgraph.pdf>
Package pdftex.def Info: canfd_8h_aa74b37318c7f7322c16d8df246d48e98_icgraph.pdf
  used on input line 405.
(pdftex.def)             Requested size: 350.0pt x 93.90329pt.
)
(./canfd_8h_source.tex

[168]

[169]) (./dio_8c.tex <./dio_8c__incl.pdf>
<dio_8c__incl.pdf, id=17086, 1961.3275pt x 507.8975pt>
File: dio_8c__incl.pdf Graphic file (type pdf)
<use dio_8c__incl.pdf>
Package pdftex.def Info: dio_8c__incl.pdf  used on input line 10.
(pdftex.def)             Requested size: 350.0pt x 90.63486pt.


[170] <./dio_8c_ad9bdab99bc48edead8e806b4c62eed43_icgraph.pdf>
<dio_8c_ad9bdab99bc48edead8e806b4c62eed43_icgraph.pdf, id=17108, 507.8975pt x 9
9.37125pt>
File: dio_8c_ad9bdab99bc48edead8e806b4c62eed43_icgraph.pdf Graphic file (type p
df)
<use dio_8c_ad9bdab99bc48edead8e806b4c62eed43_icgraph.pdf>
Package pdftex.def Info: dio_8c_ad9bdab99bc48edead8e806b4c62eed43_icgraph.pdf  
used on input line 35.
(pdftex.def)             Requested size: 350.0pt x 68.4798pt.
 <./dio_8c_a0d4d72f387de2149313602eb6d76d819_icgraph.pdf>
<dio_8c_a0d4d72f387de2149313602eb6d76d819_icgraph.pdf, id=17116, 475.7775pt x 9
9.37125pt>
File: dio_8c_a0d4d72f387de2149313602eb6d76d819_icgraph.pdf Graphic file (type p
df)
<use dio_8c_a0d4d72f387de2149313602eb6d76d819_icgraph.pdf>
Package pdftex.def Info: dio_8c_a0d4d72f387de2149313602eb6d76d819_icgraph.pdf  
used on input line 48.
(pdftex.def)             Requested size: 350.0pt x 73.10446pt.
 <./dio_8c_a8e8a491c2fda49a610570061bffcd31c_cgraph.pdf>
<dio_8c_a8e8a491c2fda49a610570061bffcd31c_cgraph.pdf, id=17124, 357.335pt x 173
.64874pt>
File: dio_8c_a8e8a491c2fda49a610570061bffcd31c_cgraph.pdf Graphic file (type pd
f)
<use dio_8c_a8e8a491c2fda49a610570061bffcd31c_cgraph.pdf>
Package pdftex.def Info: dio_8c_a8e8a491c2fda49a610570061bffcd31c_cgraph.pdf  u
sed on input line 62.
(pdftex.def)             Requested size: 350.0pt x 170.09245pt.
 <./dio_8c_a8e8a491c2fda49a610570061bffcd31c_icgraph.pdf>
<dio_8c_a8e8a491c2fda49a610570061bffcd31c_icgraph.pdf, id=17132, 243.91125pt x 
99.37125pt>
File: dio_8c_a8e8a491c2fda49a610570061bffcd31c_icgraph.pdf Graphic file (type p
df)
<use dio_8c_a8e8a491c2fda49a610570061bffcd31c_icgraph.pdf>
Package pdftex.def Info: dio_8c_a8e8a491c2fda49a610570061bffcd31c_icgraph.pdf  
used on input line 69.
(pdftex.def)             Requested size: 243.0pt x 99.00102pt.
)
(./dio_8h.tex

[171] <./dio_8h__incl.pdf>
<dio_8h__incl.pdf, id=17148, 241.90375pt x 220.825pt>
File: dio_8h__incl.pdf Graphic file (type pdf)
<use dio_8h__incl.pdf>
Package pdftex.def Info: dio_8h__incl.pdf  used on input line 10.
(pdftex.def)             Requested size: 241.0pt x 220.00902pt.
 <./dio_8h__dep__incl.pdf>
<dio_8h__dep__incl.pdf, id=17156, 849.1725pt x 430.60875pt>
File: dio_8h__dep__incl.pdf Graphic file (type pdf)
<use dio_8h__dep__incl.pdf>
Package pdftex.def Info: dio_8h__dep__incl.pdf  used on input line 17.
(pdftex.def)             Requested size: 350.0pt x 177.48373pt.


[172]

[173] <./dio_8h_ad9bdab99bc48edead8e806b4c62eed43_icgraph.pdf>
<dio_8h_ad9bdab99bc48edead8e806b4c62eed43_icgraph.pdf, id=17252, 507.8975pt x 9
9.37125pt>
File: dio_8h_ad9bdab99bc48edead8e806b4c62eed43_icgraph.pdf Graphic file (type p
df)
<use dio_8h_ad9bdab99bc48edead8e806b4c62eed43_icgraph.pdf>
Package pdftex.def Info: dio_8h_ad9bdab99bc48edead8e806b4c62eed43_icgraph.pdf  
used on input line 185.
(pdftex.def)             Requested size: 350.0pt x 68.4798pt.


[174] <./dio_8h_a0d4d72f387de2149313602eb6d76d819_icgraph.pdf>
<dio_8h_a0d4d72f387de2149313602eb6d76d819_icgraph.pdf, id=17265, 475.7775pt x 9
9.37125pt>
File: dio_8h_a0d4d72f387de2149313602eb6d76d819_icgraph.pdf Graphic file (type p
df)
<use dio_8h_a0d4d72f387de2149313602eb6d76d819_icgraph.pdf>
Package pdftex.def Info: dio_8h_a0d4d72f387de2149313602eb6d76d819_icgraph.pdf  
used on input line 198.
(pdftex.def)             Requested size: 350.0pt x 73.10446pt.
 <./dio_8h_a8e8a491c2fda49a610570061bffcd31c_cgraph.pdf>
<dio_8h_a8e8a491c2fda49a610570061bffcd31c_cgraph.pdf, id=17273, 357.335pt x 173
.64874pt>
File: dio_8h_a8e8a491c2fda49a610570061bffcd31c_cgraph.pdf Graphic file (type pd
f)
<use dio_8h_a8e8a491c2fda49a610570061bffcd31c_cgraph.pdf>
Package pdftex.def Info: dio_8h_a8e8a491c2fda49a610570061bffcd31c_cgraph.pdf  u
sed on input line 212.
(pdftex.def)             Requested size: 350.0pt x 170.09245pt.
 <./dio_8h_a8e8a491c2fda49a610570061bffcd31c_icgraph.pdf>
<dio_8h_a8e8a491c2fda49a610570061bffcd31c_icgraph.pdf, id=17281, 243.91125pt x 
99.37125pt>
File: dio_8h_a8e8a491c2fda49a610570061bffcd31c_icgraph.pdf Graphic file (type p
df)
<use dio_8h_a8e8a491c2fda49a610570061bffcd31c_icgraph.pdf>
Package pdftex.def Info: dio_8h_a8e8a491c2fda49a610570061bffcd31c_icgraph.pdf  
used on input line 219.
(pdftex.def)             Requested size: 243.0pt x 99.00102pt.


[175]) (./dio_8h_source.tex

[176]) (./eadog_8c.tex <./eadog_8c__incl.pdf>
<eadog_8c__incl.pdf, id=17324, 2002.48125pt x 507.8975pt>
File: eadog_8c__incl.pdf Graphic file (type pdf)
<use eadog_8c__incl.pdf>
Package pdftex.def Info: eadog_8c__incl.pdf  used on input line 13.
(pdftex.def)             Requested size: 350.0pt x 88.76714pt.


[177] <./eadog_8c_a0ff93cba41b12de5c4f933740d10e5c8_cgraph.pdf>
<eadog_8c_a0ff93cba41b12de5c4f933740d10e5c8_cgraph.pdf, id=17371, 855.195pt x 2
47.92625pt>
File: eadog_8c_a0ff93cba41b12de5c4f933740d10e5c8_cgraph.pdf Graphic file (type 
pdf)
<use eadog_8c_a0ff93cba41b12de5c4f933740d10e5c8_cgraph.pdf>
Package pdftex.def Info: eadog_8c_a0ff93cba41b12de5c4f933740d10e5c8_cgraph.pdf 
 used on input line 105.
(pdftex.def)             Requested size: 350.0pt x 101.46504pt.


[178] <./eadog_8c_a0ff93cba41b12de5c4f933740d10e5c8_icgraph.pdf>
<eadog_8c_a0ff93cba41b12de5c4f933740d10e5c8_icgraph.pdf, id=17409, 397.485pt x 
99.37125pt>
File: eadog_8c_a0ff93cba41b12de5c4f933740d10e5c8_icgraph.pdf Graphic file (type
 pdf)
<use eadog_8c_a0ff93cba41b12de5c4f933740d10e5c8_icgraph.pdf>
Package pdftex.def Info: eadog_8c_a0ff93cba41b12de5c4f933740d10e5c8_icgraph.pdf
  used on input line 112.
(pdftex.def)             Requested size: 350.0pt x 87.50307pt.
 <./eadog_8c_af97a7634a90dd5ed782b7124540c7818_icgraph.pdf>
<eadog_8c_af97a7634a90dd5ed782b7124540c7818_icgraph.pdf, id=17417, 356.33125pt 
x 99.37125pt>
File: eadog_8c_af97a7634a90dd5ed782b7124540c7818_icgraph.pdf Graphic file (type
 pdf)
<use eadog_8c_af97a7634a90dd5ed782b7124540c7818_icgraph.pdf>
Package pdftex.def Info: eadog_8c_af97a7634a90dd5ed782b7124540c7818_icgraph.pdf
  used on input line 125.
(pdftex.def)             Requested size: 350.0pt x 97.60907pt.
 <./eadog_8c_ae8f50b6d3935a397ae8af27a63be14a2_icgraph.pdf>
<eadog_8c_ae8f50b6d3935a397ae8af27a63be14a2_icgraph.pdf, id=17426, 712.6625pt x
 193.72375pt>
File: eadog_8c_ae8f50b6d3935a397ae8af27a63be14a2_icgraph.pdf Graphic file (type
 pdf)
<use eadog_8c_ae8f50b6d3935a397ae8af27a63be14a2_icgraph.pdf>
Package pdftex.def Info: eadog_8c_ae8f50b6d3935a397ae8af27a63be14a2_icgraph.pdf
  used on input line 144.
(pdftex.def)             Requested size: 350.0pt x 95.14125pt.


[179] <./eadog_8c_acc9ccd8c6efcbbefec86c4122d0065f2_cgraph.pdf>
<eadog_8c_acc9ccd8c6efcbbefec86c4122d0065f2_cgraph.pdf, id=17443, 937.5025pt x 
396.48125pt>
File: eadog_8c_acc9ccd8c6efcbbefec86c4122d0065f2_cgraph.pdf Graphic file (type 
pdf)
<use eadog_8c_acc9ccd8c6efcbbefec86c4122d0065f2_cgraph.pdf>
Package pdftex.def Info: eadog_8c_acc9ccd8c6efcbbefec86c4122d0065f2_cgraph.pdf 
 used on input line 158.
(pdftex.def)             Requested size: 350.0pt x 148.01462pt.
 <./eadog_8c_acc9ccd8c6efcbbefec86c4122d0065f2_icgraph.pdf>
<eadog_8c_acc9ccd8c6efcbbefec86c4122d0065f2_icgraph.pdf, id=17451, 274.02374pt 
x 99.37125pt>
File: eadog_8c_acc9ccd8c6efcbbefec86c4122d0065f2_icgraph.pdf Graphic file (type
 pdf)
<use eadog_8c_acc9ccd8c6efcbbefec86c4122d0065f2_icgraph.pdf>
Package pdftex.def Info: eadog_8c_acc9ccd8c6efcbbefec86c4122d0065f2_icgraph.pdf
  used on input line 165.
(pdftex.def)             Requested size: 273.0pt x 99.00708pt.


[180] <./eadog_8c_a012b70e817b582af428c3dc8043ff04c_cgraph.pdf>
<eadog_8c_a012b70e817b582af428c3dc8043ff04c_cgraph.pdf, id=17467, 721.69624pt x
 247.92625pt>
File: eadog_8c_a012b70e817b582af428c3dc8043ff04c_cgraph.pdf Graphic file (type 
pdf)
<use eadog_8c_a012b70e817b582af428c3dc8043ff04c_cgraph.pdf>
Package pdftex.def Info: eadog_8c_a012b70e817b582af428c3dc8043ff04c_cgraph.pdf 
 used on input line 190.
(pdftex.def)             Requested size: 350.0pt x 120.23651pt.
 <./eadog_8c_a38560127e69611361f6edc5b83c9518f_cgraph.pdf>
<eadog_8c_a38560127e69611361f6edc5b83c9518f_cgraph.pdf, id=17475, 905.3825pt x 
247.92625pt>
File: eadog_8c_a38560127e69611361f6edc5b83c9518f_cgraph.pdf Graphic file (type 
pdf)
<use eadog_8c_a38560127e69611361f6edc5b83c9518f_cgraph.pdf>
Package pdftex.def Info: eadog_8c_a38560127e69611361f6edc5b83c9518f_cgraph.pdf 
 used on input line 203.
(pdftex.def)             Requested size: 350.0pt x 95.83966pt.


[181] <./eadog_8c_a354a7869fc0c21ba6ac9176523c70406_cgraph.pdf>
<eadog_8c_a354a7869fc0c21ba6ac9176523c70406_cgraph.pdf, id=17490, 584.1825pt x 
285.065pt>
File: eadog_8c_a354a7869fc0c21ba6ac9176523c70406_cgraph.pdf Graphic file (type 
pdf)
<use eadog_8c_a354a7869fc0c21ba6ac9176523c70406_cgraph.pdf>
Package pdftex.def Info: eadog_8c_a354a7869fc0c21ba6ac9176523c70406_cgraph.pdf 
 used on input line 222.
(pdftex.def)             Requested size: 350.0pt x 170.79672pt.
 <./eadog_8c_a354a7869fc0c21ba6ac9176523c70406_icgraph.pdf>
<eadog_8c_a354a7869fc0c21ba6ac9176523c70406_icgraph.pdf, id=17498, 609.27625pt 
x 249.93375pt>
File: eadog_8c_a354a7869fc0c21ba6ac9176523c70406_icgraph.pdf Graphic file (type
 pdf)
<use eadog_8c_a354a7869fc0c21ba6ac9176523c70406_icgraph.pdf>
Package pdftex.def Info: eadog_8c_a354a7869fc0c21ba6ac9176523c70406_icgraph.pdf
  used on input line 229.
(pdftex.def)             Requested size: 350.0pt x 143.5773pt.
 <./eadog_8c_a469b07cd52f5a0a71c589c78ded7ca3b_cgraph.pdf>
<eadog_8c_a469b07cd52f5a0a71c589c78ded7ca3b_cgraph.pdf, id=17506, 784.9325pt x 
396.48125pt>
File: eadog_8c_a469b07cd52f5a0a71c589c78ded7ca3b_cgraph.pdf Graphic file (type 
pdf)
<use eadog_8c_a469b07cd52f5a0a71c589c78ded7ca3b_cgraph.pdf>
Package pdftex.def Info: eadog_8c_a469b07cd52f5a0a71c589c78ded7ca3b_cgraph.pdf 
 used on input line 243.
(pdftex.def)             Requested size: 350.0pt x 176.79355pt.


[182] <./eadog_8c_a469b07cd52f5a0a71c589c78ded7ca3b_icgraph.pdf>
<eadog_8c_a469b07cd52f5a0a71c589c78ded7ca3b_icgraph.pdf, id=17521, 455.7025pt x
 249.93375pt>
File: eadog_8c_a469b07cd52f5a0a71c589c78ded7ca3b_icgraph.pdf Graphic file (type
 pdf)
<use eadog_8c_a469b07cd52f5a0a71c589c78ded7ca3b_icgraph.pdf>
Package pdftex.def Info: eadog_8c_a469b07cd52f5a0a71c589c78ded7ca3b_icgraph.pdf
  used on input line 250.
(pdftex.def)             Requested size: 350.0pt x 191.96524pt.
 <./eadog_8c_ab5c89a01791e81a5efcee4e25a938a7e_cgraph.pdf>
<eadog_8c_ab5c89a01791e81a5efcee4e25a938a7e_cgraph.pdf, id=17529, 902.37125pt x
 378.41376pt>
File: eadog_8c_ab5c89a01791e81a5efcee4e25a938a7e_cgraph.pdf Graphic file (type 
pdf)
<use eadog_8c_ab5c89a01791e81a5efcee4e25a938a7e_cgraph.pdf>
Package pdftex.def Info: eadog_8c_ab5c89a01791e81a5efcee4e25a938a7e_cgraph.pdf 
 used on input line 264.
(pdftex.def)             Requested size: 350.0pt x 146.77817pt.


[183] <./eadog_8c_ab5c89a01791e81a5efcee4e25a938a7e_icgraph.pdf>
<eadog_8c_ab5c89a01791e81a5efcee4e25a938a7e_icgraph.pdf, id=17545, 230.8625pt x
 99.37125pt>
File: eadog_8c_ab5c89a01791e81a5efcee4e25a938a7e_icgraph.pdf Graphic file (type
 pdf)
<use eadog_8c_ab5c89a01791e81a5efcee4e25a938a7e_icgraph.pdf>
Package pdftex.def Info: eadog_8c_ab5c89a01791e81a5efcee4e25a938a7e_icgraph.pdf
  used on input line 271.
(pdftex.def)             Requested size: 230.0pt x 99.00102pt.
 <./eadog_8c_a5d89523c6da6150f0e42c89f8f717f0e_cgraph.pdf>
<eadog_8c_a5d89523c6da6150f0e42c89f8f717f0e_cgraph.pdf, id=17553, 274.02374pt x
 99.37125pt>
File: eadog_8c_a5d89523c6da6150f0e42c89f8f717f0e_cgraph.pdf Graphic file (type 
pdf)
<use eadog_8c_a5d89523c6da6150f0e42c89f8f717f0e_cgraph.pdf>
Package pdftex.def Info: eadog_8c_a5d89523c6da6150f0e42c89f8f717f0e_cgraph.pdf 
 used on input line 285.
(pdftex.def)             Requested size: 273.0pt x 99.00708pt.
 <./eadog_8c_a5d89523c6da6150f0e42c89f8f717f0e_icgraph.pdf>
<eadog_8c_a5d89523c6da6150f0e42c89f8f717f0e_icgraph.pdf, id=17561, 252.945pt x 
99.37125pt>
File: eadog_8c_a5d89523c6da6150f0e42c89f8f717f0e_icgraph.pdf Graphic file (type
 pdf)
<use eadog_8c_a5d89523c6da6150f0e42c89f8f717f0e_icgraph.pdf>
Package pdftex.def Info: eadog_8c_a5d89523c6da6150f0e42c89f8f717f0e_icgraph.pdf
  used on input line 292.
(pdftex.def)             Requested size: 252.0pt x 99.00253pt.


[184] <./eadog_8c_ac5585b92f3ab25fe8ae2e2b5ec1cbf35_cgraph.pdf>
<eadog_8c_ac5585b92f3ab25fe8ae2e2b5ec1cbf35_cgraph.pdf, id=17578, 729.72626pt x
 247.92625pt>
File: eadog_8c_ac5585b92f3ab25fe8ae2e2b5ec1cbf35_cgraph.pdf Graphic file (type 
pdf)
<use eadog_8c_ac5585b92f3ab25fe8ae2e2b5ec1cbf35_cgraph.pdf>
Package pdftex.def Info: eadog_8c_ac5585b92f3ab25fe8ae2e2b5ec1cbf35_cgraph.pdf 
 used on input line 305.
(pdftex.def)             Requested size: 350.0pt x 118.91245pt.
 <./eadog_8c_ac5585b92f3ab25fe8ae2e2b5ec1cbf35_icgraph.pdf>
<eadog_8c_ac5585b92f3ab25fe8ae2e2b5ec1cbf35_icgraph.pdf, id=17586, 597.23125pt 
x 210.7875pt>
File: eadog_8c_ac5585b92f3ab25fe8ae2e2b5ec1cbf35_icgraph.pdf Graphic file (type
 pdf)
<use eadog_8c_ac5585b92f3ab25fe8ae2e2b5ec1cbf35_icgraph.pdf>
Package pdftex.def Info: eadog_8c_ac5585b92f3ab25fe8ae2e2b5ec1cbf35_icgraph.pdf
  used on input line 312.
(pdftex.def)             Requested size: 350.0pt x 123.5305pt.
 <./eadog_8c_a73a4ef55ce025687fb0498bbf1af928e_cgraph.pdf>
<eadog_8c_a73a4ef55ce025687fb0498bbf1af928e_cgraph.pdf, id=17594, 580.1675pt x 
247.92625pt>
File: eadog_8c_a73a4ef55ce025687fb0498bbf1af928e_cgraph.pdf Graphic file (type 
pdf)
<use eadog_8c_a73a4ef55ce025687fb0498bbf1af928e_cgraph.pdf>
Package pdftex.def Info: eadog_8c_a73a4ef55ce025687fb0498bbf1af928e_cgraph.pdf 
 used on input line 325.
(pdftex.def)             Requested size: 350.0pt x 149.56647pt.
 <./eadog_8c_a73a4ef55ce025687fb0498bbf1af928e_icgraph.pdf>
<eadog_8c_a73a4ef55ce025687fb0498bbf1af928e_icgraph.pdf, id=17602, 746.79pt x 2
49.93375pt>
File: eadog_8c_a73a4ef55ce025687fb0498bbf1af928e_icgraph.pdf Graphic file (type
 pdf)
<use eadog_8c_a73a4ef55ce025687fb0498bbf1af928e_icgraph.pdf>
Package pdftex.def Info: eadog_8c_a73a4ef55ce025687fb0498bbf1af928e_icgraph.pdf
  used on input line 332.
(pdftex.def)             Requested size: 350.0pt x 117.13708pt.


[185] <./eadog_8c_a4003f144ad500adb8b664ecf940460f7_cgraph.pdf>
<eadog_8c_a4003f144ad500adb8b664ecf940460f7_cgraph.pdf, id=17619, 576.1525pt x 
247.92625pt>
File: eadog_8c_a4003f144ad500adb8b664ecf940460f7_cgraph.pdf Graphic file (type 
pdf)
<use eadog_8c_a4003f144ad500adb8b664ecf940460f7_cgraph.pdf>
Package pdftex.def Info: eadog_8c_a4003f144ad500adb8b664ecf940460f7_cgraph.pdf 
 used on input line 345.
(pdftex.def)             Requested size: 350.0pt x 150.61436pt.
 <./eadog_8c_a4003f144ad500adb8b664ecf940460f7_icgraph.pdf>
<eadog_8c_a4003f144ad500adb8b664ecf940460f7_icgraph.pdf, id=17627, 601.24625pt 
x 249.93375pt>
File: eadog_8c_a4003f144ad500adb8b664ecf940460f7_icgraph.pdf Graphic file (type
 pdf)
<use eadog_8c_a4003f144ad500adb8b664ecf940460f7_icgraph.pdf>
Package pdftex.def Info: eadog_8c_a4003f144ad500adb8b664ecf940460f7_icgraph.pdf
  used on input line 352.
(pdftex.def)             Requested size: 350.0pt x 145.49559pt.
 <./eadog_8c_af2766e0444001bb7952930559a89ee99_cgraph.pdf>
<eadog_8c_af2766e0444001bb7952930559a89ee99_cgraph.pdf, id=17635, 841.1425pt x 
247.92625pt>
File: eadog_8c_af2766e0444001bb7952930559a89ee99_cgraph.pdf Graphic file (type 
pdf)
<use eadog_8c_af2766e0444001bb7952930559a89ee99_cgraph.pdf>
Package pdftex.def Info: eadog_8c_af2766e0444001bb7952930559a89ee99_cgraph.pdf 
 used on input line 365.
(pdftex.def)             Requested size: 350.0pt x 103.16364pt.


[186] <./eadog_8c_af2766e0444001bb7952930559a89ee99_icgraph.pdf>
<eadog_8c_af2766e0444001bb7952930559a89ee99_icgraph.pdf, id=17651, 383.4325pt x
 99.37125pt>
File: eadog_8c_af2766e0444001bb7952930559a89ee99_icgraph.pdf Graphic file (type
 pdf)
<use eadog_8c_af2766e0444001bb7952930559a89ee99_icgraph.pdf>
Package pdftex.def Info: eadog_8c_af2766e0444001bb7952930559a89ee99_icgraph.pdf
  used on input line 372.
(pdftex.def)             Requested size: 350.0pt x 90.71152pt.
 <./eadog_8c_aa1f14a3ecc647d99fcf5ea0281eb433a_cgraph.pdf>
<eadog_8c_aa1f14a3ecc647d99fcf5ea0281eb433a_cgraph.pdf, id=17659, 346.29375pt x
 99.37125pt>
File: eadog_8c_aa1f14a3ecc647d99fcf5ea0281eb433a_cgraph.pdf Graphic file (type 
pdf)
<use eadog_8c_aa1f14a3ecc647d99fcf5ea0281eb433a_cgraph.pdf>
Package pdftex.def Info: eadog_8c_aa1f14a3ecc647d99fcf5ea0281eb433a_cgraph.pdf 
 used on input line 391.
(pdftex.def)             Requested size: 345.0pt x 99.00253pt.
 <./eadog_8c_aa1f14a3ecc647d99fcf5ea0281eb433a_icgraph.pdf>
<eadog_8c_aa1f14a3ecc647d99fcf5ea0281eb433a_icgraph.pdf, id=17668, 854.19125pt 
x 313.17pt>
File: eadog_8c_aa1f14a3ecc647d99fcf5ea0281eb433a_icgraph.pdf Graphic file (type
 pdf)
<use eadog_8c_aa1f14a3ecc647d99fcf5ea0281eb433a_icgraph.pdf>
Package pdftex.def Info: eadog_8c_aa1f14a3ecc647d99fcf5ea0281eb433a_icgraph.pdf
  used on input line 398.
(pdftex.def)             Requested size: 350.0pt x 128.31929pt.


[187] <./eadog_8c_ad1c508e21d80c901ee119631b8d06349_icgraph.pdf>
<eadog_8c_ad1c508e21d80c901ee119631b8d06349_icgraph.pdf, id=17684, 881.2925pt x
 313.17pt>
File: eadog_8c_ad1c508e21d80c901ee119631b8d06349_icgraph.pdf Graphic file (type
 pdf)
<use eadog_8c_ad1c508e21d80c901ee119631b8d06349_icgraph.pdf>
Package pdftex.def Info: eadog_8c_ad1c508e21d80c901ee119631b8d06349_icgraph.pdf
  used on input line 417.
(pdftex.def)             Requested size: 350.0pt x 124.37218pt.
 <./eadog_8c_a41e751304b342050075d6a42885e5be9_icgraph.pdf>
<eadog_8c_a41e751304b342050075d6a42885e5be9_icgraph.pdf, id=17692, 872.25874pt 
x 313.17pt>
File: eadog_8c_a41e751304b342050075d6a42885e5be9_icgraph.pdf Graphic file (type
 pdf)
<use eadog_8c_a41e751304b342050075d6a42885e5be9_icgraph.pdf>
Package pdftex.def Info: eadog_8c_a41e751304b342050075d6a42885e5be9_icgraph.pdf
  used on input line 430.
(pdftex.def)             Requested size: 350.0pt x 125.66238pt.


[188]) (./eadog_8h.tex <./eadog_8h__incl.pdf>
<eadog_8h__incl.pdf, id=17708, 618.31pt x 331.2375pt>
File: eadog_8h__incl.pdf Graphic file (type pdf)
<use eadog_8h__incl.pdf>
Package pdftex.def Info: eadog_8h__incl.pdf  used on input line 9.
(pdftex.def)             Requested size: 350.0pt x 187.50333pt.
 <./eadog_8h__dep__incl.pdf>
<eadog_8h__dep__incl.pdf, id=17716, 582.175pt x 320.19624pt>
File: eadog_8h__dep__incl.pdf Graphic file (type pdf)
<use eadog_8h__dep__incl.pdf>
Package pdftex.def Info: eadog_8h__dep__incl.pdf  used on input line 16.
(pdftex.def)             Requested size: 350.0pt x 192.50519pt.


[189]

[190]

[191]

[192]

[193]

[194]

[195] <./eadog_8h_a05b74a75d1b7203983c749ca8bfcb12e_cgraph.pdf>
<eadog_8h_a05b74a75d1b7203983c749ca8bfcb12e_cgraph.pdf, id=17916, 551.05875pt x
 173.64874pt>
File: eadog_8h_a05b74a75d1b7203983c749ca8bfcb12e_cgraph.pdf Graphic file (type 
pdf)
<use eadog_8h_a05b74a75d1b7203983c749ca8bfcb12e_cgraph.pdf>
Package pdftex.def Info: eadog_8h_a05b74a75d1b7203983c749ca8bfcb12e_cgraph.pdf 
 used on input line 489.
(pdftex.def)             Requested size: 350.0pt x 110.29486pt.
 <./eadog_8h_a05b74a75d1b7203983c749ca8bfcb12e_icgraph.pdf>
<eadog_8h_a05b74a75d1b7203983c749ca8bfcb12e_icgraph.pdf, id=17924, 596.2275pt x
 249.93375pt>
File: eadog_8h_a05b74a75d1b7203983c749ca8bfcb12e_icgraph.pdf Graphic file (type
 pdf)
<use eadog_8h_a05b74a75d1b7203983c749ca8bfcb12e_icgraph.pdf>
Package pdftex.def Info: eadog_8h_a05b74a75d1b7203983c749ca8bfcb12e_icgraph.pdf
  used on input line 496.
(pdftex.def)             Requested size: 350.0pt x 146.71596pt.


[196] <./eadog_8h_ad822556b41ddbb73595fd5a11e9e5bb0_cgraph.pdf>
<eadog_8h_ad822556b41ddbb73595fd5a11e9e5bb0_cgraph.pdf, id=17938, 855.195pt x 2
47.92625pt>
File: eadog_8h_ad822556b41ddbb73595fd5a11e9e5bb0_cgraph.pdf Graphic file (type 
pdf)
<use eadog_8h_ad822556b41ddbb73595fd5a11e9e5bb0_cgraph.pdf>
Package pdftex.def Info: eadog_8h_ad822556b41ddbb73595fd5a11e9e5bb0_cgraph.pdf 
 used on input line 509.
(pdftex.def)             Requested size: 350.0pt x 101.46504pt.
 <./eadog_8h_ad822556b41ddbb73595fd5a11e9e5bb0_icgraph.pdf>
<eadog_8h_ad822556b41ddbb73595fd5a11e9e5bb0_icgraph.pdf, id=17946, 397.485pt x 
99.37125pt>
File: eadog_8h_ad822556b41ddbb73595fd5a11e9e5bb0_icgraph.pdf Graphic file (type
 pdf)
<use eadog_8h_ad822556b41ddbb73595fd5a11e9e5bb0_icgraph.pdf>
Package pdftex.def Info: eadog_8h_ad822556b41ddbb73595fd5a11e9e5bb0_icgraph.pdf
  used on input line 516.
(pdftex.def)             Requested size: 350.0pt x 87.50307pt.
 <./eadog_8h_af97a7634a90dd5ed782b7124540c7818_icgraph.pdf>
<eadog_8h_af97a7634a90dd5ed782b7124540c7818_icgraph.pdf, id=17954, 356.33125pt 
x 99.37125pt>
File: eadog_8h_af97a7634a90dd5ed782b7124540c7818_icgraph.pdf Graphic file (type
 pdf)
<use eadog_8h_af97a7634a90dd5ed782b7124540c7818_icgraph.pdf>
Package pdftex.def Info: eadog_8h_af97a7634a90dd5ed782b7124540c7818_icgraph.pdf
  used on input line 529.
(pdftex.def)             Requested size: 350.0pt x 97.60907pt.


[197] <./eadog_8h_a6336c0c9442e66b2b2048c50d135ce02_icgraph.pdf>
<eadog_8h_a6336c0c9442e66b2b2048c50d135ce02_icgraph.pdf, id=17972, 712.6625pt x
 193.72375pt>
File: eadog_8h_a6336c0c9442e66b2b2048c50d135ce02_icgraph.pdf Graphic file (type
 pdf)
<use eadog_8h_a6336c0c9442e66b2b2048c50d135ce02_icgraph.pdf>
Package pdftex.def Info: eadog_8h_a6336c0c9442e66b2b2048c50d135ce02_icgraph.pdf
  used on input line 548.
(pdftex.def)             Requested size: 350.0pt x 95.14125pt.
 <./eadog_8h_acc9ccd8c6efcbbefec86c4122d0065f2_cgraph.pdf>
<eadog_8h_acc9ccd8c6efcbbefec86c4122d0065f2_cgraph.pdf, id=17980, 937.5025pt x 
396.48125pt>
File: eadog_8h_acc9ccd8c6efcbbefec86c4122d0065f2_cgraph.pdf Graphic file (type 
pdf)
<use eadog_8h_acc9ccd8c6efcbbefec86c4122d0065f2_cgraph.pdf>
Package pdftex.def Info: eadog_8h_acc9ccd8c6efcbbefec86c4122d0065f2_cgraph.pdf 
 used on input line 562.
(pdftex.def)             Requested size: 350.0pt x 148.01462pt.
 <./eadog_8h_acc9ccd8c6efcbbefec86c4122d0065f2_icgraph.pdf>
<eadog_8h_acc9ccd8c6efcbbefec86c4122d0065f2_icgraph.pdf, id=17988, 274.02374pt 
x 99.37125pt>
File: eadog_8h_acc9ccd8c6efcbbefec86c4122d0065f2_icgraph.pdf Graphic file (type
 pdf)
<use eadog_8h_acc9ccd8c6efcbbefec86c4122d0065f2_icgraph.pdf>
Package pdftex.def Info: eadog_8h_acc9ccd8c6efcbbefec86c4122d0065f2_icgraph.pdf
  used on input line 569.
(pdftex.def)             Requested size: 273.0pt x 99.00708pt.


[198] <./eadog_8h_ace2eafc28f81059e7f8011f94e800b6d_cgraph.pdf>
<eadog_8h_ace2eafc28f81059e7f8011f94e800b6d_cgraph.pdf, id=18004, 721.69624pt x
 247.92625pt>
File: eadog_8h_ace2eafc28f81059e7f8011f94e800b6d_cgraph.pdf Graphic file (type 
pdf)
<use eadog_8h_ace2eafc28f81059e7f8011f94e800b6d_cgraph.pdf>
Package pdftex.def Info: eadog_8h_ace2eafc28f81059e7f8011f94e800b6d_cgraph.pdf 
 used on input line 594.
(pdftex.def)             Requested size: 350.0pt x 120.23651pt.
 <./eadog_8h_a4c99c21f8f16fbd0bba6db689af3a545_cgraph.pdf>
<eadog_8h_a4c99c21f8f16fbd0bba6db689af3a545_cgraph.pdf, id=18012, 905.3825pt x 
247.92625pt>
File: eadog_8h_a4c99c21f8f16fbd0bba6db689af3a545_cgraph.pdf Graphic file (type 
pdf)
<use eadog_8h_a4c99c21f8f16fbd0bba6db689af3a545_cgraph.pdf>
Package pdftex.def Info: eadog_8h_a4c99c21f8f16fbd0bba6db689af3a545_cgraph.pdf 
 used on input line 607.
(pdftex.def)             Requested size: 350.0pt x 95.83966pt.


[199] <./eadog_8h_abdf8cb128258dcce825732deb3bb707e_cgraph.pdf>
<eadog_8h_abdf8cb128258dcce825732deb3bb707e_cgraph.pdf, id=18027, 584.1825pt x 
285.065pt>
File: eadog_8h_abdf8cb128258dcce825732deb3bb707e_cgraph.pdf Graphic file (type 
pdf)
<use eadog_8h_abdf8cb128258dcce825732deb3bb707e_cgraph.pdf>
Package pdftex.def Info: eadog_8h_abdf8cb128258dcce825732deb3bb707e_cgraph.pdf 
 used on input line 626.
(pdftex.def)             Requested size: 350.0pt x 170.79672pt.
 <./eadog_8h_abdf8cb128258dcce825732deb3bb707e_icgraph.pdf>
<eadog_8h_abdf8cb128258dcce825732deb3bb707e_icgraph.pdf, id=18035, 609.27625pt 
x 249.93375pt>
File: eadog_8h_abdf8cb128258dcce825732deb3bb707e_icgraph.pdf Graphic file (type
 pdf)
<use eadog_8h_abdf8cb128258dcce825732deb3bb707e_icgraph.pdf>
Package pdftex.def Info: eadog_8h_abdf8cb128258dcce825732deb3bb707e_icgraph.pdf
  used on input line 633.
(pdftex.def)             Requested size: 350.0pt x 143.5773pt.


[200] <./eadog_8h_a293a42d10ba9bdf0f56ab58c60304dd4_cgraph.pdf>
<eadog_8h_a293a42d10ba9bdf0f56ab58c60304dd4_cgraph.pdf, id=18050, 784.9325pt x 
396.48125pt>
File: eadog_8h_a293a42d10ba9bdf0f56ab58c60304dd4_cgraph.pdf Graphic file (type 
pdf)
<use eadog_8h_a293a42d10ba9bdf0f56ab58c60304dd4_cgraph.pdf>
Package pdftex.def Info: eadog_8h_a293a42d10ba9bdf0f56ab58c60304dd4_cgraph.pdf 
 used on input line 647.
(pdftex.def)             Requested size: 350.0pt x 176.79355pt.
 <./eadog_8h_a293a42d10ba9bdf0f56ab58c60304dd4_icgraph.pdf>
<eadog_8h_a293a42d10ba9bdf0f56ab58c60304dd4_icgraph.pdf, id=18058, 455.7025pt x
 249.93375pt>
File: eadog_8h_a293a42d10ba9bdf0f56ab58c60304dd4_icgraph.pdf Graphic file (type
 pdf)
<use eadog_8h_a293a42d10ba9bdf0f56ab58c60304dd4_icgraph.pdf>
Package pdftex.def Info: eadog_8h_a293a42d10ba9bdf0f56ab58c60304dd4_icgraph.pdf
  used on input line 654.
(pdftex.def)             Requested size: 350.0pt x 191.96524pt.


[201] <./eadog_8h_ab5c89a01791e81a5efcee4e25a938a7e_cgraph.pdf>
<eadog_8h_ab5c89a01791e81a5efcee4e25a938a7e_cgraph.pdf, id=18073, 902.37125pt x
 378.41376pt>
File: eadog_8h_ab5c89a01791e81a5efcee4e25a938a7e_cgraph.pdf Graphic file (type 
pdf)
<use eadog_8h_ab5c89a01791e81a5efcee4e25a938a7e_cgraph.pdf>
Package pdftex.def Info: eadog_8h_ab5c89a01791e81a5efcee4e25a938a7e_cgraph.pdf 
 used on input line 668.
(pdftex.def)             Requested size: 350.0pt x 146.77817pt.
 <./eadog_8h_ab5c89a01791e81a5efcee4e25a938a7e_icgraph.pdf>
<eadog_8h_ab5c89a01791e81a5efcee4e25a938a7e_icgraph.pdf, id=18081, 230.8625pt x
 99.37125pt>
File: eadog_8h_ab5c89a01791e81a5efcee4e25a938a7e_icgraph.pdf Graphic file (type
 pdf)
<use eadog_8h_ab5c89a01791e81a5efcee4e25a938a7e_icgraph.pdf>
Package pdftex.def Info: eadog_8h_ab5c89a01791e81a5efcee4e25a938a7e_icgraph.pdf
  used on input line 675.
(pdftex.def)             Requested size: 230.0pt x 99.00102pt.


[202] <./eadog_8h_a5d89523c6da6150f0e42c89f8f717f0e_cgraph.pdf>
<eadog_8h_a5d89523c6da6150f0e42c89f8f717f0e_cgraph.pdf, id=18098, 274.02374pt x
 99.37125pt>
File: eadog_8h_a5d89523c6da6150f0e42c89f8f717f0e_cgraph.pdf Graphic file (type 
pdf)
<use eadog_8h_a5d89523c6da6150f0e42c89f8f717f0e_cgraph.pdf>
Package pdftex.def Info: eadog_8h_a5d89523c6da6150f0e42c89f8f717f0e_cgraph.pdf 
 used on input line 689.
(pdftex.def)             Requested size: 273.0pt x 99.00708pt.
 <./eadog_8h_a5d89523c6da6150f0e42c89f8f717f0e_icgraph.pdf>
<eadog_8h_a5d89523c6da6150f0e42c89f8f717f0e_icgraph.pdf, id=18106, 252.945pt x 
99.37125pt>
File: eadog_8h_a5d89523c6da6150f0e42c89f8f717f0e_icgraph.pdf Graphic file (type
 pdf)
<use eadog_8h_a5d89523c6da6150f0e42c89f8f717f0e_icgraph.pdf>
Package pdftex.def Info: eadog_8h_a5d89523c6da6150f0e42c89f8f717f0e_icgraph.pdf
  used on input line 696.
(pdftex.def)             Requested size: 252.0pt x 99.00253pt.
 <./eadog_8h_ae38700d7bcec53c06f15d40cd8aefa31_cgraph.pdf>
<eadog_8h_ae38700d7bcec53c06f15d40cd8aefa31_cgraph.pdf, id=18114, 729.72626pt x
 247.92625pt>
File: eadog_8h_ae38700d7bcec53c06f15d40cd8aefa31_cgraph.pdf Graphic file (type 
pdf)
<use eadog_8h_ae38700d7bcec53c06f15d40cd8aefa31_cgraph.pdf>
Package pdftex.def Info: eadog_8h_ae38700d7bcec53c06f15d40cd8aefa31_cgraph.pdf 
 used on input line 709.
(pdftex.def)             Requested size: 350.0pt x 118.91245pt.
 <./eadog_8h_ae38700d7bcec53c06f15d40cd8aefa31_icgraph.pdf>
<eadog_8h_ae38700d7bcec53c06f15d40cd8aefa31_icgraph.pdf, id=18122, 597.23125pt 
x 210.7875pt>
File: eadog_8h_ae38700d7bcec53c06f15d40cd8aefa31_icgraph.pdf Graphic file (type
 pdf)
<use eadog_8h_ae38700d7bcec53c06f15d40cd8aefa31_icgraph.pdf>
Package pdftex.def Info: eadog_8h_ae38700d7bcec53c06f15d40cd8aefa31_icgraph.pdf
  used on input line 716.
(pdftex.def)             Requested size: 350.0pt x 123.5305pt.


[203] <./eadog_8h_a995271797e78d3a83788f8f1fc0df7ed_cgraph.pdf>
<eadog_8h_a995271797e78d3a83788f8f1fc0df7ed_cgraph.pdf, id=18139, 580.1675pt x 
247.92625pt>
File: eadog_8h_a995271797e78d3a83788f8f1fc0df7ed_cgraph.pdf Graphic file (type 
pdf)
<use eadog_8h_a995271797e78d3a83788f8f1fc0df7ed_cgraph.pdf>
Package pdftex.def Info: eadog_8h_a995271797e78d3a83788f8f1fc0df7ed_cgraph.pdf 
 used on input line 729.
(pdftex.def)             Requested size: 350.0pt x 149.56647pt.
 <./eadog_8h_a995271797e78d3a83788f8f1fc0df7ed_icgraph.pdf>
<eadog_8h_a995271797e78d3a83788f8f1fc0df7ed_icgraph.pdf, id=18147, 746.79pt x 2
49.93375pt>
File: eadog_8h_a995271797e78d3a83788f8f1fc0df7ed_icgraph.pdf Graphic file (type
 pdf)
<use eadog_8h_a995271797e78d3a83788f8f1fc0df7ed_icgraph.pdf>
Package pdftex.def Info: eadog_8h_a995271797e78d3a83788f8f1fc0df7ed_icgraph.pdf
  used on input line 736.
(pdftex.def)             Requested size: 350.0pt x 117.13708pt.
 <./eadog_8h_a129fcb5a77657c7362612cd1a8ef9dd1_cgraph.pdf>
<eadog_8h_a129fcb5a77657c7362612cd1a8ef9dd1_cgraph.pdf, id=18155, 576.1525pt x 
247.92625pt>
File: eadog_8h_a129fcb5a77657c7362612cd1a8ef9dd1_cgraph.pdf Graphic file (type 
pdf)
<use eadog_8h_a129fcb5a77657c7362612cd1a8ef9dd1_cgraph.pdf>
Package pdftex.def Info: eadog_8h_a129fcb5a77657c7362612cd1a8ef9dd1_cgraph.pdf 
 used on input line 749.
(pdftex.def)             Requested size: 350.0pt x 150.61436pt.


[204] <./eadog_8h_a129fcb5a77657c7362612cd1a8ef9dd1_icgraph.pdf>
<eadog_8h_a129fcb5a77657c7362612cd1a8ef9dd1_icgraph.pdf, id=18171, 601.24625pt 
x 249.93375pt>
File: eadog_8h_a129fcb5a77657c7362612cd1a8ef9dd1_icgraph.pdf Graphic file (type
 pdf)
<use eadog_8h_a129fcb5a77657c7362612cd1a8ef9dd1_icgraph.pdf>
Package pdftex.def Info: eadog_8h_a129fcb5a77657c7362612cd1a8ef9dd1_icgraph.pdf
  used on input line 756.
(pdftex.def)             Requested size: 350.0pt x 145.49559pt.
 <./eadog_8h_a11ed063f692473d6d9ab18042ad1a97e_cgraph.pdf>
<eadog_8h_a11ed063f692473d6d9ab18042ad1a97e_cgraph.pdf, id=18179, 841.1425pt x 
247.92625pt>
File: eadog_8h_a11ed063f692473d6d9ab18042ad1a97e_cgraph.pdf Graphic file (type 
pdf)
<use eadog_8h_a11ed063f692473d6d9ab18042ad1a97e_cgraph.pdf>
Package pdftex.def Info: eadog_8h_a11ed063f692473d6d9ab18042ad1a97e_cgraph.pdf 
 used on input line 769.
(pdftex.def)             Requested size: 350.0pt x 103.16364pt.
 <./eadog_8h_a11ed063f692473d6d9ab18042ad1a97e_icgraph.pdf>
<eadog_8h_a11ed063f692473d6d9ab18042ad1a97e_icgraph.pdf, id=18187, 383.4325pt x
 99.37125pt>
File: eadog_8h_a11ed063f692473d6d9ab18042ad1a97e_icgraph.pdf Graphic file (type
 pdf)
<use eadog_8h_a11ed063f692473d6d9ab18042ad1a97e_icgraph.pdf>
Package pdftex.def Info: eadog_8h_a11ed063f692473d6d9ab18042ad1a97e_icgraph.pdf
  used on input line 776.
(pdftex.def)             Requested size: 350.0pt x 90.71152pt.


[205] <./eadog_8h_aa1f14a3ecc647d99fcf5ea0281eb433a_cgraph.pdf>
<eadog_8h_aa1f14a3ecc647d99fcf5ea0281eb433a_cgraph.pdf, id=18203, 346.29375pt x
 99.37125pt>
File: eadog_8h_aa1f14a3ecc647d99fcf5ea0281eb433a_cgraph.pdf Graphic file (type 
pdf)
<use eadog_8h_aa1f14a3ecc647d99fcf5ea0281eb433a_cgraph.pdf>
Package pdftex.def Info: eadog_8h_aa1f14a3ecc647d99fcf5ea0281eb433a_cgraph.pdf 
 used on input line 795.
(pdftex.def)             Requested size: 345.0pt x 99.00253pt.
 <./eadog_8h_aa1f14a3ecc647d99fcf5ea0281eb433a_icgraph.pdf>
<eadog_8h_aa1f14a3ecc647d99fcf5ea0281eb433a_icgraph.pdf, id=18211, 854.19125pt 
x 313.17pt>
File: eadog_8h_aa1f14a3ecc647d99fcf5ea0281eb433a_icgraph.pdf Graphic file (type
 pdf)
<use eadog_8h_aa1f14a3ecc647d99fcf5ea0281eb433a_icgraph.pdf>
Package pdftex.def Info: eadog_8h_aa1f14a3ecc647d99fcf5ea0281eb433a_icgraph.pdf
  used on input line 802.
(pdftex.def)             Requested size: 350.0pt x 128.31929pt.


[206] <./eadog_8h_ad1c508e21d80c901ee119631b8d06349_icgraph.pdf>
<eadog_8h_ad1c508e21d80c901ee119631b8d06349_icgraph.pdf, id=18228, 881.2925pt x
 313.17pt>
File: eadog_8h_ad1c508e21d80c901ee119631b8d06349_icgraph.pdf Graphic file (type
 pdf)
<use eadog_8h_ad1c508e21d80c901ee119631b8d06349_icgraph.pdf>
Package pdftex.def Info: eadog_8h_ad1c508e21d80c901ee119631b8d06349_icgraph.pdf
  used on input line 821.
(pdftex.def)             Requested size: 350.0pt x 124.37218pt.
 <./eadog_8h_a41e751304b342050075d6a42885e5be9_icgraph.pdf>
<eadog_8h_a41e751304b342050075d6a42885e5be9_icgraph.pdf, id=18236, 872.25874pt 
x 313.17pt>
File: eadog_8h_a41e751304b342050075d6a42885e5be9_icgraph.pdf Graphic file (type
 pdf)
<use eadog_8h_a41e751304b342050075d6a42885e5be9_icgraph.pdf>
Package pdftex.def Info: eadog_8h_a41e751304b342050075d6a42885e5be9_icgraph.pdf
  used on input line 834.
(pdftex.def)             Requested size: 350.0pt x 125.66238pt.
 <./eadog_8h_a3ff828022c3c7d1ef14e5879c8404350_icgraph.pdf>
<eadog_8h_a3ff828022c3c7d1ef14e5879c8404350_icgraph.pdf, id=18244, 554.07pt x 3
25.215pt>
File: eadog_8h_a3ff828022c3c7d1ef14e5879c8404350_icgraph.pdf Graphic file (type
 pdf)
<use eadog_8h_a3ff828022c3c7d1ef14e5879c8404350_icgraph.pdf>
Package pdftex.def Info: eadog_8h_a3ff828022c3c7d1ef14e5879c8404350_icgraph.pdf
  used on input line 847.
(pdftex.def)             Requested size: 350.0pt x 205.43239pt.
) (./eadog_8h_source.tex

[207]

[208]) (./_8dep_8inc.tex)
(./Debug_2GNU-Linux_2__ext_25c0_2raw_8githubusercontent_8com__linux-can__can-ut
ils__master__canfdtest_8o_8d.tex)
(./Release_2GNU-Linux_2__ext_25c0_2raw_8githubusercontent_8com__linux-can__can-
utils__master__canfdtest_8o_8d.tex) (./mqtt_8c.tex

[209] <./mqtt_8c__incl.pdf>
<mqtt_8c__incl.pdf, id=18304, 198.7425pt x 220.825pt>
File: mqtt_8c__incl.pdf Graphic file (type pdf)
<use mqtt_8c__incl.pdf>
Package pdftex.def Info: mqtt_8c__incl.pdf  used on input line 13.
(pdftex.def)             Requested size: 198.0pt x 220.00565pt.

Underfull \hbox (badness 10000) detected at line 21
[][][]
 []

) (./mqtt_8h.tex <./mqtt_8h__incl.pdf>
<mqtt_8h__incl.pdf, id=18314, 198.7425pt x 165.61874pt>
File: mqtt_8h__incl.pdf Graphic file (type pdf)
<use mqtt_8h__incl.pdf>
Package pdftex.def Info: mqtt_8h__incl.pdf  used on input line 13.
(pdftex.def)             Requested size: 198.0pt x 165.00423pt.


[210] <./mqtt_8h__dep__incl.pdf>
<mqtt_8h__dep__incl.pdf, id=18329, 606.265pt x 242.9075pt>
File: mqtt_8h__dep__incl.pdf Graphic file (type pdf)
<use mqtt_8h__dep__incl.pdf>
Package pdftex.def Info: mqtt_8h__dep__incl.pdf  used on input line 20.
(pdftex.def)             Requested size: 350.0pt x 140.2341pt.


[211]
Overfull \hbox (15.2437pt too wide) in paragraph at lines 80--99
[] \T1/phv/m/n/10 = 9u , [] = 10u , []
 []


Underfull \hbox (badness 1210) in paragraph at lines 104--113
[] \T1/phv/m/n/10 = 0u , [] = 1u ,
 []


Overfull \hbox (55.9931pt too wide) in paragraph at lines 104--113
[] \T1/phv/m/n/10 = 2u , []
 []


Overfull \hbox (87.70885pt too wide) in paragraph at lines 104--113
[] \T1/phv/m/n/10 = 4u , []
 []



[212]
Overfull \hbox (85.53928pt too wide) in paragraph at lines 114--119
[]\T1/phv/m/n/10 enum [] { [] = 0u , []
 []


Overfull \hbox (34.1161pt too wide) in paragraph at lines 120--133
[] \T1/phv/m/n/10 = 1u , [] = 2u , []
 []



[213]

[214]
Underfull \hbox (badness 10000) detected at line 221
[][][]
 []



[215]
Underfull \hbox (badness 10000) detected at line 300
[][][]
 []


Underfull \hbox (badness 10000) detected at line 318
[][][]
 []


Underfull \hbox (badness 10000) detected at line 341
[][][]
 []


Underfull \hbox (badness 10000) detected at line 344
[][][]
 []

 <./mqtt_8h_a223d30d2e6b84824ed995eda885d1e5d_cgraph.pdf>
<mqtt_8h_a223d30d2e6b84824ed995eda885d1e5d_cgraph.pdf, id=18569, 177.66376pt x 
117.43875pt>
File: mqtt_8h_a223d30d2e6b84824ed995eda885d1e5d_cgraph.pdf Graphic file (type p
df)
<use mqtt_8h_a223d30d2e6b84824ed995eda885d1e5d_cgraph.pdf>
Package pdftex.def Info: mqtt_8h_a223d30d2e6b84824ed995eda885d1e5d_cgraph.pdf  
used on input line 351.
(pdftex.def)             Requested size: 177.0pt x 117.00299pt.


[216] <./mqtt_8h_a223d30d2e6b84824ed995eda885d1e5d_icgraph.pdf>
<mqtt_8h_a223d30d2e6b84824ed995eda885d1e5d_icgraph.pdf, id=18582, 177.66376pt x
 117.43875pt>
File: mqtt_8h_a223d30d2e6b84824ed995eda885d1e5d_icgraph.pdf Graphic file (type 
pdf)
<use mqtt_8h_a223d30d2e6b84824ed995eda885d1e5d_icgraph.pdf>
Package pdftex.def Info: mqtt_8h_a223d30d2e6b84824ed995eda885d1e5d_icgraph.pdf 
 used on input line 358.
(pdftex.def)             Requested size: 177.0pt x 117.00299pt.

Underfull \hbox (badness 10000) detected at line 378
[][][]
 []


Underfull \hbox (badness 10000) detected at line 381
[][][]
 []

 <./mqtt_8h_a3968f3df67a7ded8f3e21faad10139c9_cgraph.pdf>
<mqtt_8h_a3968f3df67a7ded8f3e21faad10139c9_cgraph.pdf, id=18590, 195.73125pt x 
117.43875pt>
File: mqtt_8h_a3968f3df67a7ded8f3e21faad10139c9_cgraph.pdf Graphic file (type p
df)
<use mqtt_8h_a3968f3df67a7ded8f3e21faad10139c9_cgraph.pdf>
Package pdftex.def Info: mqtt_8h_a3968f3df67a7ded8f3e21faad10139c9_cgraph.pdf  
used on input line 388.
(pdftex.def)             Requested size: 195.0pt x 117.00658pt.


[217] <./mqtt_8h_a3968f3df67a7ded8f3e21faad10139c9_icgraph.pdf>
<mqtt_8h_a3968f3df67a7ded8f3e21faad10139c9_icgraph.pdf, id=18606, 195.73125pt x
 117.43875pt>
File: mqtt_8h_a3968f3df67a7ded8f3e21faad10139c9_icgraph.pdf Graphic file (type 
pdf)
<use mqtt_8h_a3968f3df67a7ded8f3e21faad10139c9_icgraph.pdf>
Package pdftex.def Info: mqtt_8h_a3968f3df67a7ded8f3e21faad10139c9_icgraph.pdf 
 used on input line 395.
(pdftex.def)             Requested size: 195.0pt x 117.00658pt.

Underfull \hbox (badness 10000) detected at line 408
[][][]
 []



[218]
Underfull \hbox (badness 10000) detected at line 426
[][][]
 []


Underfull \hbox (badness 10000) detected at line 429
[][][]
 []

 <./mqtt_8h_a053442c47812d3a3ef1b9525a2520c78_cgraph.pdf>
<mqtt_8h_a053442c47812d3a3ef1b9525a2520c78_cgraph.pdf, id=18625, 207.77625pt x 
117.43875pt>
File: mqtt_8h_a053442c47812d3a3ef1b9525a2520c78_cgraph.pdf Graphic file (type p
df)
<use mqtt_8h_a053442c47812d3a3ef1b9525a2520c78_cgraph.pdf>
Package pdftex.def Info: mqtt_8h_a053442c47812d3a3ef1b9525a2520c78_cgraph.pdf  
used on input line 436.
(pdftex.def)             Requested size: 207.0pt x 117.00478pt.
 <./mqtt_8h_a053442c47812d3a3ef1b9525a2520c78_icgraph.pdf>
<mqtt_8h_a053442c47812d3a3ef1b9525a2520c78_icgraph.pdf, id=18633, 207.77625pt x
 117.43875pt>
File: mqtt_8h_a053442c47812d3a3ef1b9525a2520c78_icgraph.pdf Graphic file (type 
pdf)
<use mqtt_8h_a053442c47812d3a3ef1b9525a2520c78_icgraph.pdf>
Package pdftex.def Info: mqtt_8h_a053442c47812d3a3ef1b9525a2520c78_icgraph.pdf 
 used on input line 443.
(pdftex.def)             Requested size: 207.0pt x 117.00478pt.
) (./mqtt_8h_source.tex

[219]

[220]

[221]

[222]

[223]

[224]) (./mqtt__pal_8c.tex <./mqtt__pal_8c__incl.pdf>
<mqtt__pal_8c__incl.pdf, id=18962, 198.7425pt x 220.825pt>
File: mqtt__pal_8c__incl.pdf Graphic file (type pdf)
<use mqtt__pal_8c__incl.pdf>
Package pdftex.def Info: mqtt__pal_8c__incl.pdf  used on input line 13.
(pdftex.def)             Requested size: 198.0pt x 220.00565pt.
) (./mqtt__pal_8h.tex <./mqtt__pal_8h__dep__incl.pdf>
<mqtt__pal_8h__dep__incl.pdf, id=18972, 606.265pt x 309.155pt>
File: mqtt__pal_8h__dep__incl.pdf Graphic file (type pdf)
<use mqtt__pal_8h__dep__incl.pdf>
Package pdftex.def Info: mqtt__pal_8h__dep__incl.pdf  used on input line 12.
(pdftex.def)             Requested size: 350.0pt x 178.47977pt.


[225]
Underfull \hbox (badness 10000) detected at line 27
[][][]
 []

) (./mqtt__pal_8h_source.tex

[226]

[227]) (./mqtt__pub_8c.tex <./mqtt__pub_8c__incl.pdf>
<mqtt__pub_8c__incl.pdf, id=19007, 749.80125pt x 276.03125pt>
File: mqtt__pub_8c__incl.pdf Graphic file (type pdf)
<use mqtt__pub_8c__incl.pdf>
Package pdftex.def Info: mqtt__pub_8c__incl.pdf  used on input line 13.
(pdftex.def)             Requested size: 350.0pt x 128.85019pt.


[228]
Underfull \hbox (badness 10000) detected at line 67
[][][]
 []

 <./mqtt__pub_8c_a9bf4366fab8966bc92e6f77b1fbae83b_cgraph.pdf>
<mqtt__pub_8c_a9bf4366fab8966bc92e6f77b1fbae83b_cgraph.pdf, id=19052, 278.03876
pt x 99.37125pt>
File: mqtt__pub_8c_a9bf4366fab8966bc92e6f77b1fbae83b_cgraph.pdf Graphic file (t
ype pdf)
<use mqtt__pub_8c_a9bf4366fab8966bc92e6f77b1fbae83b_cgraph.pdf>
Package pdftex.def Info: mqtt__pub_8c_a9bf4366fab8966bc92e6f77b1fbae83b_cgraph.
pdf  used on input line 74.
(pdftex.def)             Requested size: 277.0pt x 99.00102pt.
 <./mqtt__pub_8c_a9bf4366fab8966bc92e6f77b1fbae83b_icgraph.pdf>
<mqtt__pub_8c_a9bf4366fab8966bc92e6f77b1fbae83b_icgraph.pdf, id=19060, 287.0725
pt x 136.51pt>
File: mqtt__pub_8c_a9bf4366fab8966bc92e6f77b1fbae83b_icgraph.pdf Graphic file (
type pdf)
<use mqtt__pub_8c_a9bf4366fab8966bc92e6f77b1fbae83b_icgraph.pdf>
Package pdftex.def Info: mqtt__pub_8c_a9bf4366fab8966bc92e6f77b1fbae83b_icgraph
.pdf  used on input line 81.
(pdftex.def)             Requested size: 286.0pt x 136.0035pt.


[229] <./mqtt__pub_8c_a493941c7fef2c4fb92f05aec0eb00b22_icgraph.pdf>
<mqtt__pub_8c_a493941c7fef2c4fb92f05aec0eb00b22_icgraph.pdf, id=19080, 263.9862
5pt x 99.37125pt>
File: mqtt__pub_8c_a493941c7fef2c4fb92f05aec0eb00b22_icgraph.pdf Graphic file (
type pdf)
<use mqtt__pub_8c_a493941c7fef2c4fb92f05aec0eb00b22_icgraph.pdf>
Package pdftex.def Info: mqtt__pub_8c_a493941c7fef2c4fb92f05aec0eb00b22_icgraph
.pdf  used on input line 98.
(pdftex.def)             Requested size: 263.0pt x 99.00557pt.
 <./mqtt__pub_8c_a286eff50e7185732e32fa60e9aae0c4d_cgraph.pdf>
<mqtt__pub_8c_a286eff50e7185732e32fa60e9aae0c4d_cgraph.pdf, id=19088, 271.0125p
t x 99.37125pt>
File: mqtt__pub_8c_a286eff50e7185732e32fa60e9aae0c4d_cgraph.pdf Graphic file (t
ype pdf)
<use mqtt__pub_8c_a286eff50e7185732e32fa60e9aae0c4d_cgraph.pdf>
Package pdftex.def Info: mqtt__pub_8c_a286eff50e7185732e32fa60e9aae0c4d_cgraph.
pdf  used on input line 111.
(pdftex.def)             Requested size: 270.0pt x 99.00406pt.
 <./mqtt__pub_8c_a4b28e340db0f5a4336ad4d99ab65faa4_cgraph.pdf>
<mqtt__pub_8c_a4b28e340db0f5a4336ad4d99ab65faa4_cgraph.pdf, id=19096, 263.98625
pt x 99.37125pt>
File: mqtt__pub_8c_a4b28e340db0f5a4336ad4d99ab65faa4_cgraph.pdf Graphic file (t
ype pdf)
<use mqtt__pub_8c_a4b28e340db0f5a4336ad4d99ab65faa4_cgraph.pdf>
Package pdftex.def Info: mqtt__pub_8c_a4b28e340db0f5a4336ad4d99ab65faa4_cgraph.
pdf  used on input line 124.
(pdftex.def)             Requested size: 263.0pt x 99.00557pt.


[230] <./mqtt__pub_8c_a7270ac02a82b9995608e255fd162dd8d_cgraph.pdf>
<mqtt__pub_8c_a7270ac02a82b9995608e255fd162dd8d_cgraph.pdf, id=19112, 421.575pt
 x 247.92625pt>
File: mqtt__pub_8c_a7270ac02a82b9995608e255fd162dd8d_cgraph.pdf Graphic file (t
ype pdf)
<use mqtt__pub_8c_a7270ac02a82b9995608e255fd162dd8d_cgraph.pdf>
Package pdftex.def Info: mqtt__pub_8c_a7270ac02a82b9995608e255fd162dd8d_cgraph.
pdf  used on input line 137.
(pdftex.def)             Requested size: 350.0pt x 205.83548pt.

Underfull \hbox (badness 10000) detected at line 150
[][][]
 []

 <./mqtt__pub_8c_af66dfacf80e95b6b1e7837201bcac1d6_icgraph.pdf>
<mqtt__pub_8c_af66dfacf80e95b6b1e7837201bcac1d6_icgraph.pdf, id=19121, 292.0912
5pt x 136.51pt>
File: mqtt__pub_8c_af66dfacf80e95b6b1e7837201bcac1d6_icgraph.pdf Graphic file (
type pdf)
<use mqtt__pub_8c_af66dfacf80e95b6b1e7837201bcac1d6_icgraph.pdf>
Package pdftex.def Info: mqtt__pub_8c_af66dfacf80e95b6b1e7837201bcac1d6_icgraph
.pdf  used on input line 157.
(pdftex.def)             Requested size: 291.0pt x 136.01183pt.


[231]) (./mqtt__pub_8h.tex <./mqtt__pub_8h__incl.pdf>
<mqtt__pub_8h__incl.pdf, id=19137, 436.63126pt x 220.825pt>
File: mqtt__pub_8h__incl.pdf Graphic file (type pdf)
<use mqtt__pub_8h__incl.pdf>
Package pdftex.def Info: mqtt__pub_8h__incl.pdf  used on input line 12.
(pdftex.def)             Requested size: 350.0pt x 177.01065pt.


[232] <./mqtt__pub_8h__dep__incl.pdf>
<mqtt__pub_8h__dep__incl.pdf, id=19149, 198.7425pt x 176.66pt>
File: mqtt__pub_8h__dep__incl.pdf Graphic file (type pdf)
<use mqtt__pub_8h__dep__incl.pdf>
Package pdftex.def Info: mqtt__pub_8h__dep__incl.pdf  used on input line 19.
(pdftex.def)             Requested size: 198.0pt x 176.00452pt.


[233]
Underfull \hbox (badness 10000) detected at line 80
[][][]
 []

 <./mqtt__pub_8h_a9bf4366fab8966bc92e6f77b1fbae83b_cgraph.pdf>
<mqtt__pub_8h_a9bf4366fab8966bc92e6f77b1fbae83b_cgraph.pdf, id=19185, 278.03876
pt x 99.37125pt>
File: mqtt__pub_8h_a9bf4366fab8966bc92e6f77b1fbae83b_cgraph.pdf Graphic file (t
ype pdf)
<use mqtt__pub_8h_a9bf4366fab8966bc92e6f77b1fbae83b_cgraph.pdf>
Package pdftex.def Info: mqtt__pub_8h_a9bf4366fab8966bc92e6f77b1fbae83b_cgraph.
pdf  used on input line 87.
(pdftex.def)             Requested size: 277.0pt x 99.00102pt.
 <./mqtt__pub_8h_a9bf4366fab8966bc92e6f77b1fbae83b_icgraph.pdf>
<mqtt__pub_8h_a9bf4366fab8966bc92e6f77b1fbae83b_icgraph.pdf, id=19193, 287.0725
pt x 136.51pt>
File: mqtt__pub_8h_a9bf4366fab8966bc92e6f77b1fbae83b_icgraph.pdf Graphic file (
type pdf)
<use mqtt__pub_8h_a9bf4366fab8966bc92e6f77b1fbae83b_icgraph.pdf>
Package pdftex.def Info: mqtt__pub_8h_a9bf4366fab8966bc92e6f77b1fbae83b_icgraph
.pdf  used on input line 94.
(pdftex.def)             Requested size: 286.0pt x 136.0035pt.


[234] <./mqtt__pub_8h_a493941c7fef2c4fb92f05aec0eb00b22_icgraph.pdf>
<mqtt__pub_8h_a493941c7fef2c4fb92f05aec0eb00b22_icgraph.pdf, id=19212, 263.9862
5pt x 136.51pt>
File: mqtt__pub_8h_a493941c7fef2c4fb92f05aec0eb00b22_icgraph.pdf Graphic file (
type pdf)
<use mqtt__pub_8h_a493941c7fef2c4fb92f05aec0eb00b22_icgraph.pdf>
Package pdftex.def Info: mqtt__pub_8h_a493941c7fef2c4fb92f05aec0eb00b22_icgraph
.pdf  used on input line 111.
(pdftex.def)             Requested size: 263.0pt x 136.00766pt.


[235] <./mqtt__pub_8h_a1817f27ec0cc2d0ff1108a68a5271d67_cgraph.pdf>
<mqtt__pub_8h_a1817f27ec0cc2d0ff1108a68a5271d67_cgraph.pdf, id=19228, 271.0125p
t x 99.37125pt>
File: mqtt__pub_8h_a1817f27ec0cc2d0ff1108a68a5271d67_cgraph.pdf Graphic file (t
ype pdf)
<use mqtt__pub_8h_a1817f27ec0cc2d0ff1108a68a5271d67_cgraph.pdf>
Package pdftex.def Info: mqtt__pub_8h_a1817f27ec0cc2d0ff1108a68a5271d67_cgraph.
pdf  used on input line 124.
(pdftex.def)             Requested size: 270.0pt x 99.00406pt.
 <./mqtt__pub_8h_a4b28e340db0f5a4336ad4d99ab65faa4_cgraph.pdf>
<mqtt__pub_8h_a4b28e340db0f5a4336ad4d99ab65faa4_cgraph.pdf, id=19236, 263.98625
pt x 99.37125pt>
File: mqtt__pub_8h_a4b28e340db0f5a4336ad4d99ab65faa4_cgraph.pdf Graphic file (t
ype pdf)
<use mqtt__pub_8h_a4b28e340db0f5a4336ad4d99ab65faa4_cgraph.pdf>
Package pdftex.def Info: mqtt__pub_8h_a4b28e340db0f5a4336ad4d99ab65faa4_cgraph.
pdf  used on input line 137.
(pdftex.def)             Requested size: 263.0pt x 99.00557pt.
 <./mqtt__pub_8h_a7270ac02a82b9995608e255fd162dd8d_cgraph.pdf>
<mqtt__pub_8h_a7270ac02a82b9995608e255fd162dd8d_cgraph.pdf, id=19244, 421.575pt
 x 247.92625pt>
File: mqtt__pub_8h_a7270ac02a82b9995608e255fd162dd8d_cgraph.pdf Graphic file (t
ype pdf)
<use mqtt__pub_8h_a7270ac02a82b9995608e255fd162dd8d_cgraph.pdf>
Package pdftex.def Info: mqtt__pub_8h_a7270ac02a82b9995608e255fd162dd8d_cgraph.
pdf  used on input line 150.
(pdftex.def)             Requested size: 350.0pt x 205.83548pt.


[236]
Underfull \hbox (badness 10000) detected at line 163
[][][]
 []

 <./mqtt__pub_8h_af66dfacf80e95b6b1e7837201bcac1d6_icgraph.pdf>
<mqtt__pub_8h_af66dfacf80e95b6b1e7837201bcac1d6_icgraph.pdf, id=19260, 292.0912
5pt x 136.51pt>
File: mqtt__pub_8h_af66dfacf80e95b6b1e7837201bcac1d6_icgraph.pdf Graphic file (
type pdf)
<use mqtt__pub_8h_af66dfacf80e95b6b1e7837201bcac1d6_icgraph.pdf>
Package pdftex.def Info: mqtt__pub_8h_af66dfacf80e95b6b1e7837201bcac1d6_icgraph
.pdf  used on input line 170.
(pdftex.def)             Requested size: 291.0pt x 136.01183pt.
)
(./mqtt__pub_8h_source.tex

[237])
(./matesocketcan_2nbproject_2private_2c__standard__headers__indexer_8c.tex <./m
atesocketcan_2nbproject_2private_2c__standard__headers__indexer_8c__incl.pdf>
<matesocketcan_2nbproject_2private_2c__standard__headers__indexer_8c__incl.pdf,
 id=19287, 1366.10374pt x 176.66pt>
File: matesocketcan_2nbproject_2private_2c__standard__headers__indexer_8c__incl
.pdf Graphic file (type pdf)
<use matesocketcan_2nbproject_2private_2c__standard__headers__indexer_8c__incl.
pdf>
Package pdftex.def Info: matesocketcan_2nbproject_2private_2c__standard__header
s__indexer_8c__incl.pdf  used on input line 25.
(pdftex.def)             Requested size: 350.0pt x 45.25931pt.
)
(./mqtt__cl_2nbproject_2private_2c__standard__headers__indexer_8c.tex

[238] <./mqtt__cl_2nbproject_2private_2c__standard__headers__indexer_8c__incl.p
df>
<mqtt__cl_2nbproject_2private_2c__standard__headers__indexer_8c__incl.pdf, id=1
9301, 1366.10374pt x 176.66pt>
File: mqtt__cl_2nbproject_2private_2c__standard__headers__indexer_8c__incl.pdf 
Graphic file (type pdf)
<use mqtt__cl_2nbproject_2private_2c__standard__headers__indexer_8c__incl.pdf>
Package pdftex.def Info: mqtt__cl_2nbproject_2private_2c__standard__headers__in
dexer_8c__incl.pdf  used on input line 25.
(pdftex.def)             Requested size: 350.0pt x 45.25931pt.
)
(./matesocketcan_2nbproject_2private_2cpp__standard__headers__indexer_8cpp.tex)
(./mqtt__cl_2nbproject_2private_2cpp__standard__headers__indexer_8cpp.tex
Underfull \hbox (badness 10000) in paragraph at lines 3--1

 []



[239]) (./pge_8h.tex
Underfull \hbox (badness 10000) in paragraph at lines 3--1

 []



[240]

[241]) (./pge_8h_source.tex

[242]) (./bearssl__sockets_8h.tex <./bearssl__sockets_8h__incl.pdf>
<bearssl__sockets_8h__incl.pdf, id=19359, 442.65375pt x 165.61874pt>
File: bearssl__sockets_8h__incl.pdf Graphic file (type pdf)
<use bearssl__sockets_8h__incl.pdf>
Package pdftex.def Info: bearssl__sockets_8h__incl.pdf  used on input line 12.
(pdftex.def)             Requested size: 350.0pt x 130.95866pt.


[243] <./bearssl__sockets_8h_a853587b977bfa7ebdc2a056995508265_icgraph.pdf>
<bearssl__sockets_8h_a853587b977bfa7ebdc2a056995508265_icgraph.pdf, id=19381, 2
52.945pt x 99.37125pt>
File: bearssl__sockets_8h_a853587b977bfa7ebdc2a056995508265_icgraph.pdf Graphic
 file (type pdf)
<use bearssl__sockets_8h_a853587b977bfa7ebdc2a056995508265_icgraph.pdf>
Package pdftex.def Info: bearssl__sockets_8h_a853587b977bfa7ebdc2a056995508265_
icgraph.pdf  used on input line 41.
(pdftex.def)             Requested size: 252.0pt x 99.00253pt.
)
(./bearssl__sockets_8h_source.tex

[244]

[245]) (./bio__sockets_8h.tex <./bio__sockets_8h__incl.pdf>
<bio__sockets_8h__incl.pdf, id=19415, 359.3425pt x 165.61874pt>
File: bio__sockets_8h__incl.pdf Graphic file (type pdf)
<use bio__sockets_8h__incl.pdf>
Package pdftex.def Info: bio__sockets_8h__incl.pdf  used on input line 10.
(pdftex.def)             Requested size: 350.0pt x 161.32472pt.
)
(./bio__sockets_8h_source.tex

[246]) (./mbedtls__sockets_8h.tex <./mbedtls__sockets_8h__incl.pdf>
<mbedtls__sockets_8h__incl.pdf, id=19442, 965.6075pt x 165.61874pt>
File: mbedtls__sockets_8h__incl.pdf Graphic file (type pdf)
<use mbedtls__sockets_8h__incl.pdf>
Package pdftex.def Info: mbedtls__sockets_8h__incl.pdf  used on input line 16.
(pdftex.def)             Requested size: 350.0pt x 60.02956pt.


[247] <./mbedtls__sockets_8h_ac3d484b8aeb642c50d1a135c3adced4f_icgraph.pdf>
<mbedtls__sockets_8h_ac3d484b8aeb642c50d1a135c3adced4f_icgraph.pdf, id=19471, 3
14.17375pt x 99.37125pt>
File: mbedtls__sockets_8h_ac3d484b8aeb642c50d1a135c3adced4f_icgraph.pdf Graphic
 file (type pdf)
<use mbedtls__sockets_8h_ac3d484b8aeb642c50d1a135c3adced4f_icgraph.pdf>
Package pdftex.def Info: mbedtls__sockets_8h_ac3d484b8aeb642c50d1a135c3adced4f_
icgraph.pdf  used on input line 70.
(pdftex.def)             Requested size: 313.0pt x 99.00406pt.
 <./mbedtls__sockets_8h_af42b8c4606cebe58b226d2a125241ca6_icgraph.pdf>
<mbedtls__sockets_8h_af42b8c4606cebe58b226d2a125241ca6_icgraph.pdf, id=19479, 2
55.95625pt x 99.37125pt>
File: mbedtls__sockets_8h_af42b8c4606cebe58b226d2a125241ca6_icgraph.pdf Graphic
 file (type pdf)
<use mbedtls__sockets_8h_af42b8c4606cebe58b226d2a125241ca6_icgraph.pdf>
Package pdftex.def Info: mbedtls__sockets_8h_af42b8c4606cebe58b226d2a125241ca6_
icgraph.pdf  used on input line 83.
(pdftex.def)             Requested size: 255.0pt x 98.99951pt.


[248] <./mbedtls__sockets_8h_ab91fb801098214f91e032866d7493494_icgraph.pdf>
<mbedtls__sockets_8h_ab91fb801098214f91e032866d7493494_icgraph.pdf, id=19500, 3
13.17pt x 99.37125pt>
File: mbedtls__sockets_8h_ab91fb801098214f91e032866d7493494_icgraph.pdf Graphic
 file (type pdf)
<use mbedtls__sockets_8h_ab91fb801098214f91e032866d7493494_icgraph.pdf>
Package pdftex.def Info: mbedtls__sockets_8h_ab91fb801098214f91e032866d7493494_
icgraph.pdf  used on input line 96.
(pdftex.def)             Requested size: 312.0pt x 99.00406pt.
 <./mbedtls__sockets_8h_a62af1ea8cc9ed47a2f911803835e9b59_cgraph.pdf>
<mbedtls__sockets_8h_a62af1ea8cc9ed47a2f911803835e9b59_cgraph.pdf, id=19509, 31
4.17375pt x 173.64874pt>
File: mbedtls__sockets_8h_a62af1ea8cc9ed47a2f911803835e9b59_cgraph.pdf Graphic 
file (type pdf)
<use mbedtls__sockets_8h_a62af1ea8cc9ed47a2f911803835e9b59_cgraph.pdf>
Package pdftex.def Info: mbedtls__sockets_8h_a62af1ea8cc9ed47a2f911803835e9b59_
cgraph.pdf  used on input line 109.
(pdftex.def)             Requested size: 313.0pt x 173.0071pt.
)
(./mbedtls__sockets_8h_source.tex

[249]

[250]) (./openssl__sockets_8h.tex <./openssl__sockets_8h__incl.pdf>
<openssl__sockets_8h__incl.pdf, id=19569, 430.60875pt x 165.61874pt>
File: openssl__sockets_8h__incl.pdf Graphic file (type pdf)
<use openssl__sockets_8h__incl.pdf>
Package pdftex.def Info: openssl__sockets_8h__incl.pdf  used on input line 11.
(pdftex.def)             Requested size: 350.0pt x 134.61795pt.


[251]) (./openssl__sockets_8h_source.tex

[252]) (./posix__sockets_8h.tex <./posix__sockets_8h__incl.pdf>
<posix__sockets_8h__incl.pdf, id=19608, 453.695pt x 165.61874pt>
File: posix__sockets_8h__incl.pdf Graphic file (type pdf)
<use posix__sockets_8h__incl.pdf>
Package pdftex.def Info: posix__sockets_8h__incl.pdf  used on input line 12.
(pdftex.def)             Requested size: 350.0pt x 127.76689pt.


[253] <./posix__sockets_8h__dep__incl.pdf>
<posix__sockets_8h__dep__incl.pdf, id=19620, 229.85875pt x 176.66pt>
File: posix__sockets_8h__dep__incl.pdf Graphic file (type pdf)
<use posix__sockets_8h__dep__incl.pdf>
Package pdftex.def Info: posix__sockets_8h__dep__incl.pdf  used on input line 1
9.
(pdftex.def)             Requested size: 229.0pt x 176.00992pt.
 <./posix__sockets_8h_a6d0c8cd1cf5ab630cdf1322ca61058c8_icgraph.pdf>
<posix__sockets_8h_a6d0c8cd1cf5ab630cdf1322ca61058c8_icgraph.pdf, id=19631, 317
.185pt x 99.37125pt>
File: posix__sockets_8h_a6d0c8cd1cf5ab630cdf1322ca61058c8_icgraph.pdf Graphic f
ile (type pdf)
<use posix__sockets_8h_a6d0c8cd1cf5ab630cdf1322ca61058c8_icgraph.pdf>
Package pdftex.def Info: posix__sockets_8h_a6d0c8cd1cf5ab630cdf1322ca61058c8_ic
graph.pdf  used on input line 40.
(pdftex.def)             Requested size: 316.0pt x 99.0086pt.
) (./posix__sockets_8h_source.tex

[254])
(./raw_8githubusercontent_8com__linux-can__can-utils__master__canfdtest_8c.tex 
<./raw_8githubusercontent_8com__linux-can__can-utils__master__canfdtest_8c__inc
l.pdf>
<raw_8githubusercontent_8com__linux-can__can-utils__master__canfdtest_8c__incl.
pdf, id=19672, 1989.4325pt x 176.66pt>
File: raw_8githubusercontent_8com__linux-can__can-utils__master__canfdtest_8c__
incl.pdf Graphic file (type pdf)
<use raw_8githubusercontent_8com__linux-can__can-utils__master__canfdtest_8c__i
ncl.pdf>
Package pdftex.def Info: raw_8githubusercontent_8com__linux-can__can-utils__mas
ter__canfdtest_8c__incl.pdf  used on input line 31.
(pdftex.def)             Requested size: 350.0pt x 31.0777pt.


[255]

[256]

[257]

[258]

[259]

[260] <./raw_8githubusercontent_8com__linux-can__can-utils__master__canfdtest_8
c_acac721db1f1fabfc32db2d76683f6584_icgraph.pdf>
<raw_8githubusercontent_8com__linux-can__can-utils__master__canfdtest_8c_acac72
1db1f1fabfc32db2d76683f6584_icgraph.pdf, id=19896, 215.80624pt x 99.37125pt>
File: raw_8githubusercontent_8com__linux-can__can-utils__master__canfdtest_8c_a
cac721db1f1fabfc32db2d76683f6584_icgraph.pdf Graphic file (type pdf)
<use raw_8githubusercontent_8com__linux-can__can-utils__master__canfdtest_8c_ac
ac721db1f1fabfc32db2d76683f6584_icgraph.pdf>
Package pdftex.def Info: raw_8githubusercontent_8com__linux-can__can-utils__mas
ter__canfdtest_8c_acac721db1f1fabfc32db2d76683f6584_icgraph.pdf  used on input 
line 441.
(pdftex.def)             Requested size: 215.0pt x 99.00253pt.


[261] <./raw_8githubusercontent_8com__linux-can__can-utils__master__canfdtest_8
c_a0f736e8daa9b3861377b54b450a1385b_icgraph.pdf>
<raw_8githubusercontent_8com__linux-can__can-utils__master__canfdtest_8c_a0f736
e8daa9b3861377b54b450a1385b_icgraph.pdf, id=19908, 219.82124pt x 99.37125pt>
File: raw_8githubusercontent_8com__linux-can__can-utils__master__canfdtest_8c_a
0f736e8daa9b3861377b54b450a1385b_icgraph.pdf Graphic file (type pdf)
<use raw_8githubusercontent_8com__linux-can__can-utils__master__canfdtest_8c_a0
f736e8daa9b3861377b54b450a1385b_icgraph.pdf>
Package pdftex.def Info: raw_8githubusercontent_8com__linux-can__can-utils__mas
ter__canfdtest_8c_a0f736e8daa9b3861377b54b450a1385b_icgraph.pdf  used on input 
line 460.
(pdftex.def)             Requested size: 219.0pt x 99.00253pt.
 <./raw_8githubusercontent_8com__linux-can__can-utils__master__canfdtest_8c_aa6
c4cd39da4bcd29a41c0aec2fc3596b_icgraph.pdf>
<raw_8githubusercontent_8com__linux-can__can-utils__master__canfdtest_8c_aa6c4c
d39da4bcd29a41c0aec2fc3596b_icgraph.pdf, id=19916, 216.81pt x 99.37125pt>
File: raw_8githubusercontent_8com__linux-can__can-utils__master__canfdtest_8c_a
a6c4cd39da4bcd29a41c0aec2fc3596b_icgraph.pdf Graphic file (type pdf)
<use raw_8githubusercontent_8com__linux-can__can-utils__master__canfdtest_8c_aa
6c4cd39da4bcd29a41c0aec2fc3596b_icgraph.pdf>
Package pdftex.def Info: raw_8githubusercontent_8com__linux-can__can-utils__mas
ter__canfdtest_8c_aa6c4cd39da4bcd29a41c0aec2fc3596b_icgraph.pdf  used on input 
line 473.
(pdftex.def)             Requested size: 216.0pt x 99.00557pt.


[262] <./raw_8githubusercontent_8com__linux-can__can-utils__master__canfdtest_8
c_a0ddf1224851353fc92bfbff6f499fa97_cgraph.pdf>
<raw_8githubusercontent_8com__linux-can__can-utils__master__canfdtest_8c_a0ddf1
224851353fc92bfbff6f499fa97_cgraph.pdf, id=19932, 220.825pt x 210.7875pt>
File: raw_8githubusercontent_8com__linux-can__can-utils__master__canfdtest_8c_a
0ddf1224851353fc92bfbff6f499fa97_cgraph.pdf Graphic file (type pdf)
<use raw_8githubusercontent_8com__linux-can__can-utils__master__canfdtest_8c_a0
ddf1224851353fc92bfbff6f499fa97_cgraph.pdf>
Package pdftex.def Info: raw_8githubusercontent_8com__linux-can__can-utils__mas
ter__canfdtest_8c_a0ddf1224851353fc92bfbff6f499fa97_cgraph.pdf  used on input l
ine 486.
(pdftex.def)             Requested size: 220.0pt x 210.00862pt.
 <./raw_8githubusercontent_8com__linux-can__can-utils__master__canfdtest_8c_ad4
ef7431b04739013aac28fb3a299a00_icgraph.pdf>
<raw_8githubusercontent_8com__linux-can__can-utils__master__canfdtest_8c_ad4ef7
431b04739013aac28fb3a299a00_icgraph.pdf, id=19940, 220.825pt x 99.37125pt>
File: raw_8githubusercontent_8com__linux-can__can-utils__master__canfdtest_8c_a
d4ef7431b04739013aac28fb3a299a00_icgraph.pdf Graphic file (type pdf)
<use raw_8githubusercontent_8com__linux-can__can-utils__master__canfdtest_8c_ad
4ef7431b04739013aac28fb3a299a00_icgraph.pdf>
Package pdftex.def Info: raw_8githubusercontent_8com__linux-can__can-utils__mas
ter__canfdtest_8c_ad4ef7431b04739013aac28fb3a299a00_icgraph.pdf  used on input 
line 499.
(pdftex.def)             Requested size: 220.0pt x 99.00406pt.


[263] <./raw_8githubusercontent_8com__linux-can__can-utils__master__canfdtest_8
c_a16c43fcb061651421cdf377a01de5802_cgraph.pdf>
<raw_8githubusercontent_8com__linux-can__can-utils__master__canfdtest_8c_a16c43
fcb061651421cdf377a01de5802_cgraph.pdf, id=19956, 169.63374pt x 117.43875pt>
File: raw_8githubusercontent_8com__linux-can__can-utils__master__canfdtest_8c_a
16c43fcb061651421cdf377a01de5802_cgraph.pdf Graphic file (type pdf)
<use raw_8githubusercontent_8com__linux-can__can-utils__master__canfdtest_8c_a1
6c43fcb061651421cdf377a01de5802_cgraph.pdf>
Package pdftex.def Info: raw_8githubusercontent_8com__linux-can__can-utils__mas
ter__canfdtest_8c_a16c43fcb061651421cdf377a01de5802_cgraph.pdf  used on input l
ine 512.
(pdftex.def)             Requested size: 169.0pt x 117.00478pt.
 <./raw_8githubusercontent_8com__linux-can__can-utils__master__canfdtest_8c_a16
c43fcb061651421cdf377a01de5802_icgraph.pdf>
<raw_8githubusercontent_8com__linux-can__can-utils__master__canfdtest_8c_a16c43
fcb061651421cdf377a01de5802_icgraph.pdf, id=19964, 169.63374pt x 117.43875pt>
File: raw_8githubusercontent_8com__linux-can__can-utils__master__canfdtest_8c_a
16c43fcb061651421cdf377a01de5802_icgraph.pdf Graphic file (type pdf)
<use raw_8githubusercontent_8com__linux-can__can-utils__master__canfdtest_8c_a1
6c43fcb061651421cdf377a01de5802_icgraph.pdf>
Package pdftex.def Info: raw_8githubusercontent_8com__linux-can__can-utils__mas
ter__canfdtest_8c_a16c43fcb061651421cdf377a01de5802_icgraph.pdf  used on input 
line 519.
(pdftex.def)             Requested size: 169.0pt x 117.00478pt.


[264]

[265]

[266]

[267]) (./linux_2mqtt__cl_2main_8c.tex <./linux_2mqtt__cl_2main_8c__incl.pdf>
<linux_2mqtt__cl_2main_8c__incl.pdf, id=19995, 631.35875pt x 209.78375pt>
File: linux_2mqtt__cl_2main_8c__incl.pdf Graphic file (type pdf)
<use linux_2mqtt__cl_2main_8c__incl.pdf>
Package pdftex.def Info: linux_2mqtt__cl_2main_8c__incl.pdf  used on input line
 14.
(pdftex.def)             Requested size: 350.0pt x 116.2969pt.


[268]
Underfull \hbox (badness 10000) detected at line 41
[][][]
 []

 <./linux_2mqtt__cl_2main_8c_a9bf4366fab8966bc92e6f77b1fbae83b_cgraph.pdf>
<linux_2mqtt__cl_2main_8c_a9bf4366fab8966bc92e6f77b1fbae83b_cgraph.pdf, id=2001
9, 278.03876pt x 99.37125pt>
File: linux_2mqtt__cl_2main_8c_a9bf4366fab8966bc92e6f77b1fbae83b_cgraph.pdf Gra
phic file (type pdf)
<use linux_2mqtt__cl_2main_8c_a9bf4366fab8966bc92e6f77b1fbae83b_cgraph.pdf>
Package pdftex.def Info: linux_2mqtt__cl_2main_8c_a9bf4366fab8966bc92e6f77b1fba
e83b_cgraph.pdf  used on input line 48.
(pdftex.def)             Requested size: 277.0pt x 99.00102pt.
 <./linux_2mqtt__cl_2main_8c_a493941c7fef2c4fb92f05aec0eb00b22_icgraph.pdf>
<linux_2mqtt__cl_2main_8c_a493941c7fef2c4fb92f05aec0eb00b22_icgraph.pdf, id=200
27, 240.9pt x 99.37125pt>
File: linux_2mqtt__cl_2main_8c_a493941c7fef2c4fb92f05aec0eb00b22_icgraph.pdf Gr
aphic file (type pdf)
<use linux_2mqtt__cl_2main_8c_a493941c7fef2c4fb92f05aec0eb00b22_icgraph.pdf>
Package pdftex.def Info: linux_2mqtt__cl_2main_8c_a493941c7fef2c4fb92f05aec0eb0
0b22_icgraph.pdf  used on input line 65.
(pdftex.def)             Requested size: 240.0pt x 99.00253pt.


[269] <./linux_2mqtt__cl_2main_8c_ac0f2228420376f4db7e1274f2b41667c_cgraph.pdf>
<linux_2mqtt__cl_2main_8c_ac0f2228420376f4db7e1274f2b41667c_cgraph.pdf, id=2004
8, 360.34625pt x 377.41pt>
File: linux_2mqtt__cl_2main_8c_ac0f2228420376f4db7e1274f2b41667c_cgraph.pdf Gra
phic file (type pdf)
<use linux_2mqtt__cl_2main_8c_ac0f2228420376f4db7e1274f2b41667c_cgraph.pdf>
Package pdftex.def Info: linux_2mqtt__cl_2main_8c_ac0f2228420376f4db7e1274f2b41
667c_cgraph.pdf  used on input line 78.
(pdftex.def)             Requested size: 350.0pt x 366.571pt.

Underfull \hbox (badness 10000) detected at line 91
[][][]
 []

) (./main_8c.tex

[270]) (./mateQ84_8X_2main_8c.tex <./mateQ84_8X_2main_8c__incl.pdf>
<mateQ84_8X_2main_8c__incl.pdf, id=20064, 2166.0925pt x 552.0625pt>
File: mateQ84_8X_2main_8c__incl.pdf Graphic file (type pdf)
<use mateQ84_8X_2main_8c__incl.pdf>
Package pdftex.def Info: mateQ84_8X_2main_8c__incl.pdf  used on input line 14.
(pdftex.def)             Requested size: 350.0pt x 89.19945pt.


[271]

[272]

[273] <./mateQ84_8X_2main_8c_a6288eba0f8e8ad3ab1544ad731eb7667_cgraph.pdf>
<mateQ84_8X_2main_8c_a6288eba0f8e8ad3ab1544ad731eb7667_cgraph.pdf, id=20211, 73
7.75626pt x 1719.42375pt>
File: mateQ84_8X_2main_8c_a6288eba0f8e8ad3ab1544ad731eb7667_cgraph.pdf Graphic 
file (type pdf)
<use mateQ84_8X_2main_8c_a6288eba0f8e8ad3ab1544ad731eb7667_cgraph.pdf>
Package pdftex.def Info: mateQ84_8X_2main_8c_a6288eba0f8e8ad3ab1544ad731eb7667_
cgraph.pdf  used on input line 262.
(pdftex.def)             Requested size: 235.9855pt x 550.0pt.


[274] <./mateQ84_8X_2main_8c_a9cbf505667eb91703734b609fd3193f3_cgraph.pdf>
<mateQ84_8X_2main_8c_a9cbf505667eb91703734b609fd3193f3_cgraph.pdf, id=20225, 34
1.275pt x 99.37125pt>
File: mateQ84_8X_2main_8c_a9cbf505667eb91703734b609fd3193f3_cgraph.pdf Graphic 
file (type pdf)
<use mateQ84_8X_2main_8c_a9cbf505667eb91703734b609fd3193f3_cgraph.pdf>
Package pdftex.def Info: mateQ84_8X_2main_8c_a9cbf505667eb91703734b609fd3193f3_
cgraph.pdf  used on input line 275.
(pdftex.def)             Requested size: 340.0pt x 99.00557pt.
 <./mateQ84_8X_2main_8c_a9cbf505667eb91703734b609fd3193f3_icgraph.pdf>
<mateQ84_8X_2main_8c_a9cbf505667eb91703734b609fd3193f3_icgraph.pdf, id=20233, 5
53.06625pt x 99.37125pt>
File: mateQ84_8X_2main_8c_a9cbf505667eb91703734b609fd3193f3_icgraph.pdf Graphic
 file (type pdf)
<use mateQ84_8X_2main_8c_a9cbf505667eb91703734b609fd3193f3_icgraph.pdf>
Package pdftex.def Info: mateQ84_8X_2main_8c_a9cbf505667eb91703734b609fd3193f3_
icgraph.pdf  used on input line 282.
(pdftex.def)             Requested size: 350.0pt x 62.88472pt.
 <./mateQ84_8X_2main_8c_a075ee7d57eabca595ad66174b39f15af_cgraph.pdf>
<mateQ84_8X_2main_8c_a075ee7d57eabca595ad66174b39f15af_cgraph.pdf, id=20241, 34
1.275pt x 99.37125pt>
File: mateQ84_8X_2main_8c_a075ee7d57eabca595ad66174b39f15af_cgraph.pdf Graphic 
file (type pdf)
<use mateQ84_8X_2main_8c_a075ee7d57eabca595ad66174b39f15af_cgraph.pdf>
Package pdftex.def Info: mateQ84_8X_2main_8c_a075ee7d57eabca595ad66174b39f15af_
cgraph.pdf  used on input line 295.
(pdftex.def)             Requested size: 340.0pt x 99.00557pt.
 <./mateQ84_8X_2main_8c_a075ee7d57eabca595ad66174b39f15af_icgraph.pdf>
<mateQ84_8X_2main_8c_a075ee7d57eabca595ad66174b39f15af_icgraph.pdf, id=20249, 5
53.06625pt x 99.37125pt>
File: mateQ84_8X_2main_8c_a075ee7d57eabca595ad66174b39f15af_icgraph.pdf Graphic
 file (type pdf)
<use mateQ84_8X_2main_8c_a075ee7d57eabca595ad66174b39f15af_icgraph.pdf>
Package pdftex.def Info: mateQ84_8X_2main_8c_a075ee7d57eabca595ad66174b39f15af_
icgraph.pdf  used on input line 302.
(pdftex.def)             Requested size: 350.0pt x 62.88472pt.


[275] <./mateQ84_8X_2main_8c_a2c7bc8ae77786e8970ac3f03b92a1d00_icgraph.pdf>
<mateQ84_8X_2main_8c_a2c7bc8ae77786e8970ac3f03b92a1d00_icgraph.pdf, id=20267, 2
15.80624pt x 99.37125pt>
File: mateQ84_8X_2main_8c_a2c7bc8ae77786e8970ac3f03b92a1d00_icgraph.pdf Graphic
 file (type pdf)
<use mateQ84_8X_2main_8c_a2c7bc8ae77786e8970ac3f03b92a1d00_icgraph.pdf>
Package pdftex.def Info: mateQ84_8X_2main_8c_a2c7bc8ae77786e8970ac3f03b92a1d00_
icgraph.pdf  used on input line 315.
(pdftex.def)             Requested size: 215.0pt x 99.00253pt.
 <./mateQ84_8X_2main_8c_aa82896cdfa2dd36383c0742d58e8c92a_icgraph.pdf>
<mateQ84_8X_2main_8c_aa82896cdfa2dd36383c0742d58e8c92a_icgraph.pdf, id=20275, 2
61.97874pt x 99.37125pt>
File: mateQ84_8X_2main_8c_aa82896cdfa2dd36383c0742d58e8c92a_icgraph.pdf Graphic
 file (type pdf)
<use mateQ84_8X_2main_8c_aa82896cdfa2dd36383c0742d58e8c92a_icgraph.pdf>
Package pdftex.def Info: mateQ84_8X_2main_8c_aa82896cdfa2dd36383c0742d58e8c92a_
icgraph.pdf  used on input line 328.
(pdftex.def)             Requested size: 261.0pt x 99.00253pt.
 <./mateQ84_8X_2main_8c_a30306737e380e115b30b3da054757fc3_icgraph.pdf>
<mateQ84_8X_2main_8c_a30306737e380e115b30b3da054757fc3_icgraph.pdf, id=20283, 2
61.97874pt x 99.37125pt>
File: mateQ84_8X_2main_8c_a30306737e380e115b30b3da054757fc3_icgraph.pdf Graphic
 file (type pdf)
<use mateQ84_8X_2main_8c_a30306737e380e115b30b3da054757fc3_icgraph.pdf>
Package pdftex.def Info: mateQ84_8X_2main_8c_a30306737e380e115b30b3da054757fc3_
icgraph.pdf  used on input line 341.
(pdftex.def)             Requested size: 261.0pt x 99.00253pt.
 <./mateQ84_8X_2main_8c_a4d9b50da7fde15cbdfb6a6f0dfc432fd_cgraph.pdf>
<mateQ84_8X_2main_8c_a4d9b50da7fde15cbdfb6a6f0dfc432fd_cgraph.pdf, id=20291, 90
0.36375pt x 396.48125pt>
File: mateQ84_8X_2main_8c_a4d9b50da7fde15cbdfb6a6f0dfc432fd_cgraph.pdf Graphic 
file (type pdf)
<use mateQ84_8X_2main_8c_a4d9b50da7fde15cbdfb6a6f0dfc432fd_cgraph.pdf>
Package pdftex.def Info: mateQ84_8X_2main_8c_a4d9b50da7fde15cbdfb6a6f0dfc432fd_
cgraph.pdf  used on input line 355.
(pdftex.def)             Requested size: 350.0pt x 154.12492pt.


[276] <./mateQ84_8X_2main_8c_a4d9b50da7fde15cbdfb6a6f0dfc432fd_icgraph.pdf>
<mateQ84_8X_2main_8c_a4d9b50da7fde15cbdfb6a6f0dfc432fd_icgraph.pdf, id=20308, 2
36.885pt x 99.37125pt>
File: mateQ84_8X_2main_8c_a4d9b50da7fde15cbdfb6a6f0dfc432fd_icgraph.pdf Graphic
 file (type pdf)
<use mateQ84_8X_2main_8c_a4d9b50da7fde15cbdfb6a6f0dfc432fd_icgraph.pdf>
Package pdftex.def Info: mateQ84_8X_2main_8c_a4d9b50da7fde15cbdfb6a6f0dfc432fd_
icgraph.pdf  used on input line 362.
(pdftex.def)             Requested size: 236.0pt x 99.00253pt.
 <./mateQ84_8X_2main_8c_ac9da20e296b4c39476ef56238d74c18e_icgraph.pdf>
<mateQ84_8X_2main_8c_ac9da20e296b4c39476ef56238d74c18e_icgraph.pdf, id=20316, 2
43.91125pt x 99.37125pt>
File: mateQ84_8X_2main_8c_ac9da20e296b4c39476ef56238d74c18e_icgraph.pdf Graphic
 file (type pdf)
<use mateQ84_8X_2main_8c_ac9da20e296b4c39476ef56238d74c18e_icgraph.pdf>
Package pdftex.def Info: mateQ84_8X_2main_8c_ac9da20e296b4c39476ef56238d74c18e_
icgraph.pdf  used on input line 375.
(pdftex.def)             Requested size: 243.0pt x 99.00102pt.
 <./mateQ84_8X_2main_8c_ab5b37987f9ee7cbe7aeda963141dd9a6_icgraph.pdf>
<mateQ84_8X_2main_8c_ab5b37987f9ee7cbe7aeda963141dd9a6_icgraph.pdf, id=20324, 2
56.96pt x 99.37125pt>
File: mateQ84_8X_2main_8c_ab5b37987f9ee7cbe7aeda963141dd9a6_icgraph.pdf Graphic
 file (type pdf)
<use mateQ84_8X_2main_8c_ab5b37987f9ee7cbe7aeda963141dd9a6_icgraph.pdf>
Package pdftex.def Info: mateQ84_8X_2main_8c_ab5b37987f9ee7cbe7aeda963141dd9a6_
icgraph.pdf  used on input line 388.
(pdftex.def)             Requested size: 256.0pt x 99.00708pt.


[277] <./mateQ84_8X_2main_8c_a3637d623e98d289cea0301c9e9fd49f5_cgraph.pdf>
<mateQ84_8X_2main_8c_a3637d623e98d289cea0301c9e9fd49f5_cgraph.pdf, id=20340, 10
85.05376pt x 660.4675pt>
File: mateQ84_8X_2main_8c_a3637d623e98d289cea0301c9e9fd49f5_cgraph.pdf Graphic 
file (type pdf)
<use mateQ84_8X_2main_8c_a3637d623e98d289cea0301c9e9fd49f5_cgraph.pdf>
Package pdftex.def Info: mateQ84_8X_2main_8c_a3637d623e98d289cea0301c9e9fd49f5_
cgraph.pdf  used on input line 402.
(pdftex.def)             Requested size: 350.0pt x 213.047pt.
 <./mateQ84_8X_2main_8c_a3637d623e98d289cea0301c9e9fd49f5_icgraph.pdf>
<mateQ84_8X_2main_8c_a3637d623e98d289cea0301c9e9fd49f5_icgraph.pdf, id=20348, 2
72.01625pt x 99.37125pt>
File: mateQ84_8X_2main_8c_a3637d623e98d289cea0301c9e9fd49f5_icgraph.pdf Graphic
 file (type pdf)
<use mateQ84_8X_2main_8c_a3637d623e98d289cea0301c9e9fd49f5_icgraph.pdf>
Package pdftex.def Info: mateQ84_8X_2main_8c_a3637d623e98d289cea0301c9e9fd49f5_
icgraph.pdf  used on input line 409.
(pdftex.def)             Requested size: 271.0pt x 99.00557pt.


[278] <./mateQ84_8X_2main_8c_a20b30f6102c07d94534d5b43fdb080ef_icgraph.pdf>
<mateQ84_8X_2main_8c_a20b30f6102c07d94534d5b43fdb080ef_icgraph.pdf, id=20364, 2
53.94875pt x 99.37125pt>
File: mateQ84_8X_2main_8c_a20b30f6102c07d94534d5b43fdb080ef_icgraph.pdf Graphic
 file (type pdf)
<use mateQ84_8X_2main_8c_a20b30f6102c07d94534d5b43fdb080ef_icgraph.pdf>
Package pdftex.def Info: mateQ84_8X_2main_8c_a20b30f6102c07d94534d5b43fdb080ef_
icgraph.pdf  used on input line 422.
(pdftex.def)             Requested size: 253.0pt x 99.00406pt.
 <./mateQ84_8X_2main_8c_aa9c46eb7904210cf0cbf02bc0c4062a5_icgraph.pdf>
<mateQ84_8X_2main_8c_aa9c46eb7904210cf0cbf02bc0c4062a5_icgraph.pdf, id=20372, 2
50.9375pt x 99.37125pt>
File: mateQ84_8X_2main_8c_aa9c46eb7904210cf0cbf02bc0c4062a5_icgraph.pdf Graphic
 file (type pdf)
<use mateQ84_8X_2main_8c_aa9c46eb7904210cf0cbf02bc0c4062a5_icgraph.pdf>
Package pdftex.def Info: mateQ84_8X_2main_8c_aa9c46eb7904210cf0cbf02bc0c4062a5_
icgraph.pdf  used on input line 435.
(pdftex.def)             Requested size: 250.0pt x 99.00557pt.
 <./mateQ84_8X_2main_8c_af3290b8821f2e6ed5119ce06c85c1999_icgraph.pdf>
<mateQ84_8X_2main_8c_af3290b8821f2e6ed5119ce06c85c1999_icgraph.pdf, id=20380, 2
47.92625pt x 99.37125pt>
File: mateQ84_8X_2main_8c_af3290b8821f2e6ed5119ce06c85c1999_icgraph.pdf Graphic
 file (type pdf)
<use mateQ84_8X_2main_8c_af3290b8821f2e6ed5119ce06c85c1999_icgraph.pdf>
Package pdftex.def Info: mateQ84_8X_2main_8c_af3290b8821f2e6ed5119ce06c85c1999_
icgraph.pdf  used on input line 448.
(pdftex.def)             Requested size: 247.0pt x 99.00102pt.
 <./mateQ84_8X_2main_8c_a8ae1626500453fd6c71c95a8a88c29d7_icgraph.pdf>
<mateQ84_8X_2main_8c_a8ae1626500453fd6c71c95a8a88c29d7_icgraph.pdf, id=20388, 5
54.07pt x 363.3575pt>
File: mateQ84_8X_2main_8c_a8ae1626500453fd6c71c95a8a88c29d7_icgraph.pdf Graphic
 file (type pdf)
<use mateQ84_8X_2main_8c_a8ae1626500453fd6c71c95a8a88c29d7_icgraph.pdf>
Package pdftex.def Info: mateQ84_8X_2main_8c_a8ae1626500453fd6c71c95a8a88c29d7_
icgraph.pdf  used on input line 462.
(pdftex.def)             Requested size: 350.0pt x 229.5263pt.


[279]

[280]

[281]) (./batmon_8p1_8d.tex) (./canfd_8p1_8d.tex) (./dio_8p1_8d.tex)
(./eadog_8p1_8d.tex) (./modbus__master_8p1_8d.tex) (./timers_8p1_8d.tex)
(./main_8p1_8d.tex) (./adc_8p1_8d.tex) (./can1_8p1_8d.tex) (./clc7_8p1_8d.tex)
(./clc8_8p1_8d.tex) (./device__config_8p1_8d.tex) (./dma1_8p1_8d.tex)
(./interrupt__manager_8p1_8d.tex) (./mcc_8p1_8d.tex) (./pin__manager_8p1_8d.tex
) (./spi1_8p1_8d.tex) (./tmr0_8p1_8d.tex) (./tmr2_8p1_8d.tex)
(./tmr4_8p1_8d.tex) (./tmr5_8p1_8d.tex) (./tmr6_8p1_8d.tex) (./uart1_8p1_8d.tex
) (./uart2_8p1_8d.tex) (./uart5_8p1_8d.tex) (./mxcmd_8p1_8d.tex)
(./doprnt_8d.tex) (./adc_8c.tex <./adc_8c__incl.pdf>
<adc_8c__incl.pdf, id=20428, 295.1025pt x 220.825pt>
File: adc_8c__incl.pdf Graphic file (type pdf)
<use adc_8c__incl.pdf>
Package pdftex.def Info: adc_8c__incl.pdf  used on input line 10.
(pdftex.def)             Requested size: 294.0pt x 220.00565pt.


[282]

[283]
Overfull \vbox (660.8703pt too high) has occurred while \output is active []



[284]
Underfull \hbox (badness 2326) in paragraph at lines 31--31
[]\T1/phv/m/sl/9 This API starts A/D con-ver-sion on se-lected chan-nel. Cor-re
ct ADC con-text should be se-lected us-ing
 []



[285]
Underfull \hbox (badness 2359) in paragraph at lines 53--53
[]\T1/phv/m/sl/9 This API clears the ac-cu-mu-la-tor of se-lected con-text. Cor
-rect ADC con-text should be se-lected us-ing
 []



[286]
LaTeX Font Info:    Font shape `T1/phv/b/n' will be
(Font)              scaled to size 7.19995pt on input line 103.
) (./adc_8h.tex <./adc_8h__incl.pdf>
<adc_8h__incl.pdf, id=20538, 270.00874pt x 165.61874pt>
File: adc_8h__incl.pdf Graphic file (type pdf)
<use adc_8h__incl.pdf>
Package pdftex.def Info: adc_8h__incl.pdf  used on input line 11.
(pdftex.def)             Requested size: 269.0pt x 165.00423pt.


[287] <./adc_8h__dep__incl.pdf>
<adc_8h__dep__incl.pdf, id=20556, 803.0pt x 463.7325pt>
File: adc_8h__dep__incl.pdf Graphic file (type pdf)
<use adc_8h__dep__incl.pdf>
Package pdftex.def Info: adc_8h__dep__incl.pdf  used on input line 19.
(pdftex.def)             Requested size: 350.0pt x 202.12534pt.


[288]
Underfull \hbox (badness 2326) in paragraph at lines 62--62
[]\T1/phv/m/sl/9 This API starts A/D con-ver-sion on se-lected chan-nel. Cor-re
ct ADC con-text should be se-lected us-ing
 []


Underfull \hbox (badness 2359) in paragraph at lines 84--84
[]\T1/phv/m/sl/9 This API clears the ac-cu-mu-la-tor of se-lected con-text. Cor
-rect ADC con-text should be se-lected us-ing
 []



[289]

[290]) (./adc_8h_source.tex

[291]) (./can1_8c.tex <./can1_8c__incl.pdf>
<can1_8c__incl.pdf, id=20737, 381.425pt x 276.03125pt>
File: can1_8c__incl.pdf Graphic file (type pdf)
<use can1_8c__incl.pdf>
Package pdftex.def Info: can1_8c__incl.pdf  used on input line 11.
(pdftex.def)             Requested size: 350.0pt x 253.29898pt.


[292]

[293]
Underfull \hbox (badness 2435) in paragraph at lines 81--83
[][] [] \T1/phv/m/n/10 (const [] fifo[]Channel,
 []



[294]

[295]

[296] <./can1_8c_add8850a15e40f5316f9e614fd70ec956_cgraph.pdf>
<can1_8c_add8850a15e40f5316f9e614fd70ec956_cgraph.pdf, id=20896, 527.9725pt x 1
36.51pt>
File: can1_8c_add8850a15e40f5316f9e614fd70ec956_cgraph.pdf Graphic file (type p
df)
<use can1_8c_add8850a15e40f5316f9e614fd70ec956_cgraph.pdf>
Package pdftex.def Info: can1_8c_add8850a15e40f5316f9e614fd70ec956_cgraph.pdf  
used on input line 309.
(pdftex.def)             Requested size: 350.0pt x 90.49263pt.
 <./can1_8c_add8850a15e40f5316f9e614fd70ec956_icgraph.pdf>
<can1_8c_add8850a15e40f5316f9e614fd70ec956_icgraph.pdf, id=20904, 388.45125pt x
 99.37125pt>
File: can1_8c_add8850a15e40f5316f9e614fd70ec956_icgraph.pdf Graphic file (type 
pdf)
<use can1_8c_add8850a15e40f5316f9e614fd70ec956_icgraph.pdf>
Package pdftex.def Info: can1_8c_add8850a15e40f5316f9e614fd70ec956_icgraph.pdf 
 used on input line 317.
(pdftex.def)             Requested size: 350.0pt x 89.53639pt.


[297]
Underfull \hbox (badness 10000) in paragraph at lines 342--343
[]\T1/pcr/m/n/10 if(CAN[]_[][]CONFIGURATION[]_[][]MODE == []) { if(CAN[]_[][]OP
[]_[][]MODE[]_[][]
 []


Underfull \hbox (badness 10000) in paragraph at lines 342--343
\T1/pcr/m/n/10 REQUEST[]_[][]SUCCESS == CAN1[]_[][]Operation[]Mode[]Set([]CAN[]
_[][]NORMAL[]_[][]FD[]_[][]MODE)) { msg.[]msg[]Id =
 []


Underfull \hbox (badness 10000) in paragraph at lines 342--343
\T1/pcr/m/n/10 0x1[]FFFF; msg.[]field.[]format[]Type = CAN[]_[][]FD[]_[][]FORMA
T; msg.[]field.[]brs = CAN[]_[][]NON[]_[][]BRS[]
 []


Underfull \hbox (badness 10000) in paragraph at lines 342--343
\T1/pcr/m/n/10 _[][]MODE; msg.[]field.[]frame[]Type = CAN[]_[][]FRAME[]_[][]DAT
A; msg.[]field.[]id[]Type = CAN[]_[][]FRAME[]_[][]
 []


Underfull \hbox (badness 10000) in paragraph at lines 344--345
[]\T1/pcr/m/n/10 if([] == false) { if(CAN[]_[][]TX[]_[][]FIFO[]_[][]AVAILABLE =
= (CAN1[]_[][]Transmit[]
 []


Underfull \hbox (badness 10000) in paragraph at lines 344--345
\T1/pcr/m/n/10 FIFOStatus[]Get([]CAN1[]_[][]TX[]_[][]FIFO1) & CAN[]_[][]TX[]_[]
[]FIFO[]_[][]AVAILABLE)) { CAN1[]_[][]Transmit([]
 []

 <./can1_8c_a6d9c583ae763f27f4010371932f3fa01_cgraph.pdf>
<can1_8c_a6d9c583ae763f27f4010371932f3fa01_cgraph.pdf, id=20930, 372.39125pt x 
99.37125pt>
File: can1_8c_a6d9c583ae763f27f4010371932f3fa01_cgraph.pdf Graphic file (type p
df)
<use can1_8c_a6d9c583ae763f27f4010371932f3fa01_cgraph.pdf>
Package pdftex.def Info: can1_8c_a6d9c583ae763f27f4010371932f3fa01_cgraph.pdf  
used on input line 370.
(pdftex.def)             Requested size: 350.0pt x 93.39987pt.

Underfull \hbox (badness 10000) in paragraph at lines 366--372
[]\T1/pcr/m/n/10 if(CAN[]_[][]CONFIGURATION[]_[][]MODE == []) { if(CAN[]_[][]OP
[]_[][]MODE[]_[][]
 []


Underfull \hbox (badness 10000) in paragraph at lines 366--372
\T1/pcr/m/n/10 REQUEST[]_[][]SUCCESS == CAN1[]_[][]Operation[]Mode[]Set([]CAN[]
_[][]NORMAL[]_[][]FD[]_[][]MODE)) { while(1) {
 []


Underfull \hbox (badness 10000) in paragraph at lines 366--372
\T1/pcr/m/n/10 if([] == false) { if([]CAN1[]_[][]Received[]Message[]Count[]Get(
) $\OML/cmm/m/it/10 >$
 []

 <./can1_8c_a6d9c583ae763f27f4010371932f3fa01_icgraph.pdf>
<can1_8c_a6d9c583ae763f27f4010371932f3fa01_icgraph.pdf, id=20938, 756.8275pt x 
275.0275pt>
File: can1_8c_a6d9c583ae763f27f4010371932f3fa01_icgraph.pdf Graphic file (type 
pdf)
<use can1_8c_a6d9c583ae763f27f4010371932f3fa01_icgraph.pdf>
Package pdftex.def Info: can1_8c_a6d9c583ae763f27f4010371932f3fa01_icgraph.pdf 
 used on input line 377.
(pdftex.def)             Requested size: 350.0pt x 127.18983pt.


[298] <./can1_8c_a9d993d04b570d3daac708a864b751950_icgraph.pdf>
<can1_8c_a9d993d04b570d3daac708a864b751950_icgraph.pdf, id=20957, 924.45375pt x
 275.0275pt>
File: can1_8c_a9d993d04b570d3daac708a864b751950_icgraph.pdf Graphic file (type 
pdf)
<use can1_8c_a9d993d04b570d3daac708a864b751950_icgraph.pdf>
Package pdftex.def Info: can1_8c_a9d993d04b570d3daac708a864b751950_icgraph.pdf 
 used on input line 404.
(pdftex.def)             Requested size: 350.0pt x 104.12544pt.

Underfull \hbox (badness 10000) in paragraph at lines 400--406
[]\T1/pcr/m/n/10 if(CAN[]_[][]CONFIGURATION[]_[][]MODE == []) { if(CAN[]_[][]OP
[]_[][]MODE[]_[][]
 []


Underfull \hbox (badness 10000) in paragraph at lines 400--406
\T1/pcr/m/n/10 REQUEST[]_[][]SUCCESS == CAN1[]_[][]Operation[]Mode[]Set([]CAN[]
_[][]NORMAL[]_[][]FD[]_[][]MODE)) { while(1) {
 []


Underfull \hbox (badness 10000) in paragraph at lines 400--406
\T1/pcr/m/n/10 if([] == false) { if([]CAN1[]_[][]Received[]Message[]Count[]Get(
) $\OML/cmm/m/it/10 >$
 []



[299]
Underfull \hbox (badness 10000) in paragraph at lines 427--429
[]\T1/pcr/m/n/10 if(CAN[]_[][]CONFIGURATION[]_[][]MODE == []) { if(CAN[]_[][]OP
[]_[][]MODE[]_[][]
 []


Underfull \hbox (badness 10000) in paragraph at lines 427--429
\T1/pcr/m/n/10 REQUEST[]_[][]SUCCESS == CAN1[]_[][]Operation[]Mode[]Set([]CAN[]
_[][]NORMAL[]_[][]FD[]_[][]MODE)) { while(1) {
 []


Underfull \hbox (badness 10000) in paragraph at lines 427--429
\T1/pcr/m/n/10 if([] == false) { if([]CAN1[]_[][]Received[]Message[]Count[]Get(
) $\OML/cmm/m/it/10 >$
 []


Underfull \hbox (badness 10000) in paragraph at lines 449--450
[]\T1/pcr/m/n/10 if(CAN[]_[][]CONFIGURATION[]_[][]MODE == []) { if(CAN[]_[][]OP
[]_[][]MODE[]_[][]
 []


Underfull \hbox (badness 10000) in paragraph at lines 449--450
\T1/pcr/m/n/10 REQUEST[]_[][]SUCCESS == CAN1[]_[][]Operation[]Mode[]Set([]CAN[]
_[][]NORMAL[]_[][]FD[]_[][]MODE)) { msg.[]msg[]Id =
 []


Underfull \hbox (badness 10000) in paragraph at lines 449--450
\T1/pcr/m/n/10 0x1[]FFFF; msg.[]field.[]format[]Type = CAN[]_[][]FD[]_[][]FORMA
T; msg.[]field.[]brs = CAN[]_[][]NON[]_[][]BRS[]
 []


Underfull \hbox (badness 10000) in paragraph at lines 449--450
\T1/pcr/m/n/10 _[][]MODE; msg.[]field.[]frame[]Type = CAN[]_[][]FRAME[]_[][]DAT
A; msg.[]field.[]id[]Type = CAN[]_[][]FRAME[]_[][]
 []


Underfull \hbox (badness 10000) in paragraph at lines 451--452
[]\T1/pcr/m/n/10 if([] == false) { if(CAN[]_[][]TX[]_[][]FIFO[]_[][]AVAILABLE =
= (CAN1[]
 []


Underfull \hbox (badness 10000) in paragraph at lines 451--452
\T1/pcr/m/n/10 _[][]Transmit[]FIFOStatus[]Get([]CAN1[]_[][]TX[]_[][]FIFO1) & CA
N[]_[][]TX[]_[][]FIFO[]_[][]AVAILABLE)) { CAN1[]_[][]
 []



[300] <./can1_8c_a316196579419bca66dce31449a5dac11_cgraph.pdf>
<can1_8c_a316196579419bca66dce31449a5dac11_cgraph.pdf, id=20993, 370.38374pt x 
99.37125pt>
File: can1_8c_a316196579419bca66dce31449a5dac11_cgraph.pdf Graphic file (type p
df)
<use can1_8c_a316196579419bca66dce31449a5dac11_cgraph.pdf>
Package pdftex.def Info: can1_8c_a316196579419bca66dce31449a5dac11_cgraph.pdf  
used on input line 457.
(pdftex.def)             Requested size: 350.0pt x 93.90329pt.

Underfull \hbox (badness 10000) in paragraph at lines 482--483
[]\T1/pcr/m/n/10 if(CAN[]_[][]CONFIGURATION[]_[][]MODE == []) { if(CAN[]_[][]OP
[]_[][]MODE[]_[][]
 []


Underfull \hbox (badness 10000) in paragraph at lines 482--483
\T1/pcr/m/n/10 REQUEST[]_[][]SUCCESS == CAN1[]_[][]Operation[]Mode[]Set([]CAN[]
_[][]NORMAL[]_[][]FD[]_[][]MODE)) { msg.[]msg[]Id =
 []


Underfull \hbox (badness 10000) in paragraph at lines 482--483
\T1/pcr/m/n/10 0x1[]FFFF; msg.[]field.[]format[]Type = CAN[]_[][]FD[]_[][]FORMA
T; msg.[]field.[]brs = CAN[]_[][]NON[]_[][]BRS[]
 []


Underfull \hbox (badness 10000) in paragraph at lines 482--483
\T1/pcr/m/n/10 _[][]MODE; msg.[]field.[]frame[]Type = CAN[]_[][]FRAME[]_[][]DAT
A; msg.[]field.[]id[]Type = CAN[]_[][]FRAME[]_[][]
 []


Underfull \hbox (badness 10000) in paragraph at lines 484--485
[]\T1/pcr/m/n/10 if([] == false) { if(CAN[]_[][]TX[]_[][]FIFO[]_[][]AVAILABLE =
= (CAN1[]
 []


Underfull \hbox (badness 10000) in paragraph at lines 484--485
\T1/pcr/m/n/10 _[][]Transmit[]FIFOStatus[]Get([]CAN1[]_[][]TX[]_[][]FIFO1) & CA
N[]_[][]TX[]_[][]FIFO[]_[][]AVAILABLE)) { CAN1[]_[][]
 []

 <./can1_8c_aae9b18d3820bb5869a11fc5c86b16814_icgraph.pdf>
<can1_8c_aae9b18d3820bb5869a11fc5c86b16814_icgraph.pdf, id=21006, 370.38374pt x
 99.37125pt>
File: can1_8c_aae9b18d3820bb5869a11fc5c86b16814_icgraph.pdf Graphic file (type 
pdf)
<use can1_8c_aae9b18d3820bb5869a11fc5c86b16814_icgraph.pdf>
Package pdftex.def Info: can1_8c_aae9b18d3820bb5869a11fc5c86b16814_icgraph.pdf 
 used on input line 490.
(pdftex.def)             Requested size: 350.0pt x 93.90329pt.


[301]
Underfull \hbox (badness 10000) in paragraph at lines 515--516
[]\T1/pcr/m/n/10 if(CAN[]_[][]CONFIGURATION[]_[][]MODE == []) { if(CAN[]_[][]OP
[]_[][]MODE[]_[][]
 []


Underfull \hbox (badness 10000) in paragraph at lines 515--516
\T1/pcr/m/n/10 REQUEST[]_[][]SUCCESS == CAN1[]_[][]Operation[]Mode[]Set([]CAN[]
_[][]NORMAL[]_[][]FD[]_[][]MODE)) { msg.[]msg[]Id =
 []


Underfull \hbox (badness 10000) in paragraph at lines 515--516
\T1/pcr/m/n/10 0x1[]FFFF; msg.[]field.[]format[]Type = CAN[]_[][]FD[]_[][]FORMA
T; msg.[]field.[]brs = CAN[]_[][]NON[]_[][]BRS[]
 []


Underfull \hbox (badness 10000) in paragraph at lines 515--516
\T1/pcr/m/n/10 _[][]MODE; msg.[]field.[]frame[]Type = CAN[]_[][]FRAME[]_[][]DAT
A; msg.[]field.[]id[]Type = CAN[]_[][]FRAME[]_[][]
 []


Underfull \hbox (badness 10000) in paragraph at lines 517--518
[]\T1/pcr/m/n/10 if([] == false) { if(CAN[]_[][]TX[]_[][]FIFO[]_[][]AVAILABLE =
= (CAN1[]
 []


Underfull \hbox (badness 10000) in paragraph at lines 517--518
\T1/pcr/m/n/10 _[][]Transmit[]FIFOStatus[]Get([]CAN1[]_[][]TX[]_[][]FIFO1) & CA
N[]_[][]TX[]_[][]FIFO[]_[][]AVAILABLE)) { CAN1[]_[][]
 []


Underfull \hbox (badness 10000) in paragraph at lines 538--539
[]\T1/pcr/m/n/10 if(CAN[]_[][]CONFIGURATION[]_[][]MODE == []) { if(CAN[]_[][]OP
[]_[][]MODE[]_[][]
 []


Overfull \hbox (24.75589pt too wide) in paragraph at lines 538--539
\T1/pcr/m/n/10 REQUEST[]_[][]SUCCESS == CAN1[]_[][]Operation[]Mode[]Set([]CAN[]
_[][]NORMAL[]_[][]FD[]_[][]MODE)) { User Application
 []



[302] <./can1_8c_a13c7bd1d1ef21aeb5d77c4b38b4de387_icgraph.pdf>
<can1_8c_a13c7bd1d1ef21aeb5d77c4b38b4de387_icgraph.pdf, id=21039, 742.775pt x 1
99.74625pt>
File: can1_8c_a13c7bd1d1ef21aeb5d77c4b38b4de387_icgraph.pdf Graphic file (type 
pdf)
<use can1_8c_a13c7bd1d1ef21aeb5d77c4b38b4de387_icgraph.pdf>
Package pdftex.def Info: can1_8c_a13c7bd1d1ef21aeb5d77c4b38b4de387_icgraph.pdf 
 used on input line 546.
(pdftex.def)             Requested size: 350.0pt x 94.12152pt.

Underfull \hbox (badness 10000) in paragraph at lines 567--568
[]\T1/pcr/m/n/10 if(CAN[]_[][]CONFIGURATION[]_[][]MODE == []) { if(CAN[]_[][]OP
[]_[][]MODE[]_[][]
 []


Overfull \hbox (24.75589pt too wide) in paragraph at lines 567--568
\T1/pcr/m/n/10 REQUEST[]_[][]SUCCESS == CAN1[]_[][]Operation[]Mode[]Set([]CAN[]
_[][]NORMAL[]_[][]FD[]_[][]MODE)) { User Application
 []

 <./can1_8c_ad0c8182be05f920e8eeaefe55d47ec66_cgraph.pdf>
<can1_8c_ad0c8182be05f920e8eeaefe55d47ec66_cgraph.pdf, id=21053, 398.48875pt x 
99.37125pt>
File: can1_8c_ad0c8182be05f920e8eeaefe55d47ec66_cgraph.pdf Graphic file (type p
df)
<use can1_8c_ad0c8182be05f920e8eeaefe55d47ec66_cgraph.pdf>
Package pdftex.def Info: can1_8c_ad0c8182be05f920e8eeaefe55d47ec66_cgraph.pdf  
used on input line 573.
(pdftex.def)             Requested size: 350.0pt x 87.2832pt.


[303] <./can1_8c_ad0c8182be05f920e8eeaefe55d47ec66_icgraph.pdf>
<can1_8c_ad0c8182be05f920e8eeaefe55d47ec66_icgraph.pdf, id=21068, 565.11125pt x
 155.58125pt>
File: can1_8c_ad0c8182be05f920e8eeaefe55d47ec66_icgraph.pdf Graphic file (type 
pdf)
<use can1_8c_ad0c8182be05f920e8eeaefe55d47ec66_icgraph.pdf>
Package pdftex.def Info: can1_8c_ad0c8182be05f920e8eeaefe55d47ec66_icgraph.pdf 
 used on input line 581.
(pdftex.def)             Requested size: 350.0pt x 96.35965pt.

Overfull \hbox (50.90668pt too wide) in paragraph at lines 594--595
[]\T1/phv/m/n/10 @[]Preconditions [] func-tion should be called be-fore call-in
g this func-tion. The []
 []


Underfull \hbox (badness 10000) in paragraph at lines 604--605
[]\T1/pcr/m/n/10 if(CAN[]_[][]CONFIGURATION[]_[][]MODE == []) { if(CAN[]_[][]OP
[]_[][]MODE[]_[][]
 []


Underfull \hbox (badness 10000) in paragraph at lines 604--605
\T1/pcr/m/n/10 REQUEST[]_[][]SUCCESS == CAN1[]_[][]Operation[]Mode[]Set([]CAN[]
_[][]NORMAL[]_[][]FD[]_[][]MODE)) { while(1) {
 []


Underfull \hbox (badness 10000) in paragraph at lines 604--605
\T1/pcr/m/n/10 if([]CAN1[]_[][]Received[]Message[]Count[]Get() $\OML/cmm/m/it/1
0 >$ \T1/pcr/m/n/10 0) { if(true == CAN1[]_[][]Receive(&msg)) {
 []



[304]
Underfull \hbox (badness 10000) in paragraph at lines 626--628
[]\T1/pcr/m/n/10 if(CAN[]_[][]CONFIGURATION[]_[][]MODE == []) { if(CAN[]_[][]OP
[]_[][]MODE[]_[][]
 []


Underfull \hbox (badness 10000) in paragraph at lines 626--628
\T1/pcr/m/n/10 REQUEST[]_[][]SUCCESS == CAN1[]_[][]Operation[]Mode[]Set([]CAN[]
_[][]NORMAL[]_[][]FD[]_[][]MODE)) { while(1) {
 []


Underfull \hbox (badness 10000) in paragraph at lines 646--647
[]\T1/pcr/m/n/10 void [] { []; CAN1[]_[][]Set[]FIFO1[]Full[]Handler(&[]Custom[]

 []

 <./can1_8c_ac201145a6280d9b203fab7b4a86f0b9c_icgraph.pdf>
<can1_8c_ac201145a6280d9b203fab7b4a86f0b9c_icgraph.pdf, id=21101, 567.11874pt x
 99.37125pt>
File: can1_8c_ac201145a6280d9b203fab7b4a86f0b9c_icgraph.pdf Graphic file (type 
pdf)
<use can1_8c_ac201145a6280d9b203fab7b4a86f0b9c_icgraph.pdf>
Package pdftex.def Info: can1_8c_ac201145a6280d9b203fab7b4a86f0b9c_icgraph.pdf 
 used on input line 654.
(pdftex.def)             Requested size: 350.0pt x 61.32901pt.
 <./can1_8c_a2ab3a4b1d98cfdb2679eae9cb80bfad8_icgraph.pdf>
<can1_8c_a2ab3a4b1d98cfdb2679eae9cb80bfad8_icgraph.pdf, id=21110, 567.11874pt x
 99.37125pt>
File: can1_8c_a2ab3a4b1d98cfdb2679eae9cb80bfad8_icgraph.pdf Graphic file (type 
pdf)
<use can1_8c_a2ab3a4b1d98cfdb2679eae9cb80bfad8_icgraph.pdf>
Package pdftex.def Info: can1_8c_a2ab3a4b1d98cfdb2679eae9cb80bfad8_icgraph.pdf 
 used on input line 668.
(pdftex.def)             Requested size: 350.0pt x 61.32901pt.


[305]
Underfull \hbox (badness 10000) in paragraph at lines 685--685
[]\T1/phv/m/n/10 @[]Example \T1/pcr/m/n/10 Note[]: Example code here is not bas
ed on MCC UI configuration, this
 []


Overfull \hbox (114.75589pt too wide) in paragraph at lines 693--694
[]\T1/pcr/m/n/10 void [] { [] msg; uint8[]_[]t data[]8[] = {0x41,0x42,0x43,0x44
,0x45,0x46,0x47,0x48}; 
 []


Underfull \hbox (badness 10000) in paragraph at lines 697--699
\T1/pcr/m/n/10 if(CAN[]_[][]OP[]_[][]MODE[]_[][]REQUEST[]_[][]SUCCESS == CAN1[]
_[][]Operation[]Mode[]Set([]CAN[]_[][]NORMAL[]_[][]FD[]_[][]
 []


Underfull \hbox (badness 10000) in paragraph at lines 697--699
\T1/pcr/m/n/10 MODE)) { msg.[]msg[]Id = 0x1[]FFFF; msg.[]field.[]format[]Type =
 CAN[]_[][]FD[]_[][]FORMAT; msg.[]
 []


Underfull \hbox (badness 10000) in paragraph at lines 697--699
\T1/pcr/m/n/10 field.[]brs = CAN[]_[][]NON[]_[][]BRS[]_[][]MODE; msg.[]field.[]
frame[]Type = CAN[]_[][]FRAME[]_[][]DATA; msg.[]
 []


Underfull \hbox (badness 10000) in paragraph at lines 700--702
\T1/pcr/m/n/10 if(CAN[]_[][]TX[]_[][]FIFO[]_[][]AVAILABLE == (CAN1[]_[][]Transm
it[]FIFOStatus[]Get([]CAN1[]_[][]TX[]_[][]FIFO1) &
 []



[306]
Underfull \hbox (badness 10000) in paragraph at lines 723--724
[]\T1/pcr/m/n/10 void [] { []; CAN1[]_[][]Set[]Bus[]Wake[]Up[]Activity[]Interru
pt[]
 []


Underfull \hbox (badness 10000) in paragraph at lines 723--724
\T1/pcr/m/n/10 Handler(&[]CAN1[]_[][]Bus[]Wake[]Up[]Activity); CAN1[]_[][]Opera
tion[]Mode[]Set([]CAN[]_[][]CONFIGURATION[]_[][]
 []


Underfull \hbox (badness 10000) in paragraph at lines 725--726
[]\T1/pcr/m/n/10 if(CAN[]_[][]CONFIGURATION[]_[][]MODE == []) { if(CAN[]_[][]OP
[]_[][]MODE[]_[][]
 []


Overfull \hbox (72.75589pt too wide) in paragraph at lines 727--728
[]\T1/pcr/m/n/10 Check CAN1 module is in CAN[]_[][]DISABLE[]_[][]MODE if(CAN[]_
[][]DISABLE[]_[][]MODE == [])
 []

 <./can1_8c_ae7a6b83df49337bb35317d11bda38692_icgraph.pdf>
<can1_8c_ae7a6b83df49337bb35317d11bda38692_icgraph.pdf, id=21143, 440.64626pt x
 99.37125pt>
File: can1_8c_ae7a6b83df49337bb35317d11bda38692_icgraph.pdf Graphic file (type 
pdf)
<use can1_8c_ae7a6b83df49337bb35317d11bda38692_icgraph.pdf>
Package pdftex.def Info: can1_8c_ae7a6b83df49337bb35317d11bda38692_icgraph.pdf 
 used on input line 758.
(pdftex.def)             Requested size: 350.0pt x 78.93152pt.


[307]
Underfull \hbox (badness 10000) in paragraph at lines 775--775
[]\T1/phv/m/n/10 @[]Example \T1/pcr/m/n/10 Note[]: Example code here is not bas
ed on MCC UI configuration, this
 []


Overfull \hbox (114.75589pt too wide) in paragraph at lines 783--784
[]\T1/pcr/m/n/10 void [] { [] msg; uint8[]_[]t data[]8[] = {0x41,0x42,0x43,0x44
,0x45,0x46,0x47,0x48}; 
 []


Underfull \hbox (badness 10000) in paragraph at lines 785--786
[][]\T1/pcr/m/n/10 ; CAN1[]_[][]Set[]Invalid[]Message[]Interrupt[]Handler(&[]CA
N1[]_[][]Invalid[]
 []


Underfull \hbox (badness 10000) in paragraph at lines 787--789
\T1/pcr/m/n/10 if(CAN[]_[][]OP[]_[][]MODE[]_[][]REQUEST[]_[][]SUCCESS == CAN1[]
_[][]Operation[]Mode[]Set([]CAN[]_[][]NORMAL[]_[][]FD[]_[][]
 []


Underfull \hbox (badness 10000) in paragraph at lines 787--789
\T1/pcr/m/n/10 MODE)) { msg.[]msg[]Id = 0x1[]FFFF; msg.[]field.[]format[]Type =
 CAN[]_[][]FD[]_[][]FORMAT; msg.[]
 []


Underfull \hbox (badness 10000) in paragraph at lines 787--789
\T1/pcr/m/n/10 field.[]brs = CAN[]_[][]NON[]_[][]BRS[]_[][]MODE; msg.[]field.[]
frame[]Type = CAN[]_[][]FRAME[]_[][]DATA; msg.[]
 []


Underfull \hbox (badness 10000) in paragraph at lines 790--792
\T1/pcr/m/n/10 if(CAN[]_[][]TX[]_[][]FIFO[]_[][]AVAILABLE == (CAN1[]_[][]Transm
it[]FIFOStatus[]Get([]CAN1[]_[][]TX[]_[][]FIFO1) &
 []


Underfull \hbox (badness 10000) in paragraph at lines 811--812
[]\T1/pcr/m/n/10 void CAN1[]_[][]Mode[]Change(void) { g[]Mode[]Change[]Occurred
 = true; CAN Mode Change
 []


Underfull \hbox (badness 10000) in paragraph at lines 815--816
[][]\T1/pcr/m/n/10 ; CAN1[]_[][]Set[]Mode[]Change[]Interrupt[]Handler(&[]CAN1[]
_[][]Mode[]Change);
 []


Underfull \hbox (badness 10000) in paragraph at lines 817--819
[]\T1/pcr/m/n/10 if(CAN[]_[][]CONFIGURATION[]_[][]MODE == []) { if(CAN[]_[][]OP
[]_[][]MODE[]_[][]
 []


Underfull \hbox (badness 10000) in paragraph at lines 817--819
\T1/pcr/m/n/10 REQUEST[]_[][]SUCCESS == CAN1[]_[][]Operation[]Mode[]Set([]CAN[]
_[][]NORMAL[]_[][]FD[]_[][]MODE)) { while(1) {
 []



[308]
Underfull \hbox (badness 10000) in paragraph at lines 836--837
[]\T1/pcr/m/n/10 void CAN1[]_[][]Rx[]Buffer[]Over[]Flow(void) { g[]Rx[]Over[]Fl
ow[]Occurred = true; CAN Receive
 []


Underfull \hbox (badness 10000) in paragraph at lines 838--840
[]\T1/pcr/m/n/10 ; CAN1[]_[][]Set[]Rx[]Buffer[]Over[]Flow[]Interrupt[]Handler(&
[]CAN1[]_[][]Rx[]
 []


Underfull \hbox (badness 10000) in paragraph at lines 841--843
\T1/pcr/m/n/10 if(CAN[]_[][]OP[]_[][]MODE[]_[][]REQUEST[]_[][]SUCCESS == CAN1[]
_[][]Operation[]Mode[]Set([]CAN[]_[][]NORMAL[]_[][]FD[]_[][]
 []


Underfull \hbox (badness 10000) in paragraph at lines 841--843
\T1/pcr/m/n/10 MODE)) { while(1) { if(g[]Rx[]Over[]Flow[]Occurred == true) { g[
]Rx[]Over[]Flow[]Occurred =
 []

 <./can1_8c_aa17b7ffab8784720b377c7fb09ef8e3e_icgraph.pdf>
<can1_8c_aa17b7ffab8784720b377c7fb09ef8e3e_icgraph.pdf, id=21173, 414.54875pt x
 110.4125pt>
File: can1_8c_aa17b7ffab8784720b377c7fb09ef8e3e_icgraph.pdf Graphic file (type 
pdf)
<use can1_8c_aa17b7ffab8784720b377c7fb09ef8e3e_icgraph.pdf>
Package pdftex.def Info: can1_8c_aa17b7ffab8784720b377c7fb09ef8e3e_icgraph.pdf 
 used on input line 850.
(pdftex.def)             Requested size: 350.0pt x 93.22264pt.

Underfull \hbox (badness 10000) in paragraph at lines 867--867
[]\T1/phv/m/n/10 @[]Example \T1/pcr/m/n/10 Note[]: Example code here is not bas
ed on MCC UI configuration, this
 []


Overfull \hbox (114.75589pt too wide) in paragraph at lines 875--876
[]\T1/pcr/m/n/10 void [] { [] msg; uint8[]_[]t data[]8[] = {0x41,0x42,0x43,0x44
,0x45,0x46,0x47,0x48}; 
 []


Underfull \hbox (badness 10000) in paragraph at lines 879--881
\T1/pcr/m/n/10 if(CAN[]_[][]OP[]_[][]MODE[]_[][]REQUEST[]_[][]SUCCESS == CAN1[]
_[][]Operation[]Mode[]Set([]CAN[]_[][]NORMAL[]_[][]FD[]_[][]
 []


Underfull \hbox (badness 10000) in paragraph at lines 879--881
\T1/pcr/m/n/10 MODE)) { msg.[]msg[]Id = 0x1[]FFFF; msg.[]field.[]format[]Type =
 CAN[]_[][]FD[]_[][]FORMAT; msg.[]
 []


Underfull \hbox (badness 10000) in paragraph at lines 879--881
\T1/pcr/m/n/10 field.[]brs = CAN[]_[][]NON[]_[][]BRS[]_[][]MODE; msg.[]field.[]
frame[]Type = CAN[]_[][]FRAME[]_[][]DATA; msg.[]
 []



[309]
Underfull \hbox (badness 10000) in paragraph at lines 882--884
\T1/pcr/m/n/10 if(CAN[]_[][]TX[]_[][]FIFO[]_[][]AVAILABLE == (CAN1[]_[][]Transm
it[]FIFOStatus[]Get([]CAN1[]_[][]TX[]_[][]FIFO1) &
 []


Underfull \hbox (badness 10000) in paragraph at lines 903--903
[]\T1/phv/m/n/10 @[]Example \T1/pcr/m/n/10 Note[]: Example code here is not bas
ed on MCC UI configuration, this
 []


Overfull \hbox (114.75589pt too wide) in paragraph at lines 911--912
[]\T1/pcr/m/n/10 void [] { [] msg; uint8[]_[]t data[]8[] = {0x41,0x42,0x43,0x44
,0x45,0x46,0x47,0x48}; 
 []


Underfull \hbox (badness 10000) in paragraph at lines 913--914
[][]\T1/pcr/m/n/10 ; CAN1[]_[][]Set[]Tx[]Attempt[]Interrupt[]Handler(&[]CAN1[]_
[][]Tx[]Attempt);
 []


Underfull \hbox (badness 10000) in paragraph at lines 915--917
\T1/pcr/m/n/10 if(CAN[]_[][]OP[]_[][]MODE[]_[][]REQUEST[]_[][]SUCCESS == CAN1[]
_[][]Operation[]Mode[]Set([]CAN[]_[][]NORMAL[]_[][]FD[]_[][]
 []


Underfull \hbox (badness 10000) in paragraph at lines 915--917
\T1/pcr/m/n/10 MODE)) { msg.[]msg[]Id = 0x1[]FFFF; msg.[]field.[]format[]Type =
 CAN[]_[][]FD[]_[][]FORMAT; msg.[]
 []


Underfull \hbox (badness 10000) in paragraph at lines 915--917
\T1/pcr/m/n/10 field.[]brs = CAN[]_[][]NON[]_[][]BRS[]_[][]MODE; msg.[]field.[]
frame[]Type = CAN[]_[][]FRAME[]_[][]DATA; msg.[]
 []


Underfull \hbox (badness 10000) in paragraph at lines 918--920
\T1/pcr/m/n/10 if(CAN[]_[][]TX[]_[][]FIFO[]_[][]AVAILABLE == (CAN1[]_[][]Transm
it[]FIFOStatus[]Get([]CAN1[]_[][]TX[]_[][]FIFO1) &
 []



[310]
Underfull \hbox (badness 10000) in paragraph at lines 941--942
\T1/pcr/m/n/10 g[]Msg.[]msg[]Id = 0x1[]FFFF; g[]Msg.[]field.[]format[]Type = CA
N[]_[][]FD[]_[][]FORMAT; g[]Msg.[]field.[]brs
 []


Underfull \hbox (badness 10000) in paragraph at lines 941--942
\T1/pcr/m/n/10 = CAN[]_[][]NON[]_[][]BRS[]_[][]MODE; g[]Msg.[]field.[]frame[]Ty
pe = CAN[]_[][]FRAME[]_[][]DATA; g[]Msg.[]field.[]id[]
 []

 <./can1_8c_a75daa010297c42080400a5f4e7ad8bd8_icgraph.pdf>
<can1_8c_a75daa010297c42080400a5f4e7ad8bd8_icgraph.pdf, id=21203, 418.56375pt x
 99.37125pt>
File: can1_8c_a75daa010297c42080400a5f4e7ad8bd8_icgraph.pdf Graphic file (type 
pdf)
<use can1_8c_a75daa010297c42080400a5f4e7ad8bd8_icgraph.pdf>
Package pdftex.def Info: can1_8c_a75daa010297c42080400a5f4e7ad8bd8_icgraph.pdf 
 used on input line 951.
(pdftex.def)             Requested size: 350.0pt x 83.0922pt.

Underfull \hbox (badness 10000) in paragraph at lines 973--974
[]\T1/pcr/m/n/10 if(CAN[]_[][]CONFIGURATION[]_[][]MODE == []) { if(CAN[]_[][]OP
[]_[][]MODE[]_[][]
 []


Underfull \hbox (badness 10000) in paragraph at lines 975--976
[]\T1/pcr/m/n/10 if(CAN[]_[][]DISABLE[]_[][]MODE == []) { Sleep(); //[]Call sle
ep
 []


Underfull \hbox (badness 10000) in paragraph at lines 977--979
[]\T1/pcr/m/n/10 Recover to Normal mode if(CAN[]_[][]OP[]_[][]MODE[]_[][]REQUES
T[]_[][]SUCCESS == CAN1[]_[][]Operation[]
 []


Underfull \hbox (badness 10000) in paragraph at lines 977--979
\T1/pcr/m/n/10 Mode[]Set([]CAN[]_[][]CONFIGURATION[]_[][]MODE)) { if(CAN[]_[][]
OP[]_[][]MODE[]_[][]REQUEST[]_[][]SUCCESS == CAN1[]
 []

 <./can1_8c_a41d9a27d9d5e04efcb58c31006f43f98_cgraph.pdf>
<can1_8c_a41d9a27d9d5e04efcb58c31006f43f98_cgraph.pdf, id=21216, 510.90875pt x 
99.37125pt>
File: can1_8c_a41d9a27d9d5e04efcb58c31006f43f98_cgraph.pdf Graphic file (type p
df)
<use can1_8c_a41d9a27d9d5e04efcb58c31006f43f98_cgraph.pdf>
Package pdftex.def Info: can1_8c_a41d9a27d9d5e04efcb58c31006f43f98_cgraph.pdf  
used on input line 984.
(pdftex.def)             Requested size: 350.0pt x 68.07344pt.


[311]
Underfull \hbox (badness 10000) in paragraph at lines 1009--1010
[]\T1/pcr/m/n/10 if(CAN[]_[][]CONFIGURATION[]_[][]MODE == []) { if(CAN[]_[][]OP
[]_[][]MODE[]_[][]
 []


Underfull \hbox (badness 10000) in paragraph at lines 1009--1010
\T1/pcr/m/n/10 REQUEST[]_[][]SUCCESS == CAN1[]_[][]Operation[]Mode[]Set([]CAN[]
_[][]NORMAL[]_[][]FD[]_[][]MODE)) { msg.[]msg[]Id =
 []


Underfull \hbox (badness 10000) in paragraph at lines 1009--1010
\T1/pcr/m/n/10 0x1[]FFFF; msg.[]field.[]format[]Type = CAN[]_[][]FD[]_[][]FORMA
T; msg.[]field.[]brs = CAN[]_[][]NON[]_[][]BRS[]
 []


Underfull \hbox (badness 10000) in paragraph at lines 1009--1010
\T1/pcr/m/n/10 _[][]MODE; msg.[]field.[]frame[]Type = CAN[]_[][]FRAME[]_[][]DAT
A; msg.[]field.[]id[]Type = CAN[]_[][]FRAME[]_[][]
 []


Underfull \hbox (badness 10000) in paragraph at lines 1011--1012
[]\T1/pcr/m/n/10 if(CAN[]_[][]TX[]_[][]FIFO[]_[][]AVAILABLE == (CAN1[]_[][]Tran
smit[]FIFOStatus[]Get([]CAN1[]_[][]TX[]_[][]FIFO1) &
 []

 <./can1_8c_ae913df029bccca892ab57f08d458a718_icgraph.pdf>
<can1_8c_ae913df029bccca892ab57f08d458a718_icgraph.pdf, id=21238, 724.7075pt x 
275.0275pt>
File: can1_8c_ae913df029bccca892ab57f08d458a718_icgraph.pdf Graphic file (type 
pdf)
<use can1_8c_ae913df029bccca892ab57f08d458a718_icgraph.pdf>
Package pdftex.def Info: can1_8c_ae913df029bccca892ab57f08d458a718_icgraph.pdf 
 used on input line 1017.
(pdftex.def)             Requested size: 350.0pt x 132.82584pt.


[312]
Underfull \hbox (badness 10000) in paragraph at lines 1042--1044
\T1/pcr/m/n/10 if(CAN[]_[][]OP[]_[][]MODE[]_[][]REQUEST[]_[][]SUCCESS == CAN1[]
_[][]Operation[]Mode[]Set([]CAN[]_[][]NORMAL[]_[][]FD[]_[][]
 []


Underfull \hbox (badness 10000) in paragraph at lines 1042--1044
\T1/pcr/m/n/10 MODE)) { msg.[]msg[]Id = 0x1[]FFFF; msg.[]field.[]format[]Type =
 CAN[]_[][]FD[]_[][]FORMAT; msg.[]
 []


Underfull \hbox (badness 10000) in paragraph at lines 1042--1044
\T1/pcr/m/n/10 field.[]brs = CAN[]_[][]NON[]_[][]BRS[]_[][]MODE; msg.[]field.[]
frame[]Type = CAN[]_[][]FRAME[]_[][]DATA; msg.[]
 []


Underfull \hbox (badness 10000) in paragraph at lines 1045--1046
[]\T1/pcr/m/n/10 if(CAN[]_[][]TX[]_[][]FIFO[]_[][]AVAILABLE == (CAN1[]_[][]Tran
smit[]FIFOStatus[]Get([]CAN1[]_[][]TX[]_[][]FIFO1) &
 []

 <./can1_8c_a24602980ff517c4a7b86205254fee54a_icgraph.pdf>
<can1_8c_a24602980ff517c4a7b86205254fee54a_icgraph.pdf, id=21258, 794.97pt x 27
5.0275pt>
File: can1_8c_a24602980ff517c4a7b86205254fee54a_icgraph.pdf Graphic file (type 
pdf)
<use can1_8c_a24602980ff517c4a7b86205254fee54a_icgraph.pdf>
Package pdftex.def Info: can1_8c_a24602980ff517c4a7b86205254fee54a_icgraph.pdf 
 used on input line 1051.
(pdftex.def)             Requested size: 350.0pt x 121.08801pt.
) (./can1_8h.tex <./can1_8h__incl.pdf>
<can1_8h__incl.pdf, id=21266, 275.0275pt x 220.825pt>
File: can1_8h__incl.pdf Graphic file (type pdf)
<use can1_8h__incl.pdf>
Package pdftex.def Info: can1_8h__incl.pdf  used on input line 10.
(pdftex.def)             Requested size: 274.0pt x 220.01912pt.


[313] <./can1_8h__dep__incl.pdf>
<can1_8h__dep__incl.pdf, id=21281, 803.0pt x 463.7325pt>
File: can1_8h__dep__incl.pdf Graphic file (type pdf)
<use can1_8h__dep__incl.pdf>
Package pdftex.def Info: can1_8h__dep__incl.pdf  used on input line 18.
(pdftex.def)             Requested size: 350.0pt x 202.12534pt.


[314]
Underfull \hbox (badness 2435) in paragraph at lines 54--56
[][] [] \T1/phv/m/n/10 (const [] fifo[]Channel,
 []



[315] <./can1_8h_add8850a15e40f5316f9e614fd70ec956_cgraph.pdf>
<can1_8h_add8850a15e40f5316f9e614fd70ec956_cgraph.pdf, id=21385, 527.9725pt x 1
36.51pt>
File: can1_8h_add8850a15e40f5316f9e614fd70ec956_cgraph.pdf Graphic file (type p
df)
<use can1_8h_add8850a15e40f5316f9e614fd70ec956_cgraph.pdf>
Package pdftex.def Info: can1_8h_add8850a15e40f5316f9e614fd70ec956_cgraph.pdf  
used on input line 188.
(pdftex.def)             Requested size: 350.0pt x 90.49263pt.


[316] <./can1_8h_add8850a15e40f5316f9e614fd70ec956_icgraph.pdf>
<can1_8h_add8850a15e40f5316f9e614fd70ec956_icgraph.pdf, id=21399, 388.45125pt x
 99.37125pt>
File: can1_8h_add8850a15e40f5316f9e614fd70ec956_icgraph.pdf Graphic file (type 
pdf)
<use can1_8h_add8850a15e40f5316f9e614fd70ec956_icgraph.pdf>
Package pdftex.def Info: can1_8h_add8850a15e40f5316f9e614fd70ec956_icgraph.pdf 
 used on input line 196.
(pdftex.def)             Requested size: 350.0pt x 89.53639pt.

Underfull \hbox (badness 10000) in paragraph at lines 221--222
[]\T1/pcr/m/n/10 if(CAN[]_[][]CONFIGURATION[]_[][]MODE == []) { if(CAN[]_[][]OP
[]_[][]MODE[]_[][]
 []


Underfull \hbox (badness 10000) in paragraph at lines 221--222
\T1/pcr/m/n/10 REQUEST[]_[][]SUCCESS == CAN1[]_[][]Operation[]Mode[]Set([]CAN[]
_[][]NORMAL[]_[][]FD[]_[][]MODE)) { msg.[]msg[]Id =
 []


Underfull \hbox (badness 10000) in paragraph at lines 221--222
\T1/pcr/m/n/10 0x1[]FFFF; msg.[]field.[]format[]Type = CAN[]_[][]FD[]_[][]FORMA
T; msg.[]field.[]brs = CAN[]_[][]NON[]_[][]BRS[]
 []


Underfull \hbox (badness 10000) in paragraph at lines 221--222
\T1/pcr/m/n/10 _[][]MODE; msg.[]field.[]frame[]Type = CAN[]_[][]FRAME[]_[][]DAT
A; msg.[]field.[]id[]Type = CAN[]_[][]FRAME[]_[][]
 []



[317]
Underfull \hbox (badness 10000) in paragraph at lines 223--224
[]\T1/pcr/m/n/10 if([] == false) { if(CAN[]_[][]TX[]_[][]FIFO[]_[][]AVAILABLE =
= (CAN1[]_[][]Transmit[]
 []


Underfull \hbox (badness 10000) in paragraph at lines 223--224
\T1/pcr/m/n/10 FIFOStatus[]Get([]CAN1[]_[][]TX[]_[][]FIFO1) & CAN[]_[][]TX[]_[]
[]FIFO[]_[][]AVAILABLE)) { CAN1[]_[][]Transmit([]
 []

 <./can1_8h_a6d9c583ae763f27f4010371932f3fa01_cgraph.pdf>
<can1_8h_a6d9c583ae763f27f4010371932f3fa01_cgraph.pdf, id=21425, 372.39125pt x 
99.37125pt>
File: can1_8h_a6d9c583ae763f27f4010371932f3fa01_cgraph.pdf Graphic file (type p
df)
<use can1_8h_a6d9c583ae763f27f4010371932f3fa01_cgraph.pdf>
Package pdftex.def Info: can1_8h_a6d9c583ae763f27f4010371932f3fa01_cgraph.pdf  
used on input line 249.
(pdftex.def)             Requested size: 350.0pt x 93.39987pt.

Underfull \hbox (badness 10000) in paragraph at lines 245--251
[]\T1/pcr/m/n/10 if(CAN[]_[][]CONFIGURATION[]_[][]MODE == []) { if(CAN[]_[][]OP
[]_[][]MODE[]_[][]
 []


Underfull \hbox (badness 10000) in paragraph at lines 245--251
\T1/pcr/m/n/10 REQUEST[]_[][]SUCCESS == CAN1[]_[][]Operation[]Mode[]Set([]CAN[]
_[][]NORMAL[]_[][]FD[]_[][]MODE)) { while(1) {
 []


Underfull \hbox (badness 10000) in paragraph at lines 245--251
\T1/pcr/m/n/10 if([] == false) { if([]CAN1[]_[][]Received[]Message[]Count[]Get(
) $\OML/cmm/m/it/10 >$
 []

 <./can1_8h_a6d9c583ae763f27f4010371932f3fa01_icgraph.pdf>
<can1_8h_a6d9c583ae763f27f4010371932f3fa01_icgraph.pdf, id=21433, 756.8275pt x 
275.0275pt>
File: can1_8h_a6d9c583ae763f27f4010371932f3fa01_icgraph.pdf Graphic file (type 
pdf)
<use can1_8h_a6d9c583ae763f27f4010371932f3fa01_icgraph.pdf>
Package pdftex.def Info: can1_8h_a6d9c583ae763f27f4010371932f3fa01_icgraph.pdf 
 used on input line 256.
(pdftex.def)             Requested size: 350.0pt x 127.18983pt.


[318] <./can1_8h_a9d993d04b570d3daac708a864b751950_icgraph.pdf>
<can1_8h_a9d993d04b570d3daac708a864b751950_icgraph.pdf, id=21453, 924.45375pt x
 275.0275pt>
File: can1_8h_a9d993d04b570d3daac708a864b751950_icgraph.pdf Graphic file (type 
pdf)
<use can1_8h_a9d993d04b570d3daac708a864b751950_icgraph.pdf>
Package pdftex.def Info: can1_8h_a9d993d04b570d3daac708a864b751950_icgraph.pdf 
 used on input line 283.
(pdftex.def)             Requested size: 350.0pt x 104.12544pt.

Underfull \hbox (badness 10000) in paragraph at lines 279--285
[]\T1/pcr/m/n/10 if(CAN[]_[][]CONFIGURATION[]_[][]MODE == []) { if(CAN[]_[][]OP
[]_[][]MODE[]_[][]
 []


Underfull \hbox (badness 10000) in paragraph at lines 279--285
\T1/pcr/m/n/10 REQUEST[]_[][]SUCCESS == CAN1[]_[][]Operation[]Mode[]Set([]CAN[]
_[][]NORMAL[]_[][]FD[]_[][]MODE)) { while(1) {
 []


Underfull \hbox (badness 10000) in paragraph at lines 279--285
\T1/pcr/m/n/10 if([] == false) { if([]CAN1[]_[][]Received[]Message[]Count[]Get(
) $\OML/cmm/m/it/10 >$
 []



[319]
Underfull \hbox (badness 10000) in paragraph at lines 306--308
[]\T1/pcr/m/n/10 if(CAN[]_[][]CONFIGURATION[]_[][]MODE == []) { if(CAN[]_[][]OP
[]_[][]MODE[]_[][]
 []


Underfull \hbox (badness 10000) in paragraph at lines 306--308
\T1/pcr/m/n/10 REQUEST[]_[][]SUCCESS == CAN1[]_[][]Operation[]Mode[]Set([]CAN[]
_[][]NORMAL[]_[][]FD[]_[][]MODE)) { while(1) {
 []


Underfull \hbox (badness 10000) in paragraph at lines 306--308
\T1/pcr/m/n/10 if([] == false) { if([]CAN1[]_[][]Received[]Message[]Count[]Get(
) $\OML/cmm/m/it/10 >$
 []


Underfull \hbox (badness 10000) in paragraph at lines 328--329
[]\T1/pcr/m/n/10 if(CAN[]_[][]CONFIGURATION[]_[][]MODE == []) { if(CAN[]_[][]OP
[]_[][]MODE[]_[][]
 []


Underfull \hbox (badness 10000) in paragraph at lines 328--329
\T1/pcr/m/n/10 REQUEST[]_[][]SUCCESS == CAN1[]_[][]Operation[]Mode[]Set([]CAN[]
_[][]NORMAL[]_[][]FD[]_[][]MODE)) { msg.[]msg[]Id =
 []


Underfull \hbox (badness 10000) in paragraph at lines 328--329
\T1/pcr/m/n/10 0x1[]FFFF; msg.[]field.[]format[]Type = CAN[]_[][]FD[]_[][]FORMA
T; msg.[]field.[]brs = CAN[]_[][]NON[]_[][]BRS[]
 []


Underfull \hbox (badness 10000) in paragraph at lines 328--329
\T1/pcr/m/n/10 _[][]MODE; msg.[]field.[]frame[]Type = CAN[]_[][]FRAME[]_[][]DAT
A; msg.[]field.[]id[]Type = CAN[]_[][]FRAME[]_[][]
 []


Underfull \hbox (badness 10000) in paragraph at lines 330--331
[]\T1/pcr/m/n/10 if([] == false) { if(CAN[]_[][]TX[]_[][]FIFO[]_[][]AVAILABLE =
= (CAN1[]
 []


Underfull \hbox (badness 10000) in paragraph at lines 330--331
\T1/pcr/m/n/10 _[][]Transmit[]FIFOStatus[]Get([]CAN1[]_[][]TX[]_[][]FIFO1) & CA
N[]_[][]TX[]_[][]FIFO[]_[][]AVAILABLE)) { CAN1[]_[][]
 []

 <./can1_8h_a316196579419bca66dce31449a5dac11_cgraph.pdf>
<can1_8h_a316196579419bca66dce31449a5dac11_cgraph.pdf, id=21478, 370.38374pt x 
99.37125pt>
File: can1_8h_a316196579419bca66dce31449a5dac11_cgraph.pdf Graphic file (type p
df)
<use can1_8h_a316196579419bca66dce31449a5dac11_cgraph.pdf>
Package pdftex.def Info: can1_8h_a316196579419bca66dce31449a5dac11_cgraph.pdf  
used on input line 336.
(pdftex.def)             Requested size: 350.0pt x 93.90329pt.


[320]
Underfull \hbox (badness 10000) in paragraph at lines 361--362
[]\T1/pcr/m/n/10 if(CAN[]_[][]CONFIGURATION[]_[][]MODE == []) { if(CAN[]_[][]OP
[]_[][]MODE[]_[][]
 []


Underfull \hbox (badness 10000) in paragraph at lines 361--362
\T1/pcr/m/n/10 REQUEST[]_[][]SUCCESS == CAN1[]_[][]Operation[]Mode[]Set([]CAN[]
_[][]NORMAL[]_[][]FD[]_[][]MODE)) { msg.[]msg[]Id =
 []


Underfull \hbox (badness 10000) in paragraph at lines 361--362
\T1/pcr/m/n/10 0x1[]FFFF; msg.[]field.[]format[]Type = CAN[]_[][]FD[]_[][]FORMA
T; msg.[]field.[]brs = CAN[]_[][]NON[]_[][]BRS[]
 []


Underfull \hbox (badness 10000) in paragraph at lines 361--362
\T1/pcr/m/n/10 _[][]MODE; msg.[]field.[]frame[]Type = CAN[]_[][]FRAME[]_[][]DAT
A; msg.[]field.[]id[]Type = CAN[]_[][]FRAME[]_[][]
 []


Underfull \hbox (badness 10000) in paragraph at lines 363--364
[]\T1/pcr/m/n/10 if([] == false) { if(CAN[]_[][]TX[]_[][]FIFO[]_[][]AVAILABLE =
= (CAN1[]
 []


Underfull \hbox (badness 10000) in paragraph at lines 363--364
\T1/pcr/m/n/10 _[][]Transmit[]FIFOStatus[]Get([]CAN1[]_[][]TX[]_[][]FIFO1) & CA
N[]_[][]TX[]_[][]FIFO[]_[][]AVAILABLE)) { CAN1[]_[][]
 []

 <./can1_8h_aae9b18d3820bb5869a11fc5c86b16814_icgraph.pdf>
<can1_8h_aae9b18d3820bb5869a11fc5c86b16814_icgraph.pdf, id=21497, 370.38374pt x
 99.37125pt>
File: can1_8h_aae9b18d3820bb5869a11fc5c86b16814_icgraph.pdf Graphic file (type 
pdf)
<use can1_8h_aae9b18d3820bb5869a11fc5c86b16814_icgraph.pdf>
Package pdftex.def Info: can1_8h_aae9b18d3820bb5869a11fc5c86b16814_icgraph.pdf 
 used on input line 369.
(pdftex.def)             Requested size: 350.0pt x 93.90329pt.

Underfull \hbox (badness 10000) in paragraph at lines 394--395
[]\T1/pcr/m/n/10 if(CAN[]_[][]CONFIGURATION[]_[][]MODE == []) { if(CAN[]_[][]OP
[]_[][]MODE[]_[][]
 []


Underfull \hbox (badness 10000) in paragraph at lines 394--395
\T1/pcr/m/n/10 REQUEST[]_[][]SUCCESS == CAN1[]_[][]Operation[]Mode[]Set([]CAN[]
_[][]NORMAL[]_[][]FD[]_[][]MODE)) { msg.[]msg[]Id =
 []


Underfull \hbox (badness 10000) in paragraph at lines 394--395
\T1/pcr/m/n/10 0x1[]FFFF; msg.[]field.[]format[]Type = CAN[]_[][]FD[]_[][]FORMA
T; msg.[]field.[]brs = CAN[]_[][]NON[]_[][]BRS[]
 []


Underfull \hbox (badness 10000) in paragraph at lines 394--395
\T1/pcr/m/n/10 _[][]MODE; msg.[]field.[]frame[]Type = CAN[]_[][]FRAME[]_[][]DAT
A; msg.[]field.[]id[]Type = CAN[]_[][]FRAME[]_[][]
 []



[321]
Underfull \hbox (badness 10000) in paragraph at lines 396--397
[]\T1/pcr/m/n/10 if([] == false) { if(CAN[]_[][]TX[]_[][]FIFO[]_[][]AVAILABLE =
= (CAN1[]
 []


Underfull \hbox (badness 10000) in paragraph at lines 396--397
\T1/pcr/m/n/10 _[][]Transmit[]FIFOStatus[]Get([]CAN1[]_[][]TX[]_[][]FIFO1) & CA
N[]_[][]TX[]_[][]FIFO[]_[][]AVAILABLE)) { CAN1[]_[][]
 []


Underfull \hbox (badness 10000) in paragraph at lines 417--418
[]\T1/pcr/m/n/10 if(CAN[]_[][]CONFIGURATION[]_[][]MODE == []) { if(CAN[]_[][]OP
[]_[][]MODE[]_[][]
 []


Overfull \hbox (24.75589pt too wide) in paragraph at lines 417--418
\T1/pcr/m/n/10 REQUEST[]_[][]SUCCESS == CAN1[]_[][]Operation[]Mode[]Set([]CAN[]
_[][]NORMAL[]_[][]FD[]_[][]MODE)) { User Application
 []

 <./can1_8h_a13c7bd1d1ef21aeb5d77c4b38b4de387_icgraph.pdf>
<can1_8h_a13c7bd1d1ef21aeb5d77c4b38b4de387_icgraph.pdf, id=21521, 742.775pt x 1
99.74625pt>
File: can1_8h_a13c7bd1d1ef21aeb5d77c4b38b4de387_icgraph.pdf Graphic file (type 
pdf)
<use can1_8h_a13c7bd1d1ef21aeb5d77c4b38b4de387_icgraph.pdf>
Package pdftex.def Info: can1_8h_a13c7bd1d1ef21aeb5d77c4b38b4de387_icgraph.pdf 
 used on input line 425.
(pdftex.def)             Requested size: 350.0pt x 94.12152pt.


[322]
Underfull \hbox (badness 10000) in paragraph at lines 446--447
[]\T1/pcr/m/n/10 if(CAN[]_[][]CONFIGURATION[]_[][]MODE == []) { if(CAN[]_[][]OP
[]_[][]MODE[]_[][]
 []


Overfull \hbox (24.75589pt too wide) in paragraph at lines 446--447
\T1/pcr/m/n/10 REQUEST[]_[][]SUCCESS == CAN1[]_[][]Operation[]Mode[]Set([]CAN[]
_[][]NORMAL[]_[][]FD[]_[][]MODE)) { User Application
 []

 <./can1_8h_a6ca097a34d3922b6dc418e8c8e645578_cgraph.pdf>
<can1_8h_a6ca097a34d3922b6dc418e8c8e645578_cgraph.pdf, id=21542, 398.48875pt x 
99.37125pt>
File: can1_8h_a6ca097a34d3922b6dc418e8c8e645578_cgraph.pdf Graphic file (type p
df)
<use can1_8h_a6ca097a34d3922b6dc418e8c8e645578_cgraph.pdf>
Package pdftex.def Info: can1_8h_a6ca097a34d3922b6dc418e8c8e645578_cgraph.pdf  
used on input line 452.
(pdftex.def)             Requested size: 350.0pt x 87.2832pt.
 <./can1_8h_a6ca097a34d3922b6dc418e8c8e645578_icgraph.pdf>
<can1_8h_a6ca097a34d3922b6dc418e8c8e645578_icgraph.pdf, id=21550, 565.11125pt x
 155.58125pt>
File: can1_8h_a6ca097a34d3922b6dc418e8c8e645578_icgraph.pdf Graphic file (type 
pdf)
<use can1_8h_a6ca097a34d3922b6dc418e8c8e645578_icgraph.pdf>
Package pdftex.def Info: can1_8h_a6ca097a34d3922b6dc418e8c8e645578_icgraph.pdf 
 used on input line 460.
(pdftex.def)             Requested size: 350.0pt x 96.35965pt.

Overfull \hbox (50.90668pt too wide) in paragraph at lines 473--474
[]\T1/phv/m/n/10 @[]Preconditions [] func-tion should be called be-fore call-in
g this func-tion. The []
 []


Underfull \hbox (badness 10000) in paragraph at lines 483--484
[]\T1/pcr/m/n/10 if(CAN[]_[][]CONFIGURATION[]_[][]MODE == []) { if(CAN[]_[][]OP
[]_[][]MODE[]_[][]
 []


Underfull \hbox (badness 10000) in paragraph at lines 483--484
\T1/pcr/m/n/10 REQUEST[]_[][]SUCCESS == CAN1[]_[][]Operation[]Mode[]Set([]CAN[]
_[][]NORMAL[]_[][]FD[]_[][]MODE)) { while(1) {
 []


Underfull \hbox (badness 10000) in paragraph at lines 483--484
\T1/pcr/m/n/10 if([]CAN1[]_[][]Received[]Message[]Count[]Get() $\OML/cmm/m/it/1
0 >$ \T1/pcr/m/n/10 0) { if(true == CAN1[]_[][]Receive(&msg)) {
 []



[323]
Underfull \hbox (badness 10000) in paragraph at lines 505--507
[]\T1/pcr/m/n/10 if(CAN[]_[][]CONFIGURATION[]_[][]MODE == []) { if(CAN[]_[][]OP
[]_[][]MODE[]_[][]
 []


Underfull \hbox (badness 10000) in paragraph at lines 505--507
\T1/pcr/m/n/10 REQUEST[]_[][]SUCCESS == CAN1[]_[][]Operation[]Mode[]Set([]CAN[]
_[][]NORMAL[]_[][]FD[]_[][]MODE)) { while(1) {
 []


Underfull \hbox (badness 10000) in paragraph at lines 525--526
[]\T1/pcr/m/n/10 void [] { []; CAN1[]_[][]Set[]FIFO1[]Full[]Handler(&[]Custom[]

 []

 <./can1_8h_ad900bba9e7b4d64ac9f7b38fcbb8cfd0_icgraph.pdf>
<can1_8h_ad900bba9e7b4d64ac9f7b38fcbb8cfd0_icgraph.pdf, id=21583, 567.11874pt x
 99.37125pt>
File: can1_8h_ad900bba9e7b4d64ac9f7b38fcbb8cfd0_icgraph.pdf Graphic file (type 
pdf)
<use can1_8h_ad900bba9e7b4d64ac9f7b38fcbb8cfd0_icgraph.pdf>
Package pdftex.def Info: can1_8h_ad900bba9e7b4d64ac9f7b38fcbb8cfd0_icgraph.pdf 
 used on input line 533.
(pdftex.def)             Requested size: 350.0pt x 61.32901pt.


[324]
Underfull \hbox (badness 10000) in paragraph at lines 550--550
[]\T1/phv/m/n/10 @[]Example \T1/pcr/m/n/10 Note[]: Example code here is not bas
ed on MCC UI configuration, this
 []


Overfull \hbox (114.75589pt too wide) in paragraph at lines 558--559
[]\T1/pcr/m/n/10 void [] { [] msg; uint8[]_[]t data[]8[] = {0x41,0x42,0x43,0x44
,0x45,0x46,0x47,0x48}; 
 []


Underfull \hbox (badness 10000) in paragraph at lines 562--564
\T1/pcr/m/n/10 if(CAN[]_[][]OP[]_[][]MODE[]_[][]REQUEST[]_[][]SUCCESS == CAN1[]
_[][]Operation[]Mode[]Set([]CAN[]_[][]NORMAL[]_[][]FD[]_[][]
 []


Underfull \hbox (badness 10000) in paragraph at lines 562--564
\T1/pcr/m/n/10 MODE)) { msg.[]msg[]Id = 0x1[]FFFF; msg.[]field.[]format[]Type =
 CAN[]_[][]FD[]_[][]FORMAT; msg.[]
 []


Underfull \hbox (badness 10000) in paragraph at lines 562--564
\T1/pcr/m/n/10 field.[]brs = CAN[]_[][]NON[]_[][]BRS[]_[][]MODE; msg.[]field.[]
frame[]Type = CAN[]_[][]FRAME[]_[][]DATA; msg.[]
 []


Underfull \hbox (badness 10000) in paragraph at lines 565--567
\T1/pcr/m/n/10 if(CAN[]_[][]TX[]_[][]FIFO[]_[][]AVAILABLE == (CAN1[]_[][]Transm
it[]FIFOStatus[]Get([]CAN1[]_[][]TX[]_[][]FIFO1) &
 []



[325]
Underfull \hbox (badness 10000) in paragraph at lines 588--589
[]\T1/pcr/m/n/10 void [] { []; CAN1[]_[][]Set[]Bus[]Wake[]Up[]Activity[]Interru
pt[]
 []


Underfull \hbox (badness 10000) in paragraph at lines 588--589
\T1/pcr/m/n/10 Handler(&[]CAN1[]_[][]Bus[]Wake[]Up[]Activity); CAN1[]_[][]Opera
tion[]Mode[]Set([]CAN[]_[][]CONFIGURATION[]_[][]
 []


Underfull \hbox (badness 10000) in paragraph at lines 590--591
[]\T1/pcr/m/n/10 if(CAN[]_[][]CONFIGURATION[]_[][]MODE == []) { if(CAN[]_[][]OP
[]_[][]MODE[]_[][]
 []


Overfull \hbox (72.75589pt too wide) in paragraph at lines 592--593
[]\T1/pcr/m/n/10 Check CAN1 module is in CAN[]_[][]DISABLE[]_[][]MODE if(CAN[]_
[][]DISABLE[]_[][]MODE == [])
 []



[326] <./can1_8h_ae7a6b83df49337bb35317d11bda38692_icgraph.pdf>
<can1_8h_ae7a6b83df49337bb35317d11bda38692_icgraph.pdf, id=21617, 440.64626pt x
 99.37125pt>
File: can1_8h_ae7a6b83df49337bb35317d11bda38692_icgraph.pdf Graphic file (type 
pdf)
<use can1_8h_ae7a6b83df49337bb35317d11bda38692_icgraph.pdf>
Package pdftex.def Info: can1_8h_ae7a6b83df49337bb35317d11bda38692_icgraph.pdf 
 used on input line 623.
(pdftex.def)             Requested size: 350.0pt x 78.93152pt.

Underfull \hbox (badness 10000) in paragraph at lines 644--645
\T1/pcr/m/n/10 g[]Msg.[]msg[]Id = 0x1[]FFFF; g[]Msg.[]field.[]format[]Type = CA
N[]_[][]FD[]_[][]FORMAT; g[]Msg.[]field.[]brs
 []


Underfull \hbox (badness 10000) in paragraph at lines 644--645
\T1/pcr/m/n/10 = CAN[]_[][]NON[]_[][]BRS[]_[][]MODE; g[]Msg.[]field.[]frame[]Ty
pe = CAN[]_[][]FRAME[]_[][]DATA; g[]Msg.[]field.[]id[]
 []



[327]
Underfull \hbox (badness 10000) in paragraph at lines 668--669
\T1/pcr/m/n/10 g[]Msg.[]msg[]Id = 0x1[]FFFF; g[]Msg.[]field.[]format[]Type = CA
N[]_[][]FD[]_[][]FORMAT; g[]Msg.[]field.[]brs
 []


Underfull \hbox (badness 10000) in paragraph at lines 668--669
\T1/pcr/m/n/10 = CAN[]_[][]NON[]_[][]BRS[]_[][]MODE; g[]Msg.[]field.[]frame[]Ty
pe = CAN[]_[][]FRAME[]_[][]DATA; g[]Msg.[]field.[]id[]
 []


Underfull \hbox (badness 10000) in paragraph at lines 688--688
[]\T1/phv/m/n/10 @[]Example \T1/pcr/m/n/10 Note[]: Example code here is not bas
ed on MCC UI configuration, this
 []


Overfull \hbox (114.75589pt too wide) in paragraph at lines 696--697
[]\T1/pcr/m/n/10 void [] { [] msg; uint8[]_[]t data[]8[] = {0x41,0x42,0x43,0x44
,0x45,0x46,0x47,0x48}; 
 []


Underfull \hbox (badness 10000) in paragraph at lines 698--699
[][]\T1/pcr/m/n/10 ; CAN1[]_[][]Set[]Invalid[]Message[]Interrupt[]Handler(&[]CA
N1[]_[][]Invalid[]
 []


Underfull \hbox (badness 10000) in paragraph at lines 700--702
\T1/pcr/m/n/10 if(CAN[]_[][]OP[]_[][]MODE[]_[][]REQUEST[]_[][]SUCCESS == CAN1[]
_[][]Operation[]Mode[]Set([]CAN[]_[][]NORMAL[]_[][]FD[]_[][]
 []


Underfull \hbox (badness 10000) in paragraph at lines 700--702
\T1/pcr/m/n/10 MODE)) { msg.[]msg[]Id = 0x1[]FFFF; msg.[]field.[]format[]Type =
 CAN[]_[][]FD[]_[][]FORMAT; msg.[]
 []


Underfull \hbox (badness 10000) in paragraph at lines 700--702
\T1/pcr/m/n/10 field.[]brs = CAN[]_[][]NON[]_[][]BRS[]_[][]MODE; msg.[]field.[]
frame[]Type = CAN[]_[][]FRAME[]_[][]DATA; msg.[]
 []


Underfull \hbox (badness 10000) in paragraph at lines 703--705
\T1/pcr/m/n/10 if(CAN[]_[][]TX[]_[][]FIFO[]_[][]AVAILABLE == (CAN1[]_[][]Transm
it[]FIFOStatus[]Get([]CAN1[]_[][]TX[]_[][]FIFO1) &
 []



[328]
Underfull \hbox (badness 10000) in paragraph at lines 724--725
[]\T1/pcr/m/n/10 void CAN1[]_[][]Mode[]Change(void) { g[]Mode[]Change[]Occurred
 = true; CAN Mode Change
 []


Underfull \hbox (badness 10000) in paragraph at lines 728--729
[][]\T1/pcr/m/n/10 ; CAN1[]_[][]Set[]Mode[]Change[]Interrupt[]Handler(&[]CAN1[]
_[][]Mode[]Change);
 []


Underfull \hbox (badness 10000) in paragraph at lines 730--732
[]\T1/pcr/m/n/10 if(CAN[]_[][]CONFIGURATION[]_[][]MODE == []) { if(CAN[]_[][]OP
[]_[][]MODE[]_[][]
 []


Underfull \hbox (badness 10000) in paragraph at lines 730--732
\T1/pcr/m/n/10 REQUEST[]_[][]SUCCESS == CAN1[]_[][]Operation[]Mode[]Set([]CAN[]
_[][]NORMAL[]_[][]FD[]_[][]MODE)) { while(1) {
 []


Underfull \hbox (badness 10000) in paragraph at lines 749--750
[]\T1/pcr/m/n/10 void CAN1[]_[][]Rx[]Buffer[]Over[]Flow(void) { g[]Rx[]Over[]Fl
ow[]Occurred = true; CAN Receive
 []


Underfull \hbox (badness 10000) in paragraph at lines 751--753
[]\T1/pcr/m/n/10 ; CAN1[]_[][]Set[]Rx[]Buffer[]Over[]Flow[]Interrupt[]Handler(&
[]CAN1[]_[][]Rx[]
 []


Underfull \hbox (badness 10000) in paragraph at lines 754--756
\T1/pcr/m/n/10 if(CAN[]_[][]OP[]_[][]MODE[]_[][]REQUEST[]_[][]SUCCESS == CAN1[]
_[][]Operation[]Mode[]Set([]CAN[]_[][]NORMAL[]_[][]FD[]_[][]
 []


Underfull \hbox (badness 10000) in paragraph at lines 754--756
\T1/pcr/m/n/10 MODE)) { while(1) { if(g[]Rx[]Over[]Flow[]Occurred == true) { g[
]Rx[]Over[]Flow[]Occurred =
 []

 <./can1_8h_aa17b7ffab8784720b377c7fb09ef8e3e_icgraph.pdf>
<can1_8h_aa17b7ffab8784720b377c7fb09ef8e3e_icgraph.pdf, id=21653, 414.54875pt x
 110.4125pt>
File: can1_8h_aa17b7ffab8784720b377c7fb09ef8e3e_icgraph.pdf Graphic file (type 
pdf)
<use can1_8h_aa17b7ffab8784720b377c7fb09ef8e3e_icgraph.pdf>
Package pdftex.def Info: can1_8h_aa17b7ffab8784720b377c7fb09ef8e3e_icgraph.pdf 
 used on input line 763.
(pdftex.def)             Requested size: 350.0pt x 93.22264pt.


[329]
Underfull \hbox (badness 10000) in paragraph at lines 780--780
[]\T1/phv/m/n/10 @[]Example \T1/pcr/m/n/10 Note[]: Example code here is not bas
ed on MCC UI configuration, this
 []


Overfull \hbox (114.75589pt too wide) in paragraph at lines 788--789
[]\T1/pcr/m/n/10 void [] { [] msg; uint8[]_[]t data[]8[] = {0x41,0x42,0x43,0x44
,0x45,0x46,0x47,0x48}; 
 []


Underfull \hbox (badness 10000) in paragraph at lines 792--794
\T1/pcr/m/n/10 if(CAN[]_[][]OP[]_[][]MODE[]_[][]REQUEST[]_[][]SUCCESS == CAN1[]
_[][]Operation[]Mode[]Set([]CAN[]_[][]NORMAL[]_[][]FD[]_[][]
 []


Underfull \hbox (badness 10000) in paragraph at lines 792--794
\T1/pcr/m/n/10 MODE)) { msg.[]msg[]Id = 0x1[]FFFF; msg.[]field.[]format[]Type =
 CAN[]_[][]FD[]_[][]FORMAT; msg.[]
 []


Underfull \hbox (badness 10000) in paragraph at lines 792--794
\T1/pcr/m/n/10 field.[]brs = CAN[]_[][]NON[]_[][]BRS[]_[][]MODE; msg.[]field.[]
frame[]Type = CAN[]_[][]FRAME[]_[][]DATA; msg.[]
 []


Underfull \hbox (badness 10000) in paragraph at lines 795--797
\T1/pcr/m/n/10 if(CAN[]_[][]TX[]_[][]FIFO[]_[][]AVAILABLE == (CAN1[]_[][]Transm
it[]FIFOStatus[]Get([]CAN1[]_[][]TX[]_[][]FIFO1) &
 []


Underfull \hbox (badness 10000) in paragraph at lines 816--816
[]\T1/phv/m/n/10 @[]Example \T1/pcr/m/n/10 Note[]: Example code here is not bas
ed on MCC UI configuration, this
 []


Overfull \hbox (114.75589pt too wide) in paragraph at lines 824--825
[]\T1/pcr/m/n/10 void [] { [] msg; uint8[]_[]t data[]8[] = {0x41,0x42,0x43,0x44
,0x45,0x46,0x47,0x48}; 
 []


Underfull \hbox (badness 10000) in paragraph at lines 826--827
[][]\T1/pcr/m/n/10 ; CAN1[]_[][]Set[]Tx[]Attempt[]Interrupt[]Handler(&[]CAN1[]_
[][]Tx[]Attempt);
 []


Underfull \hbox (badness 10000) in paragraph at lines 828--830
\T1/pcr/m/n/10 if(CAN[]_[][]OP[]_[][]MODE[]_[][]REQUEST[]_[][]SUCCESS == CAN1[]
_[][]Operation[]Mode[]Set([]CAN[]_[][]NORMAL[]_[][]FD[]_[][]
 []


Underfull \hbox (badness 10000) in paragraph at lines 828--830
\T1/pcr/m/n/10 MODE)) { msg.[]msg[]Id = 0x1[]FFFF; msg.[]field.[]format[]Type =
 CAN[]_[][]FD[]_[][]FORMAT; msg.[]
 []


Underfull \hbox (badness 10000) in paragraph at lines 828--830
\T1/pcr/m/n/10 field.[]brs = CAN[]_[][]NON[]_[][]BRS[]_[][]MODE; msg.[]field.[]
frame[]Type = CAN[]_[][]FRAME[]_[][]DATA; msg.[]
 []



[330]
Underfull \hbox (badness 10000) in paragraph at lines 831--833
\T1/pcr/m/n/10 if(CAN[]_[][]TX[]_[][]FIFO[]_[][]AVAILABLE == (CAN1[]_[][]Transm
it[]FIFOStatus[]Get([]CAN1[]_[][]TX[]_[][]FIFO1) &
 []


Underfull \hbox (badness 10000) in paragraph at lines 854--855
\T1/pcr/m/n/10 g[]Msg.[]msg[]Id = 0x1[]FFFF; g[]Msg.[]field.[]format[]Type = CA
N[]_[][]FD[]_[][]FORMAT; g[]Msg.[]field.[]brs
 []


Underfull \hbox (badness 10000) in paragraph at lines 854--855
\T1/pcr/m/n/10 = CAN[]_[][]NON[]_[][]BRS[]_[][]MODE; g[]Msg.[]field.[]frame[]Ty
pe = CAN[]_[][]FRAME[]_[][]DATA; g[]Msg.[]field.[]id[]
 []

 <./can1_8h_a75daa010297c42080400a5f4e7ad8bd8_icgraph.pdf>
<can1_8h_a75daa010297c42080400a5f4e7ad8bd8_icgraph.pdf, id=21683, 418.56375pt x
 99.37125pt>
File: can1_8h_a75daa010297c42080400a5f4e7ad8bd8_icgraph.pdf Graphic file (type 
pdf)
<use can1_8h_a75daa010297c42080400a5f4e7ad8bd8_icgraph.pdf>
Package pdftex.def Info: can1_8h_a75daa010297c42080400a5f4e7ad8bd8_icgraph.pdf 
 used on input line 864.
(pdftex.def)             Requested size: 350.0pt x 83.0922pt.


[331]
Underfull \hbox (badness 10000) in paragraph at lines 886--887
[]\T1/pcr/m/n/10 if(CAN[]_[][]CONFIGURATION[]_[][]MODE == []) { if(CAN[]_[][]OP
[]_[][]MODE[]_[][]
 []


Underfull \hbox (badness 10000) in paragraph at lines 888--889
[]\T1/pcr/m/n/10 if(CAN[]_[][]DISABLE[]_[][]MODE == []) { Sleep(); //[]Call sle
ep
 []


Underfull \hbox (badness 10000) in paragraph at lines 890--892
[]\T1/pcr/m/n/10 Recover to Normal mode if(CAN[]_[][]OP[]_[][]MODE[]_[][]REQUES
T[]_[][]SUCCESS == CAN1[]_[][]Operation[]
 []


Underfull \hbox (badness 10000) in paragraph at lines 890--892
\T1/pcr/m/n/10 Mode[]Set([]CAN[]_[][]CONFIGURATION[]_[][]MODE)) { if(CAN[]_[][]
OP[]_[][]MODE[]_[][]REQUEST[]_[][]SUCCESS == CAN1[]
 []

 <./can1_8h_a41d9a27d9d5e04efcb58c31006f43f98_cgraph.pdf>
<can1_8h_a41d9a27d9d5e04efcb58c31006f43f98_cgraph.pdf, id=21700, 510.90875pt x 
99.37125pt>
File: can1_8h_a41d9a27d9d5e04efcb58c31006f43f98_cgraph.pdf Graphic file (type p
df)
<use can1_8h_a41d9a27d9d5e04efcb58c31006f43f98_cgraph.pdf>
Package pdftex.def Info: can1_8h_a41d9a27d9d5e04efcb58c31006f43f98_cgraph.pdf  
used on input line 897.
(pdftex.def)             Requested size: 350.0pt x 68.07344pt.


[332]
Underfull \hbox (badness 10000) in paragraph at lines 922--923
[]\T1/pcr/m/n/10 if(CAN[]_[][]CONFIGURATION[]_[][]MODE == []) { if(CAN[]_[][]OP
[]_[][]MODE[]_[][]
 []


Underfull \hbox (badness 10000) in paragraph at lines 922--923
\T1/pcr/m/n/10 REQUEST[]_[][]SUCCESS == CAN1[]_[][]Operation[]Mode[]Set([]CAN[]
_[][]NORMAL[]_[][]FD[]_[][]MODE)) { msg.[]msg[]Id =
 []


Underfull \hbox (badness 10000) in paragraph at lines 922--923
\T1/pcr/m/n/10 0x1[]FFFF; msg.[]field.[]format[]Type = CAN[]_[][]FD[]_[][]FORMA
T; msg.[]field.[]brs = CAN[]_[][]NON[]_[][]BRS[]
 []


Underfull \hbox (badness 10000) in paragraph at lines 922--923
\T1/pcr/m/n/10 _[][]MODE; msg.[]field.[]frame[]Type = CAN[]_[][]FRAME[]_[][]DAT
A; msg.[]field.[]id[]Type = CAN[]_[][]FRAME[]_[][]
 []


Underfull \hbox (badness 10000) in paragraph at lines 924--925
[]\T1/pcr/m/n/10 if(CAN[]_[][]TX[]_[][]FIFO[]_[][]AVAILABLE == (CAN1[]_[][]Tran
smit[]FIFOStatus[]Get([]CAN1[]_[][]TX[]_[][]FIFO1) &
 []

 <./can1_8h_ae913df029bccca892ab57f08d458a718_icgraph.pdf>
<can1_8h_ae913df029bccca892ab57f08d458a718_icgraph.pdf, id=21721, 724.7075pt x 
275.0275pt>
File: can1_8h_ae913df029bccca892ab57f08d458a718_icgraph.pdf Graphic file (type 
pdf)
<use can1_8h_ae913df029bccca892ab57f08d458a718_icgraph.pdf>
Package pdftex.def Info: can1_8h_ae913df029bccca892ab57f08d458a718_icgraph.pdf 
 used on input line 930.
(pdftex.def)             Requested size: 350.0pt x 132.82584pt.


[333]
Underfull \hbox (badness 10000) in paragraph at lines 955--957
\T1/pcr/m/n/10 if(CAN[]_[][]OP[]_[][]MODE[]_[][]REQUEST[]_[][]SUCCESS == CAN1[]
_[][]Operation[]Mode[]Set([]CAN[]_[][]NORMAL[]_[][]FD[]_[][]
 []


Underfull \hbox (badness 10000) in paragraph at lines 955--957
\T1/pcr/m/n/10 MODE)) { msg.[]msg[]Id = 0x1[]FFFF; msg.[]field.[]format[]Type =
 CAN[]_[][]FD[]_[][]FORMAT; msg.[]
 []


Underfull \hbox (badness 10000) in paragraph at lines 955--957
\T1/pcr/m/n/10 field.[]brs = CAN[]_[][]NON[]_[][]BRS[]_[][]MODE; msg.[]field.[]
frame[]Type = CAN[]_[][]FRAME[]_[][]DATA; msg.[]
 []


Underfull \hbox (badness 10000) in paragraph at lines 958--959
[]\T1/pcr/m/n/10 if(CAN[]_[][]TX[]_[][]FIFO[]_[][]AVAILABLE == (CAN1[]_[][]Tran
smit[]FIFOStatus[]Get([]CAN1[]_[][]TX[]_[][]FIFO1) &
 []

 <./can1_8h_a24602980ff517c4a7b86205254fee54a_icgraph.pdf>
<can1_8h_a24602980ff517c4a7b86205254fee54a_icgraph.pdf, id=21741, 794.97pt x 27
5.0275pt>
File: can1_8h_a24602980ff517c4a7b86205254fee54a_icgraph.pdf Graphic file (type 
pdf)
<use can1_8h_a24602980ff517c4a7b86205254fee54a_icgraph.pdf>
Package pdftex.def Info: can1_8h_a24602980ff517c4a7b86205254fee54a_icgraph.pdf 
 used on input line 964.
(pdftex.def)             Requested size: 350.0pt x 121.08801pt.
)
(./can1_8h_source.tex

[334]

[335]) (./can__types_8h.tex <./can__types_8h__incl.pdf>
<can__types_8h__incl.pdf, id=21809, 229.85875pt x 165.61874pt>
File: can__types_8h__incl.pdf Graphic file (type pdf)
<use can__types_8h__incl.pdf>
Package pdftex.def Info: can__types_8h__incl.pdf  used on input line 8.
(pdftex.def)             Requested size: 229.0pt x 165.00928pt.
 <./can__types_8h__dep__incl.pdf>
<can__types_8h__dep__incl.pdf, id=21817, 803.0pt x 529.98pt>
File: can__types_8h__dep__incl.pdf Graphic file (type pdf)
<use can__types_8h__dep__incl.pdf>
Package pdftex.def Info: can__types_8h__dep__incl.pdf  used on input line 16.
(pdftex.def)             Requested size: 350.0pt x 231.00038pt.


[336]
Overfull \hbox (138.89964pt too wide) in paragraph at lines 45--51
[]\T1/phv/m/n/10 enum [] { [] = 0 , []
 []


Overfull \hbox (21.36134pt too wide) in paragraph at lines 63--68
[]\T1/phv/m/n/10 enum [] { [] , []
 []



[337]

[338]

[339]

[340]) (./can__types_8h_source.tex

[341]

[342]) (./clc7_8c.tex <./clc7_8c__incl.pdf>
<clc7_8c__incl.pdf, id=22042, 295.1025pt x 220.825pt>
File: clc7_8c__incl.pdf Graphic file (type pdf)
<use clc7_8c__incl.pdf>
Package pdftex.def Info: clc7_8c__incl.pdf  used on input line 9.
(pdftex.def)             Requested size: 294.0pt x 220.00565pt.


[343] <./clc7_8c_ace8deece83cba560e161ecf346b9c084_icgraph.pdf>
<clc7_8c_ace8deece83cba560e161ecf346b9c084_icgraph.pdf, id=22058, 386.44376pt x
 99.37125pt>
File: clc7_8c_ace8deece83cba560e161ecf346b9c084_icgraph.pdf Graphic file (type 
pdf)
<use clc7_8c_ace8deece83cba560e161ecf346b9c084_icgraph.pdf>
Package pdftex.def Info: clc7_8c_ace8deece83cba560e161ecf346b9c084_icgraph.pdf 
 used on input line 41.
(pdftex.def)             Requested size: 350.0pt x 90.00038pt.


[344]) (./clc7_8h.tex <./clc7_8h__incl.pdf>
<clc7_8h__incl.pdf, id=22077, 270.00874pt x 165.61874pt>
File: clc7_8h__incl.pdf Graphic file (type pdf)
<use clc7_8h__incl.pdf>
Package pdftex.def Info: clc7_8h__incl.pdf  used on input line 10.
(pdftex.def)             Requested size: 269.0pt x 165.00423pt.
 <./clc7_8h__dep__incl.pdf>
<clc7_8h__dep__incl.pdf, id=22085, 803.0pt x 463.7325pt>
File: clc7_8h__dep__incl.pdf Graphic file (type pdf)
<use clc7_8h__dep__incl.pdf>
Package pdftex.def Info: clc7_8h__dep__incl.pdf  used on input line 18.
(pdftex.def)             Requested size: 350.0pt x 202.12534pt.


[345] <./clc7_8h_ace8deece83cba560e161ecf346b9c084_icgraph.pdf>
<clc7_8h_ace8deece83cba560e161ecf346b9c084_icgraph.pdf, id=22106, 386.44376pt x
 99.37125pt>
File: clc7_8h_ace8deece83cba560e161ecf346b9c084_icgraph.pdf Graphic file (type 
pdf)
<use clc7_8h_ace8deece83cba560e161ecf346b9c084_icgraph.pdf>
Package pdftex.def Info: clc7_8h_ace8deece83cba560e161ecf346b9c084_icgraph.pdf 
 used on input line 72.
(pdftex.def)             Requested size: 350.0pt x 90.00038pt.


[346]) (./clc7_8h_source.tex) (./clc8_8c.tex <./clc8_8c__incl.pdf>
<clc8_8c__incl.pdf, id=22126, 295.1025pt x 220.825pt>
File: clc8_8c__incl.pdf Graphic file (type pdf)
<use clc8_8c__incl.pdf>
Package pdftex.def Info: clc8_8c__incl.pdf  used on input line 9.
(pdftex.def)             Requested size: 294.0pt x 220.00565pt.


[347] <./clc8_8c_ac24f8c152b167277a03e839cf04ec9ec_icgraph.pdf>
<clc8_8c_ac24f8c152b167277a03e839cf04ec9ec_icgraph.pdf, id=22143, 386.44376pt x
 99.37125pt>
File: clc8_8c_ac24f8c152b167277a03e839cf04ec9ec_icgraph.pdf Graphic file (type 
pdf)
<use clc8_8c_ac24f8c152b167277a03e839cf04ec9ec_icgraph.pdf>
Package pdftex.def Info: clc8_8c_ac24f8c152b167277a03e839cf04ec9ec_icgraph.pdf 
 used on input line 41.
(pdftex.def)             Requested size: 350.0pt x 90.00038pt.


[348]) (./clc8_8h.tex <./clc8_8h__incl.pdf>
<clc8_8h__incl.pdf, id=22161, 270.00874pt x 165.61874pt>
File: clc8_8h__incl.pdf Graphic file (type pdf)
<use clc8_8h__incl.pdf>
Package pdftex.def Info: clc8_8h__incl.pdf  used on input line 10.
(pdftex.def)             Requested size: 269.0pt x 165.00423pt.
 <./clc8_8h__dep__incl.pdf>
<clc8_8h__dep__incl.pdf, id=22170, 803.0pt x 463.7325pt>
File: clc8_8h__dep__incl.pdf Graphic file (type pdf)
<use clc8_8h__dep__incl.pdf>
Package pdftex.def Info: clc8_8h__dep__incl.pdf  used on input line 18.
(pdftex.def)             Requested size: 350.0pt x 202.12534pt.


[349] <./clc8_8h_ac24f8c152b167277a03e839cf04ec9ec_icgraph.pdf>
<clc8_8h_ac24f8c152b167277a03e839cf04ec9ec_icgraph.pdf, id=22191, 386.44376pt x
 99.37125pt>
File: clc8_8h_ac24f8c152b167277a03e839cf04ec9ec_icgraph.pdf Graphic file (type 
pdf)
<use clc8_8h_ac24f8c152b167277a03e839cf04ec9ec_icgraph.pdf>
Package pdftex.def Info: clc8_8h_ac24f8c152b167277a03e839cf04ec9ec_icgraph.pdf 
 used on input line 72.
(pdftex.def)             Requested size: 350.0pt x 90.00038pt.


[350]) (./clc8_8h_source.tex

[351]) (./device__config_8c.tex) (./device__config_8h.tex <./device__config_8h_
_dep__incl.pdf>
<device__config_8h__dep__incl.pdf, id=22218, 803.0pt x 463.7325pt>
File: device__config_8h__dep__incl.pdf Graphic file (type pdf)
<use device__config_8h__dep__incl.pdf>
Package pdftex.def Info: device__config_8h__dep__incl.pdf  used on input line 8
.
(pdftex.def)             Requested size: 350.0pt x 202.12534pt.


[352]) (./device__config_8h_source.tex) (./dma1_8c.tex <./dma1_8c__incl.pdf>
<dma1_8c__incl.pdf, id=22236, 229.85875pt x 220.825pt>
File: dma1_8c__incl.pdf Graphic file (type pdf)
<use dma1_8c__incl.pdf>
Package pdftex.def Info: dma1_8c__incl.pdf  used on input line 9.
(pdftex.def)             Requested size: 229.0pt x 220.01239pt.


[353]

[354]
Underfull \hbox (badness 10000) detected at line 97
[][][]
 []



[355] <./dma1_8c_a3897bc2630cc436c8fd1d728f3ee489f_icgraph.pdf>
<dma1_8c_a3897bc2630cc436c8fd1d728f3ee489f_icgraph.pdf, id=22314, 594.22pt x 99
.37125pt>
File: dma1_8c_a3897bc2630cc436c8fd1d728f3ee489f_icgraph.pdf Graphic file (type 
pdf)
<use dma1_8c_a3897bc2630cc436c8fd1d728f3ee489f_icgraph.pdf>
Package pdftex.def Info: dma1_8c_a3897bc2630cc436c8fd1d728f3ee489f_icgraph.pdf 
 used on input line 110.
(pdftex.def)             Requested size: 350.0pt x 58.53299pt.

Underfull \hbox (badness 10000) detected at line 123
[][][]
 []


Underfull \hbox (badness 10000) detected at line 141
[][][]
 []

 <./dma1_8c_aa2c61b8f6b780b5ba3636e243110b2c0_cgraph.pdf>
<dma1_8c_aa2c61b8f6b780b5ba3636e243110b2c0_cgraph.pdf, id=22322, 386.44376pt x 
210.7875pt>
File: dma1_8c_aa2c61b8f6b780b5ba3636e243110b2c0_cgraph.pdf Graphic file (type p
df)
<use dma1_8c_aa2c61b8f6b780b5ba3636e243110b2c0_cgraph.pdf>
Package pdftex.def Info: dma1_8c_aa2c61b8f6b780b5ba3636e243110b2c0_cgraph.pdf  
used on input line 163.
(pdftex.def)             Requested size: 350.0pt x 190.90991pt.


[356] <./dma1_8c_aa2c61b8f6b780b5ba3636e243110b2c0_icgraph.pdf>
<dma1_8c_aa2c61b8f6b780b5ba3636e243110b2c0_icgraph.pdf, id=22338, 390.45876pt x
 99.37125pt>
File: dma1_8c_aa2c61b8f6b780b5ba3636e243110b2c0_icgraph.pdf Graphic file (type 
pdf)
<use dma1_8c_aa2c61b8f6b780b5ba3636e243110b2c0_icgraph.pdf>
Package pdftex.def Info: dma1_8c_aa2c61b8f6b780b5ba3636e243110b2c0_icgraph.pdf 
 used on input line 171.
(pdftex.def)             Requested size: 350.0pt x 89.07848pt.

Underfull \hbox (badness 10000) detected at line 184
[][][]
 []



[357]
Underfull \hbox (badness 10000) detected at line 202
[][][]
 []


Underfull \hbox (badness 10000) detected at line 220
[][][]
 []

 <./dma1_8c_aa77915adcb3ed8153117994f4c7270c6_icgraph.pdf>
<dma1_8c_aa77915adcb3ed8153117994f4c7270c6_icgraph.pdf, id=22354, 584.1825pt x 
99.37125pt>
File: dma1_8c_aa77915adcb3ed8153117994f4c7270c6_icgraph.pdf Graphic file (type 
pdf)
<use dma1_8c_aa77915adcb3ed8153117994f4c7270c6_icgraph.pdf>
Package pdftex.def Info: dma1_8c_aa77915adcb3ed8153117994f4c7270c6_icgraph.pdf 
 used on input line 233.
(pdftex.def)             Requested size: 350.0pt x 59.53828pt.

Underfull \hbox (badness 10000) detected at line 246
[][][]
 []



[358]
Underfull \hbox (badness 10000) detected at line 264
[][][]
 []

 <./dma1_8c_adcca916ff14153cec2abd8555bed3b80_icgraph.pdf>
<dma1_8c_adcca916ff14153cec2abd8555bed3b80_icgraph.pdf, id=22371, 938.50626pt x
 313.17pt>
File: dma1_8c_adcca916ff14153cec2abd8555bed3b80_icgraph.pdf Graphic file (type 
pdf)
<use dma1_8c_adcca916ff14153cec2abd8555bed3b80_icgraph.pdf>
Package pdftex.def Info: dma1_8c_adcca916ff14153cec2abd8555bed3b80_icgraph.pdf 
 used on input line 276.
(pdftex.def)             Requested size: 350.0pt x 116.78856pt.

Underfull \hbox (badness 10000) detected at line 289
[][][]
 []

 <./dma1_8c_a1a8eada7dc2ad3a1ff98e959f84540ad_icgraph.pdf>
<dma1_8c_a1a8eada7dc2ad3a1ff98e959f84540ad_icgraph.pdf, id=22379, 392.46625pt x
 99.37125pt>
File: dma1_8c_a1a8eada7dc2ad3a1ff98e959f84540ad_icgraph.pdf Graphic file (type 
pdf)
<use dma1_8c_a1a8eada7dc2ad3a1ff98e959f84540ad_icgraph.pdf>
Package pdftex.def Info: dma1_8c_a1a8eada7dc2ad3a1ff98e959f84540ad_icgraph.pdf 
 used on input line 301.
(pdftex.def)             Requested size: 350.0pt x 88.6251pt.


[359]
Underfull \hbox (badness 10000) detected at line 314
[][][]
 []

 <./dma1_8c_ab0e210b21ca6001ffa14e4978fad6bb3_icgraph.pdf>
<dma1_8c_ab0e210b21ca6001ffa14e4978fad6bb3_icgraph.pdf, id=22397, 591.20876pt x
 137.51375pt>
File: dma1_8c_ab0e210b21ca6001ffa14e4978fad6bb3_icgraph.pdf Graphic file (type 
pdf)
<use dma1_8c_ab0e210b21ca6001ffa14e4978fad6bb3_icgraph.pdf>
Package pdftex.def Info: dma1_8c_ab0e210b21ca6001ffa14e4978fad6bb3_icgraph.pdf 
 used on input line 327.
(pdftex.def)             Requested size: 350.0pt x 81.41147pt.

Underfull \hbox (badness 10000) detected at line 340
[][][]
 []



[360] <./dma1_8c_aa0772d5e1df3ecc950c3b533e79c8da5_icgraph.pdf>
<dma1_8c_aa0772d5e1df3ecc950c3b533e79c8da5_icgraph.pdf, id=22414, 603.25375pt x
 137.51375pt>
File: dma1_8c_aa0772d5e1df3ecc950c3b533e79c8da5_icgraph.pdf Graphic file (type 
pdf)
<use dma1_8c_aa0772d5e1df3ecc950c3b533e79c8da5_icgraph.pdf>
Package pdftex.def Info: dma1_8c_aa0772d5e1df3ecc950c3b533e79c8da5_icgraph.pdf 
 used on input line 353.
(pdftex.def)             Requested size: 350.0pt x 79.7832pt.

Underfull \hbox (badness 10000) detected at line 366
[][][]
 []


Underfull \hbox (badness 10000) detected at line 384
[][][]
 []

 <./dma1_8c_a588bbb7b8de53c6c248521c065b1c67c_icgraph.pdf>
<dma1_8c_a588bbb7b8de53c6c248521c065b1c67c_icgraph.pdf, id=22422, 915.42pt x 31
3.17pt>
File: dma1_8c_a588bbb7b8de53c6c248521c065b1c67c_icgraph.pdf Graphic file (type 
pdf)
<use dma1_8c_a588bbb7b8de53c6c248521c065b1c67c_icgraph.pdf>
Package pdftex.def Info: dma1_8c_a588bbb7b8de53c6c248521c065b1c67c_icgraph.pdf 
 used on input line 396.
(pdftex.def)             Requested size: 350.0pt x 119.73695pt.


[361]
Underfull \hbox (badness 10000) detected at line 409
[][][]
 []


Underfull \hbox (badness 10000) detected at line 427
[][][]
 []


Underfull \hbox (badness 10000) detected at line 445
[][][]
 []

 <./dma1_8c_aeefadc0b26cc4c9d270b2b9718b0086d_icgraph.pdf>
<dma1_8c_aeefadc0b26cc4c9d270b2b9718b0086d_icgraph.pdf, id=22439, 1060.96375pt 
x 313.17pt>
File: dma1_8c_aeefadc0b26cc4c9d270b2b9718b0086d_icgraph.pdf Graphic file (type 
pdf)
<use dma1_8c_aeefadc0b26cc4c9d270b2b9718b0086d_icgraph.pdf>
Package pdftex.def Info: dma1_8c_aeefadc0b26cc4c9d270b2b9718b0086d_icgraph.pdf 
 used on input line 457.
(pdftex.def)             Requested size: 350.0pt x 103.31296pt.


[362]
Underfull \hbox (badness 10000) detected at line 470
[][][]
 []

 <./dma1_8c_a38dea7a8034b8e6ef64bcdfbfb56d5eb_icgraph.pdf>
<dma1_8c_a38dea7a8034b8e6ef64bcdfbfb56d5eb_icgraph.pdf, id=22456, 380.42125pt x
 99.37125pt>
File: dma1_8c_a38dea7a8034b8e6ef64bcdfbfb56d5eb_icgraph.pdf Graphic file (type 
pdf)
<use dma1_8c_a38dea7a8034b8e6ef64bcdfbfb56d5eb_icgraph.pdf>
Package pdftex.def Info: dma1_8c_a38dea7a8034b8e6ef64bcdfbfb56d5eb_icgraph.pdf 
 used on input line 482.
(pdftex.def)             Requested size: 350.0pt x 91.4272pt.
) (./dma1_8h.tex <./dma1_8h__incl.pdf>
<dma1_8h__incl.pdf, id=22465, 229.85875pt x 165.61874pt>
File: dma1_8h__incl.pdf Graphic file (type pdf)
<use dma1_8h__incl.pdf>
Package pdftex.def Info: dma1_8h__incl.pdf  used on input line 8.
(pdftex.def)             Requested size: 229.0pt x 165.00928pt.


[363] <./dma1_8h__dep__incl.pdf>
<dma1_8h__dep__incl.pdf, id=22480, 803.0pt x 463.7325pt>
File: dma1_8h__dep__incl.pdf Graphic file (type pdf)
<use dma1_8h__dep__incl.pdf>
Package pdftex.def Info: dma1_8h__dep__incl.pdf  used on input line 16.
(pdftex.def)             Requested size: 350.0pt x 202.12534pt.


[364]
Underfull \hbox (badness 10000) detected at line 76
[][][]
 []

 <./dma1_8h_a3897bc2630cc436c8fd1d728f3ee489f_icgraph.pdf>
<dma1_8h_a3897bc2630cc436c8fd1d728f3ee489f_icgraph.pdf, id=22521, 594.22pt x 99
.37125pt>
File: dma1_8h_a3897bc2630cc436c8fd1d728f3ee489f_icgraph.pdf Graphic file (type 
pdf)
<use dma1_8h_a3897bc2630cc436c8fd1d728f3ee489f_icgraph.pdf>
Package pdftex.def Info: dma1_8h_a3897bc2630cc436c8fd1d728f3ee489f_icgraph.pdf 
 used on input line 89.
(pdftex.def)             Requested size: 350.0pt x 58.53299pt.


[365]
Underfull \hbox (badness 10000) detected at line 102
[][][]
 []


Underfull \hbox (badness 10000) detected at line 120
[][][]
 []


Underfull \hbox (badness 10000) detected at line 138
[][][]
 []

 <./dma1_8h_aa2c61b8f6b780b5ba3636e243110b2c0_cgraph.pdf>
<dma1_8h_aa2c61b8f6b780b5ba3636e243110b2c0_cgraph.pdf, id=22552, 386.44376pt x 
210.7875pt>
File: dma1_8h_aa2c61b8f6b780b5ba3636e243110b2c0_cgraph.pdf Graphic file (type p
df)
<use dma1_8h_aa2c61b8f6b780b5ba3636e243110b2c0_cgraph.pdf>
Package pdftex.def Info: dma1_8h_aa2c61b8f6b780b5ba3636e243110b2c0_cgraph.pdf  
used on input line 150.
(pdftex.def)             Requested size: 350.0pt x 190.90991pt.


[366] <./dma1_8h_aa2c61b8f6b780b5ba3636e243110b2c0_icgraph.pdf>
<dma1_8h_aa2c61b8f6b780b5ba3636e243110b2c0_icgraph.pdf, id=22567, 390.45876pt x
 99.37125pt>
File: dma1_8h_aa2c61b8f6b780b5ba3636e243110b2c0_icgraph.pdf Graphic file (type 
pdf)
<use dma1_8h_aa2c61b8f6b780b5ba3636e243110b2c0_icgraph.pdf>
Package pdftex.def Info: dma1_8h_aa2c61b8f6b780b5ba3636e243110b2c0_icgraph.pdf 
 used on input line 158.
(pdftex.def)             Requested size: 350.0pt x 89.07848pt.

Underfull \hbox (badness 10000) detected at line 171
[][][]
 []



[367]
Underfull \hbox (badness 10000) detected at line 189
[][][]
 []


Underfull \hbox (badness 10000) detected at line 207
[][][]
 []

 <./dma1_8h_aa77915adcb3ed8153117994f4c7270c6_icgraph.pdf>
<dma1_8h_aa77915adcb3ed8153117994f4c7270c6_icgraph.pdf, id=22583, 584.1825pt x 
99.37125pt>
File: dma1_8h_aa77915adcb3ed8153117994f4c7270c6_icgraph.pdf Graphic file (type 
pdf)
<use dma1_8h_aa77915adcb3ed8153117994f4c7270c6_icgraph.pdf>
Package pdftex.def Info: dma1_8h_aa77915adcb3ed8153117994f4c7270c6_icgraph.pdf 
 used on input line 220.
(pdftex.def)             Requested size: 350.0pt x 59.53828pt.

Underfull \hbox (badness 10000) detected at line 233
[][][]
 []



[368]
Underfull \hbox (badness 10000) detected at line 251
[][][]
 []

 <./dma1_8h_adcca916ff14153cec2abd8555bed3b80_icgraph.pdf>
<dma1_8h_adcca916ff14153cec2abd8555bed3b80_icgraph.pdf, id=22600, 938.50626pt x
 313.17pt>
File: dma1_8h_adcca916ff14153cec2abd8555bed3b80_icgraph.pdf Graphic file (type 
pdf)
<use dma1_8h_adcca916ff14153cec2abd8555bed3b80_icgraph.pdf>
Package pdftex.def Info: dma1_8h_adcca916ff14153cec2abd8555bed3b80_icgraph.pdf 
 used on input line 263.
(pdftex.def)             Requested size: 350.0pt x 116.78856pt.

Underfull \hbox (badness 10000) detected at line 276
[][][]
 []

 <./dma1_8h_a1a8eada7dc2ad3a1ff98e959f84540ad_icgraph.pdf>
<dma1_8h_a1a8eada7dc2ad3a1ff98e959f84540ad_icgraph.pdf, id=22608, 392.46625pt x
 99.37125pt>
File: dma1_8h_a1a8eada7dc2ad3a1ff98e959f84540ad_icgraph.pdf Graphic file (type 
pdf)
<use dma1_8h_a1a8eada7dc2ad3a1ff98e959f84540ad_icgraph.pdf>
Package pdftex.def Info: dma1_8h_a1a8eada7dc2ad3a1ff98e959f84540ad_icgraph.pdf 
 used on input line 288.
(pdftex.def)             Requested size: 350.0pt x 88.6251pt.


[369]
Underfull \hbox (badness 10000) detected at line 301
[][][]
 []

 <./dma1_8h_ab0e210b21ca6001ffa14e4978fad6bb3_icgraph.pdf>
<dma1_8h_ab0e210b21ca6001ffa14e4978fad6bb3_icgraph.pdf, id=22625, 591.20876pt x
 137.51375pt>
File: dma1_8h_ab0e210b21ca6001ffa14e4978fad6bb3_icgraph.pdf Graphic file (type 
pdf)
<use dma1_8h_ab0e210b21ca6001ffa14e4978fad6bb3_icgraph.pdf>
Package pdftex.def Info: dma1_8h_ab0e210b21ca6001ffa14e4978fad6bb3_icgraph.pdf 
 used on input line 314.
(pdftex.def)             Requested size: 350.0pt x 81.41147pt.

Underfull \hbox (badness 10000) detected at line 327
[][][]
 []



[370] <./dma1_8h_aa0772d5e1df3ecc950c3b533e79c8da5_icgraph.pdf>
<dma1_8h_aa0772d5e1df3ecc950c3b533e79c8da5_icgraph.pdf, id=22642, 603.25375pt x
 137.51375pt>
File: dma1_8h_aa0772d5e1df3ecc950c3b533e79c8da5_icgraph.pdf Graphic file (type 
pdf)
<use dma1_8h_aa0772d5e1df3ecc950c3b533e79c8da5_icgraph.pdf>
Package pdftex.def Info: dma1_8h_aa0772d5e1df3ecc950c3b533e79c8da5_icgraph.pdf 
 used on input line 340.
(pdftex.def)             Requested size: 350.0pt x 79.7832pt.

Underfull \hbox (badness 10000) detected at line 353
[][][]
 []


Underfull \hbox (badness 10000) detected at line 371
[][][]
 []

 <./dma1_8h_a588bbb7b8de53c6c248521c065b1c67c_icgraph.pdf>
<dma1_8h_a588bbb7b8de53c6c248521c065b1c67c_icgraph.pdf, id=22650, 915.42pt x 31
3.17pt>
File: dma1_8h_a588bbb7b8de53c6c248521c065b1c67c_icgraph.pdf Graphic file (type 
pdf)
<use dma1_8h_a588bbb7b8de53c6c248521c065b1c67c_icgraph.pdf>
Package pdftex.def Info: dma1_8h_a588bbb7b8de53c6c248521c065b1c67c_icgraph.pdf 
 used on input line 383.
(pdftex.def)             Requested size: 350.0pt x 119.73695pt.


[371]
Underfull \hbox (badness 10000) detected at line 396
[][][]
 []


Underfull \hbox (badness 10000) detected at line 414
[][][]
 []


Underfull \hbox (badness 10000) detected at line 432
[][][]
 []

 <./dma1_8h_aeefadc0b26cc4c9d270b2b9718b0086d_icgraph.pdf>
<dma1_8h_aeefadc0b26cc4c9d270b2b9718b0086d_icgraph.pdf, id=22668, 1060.96375pt 
x 313.17pt>
File: dma1_8h_aeefadc0b26cc4c9d270b2b9718b0086d_icgraph.pdf Graphic file (type 
pdf)
<use dma1_8h_aeefadc0b26cc4c9d270b2b9718b0086d_icgraph.pdf>
Package pdftex.def Info: dma1_8h_aeefadc0b26cc4c9d270b2b9718b0086d_icgraph.pdf 
 used on input line 444.
(pdftex.def)             Requested size: 350.0pt x 103.31296pt.


[372]
Underfull \hbox (badness 10000) detected at line 457
[][][]
 []

 <./dma1_8h_a38dea7a8034b8e6ef64bcdfbfb56d5eb_icgraph.pdf>
<dma1_8h_a38dea7a8034b8e6ef64bcdfbfb56d5eb_icgraph.pdf, id=22685, 380.42125pt x
 99.37125pt>
File: dma1_8h_a38dea7a8034b8e6ef64bcdfbfb56d5eb_icgraph.pdf Graphic file (type 
pdf)
<use dma1_8h_a38dea7a8034b8e6ef64bcdfbfb56d5eb_icgraph.pdf>
Package pdftex.def Info: dma1_8h_a38dea7a8034b8e6ef64bcdfbfb56d5eb_icgraph.pdf 
 used on input line 469.
(pdftex.def)             Requested size: 350.0pt x 91.4272pt.
)
(./dma1_8h_source.tex

[373]) (./interrupt__manager_8c.tex <./interrupt__manager_8c__incl.pdf>
<interrupt__manager_8c__incl.pdf, id=22721, 1538.74875pt x 331.2375pt>
File: interrupt__manager_8c__incl.pdf Graphic file (type pdf)
<use interrupt__manager_8c__incl.pdf>
Package pdftex.def Info: interrupt__manager_8c__incl.pdf  used on input line 10
.
(pdftex.def)             Requested size: 350.0pt x 75.33894pt.


[374] <./interrupt__manager_8c_a5c526129ee879458dff6755f5768a6e3_icgraph.pdf>
<interrupt__manager_8c_a5c526129ee879458dff6755f5768a6e3_icgraph.pdf, id=22738,
 416.55624pt x 99.37125pt>
File: interrupt__manager_8c_a5c526129ee879458dff6755f5768a6e3_icgraph.pdf Graph
ic file (type pdf)
<use interrupt__manager_8c_a5c526129ee879458dff6755f5768a6e3_icgraph.pdf>
Package pdftex.def Info: interrupt__manager_8c_a5c526129ee879458dff6755f5768a6e
3_icgraph.pdf  used on input line 48.
(pdftex.def)             Requested size: 350.0pt x 83.49857pt.
)
(./interrupt__manager_8h.tex <./interrupt__manager_8h__dep__incl.pdf>
<interrupt__manager_8h__dep__incl.pdf, id=22746, 1775.63374pt x 463.7325pt>
File: interrupt__manager_8h__dep__incl.pdf Graphic file (type pdf)
<use interrupt__manager_8h__dep__incl.pdf>
Package pdftex.def Info: interrupt__manager_8h__dep__incl.pdf  used on input li
ne 8.
(pdftex.def)             Requested size: 350.0pt x 91.40749pt.


[375]

[376] <./interrupt__manager_8h_a5c526129ee879458dff6755f5768a6e3_icgraph.pdf>
<interrupt__manager_8h_a5c526129ee879458dff6755f5768a6e3_icgraph.pdf, id=22789,
 416.55624pt x 99.37125pt>
File: interrupt__manager_8h_a5c526129ee879458dff6755f5768a6e3_icgraph.pdf Graph
ic file (type pdf)
<use interrupt__manager_8h_a5c526129ee879458dff6755f5768a6e3_icgraph.pdf>
Package pdftex.def Info: interrupt__manager_8h_a5c526129ee879458dff6755f5768a6e
3_icgraph.pdf  used on input line 106.
(pdftex.def)             Requested size: 350.0pt x 83.49857pt.
)
(./interrupt__manager_8h_source.tex

[377]) (./mcc_8c.tex <./mcc_8c__incl.pdf>
<mcc_8c__incl.pdf, id=22806, 1424.32124pt x 331.2375pt>
File: mcc_8c__incl.pdf Graphic file (type pdf)
<use mcc_8c__incl.pdf>
Package pdftex.def Info: mcc_8c__incl.pdf  used on input line 9.
(pdftex.def)             Requested size: 350.0pt x 81.39397pt.


[378] <./mcc_8c_a4777dd92514a7e4ef803f9e869006f5d_icgraph.pdf>
<mcc_8c_a4777dd92514a7e4ef803f9e869006f5d_icgraph.pdf, id=22830, 422.57875pt x 
99.37125pt>
File: mcc_8c_a4777dd92514a7e4ef803f9e869006f5d_icgraph.pdf Graphic file (type p
df)
<use mcc_8c_a4777dd92514a7e4ef803f9e869006f5d_icgraph.pdf>
Package pdftex.def Info: mcc_8c_a4777dd92514a7e4ef803f9e869006f5d_icgraph.pdf  
used on input line 37.
(pdftex.def)             Requested size: 350.0pt x 82.30676pt.
 <./mcc_8c_a3668c3c43e59c8e5a64ee0d0383f9ce7_icgraph.pdf>
<mcc_8c_a3668c3c43e59c8e5a64ee0d0383f9ce7_icgraph.pdf, id=22840, 383.4325pt x 9
9.37125pt>
File: mcc_8c_a3668c3c43e59c8e5a64ee0d0383f9ce7_icgraph.pdf Graphic file (type p
df)
<use mcc_8c_a3668c3c43e59c8e5a64ee0d0383f9ce7_icgraph.pdf>
Package pdftex.def Info: mcc_8c_a3668c3c43e59c8e5a64ee0d0383f9ce7_icgraph.pdf  
used on input line 51.
(pdftex.def)             Requested size: 350.0pt x 90.71152pt.
 <./mcc_8c_a5e8391114a0cf91ac20002be25e3d352_cgraph.pdf>
<mcc_8c_a5e8391114a0cf91ac20002be25e3d352_cgraph.pdf, id=22850, 569.12625pt x 1
223.57124pt>
File: mcc_8c_a5e8391114a0cf91ac20002be25e3d352_cgraph.pdf Graphic file (type pd
f)
<use mcc_8c_a5e8391114a0cf91ac20002be25e3d352_cgraph.pdf>
Package pdftex.def Info: mcc_8c_a5e8391114a0cf91ac20002be25e3d352_cgraph.pdf  u
sed on input line 73.
(pdftex.def)             Requested size: 255.81787pt x 550.0pt.


[379] <./mcc_8c_a5e8391114a0cf91ac20002be25e3d352_icgraph.pdf>
<mcc_8c_a5e8391114a0cf91ac20002be25e3d352_icgraph.pdf, id=22867, 260.975pt x 99
.37125pt>
File: mcc_8c_a5e8391114a0cf91ac20002be25e3d352_icgraph.pdf Graphic file (type p
df)
<use mcc_8c_a5e8391114a0cf91ac20002be25e3d352_icgraph.pdf>
Package pdftex.def Info: mcc_8c_a5e8391114a0cf91ac20002be25e3d352_icgraph.pdf  
used on input line 81.
(pdftex.def)             Requested size: 260.0pt x 99.00102pt.


[380] <./mcc_8c_a422d6511489ccb310ab1a1dbbf049d81_icgraph.pdf>
<mcc_8c_a422d6511489ccb310ab1a1dbbf049d81_icgraph.pdf, id=22881, 431.6125pt x 9
9.37125pt>
File: mcc_8c_a422d6511489ccb310ab1a1dbbf049d81_icgraph.pdf Graphic file (type p
df)
<use mcc_8c_a422d6511489ccb310ab1a1dbbf049d81_icgraph.pdf>
Package pdftex.def Info: mcc_8c_a422d6511489ccb310ab1a1dbbf049d81_icgraph.pdf  
used on input line 95.
(pdftex.def)             Requested size: 350.0pt x 80.58427pt.
) (./mcc_8h.tex <./mcc_8h__incl.pdf>
<mcc_8h__incl.pdf, id=22889, 1424.32124pt x 276.03125pt>
File: mcc_8h__incl.pdf Graphic file (type pdf)
<use mcc_8h__incl.pdf>
Package pdftex.def Info: mcc_8h__incl.pdf  used on input line 29.
(pdftex.def)             Requested size: 350.0pt x 67.82831pt.


[381] <./mcc_8h__dep__incl.pdf>
<mcc_8h__dep__incl.pdf, id=22904, 803.0pt x 397.485pt>
File: mcc_8h__dep__incl.pdf Graphic file (type pdf)
<use mcc_8h__dep__incl.pdf>
Package pdftex.def Info: mcc_8h__dep__incl.pdf  used on input line 37.
(pdftex.def)             Requested size: 350.0pt x 173.25029pt.
 <./mcc_8h_a4777dd92514a7e4ef803f9e869006f5d_icgraph.pdf>
<mcc_8h_a4777dd92514a7e4ef803f9e869006f5d_icgraph.pdf, id=22917, 422.57875pt x 
99.37125pt>
File: mcc_8h_a4777dd92514a7e4ef803f9e869006f5d_icgraph.pdf Graphic file (type p
df)
<use mcc_8h_a4777dd92514a7e4ef803f9e869006f5d_icgraph.pdf>
Package pdftex.def Info: mcc_8h_a4777dd92514a7e4ef803f9e869006f5d_icgraph.pdf  
used on input line 65.
(pdftex.def)             Requested size: 350.0pt x 82.30676pt.


[382] <./mcc_8h_a3668c3c43e59c8e5a64ee0d0383f9ce7_icgraph.pdf>
<mcc_8h_a3668c3c43e59c8e5a64ee0d0383f9ce7_icgraph.pdf, id=22937, 383.4325pt x 9
9.37125pt>
File: mcc_8h_a3668c3c43e59c8e5a64ee0d0383f9ce7_icgraph.pdf Graphic file (type p
df)
<use mcc_8h_a3668c3c43e59c8e5a64ee0d0383f9ce7_icgraph.pdf>
Package pdftex.def Info: mcc_8h_a3668c3c43e59c8e5a64ee0d0383f9ce7_icgraph.pdf  
used on input line 79.
(pdftex.def)             Requested size: 350.0pt x 90.71152pt.
 <./mcc_8h_a5e8391114a0cf91ac20002be25e3d352_cgraph.pdf>
<mcc_8h_a5e8391114a0cf91ac20002be25e3d352_cgraph.pdf, id=22950, 569.12625pt x 1
223.57124pt>
File: mcc_8h_a5e8391114a0cf91ac20002be25e3d352_cgraph.pdf Graphic file (type pd
f)
<use mcc_8h_a5e8391114a0cf91ac20002be25e3d352_cgraph.pdf>
Package pdftex.def Info: mcc_8h_a5e8391114a0cf91ac20002be25e3d352_cgraph.pdf  u
sed on input line 111.
(pdftex.def)             Requested size: 255.81787pt x 550.0pt.


[383] <./mcc_8h_a5e8391114a0cf91ac20002be25e3d352_icgraph.pdf>
<mcc_8h_a5e8391114a0cf91ac20002be25e3d352_icgraph.pdf, id=22966, 260.975pt x 99
.37125pt>
File: mcc_8h_a5e8391114a0cf91ac20002be25e3d352_icgraph.pdf Graphic file (type p
df)
<use mcc_8h_a5e8391114a0cf91ac20002be25e3d352_icgraph.pdf>
Package pdftex.def Info: mcc_8h_a5e8391114a0cf91ac20002be25e3d352_icgraph.pdf  
used on input line 119.
(pdftex.def)             Requested size: 260.0pt x 99.00102pt.


[384] <./mcc_8h_a422d6511489ccb310ab1a1dbbf049d81_icgraph.pdf>
<mcc_8h_a422d6511489ccb310ab1a1dbbf049d81_icgraph.pdf, id=22980, 431.6125pt x 9
9.37125pt>
File: mcc_8h_a422d6511489ccb310ab1a1dbbf049d81_icgraph.pdf Graphic file (type p
df)
<use mcc_8h_a422d6511489ccb310ab1a1dbbf049d81_icgraph.pdf>
Package pdftex.def Info: mcc_8h_a422d6511489ccb310ab1a1dbbf049d81_icgraph.pdf  
used on input line 133.
(pdftex.def)             Requested size: 350.0pt x 80.58427pt.
)
(./mcc_8h_source.tex

[385]) (./pin__manager_8c.tex <./pin__manager_8c__incl.pdf>
<pin__manager_8c__incl.pdf, id=23018, 304.13625pt x 220.825pt>
File: pin__manager_8c__incl.pdf Graphic file (type pdf)
<use pin__manager_8c__incl.pdf>
Package pdftex.def Info: pin__manager_8c__incl.pdf  used on input line 10.
(pdftex.def)             Requested size: 303.0pt x 220.00565pt.


[386] <./pin__manager_8c_a5859f756df03529d19a7e13b42a28290_cgraph.pdf>
<pin__manager_8c_a5859f756df03529d19a7e13b42a28290_cgraph.pdf, id=23051, 259.97
125pt x 173.64874pt>
File: pin__manager_8c_a5859f756df03529d19a7e13b42a28290_cgraph.pdf Graphic file
 (type pdf)
<use pin__manager_8c_a5859f756df03529d19a7e13b42a28290_cgraph.pdf>
Package pdftex.def Info: pin__manager_8c_a5859f756df03529d19a7e13b42a28290_cgra
ph.pdf  used on input line 61.
(pdftex.def)             Requested size: 259.0pt x 172.99915pt.
 <./pin__manager_8c_a12e52790ce38ae73a97a3a205f9b22cf_icgraph.pdf>
<pin__manager_8c_a12e52790ce38ae73a97a3a205f9b22cf_icgraph.pdf, id=23059, 644.4
075pt x 99.37125pt>
File: pin__manager_8c_a12e52790ce38ae73a97a3a205f9b22cf_icgraph.pdf Graphic fil
e (type pdf)
<use pin__manager_8c_a12e52790ce38ae73a97a3a205f9b22cf_icgraph.pdf>
Package pdftex.def Info: pin__manager_8c_a12e52790ce38ae73a97a3a205f9b22cf_icgr
aph.pdf  used on input line 75.
(pdftex.def)             Requested size: 350.0pt x 53.97354pt.


[387] <./pin__manager_8c_ad350daa57305edeeded8b1f02ba0cc8d_icgraph.pdf>
<pin__manager_8c_ad350daa57305edeeded8b1f02ba0cc8d_icgraph.pdf, id=23086, 259.9
7125pt x 99.37125pt>
File: pin__manager_8c_ad350daa57305edeeded8b1f02ba0cc8d_icgraph.pdf Graphic fil
e (type pdf)
<use pin__manager_8c_ad350daa57305edeeded8b1f02ba0cc8d_icgraph.pdf>
Package pdftex.def Info: pin__manager_8c_ad350daa57305edeeded8b1f02ba0cc8d_icgr
aph.pdf  used on input line 89.
(pdftex.def)             Requested size: 259.0pt x 98.99951pt.
 <./pin__manager_8c_a09d5a0d509182455167ed15159102378_icgraph.pdf>
<pin__manager_8c_a09d5a0d509182455167ed15159102378_icgraph.pdf, id=23094, 624.3
325pt x 136.51pt>
File: pin__manager_8c_a09d5a0d509182455167ed15159102378_icgraph.pdf Graphic fil
e (type pdf)
<use pin__manager_8c_a09d5a0d509182455167ed15159102378_icgraph.pdf>
Package pdftex.def Info: pin__manager_8c_a09d5a0d509182455167ed15159102378_icgr
aph.pdf  used on input line 103.
(pdftex.def)             Requested size: 350.0pt x 76.52838pt.
 <./pin__manager_8c_a0620991f9d31d5ee10705144cb174ecd_icgraph.pdf>
<pin__manager_8c_a0620991f9d31d5ee10705144cb174ecd_icgraph.pdf, id=23102, 644.4
075pt x 99.37125pt>
File: pin__manager_8c_a0620991f9d31d5ee10705144cb174ecd_icgraph.pdf Graphic fil
e (type pdf)
<use pin__manager_8c_a0620991f9d31d5ee10705144cb174ecd_icgraph.pdf>
Package pdftex.def Info: pin__manager_8c_a0620991f9d31d5ee10705144cb174ecd_icgr
aph.pdf  used on input line 117.
(pdftex.def)             Requested size: 350.0pt x 53.97354pt.
 <./pin__manager_8c_a5a456cab2f066c25868c40f88cf6e3aa_icgraph.pdf>
<pin__manager_8c_a5a456cab2f066c25868c40f88cf6e3aa_icgraph.pdf, id=23110, 259.9
7125pt x 99.37125pt>
File: pin__manager_8c_a5a456cab2f066c25868c40f88cf6e3aa_icgraph.pdf Graphic fil
e (type pdf)
<use pin__manager_8c_a5a456cab2f066c25868c40f88cf6e3aa_icgraph.pdf>
Package pdftex.def Info: pin__manager_8c_a5a456cab2f066c25868c40f88cf6e3aa_icgr
aph.pdf  used on input line 131.
(pdftex.def)             Requested size: 259.0pt x 98.99951pt.


[388] <./pin__manager_8c_a9b1cfadd3a504b49586f50260cafa86e_icgraph.pdf>
<pin__manager_8c_a9b1cfadd3a504b49586f50260cafa86e_icgraph.pdf, id=23126, 624.3
325pt x 136.51pt>
File: pin__manager_8c_a9b1cfadd3a504b49586f50260cafa86e_icgraph.pdf Graphic fil
e (type pdf)
<use pin__manager_8c_a9b1cfadd3a504b49586f50260cafa86e_icgraph.pdf>
Package pdftex.def Info: pin__manager_8c_a9b1cfadd3a504b49586f50260cafa86e_icgr
aph.pdf  used on input line 145.
(pdftex.def)             Requested size: 350.0pt x 76.52838pt.
 <./pin__manager_8c_ac9054b72a9bca17ec4c32a8ec699dda3_icgraph.pdf>
<pin__manager_8c_ac9054b72a9bca17ec4c32a8ec699dda3_icgraph.pdf, id=23134, 644.4
075pt x 99.37125pt>
File: pin__manager_8c_ac9054b72a9bca17ec4c32a8ec699dda3_icgraph.pdf Graphic fil
e (type pdf)
<use pin__manager_8c_ac9054b72a9bca17ec4c32a8ec699dda3_icgraph.pdf>
Package pdftex.def Info: pin__manager_8c_ac9054b72a9bca17ec4c32a8ec699dda3_icgr
aph.pdf  used on input line 159.
(pdftex.def)             Requested size: 350.0pt x 53.97354pt.
 <./pin__manager_8c_a45360d924db5e0a36a97048d6d9630e8_icgraph.pdf>
<pin__manager_8c_a45360d924db5e0a36a97048d6d9630e8_icgraph.pdf, id=23142, 259.9
7125pt x 99.37125pt>
File: pin__manager_8c_a45360d924db5e0a36a97048d6d9630e8_icgraph.pdf Graphic fil
e (type pdf)
<use pin__manager_8c_a45360d924db5e0a36a97048d6d9630e8_icgraph.pdf>
Package pdftex.def Info: pin__manager_8c_a45360d924db5e0a36a97048d6d9630e8_icgr
aph.pdf  used on input line 173.
(pdftex.def)             Requested size: 259.0pt x 98.99951pt.


[389] <./pin__manager_8c_a8f2e0852fe8f564197ce780d43a4ae2e_icgraph.pdf>
<pin__manager_8c_a8f2e0852fe8f564197ce780d43a4ae2e_icgraph.pdf, id=23159, 624.3
325pt x 136.51pt>
File: pin__manager_8c_a8f2e0852fe8f564197ce780d43a4ae2e_icgraph.pdf Graphic fil
e (type pdf)
<use pin__manager_8c_a8f2e0852fe8f564197ce780d43a4ae2e_icgraph.pdf>
Package pdftex.def Info: pin__manager_8c_a8f2e0852fe8f564197ce780d43a4ae2e_icgr
aph.pdf  used on input line 187.
(pdftex.def)             Requested size: 350.0pt x 76.52838pt.

Overfull \hbox (27.46063pt too wide) in paragraph at lines 196--197
[]\T1/phv/m/n/10 @[]Param none @[]Returns none @[]Description GPIO and pe-riph-
eral I/O ini-tial-iza-tion @[]Example [];
 []

 <./pin__manager_8c_a50357774183a136d9490f64ad0d5c6cb_cgraph.pdf>
<pin__manager_8c_a50357774183a136d9490f64ad0d5c6cb_cgraph.pdf, id=23168, 427.59
75pt x 285.065pt>
File: pin__manager_8c_a50357774183a136d9490f64ad0d5c6cb_cgraph.pdf Graphic file
 (type pdf)
<use pin__manager_8c_a50357774183a136d9490f64ad0d5c6cb_cgraph.pdf>
Package pdftex.def Info: pin__manager_8c_a50357774183a136d9490f64ad0d5c6cb_cgra
ph.pdf  used on input line 215.
(pdftex.def)             Requested size: 350.0pt x 233.33289pt.


[390] <./pin__manager_8c_a50357774183a136d9490f64ad0d5c6cb_icgraph.pdf>
<pin__manager_8c_a50357774183a136d9490f64ad0d5c6cb_icgraph.pdf, id=23184, 433.6
2pt x 99.37125pt>
File: pin__manager_8c_a50357774183a136d9490f64ad0d5c6cb_icgraph.pdf Graphic fil
e (type pdf)
<use pin__manager_8c_a50357774183a136d9490f64ad0d5c6cb_icgraph.pdf>
Package pdftex.def Info: pin__manager_8c_a50357774183a136d9490f64ad0d5c6cb_icgr
aph.pdf  used on input line 223.
(pdftex.def)             Requested size: 350.0pt x 80.21278pt.


[391]) (./pin__manager_8h.tex <./pin__manager_8h__incl.pdf>
<pin__manager_8h__incl.pdf, id=23205, 229.85875pt x 165.61874pt>
File: pin__manager_8h__incl.pdf Graphic file (type pdf)
<use pin__manager_8h__incl.pdf>
Package pdftex.def Info: pin__manager_8h__incl.pdf  used on input line 9.
(pdftex.def)             Requested size: 229.0pt x 165.00928pt.
 <./pin__manager_8h__dep__incl.pdf>
<pin__manager_8h__dep__incl.pdf, id=23213, 907.39pt x 529.98pt>
File: pin__manager_8h__dep__incl.pdf Graphic file (type pdf)
<use pin__manager_8h__dep__incl.pdf>
Package pdftex.def Info: pin__manager_8h__dep__incl.pdf  used on input line 17.

(pdftex.def)             Requested size: 350.0pt x 204.42705pt.


[392]

[393]

[394]

[395]

[396]

[397]

[398]

[399]

[400]

[401]

[402]

[403]

[404]

[405]

[406]

[407]

[408]

[409]

[410]

[411]

[412]

[413]

[414]

[415]

[416]

[417]

[418]

[419]

[420]

[421]

[422]

[423]

[424]

[425]

[426]

[427]

[428]

[429]

[430]

[431]

[432]

[433]

[434]

[435]

[436]

[437]

[438]

[439]

[440]

[441]

[442]

[443]

[444]

[445]

[446]

[447]

[448]

[449]

[450]

[451]

[452]

[453]

[454]

[455]

[456]

[457]

[458]

[459]

[460]

[461]

[462]

[463]

[464]

[465] <./pin__manager_8h_a12e52790ce38ae73a97a3a205f9b22cf_icgraph.pdf>
<pin__manager_8h_a12e52790ce38ae73a97a3a205f9b22cf_icgraph.pdf, id=24535, 644.4
075pt x 99.37125pt>
File: pin__manager_8h_a12e52790ce38ae73a97a3a205f9b22cf_icgraph.pdf Graphic fil
e (type pdf)
<use pin__manager_8h_a12e52790ce38ae73a97a3a205f9b22cf_icgraph.pdf>
Package pdftex.def Info: pin__manager_8h_a12e52790ce38ae73a97a3a205f9b22cf_icgr
aph.pdf  used on input line 5778.
(pdftex.def)             Requested size: 350.0pt x 53.97354pt.


[466] <./pin__manager_8h_ad350daa57305edeeded8b1f02ba0cc8d_icgraph.pdf>
<pin__manager_8h_ad350daa57305edeeded8b1f02ba0cc8d_icgraph.pdf, id=24548, 259.9
7125pt x 99.37125pt>
File: pin__manager_8h_ad350daa57305edeeded8b1f02ba0cc8d_icgraph.pdf Graphic fil
e (type pdf)
<use pin__manager_8h_ad350daa57305edeeded8b1f02ba0cc8d_icgraph.pdf>
Package pdftex.def Info: pin__manager_8h_ad350daa57305edeeded8b1f02ba0cc8d_icgr
aph.pdf  used on input line 5794.
(pdftex.def)             Requested size: 259.0pt x 98.99951pt.
 <./pin__manager_8h_a09d5a0d509182455167ed15159102378_icgraph.pdf>
<pin__manager_8h_a09d5a0d509182455167ed15159102378_icgraph.pdf, id=24557, 624.3
325pt x 136.51pt>
File: pin__manager_8h_a09d5a0d509182455167ed15159102378_icgraph.pdf Graphic fil
e (type pdf)
<use pin__manager_8h_a09d5a0d509182455167ed15159102378_icgraph.pdf>
Package pdftex.def Info: pin__manager_8h_a09d5a0d509182455167ed15159102378_icgr
aph.pdf  used on input line 5820.
(pdftex.def)             Requested size: 350.0pt x 76.52838pt.


[467] <./pin__manager_8h_a0620991f9d31d5ee10705144cb174ecd_icgraph.pdf>
<pin__manager_8h_a0620991f9d31d5ee10705144cb174ecd_icgraph.pdf, id=24575, 644.4
075pt x 99.37125pt>
File: pin__manager_8h_a0620991f9d31d5ee10705144cb174ecd_icgraph.pdf Graphic fil
e (type pdf)
<use pin__manager_8h_a0620991f9d31d5ee10705144cb174ecd_icgraph.pdf>
Package pdftex.def Info: pin__manager_8h_a0620991f9d31d5ee10705144cb174ecd_icgr
aph.pdf  used on input line 5846.
(pdftex.def)             Requested size: 350.0pt x 53.97354pt.
 <./pin__manager_8h_a5a456cab2f066c25868c40f88cf6e3aa_icgraph.pdf>
<pin__manager_8h_a5a456cab2f066c25868c40f88cf6e3aa_icgraph.pdf, id=24584, 259.9
7125pt x 99.37125pt>
File: pin__manager_8h_a5a456cab2f066c25868c40f88cf6e3aa_icgraph.pdf Graphic fil
e (type pdf)
<use pin__manager_8h_a5a456cab2f066c25868c40f88cf6e3aa_icgraph.pdf>
Package pdftex.def Info: pin__manager_8h_a5a456cab2f066c25868c40f88cf6e3aa_icgr
aph.pdf  used on input line 5862.
(pdftex.def)             Requested size: 259.0pt x 98.99951pt.


[468] <./pin__manager_8h_a9b1cfadd3a504b49586f50260cafa86e_icgraph.pdf>
<pin__manager_8h_a9b1cfadd3a504b49586f50260cafa86e_icgraph.pdf, id=24600, 624.3
325pt x 136.51pt>
File: pin__manager_8h_a9b1cfadd3a504b49586f50260cafa86e_icgraph.pdf Graphic fil
e (type pdf)
<use pin__manager_8h_a9b1cfadd3a504b49586f50260cafa86e_icgraph.pdf>
Package pdftex.def Info: pin__manager_8h_a9b1cfadd3a504b49586f50260cafa86e_icgr
aph.pdf  used on input line 5888.
(pdftex.def)             Requested size: 350.0pt x 76.52838pt.
 <./pin__manager_8h_ac9054b72a9bca17ec4c32a8ec699dda3_icgraph.pdf>
<pin__manager_8h_ac9054b72a9bca17ec4c32a8ec699dda3_icgraph.pdf, id=24610, 644.4
075pt x 99.37125pt>
File: pin__manager_8h_ac9054b72a9bca17ec4c32a8ec699dda3_icgraph.pdf Graphic fil
e (type pdf)
<use pin__manager_8h_ac9054b72a9bca17ec4c32a8ec699dda3_icgraph.pdf>
Package pdftex.def Info: pin__manager_8h_ac9054b72a9bca17ec4c32a8ec699dda3_icgr
aph.pdf  used on input line 5914.
(pdftex.def)             Requested size: 350.0pt x 53.97354pt.


[469] <./pin__manager_8h_a45360d924db5e0a36a97048d6d9630e8_icgraph.pdf>
<pin__manager_8h_a45360d924db5e0a36a97048d6d9630e8_icgraph.pdf, id=24626, 259.9
7125pt x 99.37125pt>
File: pin__manager_8h_a45360d924db5e0a36a97048d6d9630e8_icgraph.pdf Graphic fil
e (type pdf)
<use pin__manager_8h_a45360d924db5e0a36a97048d6d9630e8_icgraph.pdf>
Package pdftex.def Info: pin__manager_8h_a45360d924db5e0a36a97048d6d9630e8_icgr
aph.pdf  used on input line 5930.
(pdftex.def)             Requested size: 259.0pt x 98.99951pt.
 <./pin__manager_8h_a8f2e0852fe8f564197ce780d43a4ae2e_icgraph.pdf>
<pin__manager_8h_a8f2e0852fe8f564197ce780d43a4ae2e_icgraph.pdf, id=24635, 624.3
325pt x 136.51pt>
File: pin__manager_8h_a8f2e0852fe8f564197ce780d43a4ae2e_icgraph.pdf Graphic fil
e (type pdf)
<use pin__manager_8h_a8f2e0852fe8f564197ce780d43a4ae2e_icgraph.pdf>
Package pdftex.def Info: pin__manager_8h_a8f2e0852fe8f564197ce780d43a4ae2e_icgr
aph.pdf  used on input line 5956.
(pdftex.def)             Requested size: 350.0pt x 76.52838pt.


[470]
Overfull \hbox (27.46063pt too wide) in paragraph at lines 5965--5966
[]\T1/phv/m/n/10 @[]Param none @[]Returns none @[]Description GPIO and pe-riph-
eral I/O ini-tial-iza-tion @[]Example [];
 []

 <./pin__manager_8h_a50357774183a136d9490f64ad0d5c6cb_cgraph.pdf>
<pin__manager_8h_a50357774183a136d9490f64ad0d5c6cb_cgraph.pdf, id=24652, 427.59
75pt x 285.065pt>
File: pin__manager_8h_a50357774183a136d9490f64ad0d5c6cb_cgraph.pdf Graphic file
 (type pdf)
<use pin__manager_8h_a50357774183a136d9490f64ad0d5c6cb_cgraph.pdf>
Package pdftex.def Info: pin__manager_8h_a50357774183a136d9490f64ad0d5c6cb_cgra
ph.pdf  used on input line 5984.
(pdftex.def)             Requested size: 350.0pt x 233.33289pt.


[471] <./pin__manager_8h_a50357774183a136d9490f64ad0d5c6cb_icgraph.pdf>
<pin__manager_8h_a50357774183a136d9490f64ad0d5c6cb_icgraph.pdf, id=24666, 433.6
2pt x 99.37125pt>
File: pin__manager_8h_a50357774183a136d9490f64ad0d5c6cb_icgraph.pdf Graphic fil
e (type pdf)
<use pin__manager_8h_a50357774183a136d9490f64ad0d5c6cb_icgraph.pdf>
Package pdftex.def Info: pin__manager_8h_a50357774183a136d9490f64ad0d5c6cb_icgr
aph.pdf  used on input line 5992.
(pdftex.def)             Requested size: 350.0pt x 80.21278pt.


[472]) (./pin__manager_8h_source.tex

[473]

[474]

[475]

[476]

[477]

[478]

[479]

[480]) (./spi1_8c.tex <./spi1_8c__incl.pdf>
<spi1_8c__incl.pdf, id=24737, 283.0575pt x 220.825pt>
File: spi1_8c__incl.pdf Graphic file (type pdf)
<use spi1_8c__incl.pdf>
Package pdftex.def Info: spi1_8c__incl.pdf  used on input line 9.
(pdftex.def)             Requested size: 282.0pt x 220.01912pt.


[481] <./spi1_8c_a5ca38ee9c820ae41a0c2e751e9fbb9a2_icgraph.pdf>
<spi1_8c_a5ca38ee9c820ae41a0c2e751e9fbb9a2_icgraph.pdf, id=24775, 762.85pt x 24
9.93375pt>
File: spi1_8c_a5ca38ee9c820ae41a0c2e751e9fbb9a2_icgraph.pdf Graphic file (type 
pdf)
<use spi1_8c_a5ca38ee9c820ae41a0c2e751e9fbb9a2_icgraph.pdf>
Package pdftex.def Info: spi1_8c_a5ca38ee9c820ae41a0c2e751e9fbb9a2_icgraph.pdf 
 used on input line 57.
(pdftex.def)             Requested size: 350.0pt x 114.66963pt.
 <./spi1_8c_ae07af4d41776972ec7a7691cec4ca0c4_icgraph.pdf>
<spi1_8c_ae07af4d41776972ec7a7691cec4ca0c4_icgraph.pdf, id=24783, 326.21875pt x
 136.51pt>
File: spi1_8c_ae07af4d41776972ec7a7691cec4ca0c4_icgraph.pdf Graphic file (type 
pdf)
<use spi1_8c_ae07af4d41776972ec7a7691cec4ca0c4_icgraph.pdf>
Package pdftex.def Info: spi1_8c_ae07af4d41776972ec7a7691cec4ca0c4_icgraph.pdf 
 used on input line 70.
(pdftex.def)             Requested size: 325.0pt x 136.01183pt.
 <./spi1_8c_a0607cad7a6b302950091fea719146a54_icgraph.pdf>
<spi1_8c_a0607cad7a6b302950091fea719146a54_icgraph.pdf, id=24791, 382.42876pt x
 99.37125pt>
File: spi1_8c_a0607cad7a6b302950091fea719146a54_icgraph.pdf Graphic file (type 
pdf)
<use spi1_8c_a0607cad7a6b302950091fea719146a54_icgraph.pdf>
Package pdftex.def Info: spi1_8c_a0607cad7a6b302950091fea719146a54_icgraph.pdf 
 used on input line 84.
(pdftex.def)             Requested size: 350.0pt x 90.94957pt.


[482] <./spi1_8c_a0d9ea49076af2ddeec759efe4fadc70a_cgraph.pdf>
<spi1_8c_a0d9ea49076af2ddeec759efe4fadc70a_cgraph.pdf, id=24807, 325.215pt x 99
.37125pt>
File: spi1_8c_a0d9ea49076af2ddeec759efe4fadc70a_cgraph.pdf Graphic file (type p
df)
<use spi1_8c_a0d9ea49076af2ddeec759efe4fadc70a_cgraph.pdf>
Package pdftex.def Info: spi1_8c_a0d9ea49076af2ddeec759efe4fadc70a_cgraph.pdf  
used on input line 103.
(pdftex.def)             Requested size: 324.0pt x 99.00708pt.
 <./spi1_8c_af8e73470ce8af7f2ce8fd04990162caf_cgraph.pdf>
<spi1_8c_af8e73470ce8af7f2ce8fd04990162caf_cgraph.pdf, id=24815, 326.21875pt x 
99.37125pt>
File: spi1_8c_af8e73470ce8af7f2ce8fd04990162caf_cgraph.pdf Graphic file (type p
df)
<use spi1_8c_af8e73470ce8af7f2ce8fd04990162caf_cgraph.pdf>
Package pdftex.def Info: spi1_8c_af8e73470ce8af7f2ce8fd04990162caf_cgraph.pdf  
used on input line 122.
(pdftex.def)             Requested size: 325.0pt x 99.0086pt.


[483]) (./spi1_8h.tex <./spi1_8h__incl.pdf>
<spi1_8h__incl.pdf, id=24830, 283.0575pt x 165.61874pt>
File: spi1_8h__incl.pdf Graphic file (type pdf)
<use spi1_8h__incl.pdf>
Package pdftex.def Info: spi1_8h__incl.pdf  used on input line 10.
(pdftex.def)             Requested size: 282.0pt x 165.01434pt.
 <./spi1_8h__dep__incl.pdf>
<spi1_8h__dep__incl.pdf, id=24838, 803.0pt x 463.7325pt>
File: spi1_8h__dep__incl.pdf Graphic file (type pdf)
<use spi1_8h__dep__incl.pdf>
Package pdftex.def Info: spi1_8h__dep__incl.pdf  used on input line 18.
(pdftex.def)             Requested size: 350.0pt x 202.12534pt.


[484]

[485] <./spi1_8h_a5ca38ee9c820ae41a0c2e751e9fbb9a2_icgraph.pdf>
<spi1_8h_a5ca38ee9c820ae41a0c2e751e9fbb9a2_icgraph.pdf, id=24888, 762.85pt x 24
9.93375pt>
File: spi1_8h_a5ca38ee9c820ae41a0c2e751e9fbb9a2_icgraph.pdf Graphic file (type 
pdf)
<use spi1_8h_a5ca38ee9c820ae41a0c2e751e9fbb9a2_icgraph.pdf>
Package pdftex.def Info: spi1_8h_a5ca38ee9c820ae41a0c2e751e9fbb9a2_icgraph.pdf 
 used on input line 90.
(pdftex.def)             Requested size: 350.0pt x 114.66963pt.
 <./spi1_8h_ae07af4d41776972ec7a7691cec4ca0c4_icgraph.pdf>
<spi1_8h_ae07af4d41776972ec7a7691cec4ca0c4_icgraph.pdf, id=24896, 326.21875pt x
 136.51pt>
File: spi1_8h_ae07af4d41776972ec7a7691cec4ca0c4_icgraph.pdf Graphic file (type 
pdf)
<use spi1_8h_ae07af4d41776972ec7a7691cec4ca0c4_icgraph.pdf>
Package pdftex.def Info: spi1_8h_ae07af4d41776972ec7a7691cec4ca0c4_icgraph.pdf 
 used on input line 103.
(pdftex.def)             Requested size: 325.0pt x 136.01183pt.
 <./spi1_8h_a0607cad7a6b302950091fea719146a54_icgraph.pdf>
<spi1_8h_a0607cad7a6b302950091fea719146a54_icgraph.pdf, id=24904, 382.42876pt x
 99.37125pt>
File: spi1_8h_a0607cad7a6b302950091fea719146a54_icgraph.pdf Graphic file (type 
pdf)
<use spi1_8h_a0607cad7a6b302950091fea719146a54_icgraph.pdf>
Package pdftex.def Info: spi1_8h_a0607cad7a6b302950091fea719146a54_icgraph.pdf 
 used on input line 117.
(pdftex.def)             Requested size: 350.0pt x 90.94957pt.


[486] <./spi1_8h_a0d9ea49076af2ddeec759efe4fadc70a_cgraph.pdf>
<spi1_8h_a0d9ea49076af2ddeec759efe4fadc70a_cgraph.pdf, id=24920, 325.215pt x 99
.37125pt>
File: spi1_8h_a0d9ea49076af2ddeec759efe4fadc70a_cgraph.pdf Graphic file (type p
df)
<use spi1_8h_a0d9ea49076af2ddeec759efe4fadc70a_cgraph.pdf>
Package pdftex.def Info: spi1_8h_a0d9ea49076af2ddeec759efe4fadc70a_cgraph.pdf  
used on input line 136.
(pdftex.def)             Requested size: 324.0pt x 99.00708pt.
 <./spi1_8h_af8e73470ce8af7f2ce8fd04990162caf_cgraph.pdf>
<spi1_8h_af8e73470ce8af7f2ce8fd04990162caf_cgraph.pdf, id=24928, 326.21875pt x 
99.37125pt>
File: spi1_8h_af8e73470ce8af7f2ce8fd04990162caf_cgraph.pdf Graphic file (type p
df)
<use spi1_8h_af8e73470ce8af7f2ce8fd04990162caf_cgraph.pdf>
Package pdftex.def Info: spi1_8h_af8e73470ce8af7f2ce8fd04990162caf_cgraph.pdf  
used on input line 155.
(pdftex.def)             Requested size: 325.0pt x 99.0086pt.


[487]) (./spi1_8h_source.tex

[488]) (./tmr0_8c.tex <./tmr0_8c__incl.pdf>
<tmr0_8c__incl.pdf, id=24963, 320.19624pt x 220.825pt>
File: tmr0_8c__incl.pdf Graphic file (type pdf)
<use tmr0_8c__incl.pdf>
Package pdftex.def Info: tmr0_8c__incl.pdf  used on input line 11.
(pdftex.def)             Requested size: 319.0pt x 220.00227pt.


[489] <./tmr0_8c_aab6153f25bf68ecb07d33a269e5b8dc4_icgraph.pdf>
<tmr0_8c_aab6153f25bf68ecb07d33a269e5b8dc4_icgraph.pdf, id=25000, 592.2125pt x 
99.37125pt>
File: tmr0_8c_aab6153f25bf68ecb07d33a269e5b8dc4_icgraph.pdf Graphic file (type 
pdf)
<use tmr0_8c_aab6153f25bf68ecb07d33a269e5b8dc4_icgraph.pdf>
Package pdftex.def Info: tmr0_8c_aab6153f25bf68ecb07d33a269e5b8dc4_icgraph.pdf 
 used on input line 68.
(pdftex.def)             Requested size: 350.0pt x 58.73012pt.
 <./tmr0_8c_a73398a18b711af030af4db3c4c6c15e1_cgraph.pdf>
<tmr0_8c_a73398a18b711af030af4db3c4c6c15e1_cgraph.pdf, id=25011, 375.4025pt x 1
36.51pt>
File: tmr0_8c_a73398a18b711af030af4db3c4c6c15e1_cgraph.pdf Graphic file (type p
df)
<use tmr0_8c_a73398a18b711af030af4db3c4c6c15e1_cgraph.pdf>
Package pdftex.def Info: tmr0_8c_a73398a18b711af030af4db3c4c6c15e1_cgraph.pdf  
used on input line 103.
(pdftex.def)             Requested size: 350.0pt x 127.28pt.


[490] <./tmr0_8c_a73398a18b711af030af4db3c4c6c15e1_icgraph.pdf>
<tmr0_8c_a73398a18b711af030af4db3c4c6c15e1_icgraph.pdf, id=25025, 389.455pt x 9
9.37125pt>
File: tmr0_8c_a73398a18b711af030af4db3c4c6c15e1_icgraph.pdf Graphic file (type 
pdf)
<use tmr0_8c_a73398a18b711af030af4db3c4c6c15e1_icgraph.pdf>
Package pdftex.def Info: tmr0_8c_a73398a18b711af030af4db3c4c6c15e1_icgraph.pdf 
 used on input line 111.
(pdftex.def)             Requested size: 350.0pt x 89.30743pt.

Underfull \hbox (badness 10000) in paragraph at lines 134--135
[]\T1/pcr/m/n/10 Read the current value of TMR0 if(0 == []) { Do something
 []



[491] <./tmr0_8c_a1b6adc623040b0e791871a0f9652a67f_icgraph.pdf>
<tmr0_8c_a1b6adc623040b0e791871a0f9652a67f_icgraph.pdf, id=25048, 572.1375pt x 
118.4425pt>
File: tmr0_8c_a1b6adc623040b0e791871a0f9652a67f_icgraph.pdf Graphic file (type 
pdf)
<use tmr0_8c_a1b6adc623040b0e791871a0f9652a67f_icgraph.pdf>
Package pdftex.def Info: tmr0_8c_a1b6adc623040b0e791871a0f9652a67f_icgraph.pdf 
 used on input line 175.
(pdftex.def)             Requested size: 350.0pt x 72.45584pt.
 <./tmr0_8c_a3e1b5e411afd874143ff241d08e52e07_icgraph.pdf>
<tmr0_8c_a3e1b5e411afd874143ff241d08e52e07_icgraph.pdf, id=25057, 258.9675pt x 
99.37125pt>
File: tmr0_8c_a3e1b5e411afd874143ff241d08e52e07_icgraph.pdf Graphic file (type 
pdf)
<use tmr0_8c_a3e1b5e411afd874143ff241d08e52e07_icgraph.pdf>
Package pdftex.def Info: tmr0_8c_a3e1b5e411afd874143ff241d08e52e07_icgraph.pdf 
 used on input line 202.
(pdftex.def)             Requested size: 258.0pt x 99.01012pt.


[492]

[493]) (./tmr0_8h.tex <./tmr0_8h__incl.pdf>
<tmr0_8h__incl.pdf, id=25081, 229.85875pt x 165.61874pt>
File: tmr0_8h__incl.pdf Graphic file (type pdf)
<use tmr0_8h__incl.pdf>
Package pdftex.def Info: tmr0_8h__incl.pdf  used on input line 9.
(pdftex.def)             Requested size: 229.0pt x 165.00928pt.


[494] <./tmr0_8h__dep__incl.pdf>
<tmr0_8h__dep__incl.pdf, id=25094, 803.0pt x 463.7325pt>
File: tmr0_8h__dep__incl.pdf Graphic file (type pdf)
<use tmr0_8h__dep__incl.pdf>
Package pdftex.def Info: tmr0_8h__dep__incl.pdf  used on input line 17.
(pdftex.def)             Requested size: 350.0pt x 202.12534pt.


[495] <./tmr0_8h_aab6153f25bf68ecb07d33a269e5b8dc4_icgraph.pdf>
<tmr0_8h_aab6153f25bf68ecb07d33a269e5b8dc4_icgraph.pdf, id=25123, 592.2125pt x 
99.37125pt>
File: tmr0_8h_aab6153f25bf68ecb07d33a269e5b8dc4_icgraph.pdf Graphic file (type 
pdf)
<use tmr0_8h_aab6153f25bf68ecb07d33a269e5b8dc4_icgraph.pdf>
Package pdftex.def Info: tmr0_8h_aab6153f25bf68ecb07d33a269e5b8dc4_icgraph.pdf 
 used on input line 66.
(pdftex.def)             Requested size: 350.0pt x 58.73012pt.
 <./tmr0_8h_a73398a18b711af030af4db3c4c6c15e1_cgraph.pdf>
<tmr0_8h_a73398a18b711af030af4db3c4c6c15e1_cgraph.pdf, id=25134, 375.4025pt x 1
36.51pt>
File: tmr0_8h_a73398a18b711af030af4db3c4c6c15e1_cgraph.pdf Graphic file (type p
df)
<use tmr0_8h_a73398a18b711af030af4db3c4c6c15e1_cgraph.pdf>
Package pdftex.def Info: tmr0_8h_a73398a18b711af030af4db3c4c6c15e1_cgraph.pdf  
used on input line 101.
(pdftex.def)             Requested size: 350.0pt x 127.28pt.


[496] <./tmr0_8h_a73398a18b711af030af4db3c4c6c15e1_icgraph.pdf>
<tmr0_8h_a73398a18b711af030af4db3c4c6c15e1_icgraph.pdf, id=25150, 389.455pt x 9
9.37125pt>
File: tmr0_8h_a73398a18b711af030af4db3c4c6c15e1_icgraph.pdf Graphic file (type 
pdf)
<use tmr0_8h_a73398a18b711af030af4db3c4c6c15e1_icgraph.pdf>
Package pdftex.def Info: tmr0_8h_a73398a18b711af030af4db3c4c6c15e1_icgraph.pdf 
 used on input line 109.
(pdftex.def)             Requested size: 350.0pt x 89.30743pt.

Underfull \hbox (badness 10000) in paragraph at lines 132--133
[]\T1/pcr/m/n/10 Read the current value of TMR0 if(0 == []) { Do something
 []



[497] <./tmr0_8h_a1b6adc623040b0e791871a0f9652a67f_icgraph.pdf>
<tmr0_8h_a1b6adc623040b0e791871a0f9652a67f_icgraph.pdf, id=25169, 572.1375pt x 
118.4425pt>
File: tmr0_8h_a1b6adc623040b0e791871a0f9652a67f_icgraph.pdf Graphic file (type 
pdf)
<use tmr0_8h_a1b6adc623040b0e791871a0f9652a67f_icgraph.pdf>
Package pdftex.def Info: tmr0_8h_a1b6adc623040b0e791871a0f9652a67f_icgraph.pdf 
 used on input line 173.
(pdftex.def)             Requested size: 350.0pt x 72.45584pt.
 <./tmr0_8h_a3e1b5e411afd874143ff241d08e52e07_icgraph.pdf>
<tmr0_8h_a3e1b5e411afd874143ff241d08e52e07_icgraph.pdf, id=25178, 258.9675pt x 
99.37125pt>
File: tmr0_8h_a3e1b5e411afd874143ff241d08e52e07_icgraph.pdf Graphic file (type 
pdf)
<use tmr0_8h_a3e1b5e411afd874143ff241d08e52e07_icgraph.pdf>
Package pdftex.def Info: tmr0_8h_a3e1b5e411afd874143ff241d08e52e07_icgraph.pdf 
 used on input line 200.
(pdftex.def)             Requested size: 258.0pt x 99.01012pt.


[498]

[499]) (./tmr0_8h_source.tex

[500]) (./tmr2_8c.tex <./tmr2_8c__incl.pdf>
<tmr2_8c__incl.pdf, id=25217, 320.19624pt x 220.825pt>
File: tmr2_8c__incl.pdf Graphic file (type pdf)
<use tmr2_8c__incl.pdf>
Package pdftex.def Info: tmr2_8c__incl.pdf  used on input line 11.
(pdftex.def)             Requested size: 319.0pt x 220.00227pt.


[501]

[502] <./tmr2_8c_aa016556d5d1a99da79708bcac03d9d65_icgraph.pdf>
<tmr2_8c_aa016556d5d1a99da79708bcac03d9d65_icgraph.pdf, id=25279, 344.28625pt x
 99.37125pt>
File: tmr2_8c_aa016556d5d1a99da79708bcac03d9d65_icgraph.pdf Graphic file (type 
pdf)
<use tmr2_8c_aa016556d5d1a99da79708bcac03d9d65_icgraph.pdf>
Package pdftex.def Info: tmr2_8c_aa016556d5d1a99da79708bcac03d9d65_icgraph.pdf 
 used on input line 90.
(pdftex.def)             Requested size: 343.0pt x 99.00102pt.

Underfull \hbox (badness 10000) in paragraph at lines 111--112
[]\T1/pcr/m/n/10 while(1) { Read the TMR2 register if(ZERO == []) { Do
 []

 <./tmr2_8c_a0179f776b701464c6b44495e7114e5e1_icgraph.pdf>
<tmr2_8c_a0179f776b701464c6b44495e7114e5e1_icgraph.pdf, id=25288, 344.28625pt x
 99.37125pt>
File: tmr2_8c_a0179f776b701464c6b44495e7114e5e1_icgraph.pdf Graphic file (type 
pdf)
<use tmr2_8c_a0179f776b701464c6b44495e7114e5e1_icgraph.pdf>
Package pdftex.def Info: tmr2_8c_a0179f776b701464c6b44495e7114e5e1_icgraph.pdf 
 used on input line 120.
(pdftex.def)             Requested size: 343.0pt x 99.00102pt.


[503] <./tmr2_8c_aa40fef7bb4ff469294e23f4e8e9cb5de_icgraph.pdf>
<tmr2_8c_aa40fef7bb4ff469294e23f4e8e9cb5de_icgraph.pdf, id=25307, 592.2125pt x 
99.37125pt>
File: tmr2_8c_aa40fef7bb4ff469294e23f4e8e9cb5de_icgraph.pdf Graphic file (type 
pdf)
<use tmr2_8c_aa40fef7bb4ff469294e23f4e8e9cb5de_icgraph.pdf>
Package pdftex.def Info: tmr2_8c_aa40fef7bb4ff469294e23f4e8e9cb5de_icgraph.pdf 
 used on input line 142.
(pdftex.def)             Requested size: 350.0pt x 58.73012pt.
 <./tmr2_8c_a46c13c9255379e99c10240229a145d37_cgraph.pdf>
<tmr2_8c_a46c13c9255379e99c10240229a145d37_cgraph.pdf, id=25317, 375.4025pt x 1
36.51pt>
File: tmr2_8c_a46c13c9255379e99c10240229a145d37_cgraph.pdf Graphic file (type p
df)
<use tmr2_8c_a46c13c9255379e99c10240229a145d37_cgraph.pdf>
Package pdftex.def Info: tmr2_8c_a46c13c9255379e99c10240229a145d37_cgraph.pdf  
used on input line 181.
(pdftex.def)             Requested size: 350.0pt x 127.28pt.
 <./tmr2_8c_a46c13c9255379e99c10240229a145d37_icgraph.pdf>
<tmr2_8c_a46c13c9255379e99c10240229a145d37_icgraph.pdf, id=25325, 389.455pt x 9
9.37125pt>
File: tmr2_8c_a46c13c9255379e99c10240229a145d37_icgraph.pdf Graphic file (type 
pdf)
<use tmr2_8c_a46c13c9255379e99c10240229a145d37_icgraph.pdf>
Package pdftex.def Info: tmr2_8c_a46c13c9255379e99c10240229a145d37_icgraph.pdf 
 used on input line 189.
(pdftex.def)             Requested size: 350.0pt x 89.30743pt.


[504] <./tmr2_8c_a5490961ba3ba77d10896e320ab840a74_cgraph.pdf>
<tmr2_8c_a5490961ba3ba77d10896e320ab840a74_cgraph.pdf, id=25341, 377.41pt x 99.
37125pt>
File: tmr2_8c_a5490961ba3ba77d10896e320ab840a74_cgraph.pdf Graphic file (type p
df)
<use tmr2_8c_a5490961ba3ba77d10896e320ab840a74_cgraph.pdf>
Package pdftex.def Info: tmr2_8c_a5490961ba3ba77d10896e320ab840a74_cgraph.pdf  
used on input line 225.
(pdftex.def)             Requested size: 350.0pt x 92.1535pt.


[505]
Underfull \hbox (badness 10000) in paragraph at lines 271--271
[]\T1/pcr/m/n/10 while(1) { Read the TMR2 register if(ZERO == []) { Do
 []

 <./tmr2_8c_a04766b6d89a990720759c1a03a649fd5_icgraph.pdf>
<tmr2_8c_a04766b6d89a990720759c1a03a649fd5_icgraph.pdf, id=25360, 377.41pt x 99
.37125pt>
File: tmr2_8c_a04766b6d89a990720759c1a03a649fd5_icgraph.pdf Graphic file (type 
pdf)
<use tmr2_8c_a04766b6d89a990720759c1a03a649fd5_icgraph.pdf>
Package pdftex.def Info: tmr2_8c_a04766b6d89a990720759c1a03a649fd5_icgraph.pdf 
 used on input line 286.
(pdftex.def)             Requested size: 350.0pt x 92.1535pt.


[506]
Underfull \hbox (badness 10000) in paragraph at lines 309--310
[]\T1/pcr/m/n/10 Read the current value of TMR2 if(0 == []) { Do something
 []

 <./tmr2_8c_a4acc1f7c8c2dbd46424dad273cdb9cb1_cgraph.pdf>
<tmr2_8c_a4acc1f7c8c2dbd46424dad273cdb9cb1_cgraph.pdf, id=25377, 344.28625pt x 
99.37125pt>
File: tmr2_8c_a4acc1f7c8c2dbd46424dad273cdb9cb1_cgraph.pdf Graphic file (type p
df)
<use tmr2_8c_a4acc1f7c8c2dbd46424dad273cdb9cb1_cgraph.pdf>
Package pdftex.def Info: tmr2_8c_a4acc1f7c8c2dbd46424dad273cdb9cb1_cgraph.pdf  
used on input line 316.
(pdftex.def)             Requested size: 343.0pt x 99.00102pt.


[507] <./tmr2_8c_a96213f388ab9dc5b3cd3ff3b06732b59_icgraph.pdf>
<tmr2_8c_a96213f388ab9dc5b3cd3ff3b06732b59_icgraph.pdf, id=25391, 572.1375pt x 
118.4425pt>
File: tmr2_8c_a96213f388ab9dc5b3cd3ff3b06732b59_icgraph.pdf Graphic file (type 
pdf)
<use tmr2_8c_a96213f388ab9dc5b3cd3ff3b06732b59_icgraph.pdf>
Package pdftex.def Info: tmr2_8c_a96213f388ab9dc5b3cd3ff3b06732b59_icgraph.pdf 
 used on input line 338.
(pdftex.def)             Requested size: 350.0pt x 72.45584pt.
 <./tmr2_8c_a7eccfd0fac278e0099d27631e116cfbf_icgraph.pdf>
<tmr2_8c_a7eccfd0fac278e0099d27631e116cfbf_icgraph.pdf, id=25400, 368.37625pt x
 99.37125pt>
File: tmr2_8c_a7eccfd0fac278e0099d27631e116cfbf_icgraph.pdf Graphic file (type 
pdf)
<use tmr2_8c_a7eccfd0fac278e0099d27631e116cfbf_icgraph.pdf>
Package pdftex.def Info: tmr2_8c_a7eccfd0fac278e0099d27631e116cfbf_icgraph.pdf 
 used on input line 366.
(pdftex.def)             Requested size: 350.0pt x 94.41275pt.


[508] <./tmr2_8c_afb37b846db811f973b4009215d59f91a_cgraph.pdf>
<tmr2_8c_afb37b846db811f973b4009215d59f91a_cgraph.pdf, id=25418, 291.0875pt x 9
9.37125pt>
File: tmr2_8c_afb37b846db811f973b4009215d59f91a_cgraph.pdf Graphic file (type p
df)
<use tmr2_8c_afb37b846db811f973b4009215d59f91a_cgraph.pdf>
Package pdftex.def Info: tmr2_8c_afb37b846db811f973b4009215d59f91a_cgraph.pdf  
used on input line 394.
(pdftex.def)             Requested size: 290.0pt x 99.00708pt.
 <./tmr2_8c_afb37b846db811f973b4009215d59f91a_icgraph.pdf>
<tmr2_8c_afb37b846db811f973b4009215d59f91a_icgraph.pdf, id=25426, 258.9675pt x 
99.37125pt>
File: tmr2_8c_afb37b846db811f973b4009215d59f91a_icgraph.pdf Graphic file (type 
pdf)
<use tmr2_8c_afb37b846db811f973b4009215d59f91a_icgraph.pdf>
Package pdftex.def Info: tmr2_8c_afb37b846db811f973b4009215d59f91a_icgraph.pdf 
 used on input line 402.
(pdftex.def)             Requested size: 258.0pt x 99.01012pt.


[509] <./tmr2_8c_a90159f110263038f478f43a3ac9ab3ee_icgraph.pdf>
<tmr2_8c_a90159f110263038f478f43a3ac9ab3ee_icgraph.pdf, id=25445, 287.0725pt x 
99.37125pt>
File: tmr2_8c_a90159f110263038f478f43a3ac9ab3ee_icgraph.pdf Graphic file (type 
pdf)
<use tmr2_8c_a90159f110263038f478f43a3ac9ab3ee_icgraph.pdf>
Package pdftex.def Info: tmr2_8c_a90159f110263038f478f43a3ac9ab3ee_icgraph.pdf 
 used on input line 432.
(pdftex.def)             Requested size: 286.0pt x 99.00253pt.
 <./tmr2_8c_a36d7e6eab8b279863c83a32fb41adb02_cgraph.pdf>
<tmr2_8c_a36d7e6eab8b279863c83a32fb41adb02_cgraph.pdf, id=25456, 287.0725pt x 9
9.37125pt>
File: tmr2_8c_a36d7e6eab8b279863c83a32fb41adb02_cgraph.pdf Graphic file (type p
df)
<use tmr2_8c_a36d7e6eab8b279863c83a32fb41adb02_cgraph.pdf>
Package pdftex.def Info: tmr2_8c_a36d7e6eab8b279863c83a32fb41adb02_cgraph.pdf  
used on input line 462.
(pdftex.def)             Requested size: 286.0pt x 99.00253pt.


[510] <./tmr2_8c_acb2fbe8254fcc8c01b9784b028a7eac6_cgraph.pdf>
<tmr2_8c_acb2fbe8254fcc8c01b9784b028a7eac6_cgraph.pdf, id=25474, 344.28625pt x 
99.37125pt>
File: tmr2_8c_acb2fbe8254fcc8c01b9784b028a7eac6_cgraph.pdf Graphic file (type p
df)
<use tmr2_8c_acb2fbe8254fcc8c01b9784b028a7eac6_cgraph.pdf>
Package pdftex.def Info: tmr2_8c_acb2fbe8254fcc8c01b9784b028a7eac6_cgraph.pdf  
used on input line 492.
(pdftex.def)             Requested size: 343.0pt x 99.00102pt.
) (./tmr2_8h.tex <./tmr2_8h__incl.pdf>
<tmr2_8h__incl.pdf, id=25483, 229.85875pt x 165.61874pt>
File: tmr2_8h__incl.pdf Graphic file (type pdf)
<use tmr2_8h__incl.pdf>
Package pdftex.def Info: tmr2_8h__incl.pdf  used on input line 10.
(pdftex.def)             Requested size: 229.0pt x 165.00928pt.


[511] <./tmr2_8h__dep__incl.pdf>
<tmr2_8h__dep__incl.pdf, id=25497, 803.0pt x 463.7325pt>
File: tmr2_8h__dep__incl.pdf Graphic file (type pdf)
<use tmr2_8h__dep__incl.pdf>
Package pdftex.def Info: tmr2_8h__dep__incl.pdf  used on input line 18.
(pdftex.def)             Requested size: 350.0pt x 202.12534pt.

Overfull \hbox (49.77652pt too wide) in paragraph at lines 24--53
[] \T1/phv/m/n/10 , [] , []
 []


Overfull \hbox (61.70038pt too wide) in paragraph at lines 24--53
[] \T1/phv/m/n/10 , [] , []
 []


Overfull \hbox (31.26318pt too wide) in paragraph at lines 24--53
[] \T1/phv/m/n/10 , [] , []
 []


Underfull \hbox (badness 10000) in paragraph at lines 24--53
[] \T1/phv/m/n/10 , [] ,
 []


Underfull \hbox (badness 2012) in paragraph at lines 24--53
[] \T1/phv/m/n/10 = 0x16 , [] = 0x17 ,
 []


Overfull \hbox (82.55191pt too wide) in paragraph at lines 24--53
[] \T1/phv/m/n/10 = 0x11 , []
 []



[512]

[513]

[514] <./tmr2_8h_aa016556d5d1a99da79708bcac03d9d65_icgraph.pdf>
<tmr2_8h_aa016556d5d1a99da79708bcac03d9d65_icgraph.pdf, id=25675, 344.28625pt x
 99.37125pt>
File: tmr2_8h_aa016556d5d1a99da79708bcac03d9d65_icgraph.pdf Graphic file (type 
pdf)
<use tmr2_8h_aa016556d5d1a99da79708bcac03d9d65_icgraph.pdf>
Package pdftex.def Info: tmr2_8h_aa016556d5d1a99da79708bcac03d9d65_icgraph.pdf 
 used on input line 437.
(pdftex.def)             Requested size: 343.0pt x 99.00102pt.


[515]
Underfull \hbox (badness 10000) in paragraph at lines 458--459
[]\T1/pcr/m/n/10 while(1) { Read the TMR2 register if(ZERO == []) { Do
 []

 <./tmr2_8h_a0179f776b701464c6b44495e7114e5e1_icgraph.pdf>
<tmr2_8h_a0179f776b701464c6b44495e7114e5e1_icgraph.pdf, id=25691, 344.28625pt x
 99.37125pt>
File: tmr2_8h_a0179f776b701464c6b44495e7114e5e1_icgraph.pdf Graphic file (type 
pdf)
<use tmr2_8h_a0179f776b701464c6b44495e7114e5e1_icgraph.pdf>
Package pdftex.def Info: tmr2_8h_a0179f776b701464c6b44495e7114e5e1_icgraph.pdf 
 used on input line 467.
(pdftex.def)             Requested size: 343.0pt x 99.00102pt.
 <./tmr2_8h_aa40fef7bb4ff469294e23f4e8e9cb5de_icgraph.pdf>
<tmr2_8h_aa40fef7bb4ff469294e23f4e8e9cb5de_icgraph.pdf, id=25699, 592.2125pt x 
99.37125pt>
File: tmr2_8h_aa40fef7bb4ff469294e23f4e8e9cb5de_icgraph.pdf Graphic file (type 
pdf)
<use tmr2_8h_aa40fef7bb4ff469294e23f4e8e9cb5de_icgraph.pdf>
Package pdftex.def Info: tmr2_8h_aa40fef7bb4ff469294e23f4e8e9cb5de_icgraph.pdf 
 used on input line 489.
(pdftex.def)             Requested size: 350.0pt x 58.73012pt.


[516] <./tmr2_8h_a46c13c9255379e99c10240229a145d37_cgraph.pdf>
<tmr2_8h_a46c13c9255379e99c10240229a145d37_cgraph.pdf, id=25718, 375.4025pt x 1
36.51pt>
File: tmr2_8h_a46c13c9255379e99c10240229a145d37_cgraph.pdf Graphic file (type p
df)
<use tmr2_8h_a46c13c9255379e99c10240229a145d37_cgraph.pdf>
Package pdftex.def Info: tmr2_8h_a46c13c9255379e99c10240229a145d37_cgraph.pdf  
used on input line 544.
(pdftex.def)             Requested size: 350.0pt x 127.28pt.


[517] <./tmr2_8h_a46c13c9255379e99c10240229a145d37_icgraph.pdf>
<tmr2_8h_a46c13c9255379e99c10240229a145d37_icgraph.pdf, id=25732, 389.455pt x 9
9.37125pt>
File: tmr2_8h_a46c13c9255379e99c10240229a145d37_icgraph.pdf Graphic file (type 
pdf)
<use tmr2_8h_a46c13c9255379e99c10240229a145d37_icgraph.pdf>
Package pdftex.def Info: tmr2_8h_a46c13c9255379e99c10240229a145d37_icgraph.pdf 
 used on input line 552.
(pdftex.def)             Requested size: 350.0pt x 89.30743pt.


[518] <./tmr2_8h_a5490961ba3ba77d10896e320ab840a74_cgraph.pdf>
<tmr2_8h_a5490961ba3ba77d10896e320ab840a74_cgraph.pdf, id=25748, 377.41pt x 99.
37125pt>
File: tmr2_8h_a5490961ba3ba77d10896e320ab840a74_cgraph.pdf Graphic file (type p
df)
<use tmr2_8h_a5490961ba3ba77d10896e320ab840a74_cgraph.pdf>
Package pdftex.def Info: tmr2_8h_a5490961ba3ba77d10896e320ab840a74_cgraph.pdf  
used on input line 588.
(pdftex.def)             Requested size: 350.0pt x 92.1535pt.


[519]
Underfull \hbox (badness 10000) in paragraph at lines 634--634
[]\T1/pcr/m/n/10 while(1) { Read the TMR2 register if(ZERO == []) { Do
 []

 <./tmr2_8h_a04766b6d89a990720759c1a03a649fd5_icgraph.pdf>
<tmr2_8h_a04766b6d89a990720759c1a03a649fd5_icgraph.pdf, id=25765, 377.41pt x 99
.37125pt>
File: tmr2_8h_a04766b6d89a990720759c1a03a649fd5_icgraph.pdf Graphic file (type 
pdf)
<use tmr2_8h_a04766b6d89a990720759c1a03a649fd5_icgraph.pdf>
Package pdftex.def Info: tmr2_8h_a04766b6d89a990720759c1a03a649fd5_icgraph.pdf 
 used on input line 649.
(pdftex.def)             Requested size: 350.0pt x 92.1535pt.

Underfull \hbox (badness 10000) in paragraph at lines 672--673
[]\T1/pcr/m/n/10 Read the current value of TMR2 if(0 == []) { Do something
 []

 <./tmr2_8h_a4acc1f7c8c2dbd46424dad273cdb9cb1_cgraph.pdf>
<tmr2_8h_a4acc1f7c8c2dbd46424dad273cdb9cb1_cgraph.pdf, id=25776, 344.28625pt x 
99.37125pt>
File: tmr2_8h_a4acc1f7c8c2dbd46424dad273cdb9cb1_cgraph.pdf Graphic file (type p
df)
<use tmr2_8h_a4acc1f7c8c2dbd46424dad273cdb9cb1_cgraph.pdf>
Package pdftex.def Info: tmr2_8h_a4acc1f7c8c2dbd46424dad273cdb9cb1_cgraph.pdf  
used on input line 679.
(pdftex.def)             Requested size: 343.0pt x 99.00102pt.


[520] <./tmr2_8h_a96213f388ab9dc5b3cd3ff3b06732b59_icgraph.pdf>
<tmr2_8h_a96213f388ab9dc5b3cd3ff3b06732b59_icgraph.pdf, id=25791, 572.1375pt x 
118.4425pt>
File: tmr2_8h_a96213f388ab9dc5b3cd3ff3b06732b59_icgraph.pdf Graphic file (type 
pdf)
<use tmr2_8h_a96213f388ab9dc5b3cd3ff3b06732b59_icgraph.pdf>
Package pdftex.def Info: tmr2_8h_a96213f388ab9dc5b3cd3ff3b06732b59_icgraph.pdf 
 used on input line 701.
(pdftex.def)             Requested size: 350.0pt x 72.45584pt.
 <./tmr2_8h_a7eccfd0fac278e0099d27631e116cfbf_icgraph.pdf>
<tmr2_8h_a7eccfd0fac278e0099d27631e116cfbf_icgraph.pdf, id=25800, 368.37625pt x
 99.37125pt>
File: tmr2_8h_a7eccfd0fac278e0099d27631e116cfbf_icgraph.pdf Graphic file (type 
pdf)
<use tmr2_8h_a7eccfd0fac278e0099d27631e116cfbf_icgraph.pdf>
Package pdftex.def Info: tmr2_8h_a7eccfd0fac278e0099d27631e116cfbf_icgraph.pdf 
 used on input line 729.
(pdftex.def)             Requested size: 350.0pt x 94.41275pt.


[521] <./tmr2_8h_afb37b846db811f973b4009215d59f91a_cgraph.pdf>
<tmr2_8h_afb37b846db811f973b4009215d59f91a_cgraph.pdf, id=25817, 291.0875pt x 9
9.37125pt>
File: tmr2_8h_afb37b846db811f973b4009215d59f91a_cgraph.pdf Graphic file (type p
df)
<use tmr2_8h_afb37b846db811f973b4009215d59f91a_cgraph.pdf>
Package pdftex.def Info: tmr2_8h_afb37b846db811f973b4009215d59f91a_cgraph.pdf  
used on input line 757.
(pdftex.def)             Requested size: 290.0pt x 99.00708pt.
 <./tmr2_8h_afb37b846db811f973b4009215d59f91a_icgraph.pdf>
<tmr2_8h_afb37b846db811f973b4009215d59f91a_icgraph.pdf, id=25825, 258.9675pt x 
99.37125pt>
File: tmr2_8h_afb37b846db811f973b4009215d59f91a_icgraph.pdf Graphic file (type 
pdf)
<use tmr2_8h_afb37b846db811f973b4009215d59f91a_icgraph.pdf>
Package pdftex.def Info: tmr2_8h_afb37b846db811f973b4009215d59f91a_icgraph.pdf 
 used on input line 765.
(pdftex.def)             Requested size: 258.0pt x 99.01012pt.


[522] <./tmr2_8h_a90159f110263038f478f43a3ac9ab3ee_icgraph.pdf>
<tmr2_8h_a90159f110263038f478f43a3ac9ab3ee_icgraph.pdf, id=25843, 287.0725pt x 
99.37125pt>
File: tmr2_8h_a90159f110263038f478f43a3ac9ab3ee_icgraph.pdf Graphic file (type 
pdf)
<use tmr2_8h_a90159f110263038f478f43a3ac9ab3ee_icgraph.pdf>
Package pdftex.def Info: tmr2_8h_a90159f110263038f478f43a3ac9ab3ee_icgraph.pdf 
 used on input line 795.
(pdftex.def)             Requested size: 286.0pt x 99.00253pt.
 <./tmr2_8h_a36d7e6eab8b279863c83a32fb41adb02_cgraph.pdf>
<tmr2_8h_a36d7e6eab8b279863c83a32fb41adb02_cgraph.pdf, id=25853, 287.0725pt x 9
9.37125pt>
File: tmr2_8h_a36d7e6eab8b279863c83a32fb41adb02_cgraph.pdf Graphic file (type p
df)
<use tmr2_8h_a36d7e6eab8b279863c83a32fb41adb02_cgraph.pdf>
Package pdftex.def Info: tmr2_8h_a36d7e6eab8b279863c83a32fb41adb02_cgraph.pdf  
used on input line 825.
(pdftex.def)             Requested size: 286.0pt x 99.00253pt.


[523] <./tmr2_8h_acb2fbe8254fcc8c01b9784b028a7eac6_cgraph.pdf>
<tmr2_8h_acb2fbe8254fcc8c01b9784b028a7eac6_cgraph.pdf, id=25869, 344.28625pt x 
99.37125pt>
File: tmr2_8h_acb2fbe8254fcc8c01b9784b028a7eac6_cgraph.pdf Graphic file (type p
df)
<use tmr2_8h_acb2fbe8254fcc8c01b9784b028a7eac6_cgraph.pdf>
Package pdftex.def Info: tmr2_8h_acb2fbe8254fcc8c01b9784b028a7eac6_cgraph.pdf  
used on input line 855.
(pdftex.def)             Requested size: 343.0pt x 99.00102pt.
)
(./tmr2_8h_source.tex

[524]

[525]

[526]

[527]

[528]) (./tmr4_8c.tex <./tmr4_8c__incl.pdf>
<tmr4_8c__incl.pdf, id=25982, 320.19624pt x 220.825pt>
File: tmr4_8c__incl.pdf Graphic file (type pdf)
<use tmr4_8c__incl.pdf>
Package pdftex.def Info: tmr4_8c__incl.pdf  used on input line 11.
(pdftex.def)             Requested size: 319.0pt x 220.00227pt.


[529] <./tmr4_8c_a9d8b34102a57a2a65e8cd2697593a578_icgraph.pdf>
<tmr4_8c_a9d8b34102a57a2a65e8cd2697593a578_icgraph.pdf, id=26029, 344.28625pt x
 99.37125pt>
File: tmr4_8c_a9d8b34102a57a2a65e8cd2697593a578_icgraph.pdf Graphic file (type 
pdf)
<use tmr4_8c_a9d8b34102a57a2a65e8cd2697593a578_icgraph.pdf>
Package pdftex.def Info: tmr4_8c_a9d8b34102a57a2a65e8cd2697593a578_icgraph.pdf 
 used on input line 89.
(pdftex.def)             Requested size: 343.0pt x 99.00102pt.


[530]
Underfull \hbox (badness 10000) in paragraph at lines 110--111
[]\T1/pcr/m/n/10 while(1) { Read the TMR4 register if(ZERO == []) { Do
 []

 <./tmr4_8c_a163b7507ee64251795b19a3275114b05_icgraph.pdf>
<tmr4_8c_a163b7507ee64251795b19a3275114b05_icgraph.pdf, id=26058, 344.28625pt x
 99.37125pt>
File: tmr4_8c_a163b7507ee64251795b19a3275114b05_icgraph.pdf Graphic file (type 
pdf)
<use tmr4_8c_a163b7507ee64251795b19a3275114b05_icgraph.pdf>
Package pdftex.def Info: tmr4_8c_a163b7507ee64251795b19a3275114b05_icgraph.pdf 
 used on input line 118.
(pdftex.def)             Requested size: 343.0pt x 99.00102pt.
 <./tmr4_8c_a593154af41d3b557a3ffc041d1beb170_icgraph.pdf>
<tmr4_8c_a593154af41d3b557a3ffc041d1beb170_icgraph.pdf, id=26066, 592.2125pt x 
99.37125pt>
File: tmr4_8c_a593154af41d3b557a3ffc041d1beb170_icgraph.pdf Graphic file (type 
pdf)
<use tmr4_8c_a593154af41d3b557a3ffc041d1beb170_icgraph.pdf>
Package pdftex.def Info: tmr4_8c_a593154af41d3b557a3ffc041d1beb170_icgraph.pdf 
 used on input line 140.
(pdftex.def)             Requested size: 350.0pt x 58.73012pt.


[531] <./tmr4_8c_a9d06de36998e68680af819a51c02715b_cgraph.pdf>
<tmr4_8c_a9d06de36998e68680af819a51c02715b_cgraph.pdf, id=26083, 375.4025pt x 1
36.51pt>
File: tmr4_8c_a9d06de36998e68680af819a51c02715b_cgraph.pdf Graphic file (type p
df)
<use tmr4_8c_a9d06de36998e68680af819a51c02715b_cgraph.pdf>
Package pdftex.def Info: tmr4_8c_a9d06de36998e68680af819a51c02715b_cgraph.pdf  
used on input line 178.
(pdftex.def)             Requested size: 350.0pt x 127.28pt.
 <./tmr4_8c_a9d06de36998e68680af819a51c02715b_icgraph.pdf>
<tmr4_8c_a9d06de36998e68680af819a51c02715b_icgraph.pdf, id=26091, 389.455pt x 9
9.37125pt>
File: tmr4_8c_a9d06de36998e68680af819a51c02715b_icgraph.pdf Graphic file (type 
pdf)
<use tmr4_8c_a9d06de36998e68680af819a51c02715b_icgraph.pdf>
Package pdftex.def Info: tmr4_8c_a9d06de36998e68680af819a51c02715b_icgraph.pdf 
 used on input line 186.
(pdftex.def)             Requested size: 350.0pt x 89.30743pt.


[532] <./tmr4_8c_a7f1dd192cee45bd7786b6a453bc0eba1_cgraph.pdf>
<tmr4_8c_a7f1dd192cee45bd7786b6a453bc0eba1_cgraph.pdf, id=26107, 377.41pt x 99.
37125pt>
File: tmr4_8c_a7f1dd192cee45bd7786b6a453bc0eba1_cgraph.pdf Graphic file (type p
df)
<use tmr4_8c_a7f1dd192cee45bd7786b6a453bc0eba1_cgraph.pdf>
Package pdftex.def Info: tmr4_8c_a7f1dd192cee45bd7786b6a453bc0eba1_cgraph.pdf  
used on input line 221.
(pdftex.def)             Requested size: 350.0pt x 92.1535pt.


[533]
Underfull \hbox (badness 10000) in paragraph at lines 267--267
[]\T1/pcr/m/n/10 while(1) { Read the TMR4 register if(ZERO == []) { Do
 []

 <./tmr4_8c_a9500fc742dbf30e7c7018a3c0f88367b_icgraph.pdf>
<tmr4_8c_a9500fc742dbf30e7c7018a3c0f88367b_icgraph.pdf, id=26127, 377.41pt x 99
.37125pt>
File: tmr4_8c_a9500fc742dbf30e7c7018a3c0f88367b_icgraph.pdf Graphic file (type 
pdf)
<use tmr4_8c_a9500fc742dbf30e7c7018a3c0f88367b_icgraph.pdf>
Package pdftex.def Info: tmr4_8c_a9500fc742dbf30e7c7018a3c0f88367b_icgraph.pdf 
 used on input line 281.
(pdftex.def)             Requested size: 350.0pt x 92.1535pt.

Underfull \hbox (badness 10000) in paragraph at lines 304--305
[]\T1/pcr/m/n/10 Read the current value of TMR4 if(0 == []) { Do something
 []

 <./tmr4_8c_a71a042c0b873d77659d7ccb42b2a04f6_cgraph.pdf>
<tmr4_8c_a71a042c0b873d77659d7ccb42b2a04f6_cgraph.pdf, id=26138, 344.28625pt x 
99.37125pt>
File: tmr4_8c_a71a042c0b873d77659d7ccb42b2a04f6_cgraph.pdf Graphic file (type p
df)
<use tmr4_8c_a71a042c0b873d77659d7ccb42b2a04f6_cgraph.pdf>
Package pdftex.def Info: tmr4_8c_a71a042c0b873d77659d7ccb42b2a04f6_cgraph.pdf  
used on input line 310.
(pdftex.def)             Requested size: 343.0pt x 99.00102pt.


[534] <./tmr4_8c_a5023000e3c77f593628ae86eb9c3772d_icgraph.pdf>
<tmr4_8c_a5023000e3c77f593628ae86eb9c3772d_icgraph.pdf, id=26152, 572.1375pt x 
118.4425pt>
File: tmr4_8c_a5023000e3c77f593628ae86eb9c3772d_icgraph.pdf Graphic file (type 
pdf)
<use tmr4_8c_a5023000e3c77f593628ae86eb9c3772d_icgraph.pdf>
Package pdftex.def Info: tmr4_8c_a5023000e3c77f593628ae86eb9c3772d_icgraph.pdf 
 used on input line 332.
(pdftex.def)             Requested size: 350.0pt x 72.45584pt.
 <./tmr4_8c_a5666192e1d8ab908db0bae00c9d243fb_icgraph.pdf>
<tmr4_8c_a5666192e1d8ab908db0bae00c9d243fb_icgraph.pdf, id=26161, 368.37625pt x
 99.37125pt>
File: tmr4_8c_a5666192e1d8ab908db0bae00c9d243fb_icgraph.pdf Graphic file (type 
pdf)
<use tmr4_8c_a5666192e1d8ab908db0bae00c9d243fb_icgraph.pdf>
Package pdftex.def Info: tmr4_8c_a5666192e1d8ab908db0bae00c9d243fb_icgraph.pdf 
 used on input line 359.
(pdftex.def)             Requested size: 350.0pt x 94.41275pt.


[535] <./tmr4_8c_a08cc752e0d5622957129c49c2fe5c90c_cgraph.pdf>
<tmr4_8c_a08cc752e0d5622957129c49c2fe5c90c_cgraph.pdf, id=26179, 291.0875pt x 9
9.37125pt>
File: tmr4_8c_a08cc752e0d5622957129c49c2fe5c90c_cgraph.pdf Graphic file (type p
df)
<use tmr4_8c_a08cc752e0d5622957129c49c2fe5c90c_cgraph.pdf>
Package pdftex.def Info: tmr4_8c_a08cc752e0d5622957129c49c2fe5c90c_cgraph.pdf  
used on input line 386.
(pdftex.def)             Requested size: 290.0pt x 99.00708pt.
 <./tmr4_8c_a08cc752e0d5622957129c49c2fe5c90c_icgraph.pdf>
<tmr4_8c_a08cc752e0d5622957129c49c2fe5c90c_icgraph.pdf, id=26187, 258.9675pt x 
99.37125pt>
File: tmr4_8c_a08cc752e0d5622957129c49c2fe5c90c_icgraph.pdf Graphic file (type 
pdf)
<use tmr4_8c_a08cc752e0d5622957129c49c2fe5c90c_icgraph.pdf>
Package pdftex.def Info: tmr4_8c_a08cc752e0d5622957129c49c2fe5c90c_icgraph.pdf 
 used on input line 393.
(pdftex.def)             Requested size: 258.0pt x 99.01012pt.


[536] <./tmr4_8c_a6d19dd15af20bd2ba1b4c142b0b744e7_icgraph.pdf>
<tmr4_8c_a6d19dd15af20bd2ba1b4c142b0b744e7_icgraph.pdf, id=26205, 287.0725pt x 
99.37125pt>
File: tmr4_8c_a6d19dd15af20bd2ba1b4c142b0b744e7_icgraph.pdf Graphic file (type 
pdf)
<use tmr4_8c_a6d19dd15af20bd2ba1b4c142b0b744e7_icgraph.pdf>
Package pdftex.def Info: tmr4_8c_a6d19dd15af20bd2ba1b4c142b0b744e7_icgraph.pdf 
 used on input line 422.
(pdftex.def)             Requested size: 286.0pt x 99.00253pt.
 <./tmr4_8c_a0789a41c6994261eba406296ae087022_cgraph.pdf>
<tmr4_8c_a0789a41c6994261eba406296ae087022_cgraph.pdf, id=26215, 287.0725pt x 9
9.37125pt>
File: tmr4_8c_a0789a41c6994261eba406296ae087022_cgraph.pdf Graphic file (type p
df)
<use tmr4_8c_a0789a41c6994261eba406296ae087022_cgraph.pdf>
Package pdftex.def Info: tmr4_8c_a0789a41c6994261eba406296ae087022_cgraph.pdf  
used on input line 451.
(pdftex.def)             Requested size: 286.0pt x 99.00253pt.


[537] <./tmr4_8c_a0c150fa8fe1d61fe4d2accaf474cdcd2_cgraph.pdf>
<tmr4_8c_a0c150fa8fe1d61fe4d2accaf474cdcd2_cgraph.pdf, id=26233, 344.28625pt x 
99.37125pt>
File: tmr4_8c_a0c150fa8fe1d61fe4d2accaf474cdcd2_cgraph.pdf Graphic file (type p
df)
<use tmr4_8c_a0c150fa8fe1d61fe4d2accaf474cdcd2_cgraph.pdf>
Package pdftex.def Info: tmr4_8c_a0c150fa8fe1d61fe4d2accaf474cdcd2_cgraph.pdf  
used on input line 480.
(pdftex.def)             Requested size: 343.0pt x 99.00102pt.
) (./tmr4_8h.tex <./tmr4_8h__incl.pdf>
<tmr4_8h__incl.pdf, id=26242, 229.85875pt x 165.61874pt>
File: tmr4_8h__incl.pdf Graphic file (type pdf)
<use tmr4_8h__incl.pdf>
Package pdftex.def Info: tmr4_8h__incl.pdf  used on input line 9.
(pdftex.def)             Requested size: 229.0pt x 165.00928pt.


[538] <./tmr4_8h__dep__incl.pdf>
<tmr4_8h__dep__incl.pdf, id=26257, 803.0pt x 463.7325pt>
File: tmr4_8h__dep__incl.pdf Graphic file (type pdf)
<use tmr4_8h__dep__incl.pdf>
Package pdftex.def Info: tmr4_8h__dep__incl.pdf  used on input line 17.
(pdftex.def)             Requested size: 350.0pt x 202.12534pt.

Overfull \hbox (49.77652pt too wide) in paragraph at lines 23--52
[] \T1/phv/m/n/10 , [] , []
 []


Overfull \hbox (61.70038pt too wide) in paragraph at lines 23--52
[] \T1/phv/m/n/10 , [] , []
 []


Overfull \hbox (31.26318pt too wide) in paragraph at lines 23--52
[] \T1/phv/m/n/10 , [] , []
 []


Underfull \hbox (badness 10000) in paragraph at lines 23--52
[] \T1/phv/m/n/10 , [] ,
 []


Underfull \hbox (badness 2012) in paragraph at lines 23--52
[] \T1/phv/m/n/10 = 0x16 , [] = 0x17 ,
 []


Overfull \hbox (82.55191pt too wide) in paragraph at lines 23--52
[] \T1/phv/m/n/10 = 0x11 , []
 []



[539]

[540]

[541] <./tmr4_8h_a9d8b34102a57a2a65e8cd2697593a578_icgraph.pdf>
<tmr4_8h_a9d8b34102a57a2a65e8cd2697593a578_icgraph.pdf, id=26436, 344.28625pt x
 99.37125pt>
File: tmr4_8h_a9d8b34102a57a2a65e8cd2697593a578_icgraph.pdf Graphic file (type 
pdf)
<use tmr4_8h_a9d8b34102a57a2a65e8cd2697593a578_icgraph.pdf>
Package pdftex.def Info: tmr4_8h_a9d8b34102a57a2a65e8cd2697593a578_icgraph.pdf 
 used on input line 435.
(pdftex.def)             Requested size: 343.0pt x 99.00102pt.


[542]
Underfull \hbox (badness 10000) in paragraph at lines 456--457
[]\T1/pcr/m/n/10 while(1) { Read the TMR4 register if(ZERO == []) { Do
 []

 <./tmr4_8h_a163b7507ee64251795b19a3275114b05_icgraph.pdf>
<tmr4_8h_a163b7507ee64251795b19a3275114b05_icgraph.pdf, id=26450, 344.28625pt x
 99.37125pt>
File: tmr4_8h_a163b7507ee64251795b19a3275114b05_icgraph.pdf Graphic file (type 
pdf)
<use tmr4_8h_a163b7507ee64251795b19a3275114b05_icgraph.pdf>
Package pdftex.def Info: tmr4_8h_a163b7507ee64251795b19a3275114b05_icgraph.pdf 
 used on input line 464.
(pdftex.def)             Requested size: 343.0pt x 99.00102pt.
 <./tmr4_8h_a593154af41d3b557a3ffc041d1beb170_icgraph.pdf>
<tmr4_8h_a593154af41d3b557a3ffc041d1beb170_icgraph.pdf, id=26458, 592.2125pt x 
99.37125pt>
File: tmr4_8h_a593154af41d3b557a3ffc041d1beb170_icgraph.pdf Graphic file (type 
pdf)
<use tmr4_8h_a593154af41d3b557a3ffc041d1beb170_icgraph.pdf>
Package pdftex.def Info: tmr4_8h_a593154af41d3b557a3ffc041d1beb170_icgraph.pdf 
 used on input line 486.
(pdftex.def)             Requested size: 350.0pt x 58.73012pt.


[543] <./tmr4_8h_a9d06de36998e68680af819a51c02715b_cgraph.pdf>
<tmr4_8h_a9d06de36998e68680af819a51c02715b_cgraph.pdf, id=26478, 375.4025pt x 1
36.51pt>
File: tmr4_8h_a9d06de36998e68680af819a51c02715b_cgraph.pdf Graphic file (type p
df)
<use tmr4_8h_a9d06de36998e68680af819a51c02715b_cgraph.pdf>
Package pdftex.def Info: tmr4_8h_a9d06de36998e68680af819a51c02715b_cgraph.pdf  
used on input line 540.
(pdftex.def)             Requested size: 350.0pt x 127.28pt.


[544] <./tmr4_8h_a9d06de36998e68680af819a51c02715b_icgraph.pdf>
<tmr4_8h_a9d06de36998e68680af819a51c02715b_icgraph.pdf, id=26492, 389.455pt x 9
9.37125pt>
File: tmr4_8h_a9d06de36998e68680af819a51c02715b_icgraph.pdf Graphic file (type 
pdf)
<use tmr4_8h_a9d06de36998e68680af819a51c02715b_icgraph.pdf>
Package pdftex.def Info: tmr4_8h_a9d06de36998e68680af819a51c02715b_icgraph.pdf 
 used on input line 548.
(pdftex.def)             Requested size: 350.0pt x 89.30743pt.


[545] <./tmr4_8h_a7f1dd192cee45bd7786b6a453bc0eba1_cgraph.pdf>
<tmr4_8h_a7f1dd192cee45bd7786b6a453bc0eba1_cgraph.pdf, id=26509, 377.41pt x 99.
37125pt>
File: tmr4_8h_a7f1dd192cee45bd7786b6a453bc0eba1_cgraph.pdf Graphic file (type p
df)
<use tmr4_8h_a7f1dd192cee45bd7786b6a453bc0eba1_cgraph.pdf>
Package pdftex.def Info: tmr4_8h_a7f1dd192cee45bd7786b6a453bc0eba1_cgraph.pdf  
used on input line 583.
(pdftex.def)             Requested size: 350.0pt x 92.1535pt.


[546]
Underfull \hbox (badness 10000) in paragraph at lines 629--629
[]\T1/pcr/m/n/10 while(1) { Read the TMR4 register if(ZERO == []) { Do
 []

 <./tmr4_8h_a9500fc742dbf30e7c7018a3c0f88367b_icgraph.pdf>
<tmr4_8h_a9500fc742dbf30e7c7018a3c0f88367b_icgraph.pdf, id=26526, 377.41pt x 99
.37125pt>
File: tmr4_8h_a9500fc742dbf30e7c7018a3c0f88367b_icgraph.pdf Graphic file (type 
pdf)
<use tmr4_8h_a9500fc742dbf30e7c7018a3c0f88367b_icgraph.pdf>
Package pdftex.def Info: tmr4_8h_a9500fc742dbf30e7c7018a3c0f88367b_icgraph.pdf 
 used on input line 643.
(pdftex.def)             Requested size: 350.0pt x 92.1535pt.

Underfull \hbox (badness 10000) in paragraph at lines 666--667
[]\T1/pcr/m/n/10 Read the current value of TMR4 if(0 == []) { Do something
 []

 <./tmr4_8h_a71a042c0b873d77659d7ccb42b2a04f6_cgraph.pdf>
<tmr4_8h_a71a042c0b873d77659d7ccb42b2a04f6_cgraph.pdf, id=26537, 344.28625pt x 
99.37125pt>
File: tmr4_8h_a71a042c0b873d77659d7ccb42b2a04f6_cgraph.pdf Graphic file (type p
df)
<use tmr4_8h_a71a042c0b873d77659d7ccb42b2a04f6_cgraph.pdf>
Package pdftex.def Info: tmr4_8h_a71a042c0b873d77659d7ccb42b2a04f6_cgraph.pdf  
used on input line 672.
(pdftex.def)             Requested size: 343.0pt x 99.00102pt.


[547] <./tmr4_8h_a5023000e3c77f593628ae86eb9c3772d_icgraph.pdf>
<tmr4_8h_a5023000e3c77f593628ae86eb9c3772d_icgraph.pdf, id=26551, 572.1375pt x 
118.4425pt>
File: tmr4_8h_a5023000e3c77f593628ae86eb9c3772d_icgraph.pdf Graphic file (type 
pdf)
<use tmr4_8h_a5023000e3c77f593628ae86eb9c3772d_icgraph.pdf>
Package pdftex.def Info: tmr4_8h_a5023000e3c77f593628ae86eb9c3772d_icgraph.pdf 
 used on input line 694.
(pdftex.def)             Requested size: 350.0pt x 72.45584pt.
 <./tmr4_8h_a5666192e1d8ab908db0bae00c9d243fb_icgraph.pdf>
<tmr4_8h_a5666192e1d8ab908db0bae00c9d243fb_icgraph.pdf, id=26560, 368.37625pt x
 99.37125pt>
File: tmr4_8h_a5666192e1d8ab908db0bae00c9d243fb_icgraph.pdf Graphic file (type 
pdf)
<use tmr4_8h_a5666192e1d8ab908db0bae00c9d243fb_icgraph.pdf>
Package pdftex.def Info: tmr4_8h_a5666192e1d8ab908db0bae00c9d243fb_icgraph.pdf 
 used on input line 721.
(pdftex.def)             Requested size: 350.0pt x 94.41275pt.


[548] <./tmr4_8h_a08cc752e0d5622957129c49c2fe5c90c_cgraph.pdf>
<tmr4_8h_a08cc752e0d5622957129c49c2fe5c90c_cgraph.pdf, id=26577, 291.0875pt x 9
9.37125pt>
File: tmr4_8h_a08cc752e0d5622957129c49c2fe5c90c_cgraph.pdf Graphic file (type p
df)
<use tmr4_8h_a08cc752e0d5622957129c49c2fe5c90c_cgraph.pdf>
Package pdftex.def Info: tmr4_8h_a08cc752e0d5622957129c49c2fe5c90c_cgraph.pdf  
used on input line 748.
(pdftex.def)             Requested size: 290.0pt x 99.00708pt.
 <./tmr4_8h_a08cc752e0d5622957129c49c2fe5c90c_icgraph.pdf>
<tmr4_8h_a08cc752e0d5622957129c49c2fe5c90c_icgraph.pdf, id=26585, 258.9675pt x 
99.37125pt>
File: tmr4_8h_a08cc752e0d5622957129c49c2fe5c90c_icgraph.pdf Graphic file (type 
pdf)
<use tmr4_8h_a08cc752e0d5622957129c49c2fe5c90c_icgraph.pdf>
Package pdftex.def Info: tmr4_8h_a08cc752e0d5622957129c49c2fe5c90c_icgraph.pdf 
 used on input line 755.
(pdftex.def)             Requested size: 258.0pt x 99.01012pt.


[549] <./tmr4_8h_a6d19dd15af20bd2ba1b4c142b0b744e7_icgraph.pdf>
<tmr4_8h_a6d19dd15af20bd2ba1b4c142b0b744e7_icgraph.pdf, id=26603, 287.0725pt x 
99.37125pt>
File: tmr4_8h_a6d19dd15af20bd2ba1b4c142b0b744e7_icgraph.pdf Graphic file (type 
pdf)
<use tmr4_8h_a6d19dd15af20bd2ba1b4c142b0b744e7_icgraph.pdf>
Package pdftex.def Info: tmr4_8h_a6d19dd15af20bd2ba1b4c142b0b744e7_icgraph.pdf 
 used on input line 784.
(pdftex.def)             Requested size: 286.0pt x 99.00253pt.
 <./tmr4_8h_a0789a41c6994261eba406296ae087022_cgraph.pdf>
<tmr4_8h_a0789a41c6994261eba406296ae087022_cgraph.pdf, id=26613, 287.0725pt x 9
9.37125pt>
File: tmr4_8h_a0789a41c6994261eba406296ae087022_cgraph.pdf Graphic file (type p
df)
<use tmr4_8h_a0789a41c6994261eba406296ae087022_cgraph.pdf>
Package pdftex.def Info: tmr4_8h_a0789a41c6994261eba406296ae087022_cgraph.pdf  
used on input line 813.
(pdftex.def)             Requested size: 286.0pt x 99.00253pt.


[550] <./tmr4_8h_a0c150fa8fe1d61fe4d2accaf474cdcd2_cgraph.pdf>
<tmr4_8h_a0c150fa8fe1d61fe4d2accaf474cdcd2_cgraph.pdf, id=26629, 344.28625pt x 
99.37125pt>
File: tmr4_8h_a0c150fa8fe1d61fe4d2accaf474cdcd2_cgraph.pdf Graphic file (type p
df)
<use tmr4_8h_a0c150fa8fe1d61fe4d2accaf474cdcd2_cgraph.pdf>
Package pdftex.def Info: tmr4_8h_a0c150fa8fe1d61fe4d2accaf474cdcd2_cgraph.pdf  
used on input line 842.
(pdftex.def)             Requested size: 343.0pt x 99.00102pt.
)
(./tmr4_8h_source.tex

[551]

[552]

[553]

[554]

[555]) (./tmr5_8c.tex <./tmr5_8c__incl.pdf>
<tmr5_8c__incl.pdf, id=26742, 320.19624pt x 220.825pt>
File: tmr5_8c__incl.pdf Graphic file (type pdf)
<use tmr5_8c__incl.pdf>
Package pdftex.def Info: tmr5_8c__incl.pdf  used on input line 11.
(pdftex.def)             Requested size: 319.0pt x 220.00227pt.


[556] <./tmr5_8c_a71c58fb9f415ac2d51454074c3ec1b32_cgraph.pdf>
<tmr5_8c_a71c58fb9f415ac2d51454074c3ec1b32_cgraph.pdf, id=26777, 290.08376pt x 
99.37125pt>
File: tmr5_8c_a71c58fb9f415ac2d51454074c3ec1b32_cgraph.pdf Graphic file (type p
df)
<use tmr5_8c_a71c58fb9f415ac2d51454074c3ec1b32_cgraph.pdf>
Package pdftex.def Info: tmr5_8c_a71c58fb9f415ac2d51454074c3ec1b32_cgraph.pdf  
used on input line 60.
(pdftex.def)             Requested size: 289.0pt x 99.00557pt.

Overfull \hbox (42.75589pt too wide) in paragraph at lines 83--84
[]\T1/pcr/m/n/10 check TMR5 gate status if([]== 0) x[]Val = []; 
 []



[557] <./tmr5_8c_afb8634b4b6491652bb5c8aef16663aee_icgraph.pdf>
<tmr5_8c_afb8634b4b6491652bb5c8aef16663aee_icgraph.pdf, id=26805, 592.2125pt x 
99.37125pt>
File: tmr5_8c_afb8634b4b6491652bb5c8aef16663aee_icgraph.pdf Graphic file (type 
pdf)
<use tmr5_8c_afb8634b4b6491652bb5c8aef16663aee_icgraph.pdf>
Package pdftex.def Info: tmr5_8c_afb8634b4b6491652bb5c8aef16663aee_icgraph.pdf 
 used on input line 106.
(pdftex.def)             Requested size: 350.0pt x 58.73012pt.
 <./tmr5_8c_a00d059673a2ccd8a980e0ae629c2df4a_cgraph.pdf>
<tmr5_8c_a00d059673a2ccd8a980e0ae629c2df4a_cgraph.pdf, id=26813, 375.4025pt x 1
36.51pt>
File: tmr5_8c_a00d059673a2ccd8a980e0ae629c2df4a_cgraph.pdf Graphic file (type p
df)
<use tmr5_8c_a00d059673a2ccd8a980e0ae629c2df4a_cgraph.pdf>
Package pdftex.def Info: tmr5_8c_a00d059673a2ccd8a980e0ae629c2df4a_cgraph.pdf  
used on input line 120.
(pdftex.def)             Requested size: 350.0pt x 127.28pt.
 <./tmr5_8c_a00d059673a2ccd8a980e0ae629c2df4a_icgraph.pdf>
<tmr5_8c_a00d059673a2ccd8a980e0ae629c2df4a_icgraph.pdf, id=26821, 389.455pt x 9
9.37125pt>
File: tmr5_8c_a00d059673a2ccd8a980e0ae629c2df4a_icgraph.pdf Graphic file (type 
pdf)
<use tmr5_8c_a00d059673a2ccd8a980e0ae629c2df4a_icgraph.pdf>
Package pdftex.def Info: tmr5_8c_a00d059673a2ccd8a980e0ae629c2df4a_icgraph.pdf 
 used on input line 128.
(pdftex.def)             Requested size: 350.0pt x 89.30743pt.


[558]
Underfull \hbox (badness 10000) in paragraph at lines 151--152
[]\T1/pcr/m/n/10 Read the current value of TMR5 if(0 == []) { Do something
 []

 <./tmr5_8c_a8ca13876d542b4c54dcf8de332dc4010_cgraph.pdf>
<tmr5_8c_a8ca13876d542b4c54dcf8de332dc4010_cgraph.pdf, id=26841, 304.13625pt x 
99.37125pt>
File: tmr5_8c_a8ca13876d542b4c54dcf8de332dc4010_cgraph.pdf Graphic file (type p
df)
<use tmr5_8c_a8ca13876d542b4c54dcf8de332dc4010_cgraph.pdf>
Package pdftex.def Info: tmr5_8c_a8ca13876d542b4c54dcf8de332dc4010_cgraph.pdf  
used on input line 178.
(pdftex.def)             Requested size: 303.0pt x 99.00253pt.

Underfull \hbox (badness 1648) in paragraph at lines 173--180
[]\T1/pcr/m/n/10 Reload the initial value of TMR5 []; } }  \T1/phv/m/n/10 Here 
is the call graph for this
 []

 <./tmr5_8c_a2963d4a01246f33d36fc840540def47e_icgraph.pdf>
<tmr5_8c_a2963d4a01246f33d36fc840540def47e_icgraph.pdf, id=26849, 599.23875pt x
 136.51pt>
File: tmr5_8c_a2963d4a01246f33d36fc840540def47e_icgraph.pdf Graphic file (type 
pdf)
<use tmr5_8c_a2963d4a01246f33d36fc840540def47e_icgraph.pdf>
Package pdftex.def Info: tmr5_8c_a2963d4a01246f33d36fc840540def47e_icgraph.pdf 
 used on input line 200.
(pdftex.def)             Requested size: 350.0pt x 79.73409pt.


[559]
Overfull \hbox (42.75589pt too wide) in paragraph at lines 223--224
[]\T1/pcr/m/n/10 check TMR5 gate status if([]== 0) x[]Val = []; 
 []

 <./tmr5_8c_a20e57f18e5ec374c2cdf577309ebb8d0_icgraph.pdf>
<tmr5_8c_a20e57f18e5ec374c2cdf577309ebb8d0_icgraph.pdf, id=26869, 425.59pt x 99
.37125pt>
File: tmr5_8c_a20e57f18e5ec374c2cdf577309ebb8d0_icgraph.pdf Graphic file (type 
pdf)
<use tmr5_8c_a20e57f18e5ec374c2cdf577309ebb8d0_icgraph.pdf>
Package pdftex.def Info: tmr5_8c_a20e57f18e5ec374c2cdf577309ebb8d0_icgraph.pdf 
 used on input line 252.
(pdftex.def)             Requested size: 350.0pt x 81.72603pt.


[560]

[561] <./tmr5_8c_aff96cfd796008b442c4076edf21b212a_icgraph.pdf>
<tmr5_8c_aff96cfd796008b442c4076edf21b212a_icgraph.pdf, id=26893, 304.13625pt x
 136.51pt>
File: tmr5_8c_aff96cfd796008b442c4076edf21b212a_icgraph.pdf Graphic file (type 
pdf)
<use tmr5_8c_aff96cfd796008b442c4076edf21b212a_icgraph.pdf>
Package pdftex.def Info: tmr5_8c_aff96cfd796008b442c4076edf21b212a_icgraph.pdf 
 used on input line 304.
(pdftex.def)             Requested size: 303.0pt x 136.0035pt.


[562]) (./tmr5_8h.tex <./tmr5_8h__incl.pdf>
<tmr5_8h__incl.pdf, id=26908, 229.85875pt x 165.61874pt>
File: tmr5_8h__incl.pdf Graphic file (type pdf)
<use tmr5_8h__incl.pdf>
Package pdftex.def Info: tmr5_8h__incl.pdf  used on input line 10.
(pdftex.def)             Requested size: 229.0pt x 165.00928pt.
 <./tmr5_8h__dep__incl.pdf>
<tmr5_8h__dep__incl.pdf, id=26917, 803.0pt x 463.7325pt>
File: tmr5_8h__dep__incl.pdf Graphic file (type pdf)
<use tmr5_8h__dep__incl.pdf>
Package pdftex.def Info: tmr5_8h__dep__incl.pdf  used on input line 18.
(pdftex.def)             Requested size: 350.0pt x 202.12534pt.


[563]
Overfull \hbox (42.75589pt too wide) in paragraph at lines 72--73
[]\T1/pcr/m/n/10 check TMR5 gate status if([]== 0) x[]Val = []; 
 []

 <./tmr5_8h_afb8634b4b6491652bb5c8aef16663aee_icgraph.pdf>
<tmr5_8h_afb8634b4b6491652bb5c8aef16663aee_icgraph.pdf, id=26947, 592.2125pt x 
99.37125pt>
File: tmr5_8h_afb8634b4b6491652bb5c8aef16663aee_icgraph.pdf Graphic file (type 
pdf)
<use tmr5_8h_afb8634b4b6491652bb5c8aef16663aee_icgraph.pdf>
Package pdftex.def Info: tmr5_8h_afb8634b4b6491652bb5c8aef16663aee_icgraph.pdf 
 used on input line 95.
(pdftex.def)             Requested size: 350.0pt x 58.73012pt.


[564] <./tmr5_8h_a00d059673a2ccd8a980e0ae629c2df4a_cgraph.pdf>
<tmr5_8h_a00d059673a2ccd8a980e0ae629c2df4a_cgraph.pdf, id=26970, 375.4025pt x 1
36.51pt>
File: tmr5_8h_a00d059673a2ccd8a980e0ae629c2df4a_cgraph.pdf Graphic file (type p
df)
<use tmr5_8h_a00d059673a2ccd8a980e0ae629c2df4a_cgraph.pdf>
Package pdftex.def Info: tmr5_8h_a00d059673a2ccd8a980e0ae629c2df4a_cgraph.pdf  
used on input line 133.
(pdftex.def)             Requested size: 350.0pt x 127.28pt.
 <./tmr5_8h_a00d059673a2ccd8a980e0ae629c2df4a_icgraph.pdf>
<tmr5_8h_a00d059673a2ccd8a980e0ae629c2df4a_icgraph.pdf, id=26978, 389.455pt x 9
9.37125pt>
File: tmr5_8h_a00d059673a2ccd8a980e0ae629c2df4a_icgraph.pdf Graphic file (type 
pdf)
<use tmr5_8h_a00d059673a2ccd8a980e0ae629c2df4a_icgraph.pdf>
Package pdftex.def Info: tmr5_8h_a00d059673a2ccd8a980e0ae629c2df4a_icgraph.pdf 
 used on input line 141.
(pdftex.def)             Requested size: 350.0pt x 89.30743pt.


[565]
Underfull \hbox (badness 10000) in paragraph at lines 164--165
[]\T1/pcr/m/n/10 Read the current value of TMR5 if(0 == []) { Do something
 []



[566] <./tmr5_8h_a8ca13876d542b4c54dcf8de332dc4010_cgraph.pdf>
<tmr5_8h_a8ca13876d542b4c54dcf8de332dc4010_cgraph.pdf, id=27003, 304.13625pt x 
99.37125pt>
File: tmr5_8h_a8ca13876d542b4c54dcf8de332dc4010_cgraph.pdf Graphic file (type p
df)
<use tmr5_8h_a8ca13876d542b4c54dcf8de332dc4010_cgraph.pdf>
Package pdftex.def Info: tmr5_8h_a8ca13876d542b4c54dcf8de332dc4010_cgraph.pdf  
used on input line 191.
(pdftex.def)             Requested size: 303.0pt x 99.00253pt.

Underfull \hbox (badness 1648) in paragraph at lines 186--193
[]\T1/pcr/m/n/10 Reload the initial value of TMR5 []; } }  \T1/phv/m/n/10 Here 
is the call graph for this
 []

 <./tmr5_8h_a2963d4a01246f33d36fc840540def47e_icgraph.pdf>
<tmr5_8h_a2963d4a01246f33d36fc840540def47e_icgraph.pdf, id=27011, 599.23875pt x
 136.51pt>
File: tmr5_8h_a2963d4a01246f33d36fc840540def47e_icgraph.pdf Graphic file (type 
pdf)
<use tmr5_8h_a2963d4a01246f33d36fc840540def47e_icgraph.pdf>
Package pdftex.def Info: tmr5_8h_a2963d4a01246f33d36fc840540def47e_icgraph.pdf 
 used on input line 213.
(pdftex.def)             Requested size: 350.0pt x 79.73409pt.


[567]
Overfull \hbox (42.75589pt too wide) in paragraph at lines 236--237
[]\T1/pcr/m/n/10 check TMR5 gate status if([]== 0) x[]Val = []; 
 []

 <./tmr5_8h_a20e57f18e5ec374c2cdf577309ebb8d0_icgraph.pdf>
<tmr5_8h_a20e57f18e5ec374c2cdf577309ebb8d0_icgraph.pdf, id=27030, 425.59pt x 99
.37125pt>
File: tmr5_8h_a20e57f18e5ec374c2cdf577309ebb8d0_icgraph.pdf Graphic file (type 
pdf)
<use tmr5_8h_a20e57f18e5ec374c2cdf577309ebb8d0_icgraph.pdf>
Package pdftex.def Info: tmr5_8h_a20e57f18e5ec374c2cdf577309ebb8d0_icgraph.pdf 
 used on input line 265.
(pdftex.def)             Requested size: 350.0pt x 81.72603pt.


[568] <./tmr5_8h_aff96cfd796008b442c4076edf21b212a_icgraph.pdf>
<tmr5_8h_aff96cfd796008b442c4076edf21b212a_icgraph.pdf, id=27048, 304.13625pt x
 136.51pt>
File: tmr5_8h_aff96cfd796008b442c4076edf21b212a_icgraph.pdf Graphic file (type 
pdf)
<use tmr5_8h_aff96cfd796008b442c4076edf21b212a_icgraph.pdf>
Package pdftex.def Info: tmr5_8h_aff96cfd796008b442c4076edf21b212a_icgraph.pdf 
 used on input line 317.
(pdftex.def)             Requested size: 303.0pt x 136.0035pt.


[569]) (./tmr5_8h_source.tex

[570]) (./tmr6_8c.tex <./tmr6_8c__incl.pdf>
<tmr6_8c__incl.pdf, id=27080, 320.19624pt x 220.825pt>
File: tmr6_8c__incl.pdf Graphic file (type pdf)
<use tmr6_8c__incl.pdf>
Package pdftex.def Info: tmr6_8c__incl.pdf  used on input line 11.
(pdftex.def)             Requested size: 319.0pt x 220.00227pt.


[571] <./tmr6_8c_a249fbfea7508a50f0db21a90244279cc_icgraph.pdf>
<tmr6_8c_a249fbfea7508a50f0db21a90244279cc_icgraph.pdf, id=27129, 344.28625pt x
 99.37125pt>
File: tmr6_8c_a249fbfea7508a50f0db21a90244279cc_icgraph.pdf Graphic file (type 
pdf)
<use tmr6_8c_a249fbfea7508a50f0db21a90244279cc_icgraph.pdf>
Package pdftex.def Info: tmr6_8c_a249fbfea7508a50f0db21a90244279cc_icgraph.pdf 
 used on input line 89.
(pdftex.def)             Requested size: 343.0pt x 99.00102pt.


[572]
Underfull \hbox (badness 10000) in paragraph at lines 110--111
[]\T1/pcr/m/n/10 while(1) { Read the TMR6 register if(ZERO == []) { Do
 []

 <./tmr6_8c_a1e5ecd05910256bd99407c7c44e060b6_icgraph.pdf>
<tmr6_8c_a1e5ecd05910256bd99407c7c44e060b6_icgraph.pdf, id=27156, 344.28625pt x
 99.37125pt>
File: tmr6_8c_a1e5ecd05910256bd99407c7c44e060b6_icgraph.pdf Graphic file (type 
pdf)
<use tmr6_8c_a1e5ecd05910256bd99407c7c44e060b6_icgraph.pdf>
Package pdftex.def Info: tmr6_8c_a1e5ecd05910256bd99407c7c44e060b6_icgraph.pdf 
 used on input line 118.
(pdftex.def)             Requested size: 343.0pt x 99.00102pt.
 <./tmr6_8c_a4fe121f46fddf6421958028d90468db5_icgraph.pdf>
<tmr6_8c_a4fe121f46fddf6421958028d90468db5_icgraph.pdf, id=27164, 592.2125pt x 
99.37125pt>
File: tmr6_8c_a4fe121f46fddf6421958028d90468db5_icgraph.pdf Graphic file (type 
pdf)
<use tmr6_8c_a4fe121f46fddf6421958028d90468db5_icgraph.pdf>
Package pdftex.def Info: tmr6_8c_a4fe121f46fddf6421958028d90468db5_icgraph.pdf 
 used on input line 140.
(pdftex.def)             Requested size: 350.0pt x 58.73012pt.


[573] <./tmr6_8c_ac14bdb75adaba37fb447e5b8c69767b8_cgraph.pdf>
<tmr6_8c_ac14bdb75adaba37fb447e5b8c69767b8_cgraph.pdf, id=27181, 375.4025pt x 1
36.51pt>
File: tmr6_8c_ac14bdb75adaba37fb447e5b8c69767b8_cgraph.pdf Graphic file (type p
df)
<use tmr6_8c_ac14bdb75adaba37fb447e5b8c69767b8_cgraph.pdf>
Package pdftex.def Info: tmr6_8c_ac14bdb75adaba37fb447e5b8c69767b8_cgraph.pdf  
used on input line 178.
(pdftex.def)             Requested size: 350.0pt x 127.28pt.
 <./tmr6_8c_ac14bdb75adaba37fb447e5b8c69767b8_icgraph.pdf>
<tmr6_8c_ac14bdb75adaba37fb447e5b8c69767b8_icgraph.pdf, id=27189, 389.455pt x 9
9.37125pt>
File: tmr6_8c_ac14bdb75adaba37fb447e5b8c69767b8_icgraph.pdf Graphic file (type 
pdf)
<use tmr6_8c_ac14bdb75adaba37fb447e5b8c69767b8_icgraph.pdf>
Package pdftex.def Info: tmr6_8c_ac14bdb75adaba37fb447e5b8c69767b8_icgraph.pdf 
 used on input line 186.
(pdftex.def)             Requested size: 350.0pt x 89.30743pt.


[574] <./tmr6_8c_a8d758bacfb96ef279726717b60c354d7_cgraph.pdf>
<tmr6_8c_a8d758bacfb96ef279726717b60c354d7_cgraph.pdf, id=27205, 377.41pt x 99.
37125pt>
File: tmr6_8c_a8d758bacfb96ef279726717b60c354d7_cgraph.pdf Graphic file (type p
df)
<use tmr6_8c_a8d758bacfb96ef279726717b60c354d7_cgraph.pdf>
Package pdftex.def Info: tmr6_8c_a8d758bacfb96ef279726717b60c354d7_cgraph.pdf  
used on input line 221.
(pdftex.def)             Requested size: 350.0pt x 92.1535pt.


[575]
Underfull \hbox (badness 10000) in paragraph at lines 267--267
[]\T1/pcr/m/n/10 while(1) { Read the TMR6 register if(ZERO == []) { Do
 []

 <./tmr6_8c_af2f7e4e427026082d89918e328435356_icgraph.pdf>
<tmr6_8c_af2f7e4e427026082d89918e328435356_icgraph.pdf, id=27224, 377.41pt x 99
.37125pt>
File: tmr6_8c_af2f7e4e427026082d89918e328435356_icgraph.pdf Graphic file (type 
pdf)
<use tmr6_8c_af2f7e4e427026082d89918e328435356_icgraph.pdf>
Package pdftex.def Info: tmr6_8c_af2f7e4e427026082d89918e328435356_icgraph.pdf 
 used on input line 281.
(pdftex.def)             Requested size: 350.0pt x 92.1535pt.

Underfull \hbox (badness 10000) in paragraph at lines 304--305
[]\T1/pcr/m/n/10 Read the current value of TMR6 if(0 == []) { Do something
 []

 <./tmr6_8c_a79739a14373cd3bf47e0fc915c3efa02_cgraph.pdf>
<tmr6_8c_a79739a14373cd3bf47e0fc915c3efa02_cgraph.pdf, id=27235, 344.28625pt x 
99.37125pt>
File: tmr6_8c_a79739a14373cd3bf47e0fc915c3efa02_cgraph.pdf Graphic file (type p
df)
<use tmr6_8c_a79739a14373cd3bf47e0fc915c3efa02_cgraph.pdf>
Package pdftex.def Info: tmr6_8c_a79739a14373cd3bf47e0fc915c3efa02_cgraph.pdf  
used on input line 310.
(pdftex.def)             Requested size: 343.0pt x 99.00102pt.


[576] <./tmr6_8c_a3498261ba2974cd43ec2cc819bac27c0_icgraph.pdf>
<tmr6_8c_a3498261ba2974cd43ec2cc819bac27c0_icgraph.pdf, id=27249, 599.23875pt x
 136.51pt>
File: tmr6_8c_a3498261ba2974cd43ec2cc819bac27c0_icgraph.pdf Graphic file (type 
pdf)
<use tmr6_8c_a3498261ba2974cd43ec2cc819bac27c0_icgraph.pdf>
Package pdftex.def Info: tmr6_8c_a3498261ba2974cd43ec2cc819bac27c0_icgraph.pdf 
 used on input line 332.
(pdftex.def)             Requested size: 350.0pt x 79.73409pt.
 <./tmr6_8c_a4db4f3b9542867f08752509d184f7a85_icgraph.pdf>
<tmr6_8c_a4db4f3b9542867f08752509d184f7a85_icgraph.pdf, id=27258, 534.99875pt x
 99.37125pt>
File: tmr6_8c_a4db4f3b9542867f08752509d184f7a85_icgraph.pdf Graphic file (type 
pdf)
<use tmr6_8c_a4db4f3b9542867f08752509d184f7a85_icgraph.pdf>
Package pdftex.def Info: tmr6_8c_a4db4f3b9542867f08752509d184f7a85_icgraph.pdf 
 used on input line 359.
(pdftex.def)             Requested size: 350.0pt x 65.01207pt.


[577] <./tmr6_8c_abb4c3a072158b6dac7cb290c3aa40fc6_cgraph.pdf>
<tmr6_8c_abb4c3a072158b6dac7cb290c3aa40fc6_cgraph.pdf, id=27277, 291.0875pt x 9
9.37125pt>
File: tmr6_8c_abb4c3a072158b6dac7cb290c3aa40fc6_cgraph.pdf Graphic file (type p
df)
<use tmr6_8c_abb4c3a072158b6dac7cb290c3aa40fc6_cgraph.pdf>
Package pdftex.def Info: tmr6_8c_abb4c3a072158b6dac7cb290c3aa40fc6_cgraph.pdf  
used on input line 386.
(pdftex.def)             Requested size: 290.0pt x 99.00708pt.
 <./tmr6_8c_abb4c3a072158b6dac7cb290c3aa40fc6_icgraph.pdf>
<tmr6_8c_abb4c3a072158b6dac7cb290c3aa40fc6_icgraph.pdf, id=27285, 425.59pt x 99
.37125pt>
File: tmr6_8c_abb4c3a072158b6dac7cb290c3aa40fc6_icgraph.pdf Graphic file (type 
pdf)
<use tmr6_8c_abb4c3a072158b6dac7cb290c3aa40fc6_icgraph.pdf>
Package pdftex.def Info: tmr6_8c_abb4c3a072158b6dac7cb290c3aa40fc6_icgraph.pdf 
 used on input line 393.
(pdftex.def)             Requested size: 350.0pt x 81.72603pt.


[578] <./tmr6_8c_acb10a6876aae4a1cc753bc7197d3780f_icgraph.pdf>
<tmr6_8c_acb10a6876aae4a1cc753bc7197d3780f_icgraph.pdf, id=27303, 287.0725pt x 
99.37125pt>
File: tmr6_8c_acb10a6876aae4a1cc753bc7197d3780f_icgraph.pdf Graphic file (type 
pdf)
<use tmr6_8c_acb10a6876aae4a1cc753bc7197d3780f_icgraph.pdf>
Package pdftex.def Info: tmr6_8c_acb10a6876aae4a1cc753bc7197d3780f_icgraph.pdf 
 used on input line 422.
(pdftex.def)             Requested size: 286.0pt x 99.00253pt.
 <./tmr6_8c_ad5d9c9046d2e3f3a6a9442c7bdfa4232_cgraph.pdf>
<tmr6_8c_ad5d9c9046d2e3f3a6a9442c7bdfa4232_cgraph.pdf, id=27313, 287.0725pt x 9
9.37125pt>
File: tmr6_8c_ad5d9c9046d2e3f3a6a9442c7bdfa4232_cgraph.pdf Graphic file (type p
df)
<use tmr6_8c_ad5d9c9046d2e3f3a6a9442c7bdfa4232_cgraph.pdf>
Package pdftex.def Info: tmr6_8c_ad5d9c9046d2e3f3a6a9442c7bdfa4232_cgraph.pdf  
used on input line 451.
(pdftex.def)             Requested size: 286.0pt x 99.00253pt.


[579] <./tmr6_8c_aa89e621e7ea9d004720d90f4893f6540_cgraph.pdf>
<tmr6_8c_aa89e621e7ea9d004720d90f4893f6540_cgraph.pdf, id=27331, 344.28625pt x 
99.37125pt>
File: tmr6_8c_aa89e621e7ea9d004720d90f4893f6540_cgraph.pdf Graphic file (type p
df)
<use tmr6_8c_aa89e621e7ea9d004720d90f4893f6540_cgraph.pdf>
Package pdftex.def Info: tmr6_8c_aa89e621e7ea9d004720d90f4893f6540_cgraph.pdf  
used on input line 480.
(pdftex.def)             Requested size: 343.0pt x 99.00102pt.
) (./tmr6_8h.tex <./tmr6_8h__incl.pdf>
<tmr6_8h__incl.pdf, id=27340, 229.85875pt x 165.61874pt>
File: tmr6_8h__incl.pdf Graphic file (type pdf)
<use tmr6_8h__incl.pdf>
Package pdftex.def Info: tmr6_8h__incl.pdf  used on input line 9.
(pdftex.def)             Requested size: 229.0pt x 165.00928pt.


[580] <./tmr6_8h__dep__incl.pdf>
<tmr6_8h__dep__incl.pdf, id=27354, 803.0pt x 463.7325pt>
File: tmr6_8h__dep__incl.pdf Graphic file (type pdf)
<use tmr6_8h__dep__incl.pdf>
Package pdftex.def Info: tmr6_8h__dep__incl.pdf  used on input line 17.
(pdftex.def)             Requested size: 350.0pt x 202.12534pt.

Overfull \hbox (49.77652pt too wide) in paragraph at lines 23--52
[] \T1/phv/m/n/10 , [] , []
 []


Overfull \hbox (61.70038pt too wide) in paragraph at lines 23--52
[] \T1/phv/m/n/10 , [] , []
 []


Overfull \hbox (31.26318pt too wide) in paragraph at lines 23--52
[] \T1/phv/m/n/10 , [] , []
 []


Underfull \hbox (badness 10000) in paragraph at lines 23--52
[] \T1/phv/m/n/10 , [] ,
 []


Underfull \hbox (badness 2012) in paragraph at lines 23--52
[] \T1/phv/m/n/10 = 0x16 , [] = 0x17 ,
 []


Overfull \hbox (82.55191pt too wide) in paragraph at lines 23--52
[] \T1/phv/m/n/10 = 0x11 , []
 []



[581]

[582]

[583] <./tmr6_8h_a249fbfea7508a50f0db21a90244279cc_icgraph.pdf>
<tmr6_8h_a249fbfea7508a50f0db21a90244279cc_icgraph.pdf, id=27534, 344.28625pt x
 99.37125pt>
File: tmr6_8h_a249fbfea7508a50f0db21a90244279cc_icgraph.pdf Graphic file (type 
pdf)
<use tmr6_8h_a249fbfea7508a50f0db21a90244279cc_icgraph.pdf>
Package pdftex.def Info: tmr6_8h_a249fbfea7508a50f0db21a90244279cc_icgraph.pdf 
 used on input line 435.
(pdftex.def)             Requested size: 343.0pt x 99.00102pt.


[584]
Underfull \hbox (badness 10000) in paragraph at lines 456--457
[]\T1/pcr/m/n/10 while(1) { Read the TMR6 register if(ZERO == []) { Do
 []

 <./tmr6_8h_a1e5ecd05910256bd99407c7c44e060b6_icgraph.pdf>
<tmr6_8h_a1e5ecd05910256bd99407c7c44e060b6_icgraph.pdf, id=27548, 344.28625pt x
 99.37125pt>
File: tmr6_8h_a1e5ecd05910256bd99407c7c44e060b6_icgraph.pdf Graphic file (type 
pdf)
<use tmr6_8h_a1e5ecd05910256bd99407c7c44e060b6_icgraph.pdf>
Package pdftex.def Info: tmr6_8h_a1e5ecd05910256bd99407c7c44e060b6_icgraph.pdf 
 used on input line 464.
(pdftex.def)             Requested size: 343.0pt x 99.00102pt.
 <./tmr6_8h_a4fe121f46fddf6421958028d90468db5_icgraph.pdf>
<tmr6_8h_a4fe121f46fddf6421958028d90468db5_icgraph.pdf, id=27556, 592.2125pt x 
99.37125pt>
File: tmr6_8h_a4fe121f46fddf6421958028d90468db5_icgraph.pdf Graphic file (type 
pdf)
<use tmr6_8h_a4fe121f46fddf6421958028d90468db5_icgraph.pdf>
Package pdftex.def Info: tmr6_8h_a4fe121f46fddf6421958028d90468db5_icgraph.pdf 
 used on input line 486.
(pdftex.def)             Requested size: 350.0pt x 58.73012pt.


[585] <./tmr6_8h_ac14bdb75adaba37fb447e5b8c69767b8_cgraph.pdf>
<tmr6_8h_ac14bdb75adaba37fb447e5b8c69767b8_cgraph.pdf, id=27575, 375.4025pt x 1
36.51pt>
File: tmr6_8h_ac14bdb75adaba37fb447e5b8c69767b8_cgraph.pdf Graphic file (type p
df)
<use tmr6_8h_ac14bdb75adaba37fb447e5b8c69767b8_cgraph.pdf>
Package pdftex.def Info: tmr6_8h_ac14bdb75adaba37fb447e5b8c69767b8_cgraph.pdf  
used on input line 540.
(pdftex.def)             Requested size: 350.0pt x 127.28pt.


[586] <./tmr6_8h_ac14bdb75adaba37fb447e5b8c69767b8_icgraph.pdf>
<tmr6_8h_ac14bdb75adaba37fb447e5b8c69767b8_icgraph.pdf, id=27589, 389.455pt x 9
9.37125pt>
File: tmr6_8h_ac14bdb75adaba37fb447e5b8c69767b8_icgraph.pdf Graphic file (type 
pdf)
<use tmr6_8h_ac14bdb75adaba37fb447e5b8c69767b8_icgraph.pdf>
Package pdftex.def Info: tmr6_8h_ac14bdb75adaba37fb447e5b8c69767b8_icgraph.pdf 
 used on input line 548.
(pdftex.def)             Requested size: 350.0pt x 89.30743pt.


[587] <./tmr6_8h_a8d758bacfb96ef279726717b60c354d7_cgraph.pdf>
<tmr6_8h_a8d758bacfb96ef279726717b60c354d7_cgraph.pdf, id=27607, 377.41pt x 99.
37125pt>
File: tmr6_8h_a8d758bacfb96ef279726717b60c354d7_cgraph.pdf Graphic file (type p
df)
<use tmr6_8h_a8d758bacfb96ef279726717b60c354d7_cgraph.pdf>
Package pdftex.def Info: tmr6_8h_a8d758bacfb96ef279726717b60c354d7_cgraph.pdf  
used on input line 583.
(pdftex.def)             Requested size: 350.0pt x 92.1535pt.


[588]
Underfull \hbox (badness 10000) in paragraph at lines 629--629
[]\T1/pcr/m/n/10 while(1) { Read the TMR6 register if(ZERO == []) { Do
 []

 <./tmr6_8h_af2f7e4e427026082d89918e328435356_icgraph.pdf>
<tmr6_8h_af2f7e4e427026082d89918e328435356_icgraph.pdf, id=27624, 377.41pt x 99
.37125pt>
File: tmr6_8h_af2f7e4e427026082d89918e328435356_icgraph.pdf Graphic file (type 
pdf)
<use tmr6_8h_af2f7e4e427026082d89918e328435356_icgraph.pdf>
Package pdftex.def Info: tmr6_8h_af2f7e4e427026082d89918e328435356_icgraph.pdf 
 used on input line 643.
(pdftex.def)             Requested size: 350.0pt x 92.1535pt.

Underfull \hbox (badness 10000) in paragraph at lines 666--667
[]\T1/pcr/m/n/10 Read the current value of TMR6 if(0 == []) { Do something
 []

 <./tmr6_8h_a79739a14373cd3bf47e0fc915c3efa02_cgraph.pdf>
<tmr6_8h_a79739a14373cd3bf47e0fc915c3efa02_cgraph.pdf, id=27635, 344.28625pt x 
99.37125pt>
File: tmr6_8h_a79739a14373cd3bf47e0fc915c3efa02_cgraph.pdf Graphic file (type p
df)
<use tmr6_8h_a79739a14373cd3bf47e0fc915c3efa02_cgraph.pdf>
Package pdftex.def Info: tmr6_8h_a79739a14373cd3bf47e0fc915c3efa02_cgraph.pdf  
used on input line 672.
(pdftex.def)             Requested size: 343.0pt x 99.00102pt.


[589] <./tmr6_8h_a3498261ba2974cd43ec2cc819bac27c0_icgraph.pdf>
<tmr6_8h_a3498261ba2974cd43ec2cc819bac27c0_icgraph.pdf, id=27649, 599.23875pt x
 136.51pt>
File: tmr6_8h_a3498261ba2974cd43ec2cc819bac27c0_icgraph.pdf Graphic file (type 
pdf)
<use tmr6_8h_a3498261ba2974cd43ec2cc819bac27c0_icgraph.pdf>
Package pdftex.def Info: tmr6_8h_a3498261ba2974cd43ec2cc819bac27c0_icgraph.pdf 
 used on input line 694.
(pdftex.def)             Requested size: 350.0pt x 79.73409pt.
 <./tmr6_8h_a4db4f3b9542867f08752509d184f7a85_icgraph.pdf>
<tmr6_8h_a4db4f3b9542867f08752509d184f7a85_icgraph.pdf, id=27658, 534.99875pt x
 99.37125pt>
File: tmr6_8h_a4db4f3b9542867f08752509d184f7a85_icgraph.pdf Graphic file (type 
pdf)
<use tmr6_8h_a4db4f3b9542867f08752509d184f7a85_icgraph.pdf>
Package pdftex.def Info: tmr6_8h_a4db4f3b9542867f08752509d184f7a85_icgraph.pdf 
 used on input line 721.
(pdftex.def)             Requested size: 350.0pt x 65.01207pt.


[590] <./tmr6_8h_abb4c3a072158b6dac7cb290c3aa40fc6_cgraph.pdf>
<tmr6_8h_abb4c3a072158b6dac7cb290c3aa40fc6_cgraph.pdf, id=27674, 291.0875pt x 9
9.37125pt>
File: tmr6_8h_abb4c3a072158b6dac7cb290c3aa40fc6_cgraph.pdf Graphic file (type p
df)
<use tmr6_8h_abb4c3a072158b6dac7cb290c3aa40fc6_cgraph.pdf>
Package pdftex.def Info: tmr6_8h_abb4c3a072158b6dac7cb290c3aa40fc6_cgraph.pdf  
used on input line 748.
(pdftex.def)             Requested size: 290.0pt x 99.00708pt.
 <./tmr6_8h_abb4c3a072158b6dac7cb290c3aa40fc6_icgraph.pdf>
<tmr6_8h_abb4c3a072158b6dac7cb290c3aa40fc6_icgraph.pdf, id=27682, 425.59pt x 99
.37125pt>
File: tmr6_8h_abb4c3a072158b6dac7cb290c3aa40fc6_icgraph.pdf Graphic file (type 
pdf)
<use tmr6_8h_abb4c3a072158b6dac7cb290c3aa40fc6_icgraph.pdf>
Package pdftex.def Info: tmr6_8h_abb4c3a072158b6dac7cb290c3aa40fc6_icgraph.pdf 
 used on input line 755.
(pdftex.def)             Requested size: 350.0pt x 81.72603pt.


[591] <./tmr6_8h_acb10a6876aae4a1cc753bc7197d3780f_icgraph.pdf>
<tmr6_8h_acb10a6876aae4a1cc753bc7197d3780f_icgraph.pdf, id=27700, 287.0725pt x 
99.37125pt>
File: tmr6_8h_acb10a6876aae4a1cc753bc7197d3780f_icgraph.pdf Graphic file (type 
pdf)
<use tmr6_8h_acb10a6876aae4a1cc753bc7197d3780f_icgraph.pdf>
Package pdftex.def Info: tmr6_8h_acb10a6876aae4a1cc753bc7197d3780f_icgraph.pdf 
 used on input line 784.
(pdftex.def)             Requested size: 286.0pt x 99.00253pt.
 <./tmr6_8h_ad5d9c9046d2e3f3a6a9442c7bdfa4232_cgraph.pdf>
<tmr6_8h_ad5d9c9046d2e3f3a6a9442c7bdfa4232_cgraph.pdf, id=27710, 287.0725pt x 9
9.37125pt>
File: tmr6_8h_ad5d9c9046d2e3f3a6a9442c7bdfa4232_cgraph.pdf Graphic file (type p
df)
<use tmr6_8h_ad5d9c9046d2e3f3a6a9442c7bdfa4232_cgraph.pdf>
Package pdftex.def Info: tmr6_8h_ad5d9c9046d2e3f3a6a9442c7bdfa4232_cgraph.pdf  
used on input line 813.
(pdftex.def)             Requested size: 286.0pt x 99.00253pt.


[592] <./tmr6_8h_aa89e621e7ea9d004720d90f4893f6540_cgraph.pdf>
<tmr6_8h_aa89e621e7ea9d004720d90f4893f6540_cgraph.pdf, id=27727, 344.28625pt x 
99.37125pt>
File: tmr6_8h_aa89e621e7ea9d004720d90f4893f6540_cgraph.pdf Graphic file (type p
df)
<use tmr6_8h_aa89e621e7ea9d004720d90f4893f6540_cgraph.pdf>
Package pdftex.def Info: tmr6_8h_aa89e621e7ea9d004720d90f4893f6540_cgraph.pdf  
used on input line 842.
(pdftex.def)             Requested size: 343.0pt x 99.00102pt.
)
(./tmr6_8h_source.tex

[593]

[594]

[595]

[596]

[597]) (./uart1_8c.tex <./uart1_8c__incl.pdf>
<uart1_8c__incl.pdf, id=27840, 292.09125pt x 220.825pt>
File: uart1_8c__incl.pdf Graphic file (type pdf)
<use uart1_8c__incl.pdf>
Package pdftex.def Info: uart1_8c__incl.pdf  used on input line 9.
(pdftex.def)             Requested size: 291.0pt x 220.01912pt.


[598] <./uart1_8c_ac309baa7a429f9090420ec4e9f6d9b26_icgraph.pdf>
<uart1_8c_ac309baa7a429f9090420ec4e9f6d9b26_icgraph.pdf, id=27881, 583.17876pt 
x 99.37125pt>
File: uart1_8c_ac309baa7a429f9090420ec4e9f6d9b26_icgraph.pdf Graphic file (type
 pdf)
<use uart1_8c_ac309baa7a429f9090420ec4e9f6d9b26_icgraph.pdf>
Package pdftex.def Info: uart1_8c_ac309baa7a429f9090420ec4e9f6d9b26_icgraph.pdf
  used on input line 66.
(pdftex.def)             Requested size: 350.0pt x 59.63988pt.
 <./uart1_8c_a3461fe0e45fe0e071938030c6412d9b0_icgraph.pdf>
<uart1_8c_a3461fe0e45fe0e071938030c6412d9b0_icgraph.pdf, id=27889, 585.18625pt 
x 110.4125pt>
File: uart1_8c_a3461fe0e45fe0e071938030c6412d9b0_icgraph.pdf Graphic file (type
 pdf)
<use uart1_8c_a3461fe0e45fe0e071938030c6412d9b0_icgraph.pdf>
Package pdftex.def Info: uart1_8c_a3461fe0e45fe0e071938030c6412d9b0_icgraph.pdf
  used on input line 80.
(pdftex.def)             Requested size: 350.0pt x 66.04077pt.
 <./uart1_8c_accef6aaeea72b011eca3c666d8e545cc_icgraph.pdf>
<uart1_8c_accef6aaeea72b011eca3c666d8e545cc_icgraph.pdf, id=27897, 584.1825pt x
 110.4125pt>
File: uart1_8c_accef6aaeea72b011eca3c666d8e545cc_icgraph.pdf Graphic file (type
 pdf)
<use uart1_8c_accef6aaeea72b011eca3c666d8e545cc_icgraph.pdf>
Package pdftex.def Info: uart1_8c_accef6aaeea72b011eca3c666d8e545cc_icgraph.pdf
  used on input line 94.
(pdftex.def)             Requested size: 350.0pt x 66.15366pt.


[599]
Underfull \hbox (badness 10000) in paragraph at lines 113--114
[]\T1/phv/m/n/10 @[]Example \T1/pcr/m/n/10 void [] { volatile uint8[]_[]t rx[]D
ata; volatile []
 []


Underfull \hbox (badness 10000) in paragraph at lines 119--121
[]\T1/pcr/m/n/10 while(1) { Logic to echo received data if([]UART1[]_[]is[]_[]r
x[]_[]ready()) { rx[]Data =
 []


Underfull \hbox (badness 10000) in paragraph at lines 119--121
[]\T1/pcr/m/n/10 ; rx[]Status = []; if(rx[]Status.[]ferr){ LED[]_[]
 []

 <./uart1_8c_a10757505060dc7bf0fe148c5363eae08_cgraph.pdf>
<uart1_8c_a10757505060dc7bf0fe148c5363eae08_cgraph.pdf, id=27930, 386.44376pt x
 308.15125pt>
File: uart1_8c_a10757505060dc7bf0fe148c5363eae08_cgraph.pdf Graphic file (type 
pdf)
<use uart1_8c_a10757505060dc7bf0fe148c5363eae08_cgraph.pdf>
Package pdftex.def Info: uart1_8c_a10757505060dc7bf0fe148c5363eae08_cgraph.pdf 
 used on input line 141.
(pdftex.def)             Requested size: 350.0pt x 279.0921pt.


[600] <./uart1_8c_a10757505060dc7bf0fe148c5363eae08_icgraph.pdf>
<uart1_8c_a10757505060dc7bf0fe148c5363eae08_icgraph.pdf, id=27947, 394.47375pt 
x 99.37125pt>
File: uart1_8c_a10757505060dc7bf0fe148c5363eae08_icgraph.pdf Graphic file (type
 pdf)
<use uart1_8c_a10757505060dc7bf0fe148c5363eae08_icgraph.pdf>
Package pdftex.def Info: uart1_8c_a10757505060dc7bf0fe148c5363eae08_icgraph.pdf
  used on input line 149.
(pdftex.def)             Requested size: 350.0pt x 88.16872pt.


[601]
Underfull \hbox (badness 10000) in paragraph at lines 172--174
[]\T1/pcr/m/n/10 while(1) { Logic to echo received data if([]UART1[]_[]is[]_[]r
x[]_[]ready()) { rx[]Data =
 []


Underfull \hbox (badness 10000) in paragraph at lines 192--194
[]\T1/pcr/m/n/10 while(1) { if([]UART1[]_[]is[]_[]tx[]_[]ready()) { LED[]_[]0[]
_[][]Set[]High(); UART1[]Write(rx[]Data); }
 []


Underfull \hbox (badness 10000) in paragraph at lines 212--214
[]\T1/pcr/m/n/10 while(1) { Logic to echo received data if([]UART1[]_[]is[]_[]r
x[]_[]ready()) { rx[]Data =
 []



[602]
Underfull \hbox (badness 1412) in paragraph at lines 230--231
[]\T1/phv/m/n/10 @[]Example \T1/pcr/m/n/10 void [] { initialize the device []; 
uint8[]
 []


Underfull \hbox (badness 10000) in paragraph at lines 236--237
[]\T1/pcr/m/n/10 printf("\t\t[]TEST CODE\n\r"); //[]Enable redirect STDIO to US
ART before using
 []


Underfull \hbox (badness 10000) in paragraph at lines 236--237
\T1/pcr/m/n/10 printf statements printf("\t\t---- ----\n\r"); printf("\t\t[]ECH
O TEST\n\r");
 []


Underfull \hbox (badness 10000) in paragraph at lines 236--237
\T1/pcr/m/n/10 printf("\t\t---- ----\n\n\r"); printf("[]Enter any string[]: ");
 do{ data =
 []


Underfull \hbox (badness 10000) in paragraph at lines 236--237
[]\T1/pcr/m/n/10 ; // Read data received UART1[]_[][]Write(data); // Echo back 
the
 []


Underfull \hbox (badness 866) in paragraph at lines 248--249
[]\T1/phv/m/n/10 @[]Preconditions [] func-tion should have been called for the 
ISR to ex-e-cute cor-rectly with
 []



[603] <./uart1_8c_acde2f103f66cbd3c6a30212c67f8b62a_icgraph.pdf>
<uart1_8c_acde2f103f66cbd3c6a30212c67f8b62a_icgraph.pdf, id=27989, 563.10374pt 
x 136.51pt>
File: uart1_8c_acde2f103f66cbd3c6a30212c67f8b62a_icgraph.pdf Graphic file (type
 pdf)
<use uart1_8c_acde2f103f66cbd3c6a30212c67f8b62a_icgraph.pdf>
Package pdftex.def Info: uart1_8c_acde2f103f66cbd3c6a30212c67f8b62a_icgraph.pdf
  used on input line 271.
(pdftex.def)             Requested size: 350.0pt x 84.84778pt.
 <./uart1_8c_a6bd5f6a7a3be6d8978a3ecfbfc193947_icgraph.pdf>
<uart1_8c_a6bd5f6a7a3be6d8978a3ecfbfc193947_icgraph.pdf, id=27997, 603.25375pt 
x 136.51pt>
File: uart1_8c_a6bd5f6a7a3be6d8978a3ecfbfc193947_icgraph.pdf Graphic file (type
 pdf)
<use uart1_8c_a6bd5f6a7a3be6d8978a3ecfbfc193947_icgraph.pdf>
Package pdftex.def Info: uart1_8c_a6bd5f6a7a3be6d8978a3ecfbfc193947_icgraph.pdf
  used on input line 293.
(pdftex.def)             Requested size: 350.0pt x 79.20084pt.


[604] <./uart1_8c_a28f18a73d1d22df7d107f6a35471b4b1_icgraph.pdf>
<uart1_8c_a28f18a73d1d22df7d107f6a35471b4b1_icgraph.pdf, id=28012, 602.25pt x 1
36.51pt>
File: uart1_8c_a28f18a73d1d22df7d107f6a35471b4b1_icgraph.pdf Graphic file (type
 pdf)
<use uart1_8c_a28f18a73d1d22df7d107f6a35471b4b1_icgraph.pdf>
Package pdftex.def Info: uart1_8c_a28f18a73d1d22df7d107f6a35471b4b1_icgraph.pdf
  used on input line 315.
(pdftex.def)             Requested size: 350.0pt x 79.33623pt.
 <./uart1_8c_a90e1d95e8003b3fd38e37e35e5864b2f_icgraph.pdf>
<uart1_8c_a90e1d95e8003b3fd38e37e35e5864b2f_icgraph.pdf, id=28022, 321.2pt x 99
.37125pt>
File: uart1_8c_a90e1d95e8003b3fd38e37e35e5864b2f_icgraph.pdf Graphic file (type
 pdf)
<use uart1_8c_a90e1d95e8003b3fd38e37e35e5864b2f_icgraph.pdf>
Package pdftex.def Info: uart1_8c_a90e1d95e8003b3fd38e37e35e5864b2f_icgraph.pdf
  used on input line 339.
(pdftex.def)             Requested size: 320.0pt x 99.00253pt.


[605]) (./uart1_8h.tex <./uart1_8h__incl.pdf>
<uart1_8h__incl.pdf, id=28038, 270.00874pt x 165.61874pt>
File: uart1_8h__incl.pdf Graphic file (type pdf)
<use uart1_8h__incl.pdf>
Package pdftex.def Info: uart1_8h__incl.pdf  used on input line 10.
(pdftex.def)             Requested size: 269.0pt x 165.00423pt.
 <./uart1_8h__dep__incl.pdf>
<uart1_8h__dep__incl.pdf, id=28046, 803.0pt x 463.7325pt>
File: uart1_8h__dep__incl.pdf Graphic file (type pdf)
<use uart1_8h__dep__incl.pdf>
Package pdftex.def Info: uart1_8h__dep__incl.pdf  used on input line 18.
(pdftex.def)             Requested size: 350.0pt x 202.12534pt.


[606]

[607]
Underfull \hbox (badness 10000) in paragraph at lines 92--93
[]\T1/phv/m/n/10 @[]Example \T1/pcr/m/n/10 void [] { volatile uint8[]_[]t rx[]D
ata; volatile []
 []


Underfull \hbox (badness 10000) in paragraph at lines 98--100
[]\T1/pcr/m/n/10 while(1) { Logic to echo received data if([]UART1[]_[]is[]_[]r
x[]_[]ready()) { rx[]Data =
 []


Underfull \hbox (badness 10000) in paragraph at lines 98--100
[]\T1/pcr/m/n/10 ; rx[]Status = []; if(rx[]Status.[]ferr){ LED[]_[]
 []

 <./uart1_8h_a10757505060dc7bf0fe148c5363eae08_cgraph.pdf>
<uart1_8h_a10757505060dc7bf0fe148c5363eae08_cgraph.pdf, id=28102, 386.44376pt x
 308.15125pt>
File: uart1_8h_a10757505060dc7bf0fe148c5363eae08_cgraph.pdf Graphic file (type 
pdf)
<use uart1_8h_a10757505060dc7bf0fe148c5363eae08_cgraph.pdf>
Package pdftex.def Info: uart1_8h_a10757505060dc7bf0fe148c5363eae08_cgraph.pdf 
 used on input line 120.
(pdftex.def)             Requested size: 350.0pt x 279.0921pt.


[608] <./uart1_8h_a10757505060dc7bf0fe148c5363eae08_icgraph.pdf>
<uart1_8h_a10757505060dc7bf0fe148c5363eae08_icgraph.pdf, id=28114, 394.47375pt 
x 99.37125pt>
File: uart1_8h_a10757505060dc7bf0fe148c5363eae08_icgraph.pdf Graphic file (type
 pdf)
<use uart1_8h_a10757505060dc7bf0fe148c5363eae08_icgraph.pdf>
Package pdftex.def Info: uart1_8h_a10757505060dc7bf0fe148c5363eae08_icgraph.pdf
  used on input line 128.
(pdftex.def)             Requested size: 350.0pt x 88.16872pt.

Underfull \hbox (badness 10000) in paragraph at lines 151--153
[]\T1/pcr/m/n/10 while(1) { Logic to echo received data if([]UART1[]_[]is[]_[]r
x[]_[]ready()) { rx[]Data =
 []



[609]
Underfull \hbox (badness 10000) in paragraph at lines 171--173
[]\T1/pcr/m/n/10 while(1) { if([]UART1[]_[]is[]_[]tx[]_[]ready()) { LED[]_[]0[]
_[][]Set[]High(); UART1[]Write(rx[]Data); }
 []


Underfull \hbox (badness 10000) in paragraph at lines 191--193
[]\T1/pcr/m/n/10 while(1) { Logic to echo received data if([]UART1[]_[]is[]_[]r
x[]_[]ready()) { rx[]Data =
 []


Underfull \hbox (badness 1412) in paragraph at lines 209--210
[]\T1/phv/m/n/10 @[]Example \T1/pcr/m/n/10 void [] { initialize the device []; 
uint8[]
 []


Underfull \hbox (badness 10000) in paragraph at lines 215--216
[]\T1/pcr/m/n/10 printf("\t\t[]TEST CODE\n\r"); //[]Enable redirect STDIO to US
ART before using
 []


Underfull \hbox (badness 10000) in paragraph at lines 215--216
\T1/pcr/m/n/10 printf statements printf("\t\t---- ----\n\r"); printf("\t\t[]ECH
O TEST\n\r");
 []


Underfull \hbox (badness 10000) in paragraph at lines 215--216
\T1/pcr/m/n/10 printf("\t\t---- ----\n\n\r"); printf("[]Enter any string[]: ");
 do{ data =
 []


Underfull \hbox (badness 10000) in paragraph at lines 215--216
[]\T1/pcr/m/n/10 ; // Read data received UART1[]_[][]Write(data); // Echo back 
the
 []



[610]
Underfull \hbox (badness 866) in paragraph at lines 227--228
[]\T1/phv/m/n/10 @[]Preconditions [] func-tion should have been called for the 
ISR to ex-e-cute cor-rectly with
 []

 <./uart1_8h_acde2f103f66cbd3c6a30212c67f8b62a_icgraph.pdf>
<uart1_8h_acde2f103f66cbd3c6a30212c67f8b62a_icgraph.pdf, id=28150, 563.10374pt 
x 136.51pt>
File: uart1_8h_acde2f103f66cbd3c6a30212c67f8b62a_icgraph.pdf Graphic file (type
 pdf)
<use uart1_8h_acde2f103f66cbd3c6a30212c67f8b62a_icgraph.pdf>
Package pdftex.def Info: uart1_8h_acde2f103f66cbd3c6a30212c67f8b62a_icgraph.pdf
  used on input line 250.
(pdftex.def)             Requested size: 350.0pt x 84.84778pt.


[611] <./uart1_8h_a6bd5f6a7a3be6d8978a3ecfbfc193947_icgraph.pdf>
<uart1_8h_a6bd5f6a7a3be6d8978a3ecfbfc193947_icgraph.pdf, id=28164, 603.25375pt 
x 136.51pt>
File: uart1_8h_a6bd5f6a7a3be6d8978a3ecfbfc193947_icgraph.pdf Graphic file (type
 pdf)
<use uart1_8h_a6bd5f6a7a3be6d8978a3ecfbfc193947_icgraph.pdf>
Package pdftex.def Info: uart1_8h_a6bd5f6a7a3be6d8978a3ecfbfc193947_icgraph.pdf
  used on input line 272.
(pdftex.def)             Requested size: 350.0pt x 79.20084pt.
 <./uart1_8h_a28f18a73d1d22df7d107f6a35471b4b1_icgraph.pdf>
<uart1_8h_a28f18a73d1d22df7d107f6a35471b4b1_icgraph.pdf, id=28172, 602.25pt x 1
36.51pt>
File: uart1_8h_a28f18a73d1d22df7d107f6a35471b4b1_icgraph.pdf Graphic file (type
 pdf)
<use uart1_8h_a28f18a73d1d22df7d107f6a35471b4b1_icgraph.pdf>
Package pdftex.def Info: uart1_8h_a28f18a73d1d22df7d107f6a35471b4b1_icgraph.pdf
  used on input line 294.
(pdftex.def)             Requested size: 350.0pt x 79.33623pt.


[612] <./uart1_8h_a90e1d95e8003b3fd38e37e35e5864b2f_icgraph.pdf>
<uart1_8h_a90e1d95e8003b3fd38e37e35e5864b2f_icgraph.pdf, id=28189, 321.2pt x 99
.37125pt>
File: uart1_8h_a90e1d95e8003b3fd38e37e35e5864b2f_icgraph.pdf Graphic file (type
 pdf)
<use uart1_8h_a90e1d95e8003b3fd38e37e35e5864b2f_icgraph.pdf>
Package pdftex.def Info: uart1_8h_a90e1d95e8003b3fd38e37e35e5864b2f_icgraph.pdf
  used on input line 318.
(pdftex.def)             Requested size: 320.0pt x 99.00253pt.
)
(./uart1_8h_source.tex

[613]

[614]) (./uart2_8c.tex <./uart2_8c__incl.pdf>
<uart2_8c__incl.pdf, id=28228, 339.2675pt x 220.825pt>
File: uart2_8c__incl.pdf Graphic file (type pdf)
<use uart2_8c__incl.pdf>
Package pdftex.def Info: uart2_8c__incl.pdf  used on input line 11.
(pdftex.def)             Requested size: 338.0pt x 220.00902pt.


[615]

[616] <./uart2_8c_af5978fab9fa6dd4ced1c3a8ab1251f7b_cgraph.pdf>
<uart2_8c_af5978fab9fa6dd4ced1c3a8ab1251f7b_cgraph.pdf, id=28318, 240.9pt x 99.
37125pt>
File: uart2_8c_af5978fab9fa6dd4ced1c3a8ab1251f7b_cgraph.pdf Graphic file (type 
pdf)
<use uart2_8c_af5978fab9fa6dd4ced1c3a8ab1251f7b_cgraph.pdf>
Package pdftex.def Info: uart2_8c_af5978fab9fa6dd4ced1c3a8ab1251f7b_cgraph.pdf 
 used on input line 158.
(pdftex.def)             Requested size: 240.0pt x 99.00253pt.
 <./uart2_8c_ac21d964993393c2bf9bbdb592f025c15_cgraph.pdf>
<uart2_8c_ac21d964993393c2bf9bbdb592f025c15_cgraph.pdf, id=28326, 241.90375pt x
 99.37125pt>
File: uart2_8c_ac21d964993393c2bf9bbdb592f025c15_cgraph.pdf Graphic file (type 
pdf)
<use uart2_8c_ac21d964993393c2bf9bbdb592f025c15_cgraph.pdf>
Package pdftex.def Info: uart2_8c_ac21d964993393c2bf9bbdb592f025c15_cgraph.pdf 
 used on input line 171.
(pdftex.def)             Requested size: 241.0pt x 99.00406pt.


[617] <./uart2_8c_a08cd76d9e50b163a96a7fa5a2f57c102_cgraph.pdf>
<uart2_8c_a08cd76d9e50b163a96a7fa5a2f57c102_cgraph.pdf, id=28341, 398.48875pt x
 99.37125pt>
File: uart2_8c_a08cd76d9e50b163a96a7fa5a2f57c102_cgraph.pdf Graphic file (type 
pdf)
<use uart2_8c_a08cd76d9e50b163a96a7fa5a2f57c102_cgraph.pdf>
Package pdftex.def Info: uart2_8c_a08cd76d9e50b163a96a7fa5a2f57c102_cgraph.pdf 
 used on input line 184.
(pdftex.def)             Requested size: 350.0pt x 87.2832pt.
 <./uart2_8c_a08cd76d9e50b163a96a7fa5a2f57c102_icgraph.pdf>
<uart2_8c_a08cd76d9e50b163a96a7fa5a2f57c102_icgraph.pdf, id=28349, 583.17876pt 
x 99.37125pt>
File: uart2_8c_a08cd76d9e50b163a96a7fa5a2f57c102_icgraph.pdf Graphic file (type
 pdf)
<use uart2_8c_a08cd76d9e50b163a96a7fa5a2f57c102_icgraph.pdf>
Package pdftex.def Info: uart2_8c_a08cd76d9e50b163a96a7fa5a2f57c102_icgraph.pdf
  used on input line 192.
(pdftex.def)             Requested size: 350.0pt x 59.63988pt.
 <./uart2_8c_a5dac55fbcac2bdb33bdf4298ba92333d_icgraph.pdf>
<uart2_8c_a5dac55fbcac2bdb33bdf4298ba92333d_icgraph.pdf, id=28357, 585.18625pt 
x 110.4125pt>
File: uart2_8c_a5dac55fbcac2bdb33bdf4298ba92333d_icgraph.pdf Graphic file (type
 pdf)
<use uart2_8c_a5dac55fbcac2bdb33bdf4298ba92333d_icgraph.pdf>
Package pdftex.def Info: uart2_8c_a5dac55fbcac2bdb33bdf4298ba92333d_icgraph.pdf
  used on input line 206.
(pdftex.def)             Requested size: 350.0pt x 66.04077pt.


[618] <./uart2_8c_aea30ccd2b864ec2771eee45b429b572d_icgraph.pdf>
<uart2_8c_aea30ccd2b864ec2771eee45b429b572d_icgraph.pdf, id=28374, 584.1825pt x
 110.4125pt>
File: uart2_8c_aea30ccd2b864ec2771eee45b429b572d_icgraph.pdf Graphic file (type
 pdf)
<use uart2_8c_aea30ccd2b864ec2771eee45b429b572d_icgraph.pdf>
Package pdftex.def Info: uart2_8c_aea30ccd2b864ec2771eee45b429b572d_icgraph.pdf
  used on input line 220.
(pdftex.def)             Requested size: 350.0pt x 66.15366pt.

Underfull \hbox (badness 10000) in paragraph at lines 239--240
[]\T1/phv/m/n/10 @[]Example \T1/pcr/m/n/10 void [] { volatile uint8[]_[]t rx[]D
ata; volatile []
 []


Underfull \hbox (badness 10000) in paragraph at lines 245--247
[]\T1/pcr/m/n/10 while(1) { Logic to echo received data if([]UART2[]_[]is[]_[]r
x[]_[]ready()) { rx[]Data =
 []


Underfull \hbox (badness 10000) in paragraph at lines 245--247
[]\T1/pcr/m/n/10 ; rx[]Status = []; if(rx[]Status.[]ferr){ LED[]_[]
 []

 <./uart2_8c_a1c7f32800f7e5955bc04306b2686a0d7_cgraph.pdf>
<uart2_8c_a1c7f32800f7e5955bc04306b2686a0d7_cgraph.pdf, id=28389, 552.0625pt x 
456.70625pt>
File: uart2_8c_a1c7f32800f7e5955bc04306b2686a0d7_cgraph.pdf Graphic file (type 
pdf)
<use uart2_8c_a1c7f32800f7e5955bc04306b2686a0d7_cgraph.pdf>
Package pdftex.def Info: uart2_8c_a1c7f32800f7e5955bc04306b2686a0d7_cgraph.pdf 
 used on input line 267.
(pdftex.def)             Requested size: 350.0pt x 289.55923pt.


[619] <./uart2_8c_a1c7f32800f7e5955bc04306b2686a0d7_icgraph.pdf>
<uart2_8c_a1c7f32800f7e5955bc04306b2686a0d7_icgraph.pdf, id=28407, 394.47375pt 
x 99.37125pt>
File: uart2_8c_a1c7f32800f7e5955bc04306b2686a0d7_icgraph.pdf Graphic file (type
 pdf)
<use uart2_8c_a1c7f32800f7e5955bc04306b2686a0d7_icgraph.pdf>
Package pdftex.def Info: uart2_8c_a1c7f32800f7e5955bc04306b2686a0d7_icgraph.pdf
  used on input line 275.
(pdftex.def)             Requested size: 350.0pt x 88.16872pt.


[620] <./uart2_8c_ad5100005572a62acfca2456f75acc3e7_icgraph.pdf>
<uart2_8c_ad5100005572a62acfca2456f75acc3e7_icgraph.pdf, id=28426, 536.0025pt x
 99.37125pt>
File: uart2_8c_ad5100005572a62acfca2456f75acc3e7_icgraph.pdf Graphic file (type
 pdf)
<use uart2_8c_ad5100005572a62acfca2456f75acc3e7_icgraph.pdf>
Package pdftex.def Info: uart2_8c_ad5100005572a62acfca2456f75acc3e7_icgraph.pdf
  used on input line 302.
(pdftex.def)             Requested size: 350.0pt x 64.88773pt.

Underfull \hbox (badness 10000) in paragraph at lines 298--304
[]\T1/pcr/m/n/10 while(1) { Logic to echo received data if([]UART2[]_[]is[]_[]r
x[]_[]ready()) { rx[]Data =
 []


Underfull \hbox (badness 4013) in paragraph at lines 298--304
[]\T1/pcr/m/n/10 ; if([]UART2[]_[]is[]_[]tx[]_[]ready()) { UART2[]_[][]Write(rx
[]Data); } } } }  \T1/phv/m/n/10 Here is
 []


Underfull \hbox (badness 10000) in paragraph at lines 325--327
[]\T1/pcr/m/n/10 while(1) { if([]UART2[]_[]is[]_[]tx[]_[]ready()) { LED[]_[]0[]
_[][]Set[]High(); UART2[]Write(rx[]Data); }
 []



[621]
Underfull \hbox (badness 10000) in paragraph at lines 345--347
[]\T1/pcr/m/n/10 while(1) { Logic to echo received data if([]UART2[]_[]is[]_[]r
x[]_[]ready()) { rx[]Data =
 []


Underfull \hbox (badness 1412) in paragraph at lines 363--364
[]\T1/phv/m/n/10 @[]Example \T1/pcr/m/n/10 void [] { initialize the device []; 
uint8[]
 []


Underfull \hbox (badness 10000) in paragraph at lines 369--370
[]\T1/pcr/m/n/10 printf("\t\t[]TEST CODE\n\r"); //[]Enable redirect STDIO to US
ART before using
 []


Underfull \hbox (badness 10000) in paragraph at lines 369--370
\T1/pcr/m/n/10 printf statements printf("\t\t---- ----\n\r"); printf("\t\t[]ECH
O TEST\n\r");
 []


Underfull \hbox (badness 10000) in paragraph at lines 369--370
\T1/pcr/m/n/10 printf("\t\t---- ----\n\n\r"); printf("[]Enter any string[]: ");
 do{ data =
 []


Underfull \hbox (badness 10000) in paragraph at lines 369--370
[]\T1/pcr/m/n/10 ; // Read data received UART2[]_[][]Write(data); // Echo back 
the
 []

 <./uart2_8c_ab56d5afa62daf8dd586d6b8ebf33160d_icgraph.pdf>
<uart2_8c_ab56d5afa62daf8dd586d6b8ebf33160d_icgraph.pdf, id=28453, 504.88625pt 
x 136.51pt>
File: uart2_8c_ab56d5afa62daf8dd586d6b8ebf33160d_icgraph.pdf Graphic file (type
 pdf)
<use uart2_8c_ab56d5afa62daf8dd586d6b8ebf33160d_icgraph.pdf>
Package pdftex.def Info: uart2_8c_ab56d5afa62daf8dd586d6b8ebf33160d_icgraph.pdf
  used on input line 375.
(pdftex.def)             Requested size: 350.0pt x 94.63358pt.


[622] <./uart2_8c_ab813e516bc322e754a679dd3614aab7a_cgraph.pdf>
<uart2_8c_ab813e516bc322e754a679dd3614aab7a_cgraph.pdf, id=28468, 361.35pt x 99
.37125pt>
File: uart2_8c_ab813e516bc322e754a679dd3614aab7a_cgraph.pdf Graphic file (type 
pdf)
<use uart2_8c_ab813e516bc322e754a679dd3614aab7a_cgraph.pdf>
Package pdftex.def Info: uart2_8c_ab813e516bc322e754a679dd3614aab7a_cgraph.pdf 
 used on input line 396.
(pdftex.def)             Requested size: 350.0pt x 96.25049pt.
 <./uart2_8c_ab813e516bc322e754a679dd3614aab7a_icgraph.pdf>
<uart2_8c_ab813e516bc322e754a679dd3614aab7a_icgraph.pdf, id=28476, 546.04pt x 9
9.37125pt>
File: uart2_8c_ab813e516bc322e754a679dd3614aab7a_icgraph.pdf Graphic file (type
 pdf)
<use uart2_8c_ab813e516bc322e754a679dd3614aab7a_icgraph.pdf>
Package pdftex.def Info: uart2_8c_ab813e516bc322e754a679dd3614aab7a_icgraph.pdf
  used on input line 404.
(pdftex.def)             Requested size: 350.0pt x 63.69441pt.
 <./uart2_8c_acb7fe7356e91188e5c5a866c45615e84_icgraph.pdf>
<uart2_8c_acb7fe7356e91188e5c5a866c45615e84_icgraph.pdf, id=28485, 748.7975pt x
 136.51pt>
File: uart2_8c_acb7fe7356e91188e5c5a866c45615e84_icgraph.pdf Graphic file (type
 pdf)
<use uart2_8c_acb7fe7356e91188e5c5a866c45615e84_icgraph.pdf>
Package pdftex.def Info: uart2_8c_acb7fe7356e91188e5c5a866c45615e84_icgraph.pdf
  used on input line 426.
(pdftex.def)             Requested size: 350.0pt x 63.80768pt.


[623] <./uart2_8c_a726a09e8bb181fa81a5c68627f313188_icgraph.pdf>
<uart2_8c_a726a09e8bb181fa81a5c68627f313188_icgraph.pdf, id=28502, 563.10374pt 
x 99.37125pt>
File: uart2_8c_a726a09e8bb181fa81a5c68627f313188_icgraph.pdf Graphic file (type
 pdf)
<use uart2_8c_a726a09e8bb181fa81a5c68627f313188_icgraph.pdf>
Package pdftex.def Info: uart2_8c_a726a09e8bb181fa81a5c68627f313188_icgraph.pdf
  used on input line 448.
(pdftex.def)             Requested size: 350.0pt x 61.76419pt.
 <./uart2_8c_ace233f2d0ed985a01ef775599f80ec97_icgraph.pdf>
<uart2_8c_ace233f2d0ed985a01ef775599f80ec97_icgraph.pdf, id=28510, 603.25375pt 
x 99.37125pt>
File: uart2_8c_ace233f2d0ed985a01ef775599f80ec97_icgraph.pdf Graphic file (type
 pdf)
<use uart2_8c_ace233f2d0ed985a01ef775599f80ec97_icgraph.pdf>
Package pdftex.def Info: uart2_8c_ace233f2d0ed985a01ef775599f80ec97_icgraph.pdf
  used on input line 470.
(pdftex.def)             Requested size: 350.0pt x 57.65355pt.
 <./uart2_8c_a1c1f29b45d53bec912742c2367714d04_icgraph.pdf>
<uart2_8c_a1c1f29b45d53bec912742c2367714d04_icgraph.pdf, id=28518, 602.25pt x 9
9.37125pt>
File: uart2_8c_a1c1f29b45d53bec912742c2367714d04_icgraph.pdf Graphic file (type
 pdf)
<use uart2_8c_a1c1f29b45d53bec912742c2367714d04_icgraph.pdf>
Package pdftex.def Info: uart2_8c_a1c1f29b45d53bec912742c2367714d04_icgraph.pdf
  used on input line 492.
(pdftex.def)             Requested size: 350.0pt x 57.7521pt.


[624] <./uart2_8c_aba09e847361490c97b8477881636ed48_icgraph.pdf>
<uart2_8c_aba09e847361490c97b8477881636ed48_icgraph.pdf, id=28534, 595.22375pt 
x 99.37125pt>
File: uart2_8c_aba09e847361490c97b8477881636ed48_icgraph.pdf Graphic file (type
 pdf)
<use uart2_8c_aba09e847361490c97b8477881636ed48_icgraph.pdf>
Package pdftex.def Info: uart2_8c_aba09e847361490c97b8477881636ed48_icgraph.pdf
  used on input line 514.
(pdftex.def)             Requested size: 350.0pt x 58.4314pt.
 <./uart2_8c_afc053933c73f83ea73800a01992e0f5f_icgraph.pdf>
<uart2_8c_afc053933c73f83ea73800a01992e0f5f_icgraph.pdf, id=28542, 594.22pt x 9
9.37125pt>
File: uart2_8c_afc053933c73f83ea73800a01992e0f5f_icgraph.pdf Graphic file (type
 pdf)
<use uart2_8c_afc053933c73f83ea73800a01992e0f5f_icgraph.pdf>
Package pdftex.def Info: uart2_8c_afc053933c73f83ea73800a01992e0f5f_icgraph.pdf
  used on input line 536.
(pdftex.def)             Requested size: 350.0pt x 58.53299pt.


[625] <./uart2_8c_ad74e2ceb3a733f5d18c70203bd78c9f6_icgraph.pdf>
<uart2_8c_ad74e2ceb3a733f5d18c70203bd78c9f6_icgraph.pdf, id=28559, 550.055pt x 
99.37125pt>
File: uart2_8c_ad74e2ceb3a733f5d18c70203bd78c9f6_icgraph.pdf Graphic file (type
 pdf)
<use uart2_8c_ad74e2ceb3a733f5d18c70203bd78c9f6_icgraph.pdf>
Package pdftex.def Info: uart2_8c_ad74e2ceb3a733f5d18c70203bd78c9f6_icgraph.pdf
  used on input line 558.
(pdftex.def)             Requested size: 350.0pt x 63.23195pt.
 <./uart2_8c_a39d80e6786b7cbcadcbd0c020e60a6e7_icgraph.pdf>
<uart2_8c_a39d80e6786b7cbcadcbd0c020e60a6e7_icgraph.pdf, id=28569, 241.90375pt 
x 99.37125pt>
File: uart2_8c_a39d80e6786b7cbcadcbd0c020e60a6e7_icgraph.pdf Graphic file (type
 pdf)
<use uart2_8c_a39d80e6786b7cbcadcbd0c020e60a6e7_icgraph.pdf>
Package pdftex.def Info: uart2_8c_a39d80e6786b7cbcadcbd0c020e60a6e7_icgraph.pdf
  used on input line 582.
(pdftex.def)             Requested size: 241.0pt x 99.00406pt.


[626]) (./uart2_8h.tex <./uart2_8h__incl.pdf>
<uart2_8h__incl.pdf, id=28584, 339.2675pt x 165.61874pt>
File: uart2_8h__incl.pdf Graphic file (type pdf)
<use uart2_8h__incl.pdf>
Package pdftex.def Info: uart2_8h__incl.pdf  used on input line 11.
(pdftex.def)             Requested size: 338.0pt x 165.00676pt.
 <./uart2_8h__dep__incl.pdf>
<uart2_8h__dep__incl.pdf, id=28592, 803.0pt x 463.7325pt>
File: uart2_8h__dep__incl.pdf Graphic file (type pdf)
<use uart2_8h__dep__incl.pdf>
Package pdftex.def Info: uart2_8h__dep__incl.pdf  used on input line 19.
(pdftex.def)             Requested size: 350.0pt x 202.12534pt.


[627]

[628]
Underfull \hbox (badness 10000) in paragraph at lines 112--113
[]\T1/phv/m/n/10 @[]Example \T1/pcr/m/n/10 void [] { volatile uint8[]_[]t rx[]D
ata; volatile []
 []


Underfull \hbox (badness 10000) in paragraph at lines 118--120
[]\T1/pcr/m/n/10 while(1) { Logic to echo received data if([]UART2[]_[]is[]_[]r
x[]_[]ready()) { rx[]Data =
 []


Underfull \hbox (badness 10000) in paragraph at lines 118--120
[]\T1/pcr/m/n/10 ; rx[]Status = []; if(rx[]Status.[]ferr){ LED[]_[]
 []

 <./uart2_8h_a1c7f32800f7e5955bc04306b2686a0d7_cgraph.pdf>
<uart2_8h_a1c7f32800f7e5955bc04306b2686a0d7_cgraph.pdf, id=28665, 552.0625pt x 
456.70625pt>
File: uart2_8h_a1c7f32800f7e5955bc04306b2686a0d7_cgraph.pdf Graphic file (type 
pdf)
<use uart2_8h_a1c7f32800f7e5955bc04306b2686a0d7_cgraph.pdf>
Package pdftex.def Info: uart2_8h_a1c7f32800f7e5955bc04306b2686a0d7_cgraph.pdf 
 used on input line 140.
(pdftex.def)             Requested size: 350.0pt x 289.55923pt.


[629] <./uart2_8h_a1c7f32800f7e5955bc04306b2686a0d7_icgraph.pdf>
<uart2_8h_a1c7f32800f7e5955bc04306b2686a0d7_icgraph.pdf, id=28678, 394.47375pt 
x 99.37125pt>
File: uart2_8h_a1c7f32800f7e5955bc04306b2686a0d7_icgraph.pdf Graphic file (type
 pdf)
<use uart2_8h_a1c7f32800f7e5955bc04306b2686a0d7_icgraph.pdf>
Package pdftex.def Info: uart2_8h_a1c7f32800f7e5955bc04306b2686a0d7_icgraph.pdf
  used on input line 148.
(pdftex.def)             Requested size: 350.0pt x 88.16872pt.


[630] <./uart2_8h_ad5100005572a62acfca2456f75acc3e7_icgraph.pdf>
<uart2_8h_ad5100005572a62acfca2456f75acc3e7_icgraph.pdf, id=28697, 536.0025pt x
 99.37125pt>
File: uart2_8h_ad5100005572a62acfca2456f75acc3e7_icgraph.pdf Graphic file (type
 pdf)
<use uart2_8h_ad5100005572a62acfca2456f75acc3e7_icgraph.pdf>
Package pdftex.def Info: uart2_8h_ad5100005572a62acfca2456f75acc3e7_icgraph.pdf
  used on input line 175.
(pdftex.def)             Requested size: 350.0pt x 64.88773pt.

Underfull \hbox (badness 10000) in paragraph at lines 171--177
[]\T1/pcr/m/n/10 while(1) { Logic to echo received data if([]UART2[]_[]is[]_[]r
x[]_[]ready()) { rx[]Data =
 []


Underfull \hbox (badness 4013) in paragraph at lines 171--177
[]\T1/pcr/m/n/10 ; if([]UART2[]_[]is[]_[]tx[]_[]ready()) { UART2[]_[][]Write(rx
[]Data); } } } }  \T1/phv/m/n/10 Here is
 []


Underfull \hbox (badness 10000) in paragraph at lines 198--200
[]\T1/pcr/m/n/10 while(1) { if([]UART2[]_[]is[]_[]tx[]_[]ready()) { LED[]_[]0[]
_[][]Set[]High(); UART2[]Write(rx[]Data); }
 []



[631]
Underfull \hbox (badness 10000) in paragraph at lines 218--220
[]\T1/pcr/m/n/10 while(1) { Logic to echo received data if([]UART2[]_[]is[]_[]r
x[]_[]ready()) { rx[]Data =
 []


Underfull \hbox (badness 1412) in paragraph at lines 236--237
[]\T1/phv/m/n/10 @[]Example \T1/pcr/m/n/10 void [] { initialize the device []; 
uint8[]
 []


Underfull \hbox (badness 10000) in paragraph at lines 242--243
[]\T1/pcr/m/n/10 printf("\t\t[]TEST CODE\n\r"); //[]Enable redirect STDIO to US
ART before using
 []


Underfull \hbox (badness 10000) in paragraph at lines 242--243
\T1/pcr/m/n/10 printf statements printf("\t\t---- ----\n\r"); printf("\t\t[]ECH
O TEST\n\r");
 []


Underfull \hbox (badness 10000) in paragraph at lines 242--243
\T1/pcr/m/n/10 printf("\t\t---- ----\n\n\r"); printf("[]Enter any string[]: ");
 do{ data =
 []


Underfull \hbox (badness 10000) in paragraph at lines 242--243
[]\T1/pcr/m/n/10 ; // Read data received UART2[]_[][]Write(data); // Echo back 
the
 []

 <./uart2_8h_ab56d5afa62daf8dd586d6b8ebf33160d_icgraph.pdf>
<uart2_8h_ab56d5afa62daf8dd586d6b8ebf33160d_icgraph.pdf, id=28723, 504.88625pt 
x 136.51pt>
File: uart2_8h_ab56d5afa62daf8dd586d6b8ebf33160d_icgraph.pdf Graphic file (type
 pdf)
<use uart2_8h_ab56d5afa62daf8dd586d6b8ebf33160d_icgraph.pdf>
Package pdftex.def Info: uart2_8h_ab56d5afa62daf8dd586d6b8ebf33160d_icgraph.pdf
  used on input line 248.
(pdftex.def)             Requested size: 350.0pt x 94.63358pt.


[632] <./uart2_8h_ab813e516bc322e754a679dd3614aab7a_cgraph.pdf>
<uart2_8h_ab813e516bc322e754a679dd3614aab7a_cgraph.pdf, id=28738, 361.35pt x 99
.37125pt>
File: uart2_8h_ab813e516bc322e754a679dd3614aab7a_cgraph.pdf Graphic file (type 
pdf)
<use uart2_8h_ab813e516bc322e754a679dd3614aab7a_cgraph.pdf>
Package pdftex.def Info: uart2_8h_ab813e516bc322e754a679dd3614aab7a_cgraph.pdf 
 used on input line 269.
(pdftex.def)             Requested size: 350.0pt x 96.25049pt.
 <./uart2_8h_ab813e516bc322e754a679dd3614aab7a_icgraph.pdf>
<uart2_8h_ab813e516bc322e754a679dd3614aab7a_icgraph.pdf, id=28747, 546.04pt x 9
9.37125pt>
File: uart2_8h_ab813e516bc322e754a679dd3614aab7a_icgraph.pdf Graphic file (type
 pdf)
<use uart2_8h_ab813e516bc322e754a679dd3614aab7a_icgraph.pdf>
Package pdftex.def Info: uart2_8h_ab813e516bc322e754a679dd3614aab7a_icgraph.pdf
  used on input line 277.
(pdftex.def)             Requested size: 350.0pt x 63.69441pt.
 <./uart2_8h_acb7fe7356e91188e5c5a866c45615e84_icgraph.pdf>
<uart2_8h_acb7fe7356e91188e5c5a866c45615e84_icgraph.pdf, id=28756, 748.7975pt x
 136.51pt>
File: uart2_8h_acb7fe7356e91188e5c5a866c45615e84_icgraph.pdf Graphic file (type
 pdf)
<use uart2_8h_acb7fe7356e91188e5c5a866c45615e84_icgraph.pdf>
Package pdftex.def Info: uart2_8h_acb7fe7356e91188e5c5a866c45615e84_icgraph.pdf
  used on input line 299.
(pdftex.def)             Requested size: 350.0pt x 63.80768pt.


[633] <./uart2_8h_a726a09e8bb181fa81a5c68627f313188_icgraph.pdf>
<uart2_8h_a726a09e8bb181fa81a5c68627f313188_icgraph.pdf, id=28772, 563.10374pt 
x 99.37125pt>
File: uart2_8h_a726a09e8bb181fa81a5c68627f313188_icgraph.pdf Graphic file (type
 pdf)
<use uart2_8h_a726a09e8bb181fa81a5c68627f313188_icgraph.pdf>
Package pdftex.def Info: uart2_8h_a726a09e8bb181fa81a5c68627f313188_icgraph.pdf
  used on input line 321.
(pdftex.def)             Requested size: 350.0pt x 61.76419pt.
 <./uart2_8h_ace233f2d0ed985a01ef775599f80ec97_icgraph.pdf>
<uart2_8h_ace233f2d0ed985a01ef775599f80ec97_icgraph.pdf, id=28780, 603.25375pt 
x 99.37125pt>
File: uart2_8h_ace233f2d0ed985a01ef775599f80ec97_icgraph.pdf Graphic file (type
 pdf)
<use uart2_8h_ace233f2d0ed985a01ef775599f80ec97_icgraph.pdf>
Package pdftex.def Info: uart2_8h_ace233f2d0ed985a01ef775599f80ec97_icgraph.pdf
  used on input line 343.
(pdftex.def)             Requested size: 350.0pt x 57.65355pt.
 <./uart2_8h_a1c1f29b45d53bec912742c2367714d04_icgraph.pdf>
<uart2_8h_a1c1f29b45d53bec912742c2367714d04_icgraph.pdf, id=28788, 602.25pt x 9
9.37125pt>
File: uart2_8h_a1c1f29b45d53bec912742c2367714d04_icgraph.pdf Graphic file (type
 pdf)
<use uart2_8h_a1c1f29b45d53bec912742c2367714d04_icgraph.pdf>
Package pdftex.def Info: uart2_8h_a1c1f29b45d53bec912742c2367714d04_icgraph.pdf
  used on input line 365.
(pdftex.def)             Requested size: 350.0pt x 57.7521pt.


[634] <./uart2_8h_aba09e847361490c97b8477881636ed48_icgraph.pdf>
<uart2_8h_aba09e847361490c97b8477881636ed48_icgraph.pdf, id=28803, 595.22375pt 
x 99.37125pt>
File: uart2_8h_aba09e847361490c97b8477881636ed48_icgraph.pdf Graphic file (type
 pdf)
<use uart2_8h_aba09e847361490c97b8477881636ed48_icgraph.pdf>
Package pdftex.def Info: uart2_8h_aba09e847361490c97b8477881636ed48_icgraph.pdf
  used on input line 387.
(pdftex.def)             Requested size: 350.0pt x 58.4314pt.
 <./uart2_8h_afc053933c73f83ea73800a01992e0f5f_icgraph.pdf>
<uart2_8h_afc053933c73f83ea73800a01992e0f5f_icgraph.pdf, id=28811, 594.22pt x 9
9.37125pt>
File: uart2_8h_afc053933c73f83ea73800a01992e0f5f_icgraph.pdf Graphic file (type
 pdf)
<use uart2_8h_afc053933c73f83ea73800a01992e0f5f_icgraph.pdf>
Package pdftex.def Info: uart2_8h_afc053933c73f83ea73800a01992e0f5f_icgraph.pdf
  used on input line 409.
(pdftex.def)             Requested size: 350.0pt x 58.53299pt.


[635] <./uart2_8h_ad74e2ceb3a733f5d18c70203bd78c9f6_icgraph.pdf>
<uart2_8h_ad74e2ceb3a733f5d18c70203bd78c9f6_icgraph.pdf, id=28829, 550.055pt x 
99.37125pt>
File: uart2_8h_ad74e2ceb3a733f5d18c70203bd78c9f6_icgraph.pdf Graphic file (type
 pdf)
<use uart2_8h_ad74e2ceb3a733f5d18c70203bd78c9f6_icgraph.pdf>
Package pdftex.def Info: uart2_8h_ad74e2ceb3a733f5d18c70203bd78c9f6_icgraph.pdf
  used on input line 431.
(pdftex.def)             Requested size: 350.0pt x 63.23195pt.
 <./uart2_8h_a39d80e6786b7cbcadcbd0c020e60a6e7_icgraph.pdf>
<uart2_8h_a39d80e6786b7cbcadcbd0c020e60a6e7_icgraph.pdf, id=28839, 241.90375pt 
x 99.37125pt>
File: uart2_8h_a39d80e6786b7cbcadcbd0c020e60a6e7_icgraph.pdf Graphic file (type
 pdf)
<use uart2_8h_a39d80e6786b7cbcadcbd0c020e60a6e7_icgraph.pdf>
Package pdftex.def Info: uart2_8h_a39d80e6786b7cbcadcbd0c020e60a6e7_icgraph.pdf
  used on input line 455.
(pdftex.def)             Requested size: 241.0pt x 99.00406pt.


[636]) (./uart2_8h_source.tex

[637]

[638]) (./uart5_8c.tex <./uart5_8c__incl.pdf>
<uart5_8c__incl.pdf, id=28891, 324.21124pt x 220.825pt>
File: uart5_8c__incl.pdf Graphic file (type pdf)
<use uart5_8c__incl.pdf>
Package pdftex.def Info: uart5_8c__incl.pdf  used on input line 11.
(pdftex.def)             Requested size: 323.0pt x 220.01239pt.


[639]

[640] <./uart5_8c_a400b2c6869817745839137314bae2292_cgraph.pdf>
<uart5_8c_a400b2c6869817745839137314bae2292_cgraph.pdf, id=28976, 398.48875pt x
 99.37125pt>
File: uart5_8c_a400b2c6869817745839137314bae2292_cgraph.pdf Graphic file (type 
pdf)
<use uart5_8c_a400b2c6869817745839137314bae2292_cgraph.pdf>
Package pdftex.def Info: uart5_8c_a400b2c6869817745839137314bae2292_cgraph.pdf 
 used on input line 154.
(pdftex.def)             Requested size: 350.0pt x 87.2832pt.
 <./uart5_8c_a400b2c6869817745839137314bae2292_icgraph.pdf>
<uart5_8c_a400b2c6869817745839137314bae2292_icgraph.pdf, id=28985, 583.17876pt 
x 99.37125pt>
File: uart5_8c_a400b2c6869817745839137314bae2292_icgraph.pdf Graphic file (type
 pdf)
<use uart5_8c_a400b2c6869817745839137314bae2292_icgraph.pdf>
Package pdftex.def Info: uart5_8c_a400b2c6869817745839137314bae2292_icgraph.pdf
  used on input line 162.
(pdftex.def)             Requested size: 350.0pt x 59.63988pt.


[641] <./uart5_8c_a56423240793a4d49021fc2656d2f3d73_icgraph.pdf>
<uart5_8c_a56423240793a4d49021fc2656d2f3d73_icgraph.pdf, id=29001, 585.18625pt 
x 110.4125pt>
File: uart5_8c_a56423240793a4d49021fc2656d2f3d73_icgraph.pdf Graphic file (type
 pdf)
<use uart5_8c_a56423240793a4d49021fc2656d2f3d73_icgraph.pdf>
Package pdftex.def Info: uart5_8c_a56423240793a4d49021fc2656d2f3d73_icgraph.pdf
  used on input line 176.
(pdftex.def)             Requested size: 350.0pt x 66.04077pt.
 <./uart5_8c_abd2509f4d880c492a6093aa1557ae7f8_icgraph.pdf>
<uart5_8c_abd2509f4d880c492a6093aa1557ae7f8_icgraph.pdf, id=29009, 584.1825pt x
 110.4125pt>
File: uart5_8c_abd2509f4d880c492a6093aa1557ae7f8_icgraph.pdf Graphic file (type
 pdf)
<use uart5_8c_abd2509f4d880c492a6093aa1557ae7f8_icgraph.pdf>
Package pdftex.def Info: uart5_8c_abd2509f4d880c492a6093aa1557ae7f8_icgraph.pdf
  used on input line 190.
(pdftex.def)             Requested size: 350.0pt x 66.15366pt.

Underfull \hbox (badness 10000) in paragraph at lines 209--210
[]\T1/phv/m/n/10 @[]Example \T1/pcr/m/n/10 void [] { volatile uint8[]_[]t rx[]D
ata; volatile []
 []


Underfull \hbox (badness 10000) in paragraph at lines 215--217
[]\T1/pcr/m/n/10 while(1) { Logic to echo received data if([]UART5[]_[]is[]_[]r
x[]_[]ready()) { rx[]Data =
 []


Underfull \hbox (badness 10000) in paragraph at lines 215--217
[]\T1/pcr/m/n/10 ; rx[]Status = []; if(rx[]Status.[]ferr){ LED[]_[]
 []



[642] <./uart5_8c_a990372f1e7e95df18123e9d524721f68_cgraph.pdf>
<uart5_8c_a990372f1e7e95df18123e9d524721f68_cgraph.pdf, id=29034, 552.0625pt x 
456.70625pt>
File: uart5_8c_a990372f1e7e95df18123e9d524721f68_cgraph.pdf Graphic file (type 
pdf)
<use uart5_8c_a990372f1e7e95df18123e9d524721f68_cgraph.pdf>
Package pdftex.def Info: uart5_8c_a990372f1e7e95df18123e9d524721f68_cgraph.pdf 
 used on input line 237.
(pdftex.def)             Requested size: 350.0pt x 289.55923pt.
 <./uart5_8c_a990372f1e7e95df18123e9d524721f68_icgraph.pdf>
<uart5_8c_a990372f1e7e95df18123e9d524721f68_icgraph.pdf, id=29042, 394.47375pt 
x 99.37125pt>
File: uart5_8c_a990372f1e7e95df18123e9d524721f68_icgraph.pdf Graphic file (type
 pdf)
<use uart5_8c_a990372f1e7e95df18123e9d524721f68_icgraph.pdf>
Package pdftex.def Info: uart5_8c_a990372f1e7e95df18123e9d524721f68_icgraph.pdf
  used on input line 245.
(pdftex.def)             Requested size: 350.0pt x 88.16872pt.


[643]
Underfull \hbox (badness 10000) in paragraph at lines 268--270
[]\T1/pcr/m/n/10 while(1) { Logic to echo received data if([]UART5[]_[]is[]_[]r
x[]_[]ready()) { rx[]Data =
 []


Underfull \hbox (badness 10000) in paragraph at lines 288--290
[]\T1/pcr/m/n/10 while(1) { if([]UART5[]_[]is[]_[]tx[]_[]ready()) { LED[]_[]0[]
_[][]Set[]High(); UART5[]Write(rx[]Data); }
 []

 <./uart5_8c_a412d2b12f20e46ad4d956fa92f3e0c16_icgraph.pdf>
<uart5_8c_a412d2b12f20e46ad4d956fa92f3e0c16_icgraph.pdf, id=29069, 299.1175pt x
 99.37125pt>
File: uart5_8c_a412d2b12f20e46ad4d956fa92f3e0c16_icgraph.pdf Graphic file (type
 pdf)
<use uart5_8c_a412d2b12f20e46ad4d956fa92f3e0c16_icgraph.pdf>
Package pdftex.def Info: uart5_8c_a412d2b12f20e46ad4d956fa92f3e0c16_icgraph.pdf
  used on input line 312.
(pdftex.def)             Requested size: 298.0pt x 99.00708pt.

Underfull \hbox (badness 10000) in paragraph at lines 308--314
[]\T1/pcr/m/n/10 while(1) { Logic to echo received data if([]UART5[]_[]is[]_[]r
x[]_[]ready()) { rx[]Data =
 []


Underfull \hbox (badness 4013) in paragraph at lines 308--314
[]\T1/pcr/m/n/10 ; if([]UART5[]_[]is[]_[]tx[]_[]ready()) { UART5[]_[][]Write(rx
[]Data); } } } }  \T1/phv/m/n/10 Here is
 []



[644]
Underfull \hbox (badness 1412) in paragraph at lines 333--334
[]\T1/phv/m/n/10 @[]Example \T1/pcr/m/n/10 void [] { initialize the device []; 
uint8[]
 []


Underfull \hbox (badness 10000) in paragraph at lines 339--340
[]\T1/pcr/m/n/10 printf("\t\t[]TEST CODE\n\r"); //[]Enable redirect STDIO to US
ART before using
 []


Underfull \hbox (badness 10000) in paragraph at lines 339--340
\T1/pcr/m/n/10 printf statements printf("\t\t---- ----\n\r"); printf("\t\t[]ECH
O TEST\n\r");
 []


Underfull \hbox (badness 10000) in paragraph at lines 339--340
\T1/pcr/m/n/10 printf("\t\t---- ----\n\n\r"); printf("[]Enter any string[]: ");
 do{ data =
 []


Underfull \hbox (badness 10000) in paragraph at lines 339--340
[]\T1/pcr/m/n/10 ; // Read data received UART5[]_[][]Write(data); // Echo back 
the
 []



[645] <./uart5_8c_a4b9dca4919c942a727bfb05d0be240ee_cgraph.pdf>
<uart5_8c_a4b9dca4919c942a727bfb05d0be240ee_cgraph.pdf, id=29094, 361.35pt x 99
.37125pt>
File: uart5_8c_a4b9dca4919c942a727bfb05d0be240ee_cgraph.pdf Graphic file (type 
pdf)
<use uart5_8c_a4b9dca4919c942a727bfb05d0be240ee_cgraph.pdf>
Package pdftex.def Info: uart5_8c_a4b9dca4919c942a727bfb05d0be240ee_cgraph.pdf 
 used on input line 359.
(pdftex.def)             Requested size: 350.0pt x 96.25049pt.
 <./uart5_8c_a4b9dca4919c942a727bfb05d0be240ee_icgraph.pdf>
<uart5_8c_a4b9dca4919c942a727bfb05d0be240ee_icgraph.pdf, id=29102, 546.04pt x 9
9.37125pt>
File: uart5_8c_a4b9dca4919c942a727bfb05d0be240ee_icgraph.pdf Graphic file (type
 pdf)
<use uart5_8c_a4b9dca4919c942a727bfb05d0be240ee_icgraph.pdf>
Package pdftex.def Info: uart5_8c_a4b9dca4919c942a727bfb05d0be240ee_icgraph.pdf
  used on input line 367.
(pdftex.def)             Requested size: 350.0pt x 63.69441pt.
 <./uart5_8c_a7b12c4f1a7addfa0a27718f1a843d2c9_icgraph.pdf>
<uart5_8c_a7b12c4f1a7addfa0a27718f1a843d2c9_icgraph.pdf, id=29111, 748.7975pt x
 136.51pt>
File: uart5_8c_a7b12c4f1a7addfa0a27718f1a843d2c9_icgraph.pdf Graphic file (type
 pdf)
<use uart5_8c_a7b12c4f1a7addfa0a27718f1a843d2c9_icgraph.pdf>
Package pdftex.def Info: uart5_8c_a7b12c4f1a7addfa0a27718f1a843d2c9_icgraph.pdf
  used on input line 389.
(pdftex.def)             Requested size: 350.0pt x 63.80768pt.


[646] <./uart5_8c_ab7362dbf9e375e5b9348908406fe8863_icgraph.pdf>
<uart5_8c_ab7362dbf9e375e5b9348908406fe8863_icgraph.pdf, id=29127, 563.10374pt 
x 99.37125pt>
File: uart5_8c_ab7362dbf9e375e5b9348908406fe8863_icgraph.pdf Graphic file (type
 pdf)
<use uart5_8c_ab7362dbf9e375e5b9348908406fe8863_icgraph.pdf>
Package pdftex.def Info: uart5_8c_ab7362dbf9e375e5b9348908406fe8863_icgraph.pdf
  used on input line 411.
(pdftex.def)             Requested size: 350.0pt x 61.76419pt.
 <./uart5_8c_a6ce1302f8a43f189c7fd1df4854f9b3b_icgraph.pdf>
<uart5_8c_a6ce1302f8a43f189c7fd1df4854f9b3b_icgraph.pdf, id=29135, 603.25375pt 
x 99.37125pt>
File: uart5_8c_a6ce1302f8a43f189c7fd1df4854f9b3b_icgraph.pdf Graphic file (type
 pdf)
<use uart5_8c_a6ce1302f8a43f189c7fd1df4854f9b3b_icgraph.pdf>
Package pdftex.def Info: uart5_8c_a6ce1302f8a43f189c7fd1df4854f9b3b_icgraph.pdf
  used on input line 433.
(pdftex.def)             Requested size: 350.0pt x 57.65355pt.
 <./uart5_8c_a727f3ee471075b3c13cce61d0e7bc75a_icgraph.pdf>
<uart5_8c_a727f3ee471075b3c13cce61d0e7bc75a_icgraph.pdf, id=29143, 602.25pt x 9
9.37125pt>
File: uart5_8c_a727f3ee471075b3c13cce61d0e7bc75a_icgraph.pdf Graphic file (type
 pdf)
<use uart5_8c_a727f3ee471075b3c13cce61d0e7bc75a_icgraph.pdf>
Package pdftex.def Info: uart5_8c_a727f3ee471075b3c13cce61d0e7bc75a_icgraph.pdf
  used on input line 455.
(pdftex.def)             Requested size: 350.0pt x 57.7521pt.


[647] <./uart5_8c_a8c465d87741b7570c0ad3a999c4e2c8b_icgraph.pdf>
<uart5_8c_a8c465d87741b7570c0ad3a999c4e2c8b_icgraph.pdf, id=29159, 595.22375pt 
x 118.4425pt>
File: uart5_8c_a8c465d87741b7570c0ad3a999c4e2c8b_icgraph.pdf Graphic file (type
 pdf)
<use uart5_8c_a8c465d87741b7570c0ad3a999c4e2c8b_icgraph.pdf>
Package pdftex.def Info: uart5_8c_a8c465d87741b7570c0ad3a999c4e2c8b_icgraph.pdf
  used on input line 477.
(pdftex.def)             Requested size: 350.0pt x 69.64551pt.
 <./uart5_8c_ae1a5412d6d6287586f05b0ff39065bf7_icgraph.pdf>
<uart5_8c_ae1a5412d6d6287586f05b0ff39065bf7_icgraph.pdf, id=29167, 594.22pt x 9
9.37125pt>
File: uart5_8c_ae1a5412d6d6287586f05b0ff39065bf7_icgraph.pdf Graphic file (type
 pdf)
<use uart5_8c_ae1a5412d6d6287586f05b0ff39065bf7_icgraph.pdf>
Package pdftex.def Info: uart5_8c_ae1a5412d6d6287586f05b0ff39065bf7_icgraph.pdf
  used on input line 499.
(pdftex.def)             Requested size: 350.0pt x 58.53299pt.


[648] <./uart5_8c_a85abc651b78d6a725ff4a086297f002f_icgraph.pdf>
<uart5_8c_a85abc651b78d6a725ff4a086297f002f_icgraph.pdf, id=29183, 550.055pt x 
99.37125pt>
File: uart5_8c_a85abc651b78d6a725ff4a086297f002f_icgraph.pdf Graphic file (type
 pdf)
<use uart5_8c_a85abc651b78d6a725ff4a086297f002f_icgraph.pdf>
Package pdftex.def Info: uart5_8c_a85abc651b78d6a725ff4a086297f002f_icgraph.pdf
  used on input line 521.
(pdftex.def)             Requested size: 350.0pt x 63.23195pt.

Underfull \hbox (badness 10000) in paragraph at lines 540--542

 []



[649]) (./uart5_8h.tex <./uart5_8h__incl.pdf>
<uart5_8h__incl.pdf, id=29200, 270.00874pt x 165.61874pt>
File: uart5_8h__incl.pdf Graphic file (type pdf)
<use uart5_8h__incl.pdf>
Package pdftex.def Info: uart5_8h__incl.pdf  used on input line 10.
(pdftex.def)             Requested size: 269.0pt x 165.00423pt.
 <./uart5_8h__dep__incl.pdf>
<uart5_8h__dep__incl.pdf, id=29209, 803.0pt x 463.7325pt>
File: uart5_8h__dep__incl.pdf Graphic file (type pdf)
<use uart5_8h__dep__incl.pdf>
Package pdftex.def Info: uart5_8h__dep__incl.pdf  used on input line 18.
(pdftex.def)             Requested size: 350.0pt x 202.12534pt.


[650]

[651]
Underfull \hbox (badness 10000) in paragraph at lines 111--112
[]\T1/phv/m/n/10 @[]Example \T1/pcr/m/n/10 void [] { volatile uint8[]_[]t rx[]D
ata; volatile []
 []


Underfull \hbox (badness 10000) in paragraph at lines 117--119
[]\T1/pcr/m/n/10 while(1) { Logic to echo received data if([]UART5[]_[]is[]_[]r
x[]_[]ready()) { rx[]Data =
 []


Underfull \hbox (badness 10000) in paragraph at lines 117--119
[]\T1/pcr/m/n/10 ; rx[]Status = []; if(rx[]Status.[]ferr){ LED[]_[]
 []

 <./uart5_8h_a990372f1e7e95df18123e9d524721f68_cgraph.pdf>
<uart5_8h_a990372f1e7e95df18123e9d524721f68_cgraph.pdf, id=29281, 552.0625pt x 
456.70625pt>
File: uart5_8h_a990372f1e7e95df18123e9d524721f68_cgraph.pdf Graphic file (type 
pdf)
<use uart5_8h_a990372f1e7e95df18123e9d524721f68_cgraph.pdf>
Package pdftex.def Info: uart5_8h_a990372f1e7e95df18123e9d524721f68_cgraph.pdf 
 used on input line 139.
(pdftex.def)             Requested size: 350.0pt x 289.55923pt.


[652] <./uart5_8h_a990372f1e7e95df18123e9d524721f68_icgraph.pdf>
<uart5_8h_a990372f1e7e95df18123e9d524721f68_icgraph.pdf, id=29293, 394.47375pt 
x 99.37125pt>
File: uart5_8h_a990372f1e7e95df18123e9d524721f68_icgraph.pdf Graphic file (type
 pdf)
<use uart5_8h_a990372f1e7e95df18123e9d524721f68_icgraph.pdf>
Package pdftex.def Info: uart5_8h_a990372f1e7e95df18123e9d524721f68_icgraph.pdf
  used on input line 147.
(pdftex.def)             Requested size: 350.0pt x 88.16872pt.


[653]
Underfull \hbox (badness 10000) in paragraph at lines 170--172
[]\T1/pcr/m/n/10 while(1) { Logic to echo received data if([]UART5[]_[]is[]_[]r
x[]_[]ready()) { rx[]Data =
 []


Underfull \hbox (badness 10000) in paragraph at lines 190--192
[]\T1/pcr/m/n/10 while(1) { if([]UART5[]_[]is[]_[]tx[]_[]ready()) { LED[]_[]0[]
_[][]Set[]High(); UART5[]Write(rx[]Data); }
 []

 <./uart5_8h_a412d2b12f20e46ad4d956fa92f3e0c16_icgraph.pdf>
<uart5_8h_a412d2b12f20e46ad4d956fa92f3e0c16_icgraph.pdf, id=29321, 299.1175pt x
 99.37125pt>
File: uart5_8h_a412d2b12f20e46ad4d956fa92f3e0c16_icgraph.pdf Graphic file (type
 pdf)
<use uart5_8h_a412d2b12f20e46ad4d956fa92f3e0c16_icgraph.pdf>
Package pdftex.def Info: uart5_8h_a412d2b12f20e46ad4d956fa92f3e0c16_icgraph.pdf
  used on input line 214.
(pdftex.def)             Requested size: 298.0pt x 99.00708pt.

Underfull \hbox (badness 10000) in paragraph at lines 210--216
[]\T1/pcr/m/n/10 while(1) { Logic to echo received data if([]UART5[]_[]is[]_[]r
x[]_[]ready()) { rx[]Data =
 []


Underfull \hbox (badness 4013) in paragraph at lines 210--216
[]\T1/pcr/m/n/10 ; if([]UART5[]_[]is[]_[]tx[]_[]ready()) { UART5[]_[][]Write(rx
[]Data); } } } }  \T1/phv/m/n/10 Here is
 []



[654]
Underfull \hbox (badness 1412) in paragraph at lines 235--236
[]\T1/phv/m/n/10 @[]Example \T1/pcr/m/n/10 void [] { initialize the device []; 
uint8[]
 []


Underfull \hbox (badness 10000) in paragraph at lines 241--242
[]\T1/pcr/m/n/10 printf("\t\t[]TEST CODE\n\r"); //[]Enable redirect STDIO to US
ART before using
 []


Underfull \hbox (badness 10000) in paragraph at lines 241--242
\T1/pcr/m/n/10 printf statements printf("\t\t---- ----\n\r"); printf("\t\t[]ECH
O TEST\n\r");
 []


Underfull \hbox (badness 10000) in paragraph at lines 241--242
\T1/pcr/m/n/10 printf("\t\t---- ----\n\n\r"); printf("[]Enter any string[]: ");
 do{ data =
 []


Underfull \hbox (badness 10000) in paragraph at lines 241--242
[]\T1/pcr/m/n/10 ; // Read data received UART5[]_[][]Write(data); // Echo back 
the
 []



[655] <./uart5_8h_a4b9dca4919c942a727bfb05d0be240ee_cgraph.pdf>
<uart5_8h_a4b9dca4919c942a727bfb05d0be240ee_cgraph.pdf, id=29345, 361.35pt x 99
.37125pt>
File: uart5_8h_a4b9dca4919c942a727bfb05d0be240ee_cgraph.pdf Graphic file (type 
pdf)
<use uart5_8h_a4b9dca4919c942a727bfb05d0be240ee_cgraph.pdf>
Package pdftex.def Info: uart5_8h_a4b9dca4919c942a727bfb05d0be240ee_cgraph.pdf 
 used on input line 261.
(pdftex.def)             Requested size: 350.0pt x 96.25049pt.
 <./uart5_8h_a4b9dca4919c942a727bfb05d0be240ee_icgraph.pdf>
<uart5_8h_a4b9dca4919c942a727bfb05d0be240ee_icgraph.pdf, id=29353, 546.04pt x 9
9.37125pt>
File: uart5_8h_a4b9dca4919c942a727bfb05d0be240ee_icgraph.pdf Graphic file (type
 pdf)
<use uart5_8h_a4b9dca4919c942a727bfb05d0be240ee_icgraph.pdf>
Package pdftex.def Info: uart5_8h_a4b9dca4919c942a727bfb05d0be240ee_icgraph.pdf
  used on input line 269.
(pdftex.def)             Requested size: 350.0pt x 63.69441pt.
 <./uart5_8h_a7b12c4f1a7addfa0a27718f1a843d2c9_icgraph.pdf>
<uart5_8h_a7b12c4f1a7addfa0a27718f1a843d2c9_icgraph.pdf, id=29362, 748.7975pt x
 136.51pt>
File: uart5_8h_a7b12c4f1a7addfa0a27718f1a843d2c9_icgraph.pdf Graphic file (type
 pdf)
<use uart5_8h_a7b12c4f1a7addfa0a27718f1a843d2c9_icgraph.pdf>
Package pdftex.def Info: uart5_8h_a7b12c4f1a7addfa0a27718f1a843d2c9_icgraph.pdf
  used on input line 291.
(pdftex.def)             Requested size: 350.0pt x 63.80768pt.


[656] <./uart5_8h_ab7362dbf9e375e5b9348908406fe8863_icgraph.pdf>
<uart5_8h_ab7362dbf9e375e5b9348908406fe8863_icgraph.pdf, id=29378, 563.10374pt 
x 99.37125pt>
File: uart5_8h_ab7362dbf9e375e5b9348908406fe8863_icgraph.pdf Graphic file (type
 pdf)
<use uart5_8h_ab7362dbf9e375e5b9348908406fe8863_icgraph.pdf>
Package pdftex.def Info: uart5_8h_ab7362dbf9e375e5b9348908406fe8863_icgraph.pdf
  used on input line 313.
(pdftex.def)             Requested size: 350.0pt x 61.76419pt.
 <./uart5_8h_a6ce1302f8a43f189c7fd1df4854f9b3b_icgraph.pdf>
<uart5_8h_a6ce1302f8a43f189c7fd1df4854f9b3b_icgraph.pdf, id=29386, 603.25375pt 
x 99.37125pt>
File: uart5_8h_a6ce1302f8a43f189c7fd1df4854f9b3b_icgraph.pdf Graphic file (type
 pdf)
<use uart5_8h_a6ce1302f8a43f189c7fd1df4854f9b3b_icgraph.pdf>
Package pdftex.def Info: uart5_8h_a6ce1302f8a43f189c7fd1df4854f9b3b_icgraph.pdf
  used on input line 335.
(pdftex.def)             Requested size: 350.0pt x 57.65355pt.
 <./uart5_8h_a727f3ee471075b3c13cce61d0e7bc75a_icgraph.pdf>
<uart5_8h_a727f3ee471075b3c13cce61d0e7bc75a_icgraph.pdf, id=29394, 602.25pt x 9
9.37125pt>
File: uart5_8h_a727f3ee471075b3c13cce61d0e7bc75a_icgraph.pdf Graphic file (type
 pdf)
<use uart5_8h_a727f3ee471075b3c13cce61d0e7bc75a_icgraph.pdf>
Package pdftex.def Info: uart5_8h_a727f3ee471075b3c13cce61d0e7bc75a_icgraph.pdf
  used on input line 357.
(pdftex.def)             Requested size: 350.0pt x 57.7521pt.


[657] <./uart5_8h_a8c465d87741b7570c0ad3a999c4e2c8b_icgraph.pdf>
<uart5_8h_a8c465d87741b7570c0ad3a999c4e2c8b_icgraph.pdf, id=29409, 595.22375pt 
x 118.4425pt>
File: uart5_8h_a8c465d87741b7570c0ad3a999c4e2c8b_icgraph.pdf Graphic file (type
 pdf)
<use uart5_8h_a8c465d87741b7570c0ad3a999c4e2c8b_icgraph.pdf>
Package pdftex.def Info: uart5_8h_a8c465d87741b7570c0ad3a999c4e2c8b_icgraph.pdf
  used on input line 379.
(pdftex.def)             Requested size: 350.0pt x 69.64551pt.
 <./uart5_8h_ae1a5412d6d6287586f05b0ff39065bf7_icgraph.pdf>
<uart5_8h_ae1a5412d6d6287586f05b0ff39065bf7_icgraph.pdf, id=29417, 594.22pt x 9
9.37125pt>
File: uart5_8h_ae1a5412d6d6287586f05b0ff39065bf7_icgraph.pdf Graphic file (type
 pdf)
<use uart5_8h_ae1a5412d6d6287586f05b0ff39065bf7_icgraph.pdf>
Package pdftex.def Info: uart5_8h_ae1a5412d6d6287586f05b0ff39065bf7_icgraph.pdf
  used on input line 401.
(pdftex.def)             Requested size: 350.0pt x 58.53299pt.


[658] <./uart5_8h_a85abc651b78d6a725ff4a086297f002f_icgraph.pdf>
<uart5_8h_a85abc651b78d6a725ff4a086297f002f_icgraph.pdf, id=29434, 550.055pt x 
99.37125pt>
File: uart5_8h_a85abc651b78d6a725ff4a086297f002f_icgraph.pdf Graphic file (type
 pdf)
<use uart5_8h_a85abc651b78d6a725ff4a086297f002f_icgraph.pdf>
Package pdftex.def Info: uart5_8h_a85abc651b78d6a725ff4a086297f002f_icgraph.pdf
  used on input line 423.
(pdftex.def)             Requested size: 350.0pt x 63.23195pt.

Underfull \hbox (badness 10000) in paragraph at lines 442--444

 []



[659]) (./uart5_8h_source.tex

[660]

[661]) (./mxcmd_8c.tex <./mxcmd_8c__incl.pdf>
<mxcmd_8c__incl.pdf, id=29488, 1966.34625pt x 496.85625pt>
File: mxcmd_8c__incl.pdf Graphic file (type pdf)
<use mxcmd_8c__incl.pdf>
Package pdftex.def Info: mxcmd_8c__incl.pdf  used on input line 9.
(pdftex.def)             Requested size: 350.0pt x 88.43709pt.
 <./mxcmd_8c_a045cdd528150010b3777d51746deffb8_icgraph.pdf>
<mxcmd_8c_a045cdd528150010b3777d51746deffb8_icgraph.pdf, id=29507, 545.03625pt 
x 118.4425pt>
File: mxcmd_8c_a045cdd528150010b3777d51746deffb8_icgraph.pdf Graphic file (type
 pdf)
<use mxcmd_8c_a045cdd528150010b3777d51746deffb8_icgraph.pdf>
Package pdftex.def Info: mxcmd_8c_a045cdd528150010b3777d51746deffb8_icgraph.pdf
  used on input line 50.
(pdftex.def)             Requested size: 350.0pt x 76.05775pt.


[662] <./mxcmd_8c_abe0a94adeae8ff00f9ccd6e5c7d0b3aa_cgraph.pdf>
<mxcmd_8c_abe0a94adeae8ff00f9ccd6e5c7d0b3aa_cgraph.pdf, id=29533, 398.48875pt x
 136.51pt>
File: mxcmd_8c_abe0a94adeae8ff00f9ccd6e5c7d0b3aa_cgraph.pdf Graphic file (type 
pdf)
<use mxcmd_8c_abe0a94adeae8ff00f9ccd6e5c7d0b3aa_cgraph.pdf>
Package pdftex.def Info: mxcmd_8c_abe0a94adeae8ff00f9ccd6e5c7d0b3aa_cgraph.pdf 
 used on input line 63.
(pdftex.def)             Requested size: 350.0pt x 119.90419pt.
 <./mxcmd_8c_abe0a94adeae8ff00f9ccd6e5c7d0b3aa_icgraph.pdf>
<mxcmd_8c_abe0a94adeae8ff00f9ccd6e5c7d0b3aa_icgraph.pdf, id=29542, 203.76125pt 
x 99.37125pt>
File: mxcmd_8c_abe0a94adeae8ff00f9ccd6e5c7d0b3aa_icgraph.pdf Graphic file (type
 pdf)
<use mxcmd_8c_abe0a94adeae8ff00f9ccd6e5c7d0b3aa_icgraph.pdf>
Package pdftex.def Info: mxcmd_8c_abe0a94adeae8ff00f9ccd6e5c7d0b3aa_icgraph.pdf
  used on input line 70.
(pdftex.def)             Requested size: 203.0pt x 99.00406pt.


[663] <./mxcmd_8c_a6b2249e6a61eac38cb563da1690421d7_icgraph.pdf>
<mxcmd_8c_a6b2249e6a61eac38cb563da1690421d7_icgraph.pdf, id=29558, 362.35374pt 
x 118.4425pt>
File: mxcmd_8c_a6b2249e6a61eac38cb563da1690421d7_icgraph.pdf Graphic file (type
 pdf)
<use mxcmd_8c_a6b2249e6a61eac38cb563da1690421d7_icgraph.pdf>
Package pdftex.def Info: mxcmd_8c_a6b2249e6a61eac38cb563da1690421d7_icgraph.pdf
  used on input line 119.
(pdftex.def)             Requested size: 350.0pt x 114.40652pt.
 <./mxcmd_8c_abaf162c1efebcc3af6a46b1ca9b8499b_icgraph.pdf>
<mxcmd_8c_abaf162c1efebcc3af6a46b1ca9b8499b_icgraph.pdf, id=29566, 222.8325pt x
 99.37125pt>
File: mxcmd_8c_abaf162c1efebcc3af6a46b1ca9b8499b_icgraph.pdf Graphic file (type
 pdf)
<use mxcmd_8c_abaf162c1efebcc3af6a46b1ca9b8499b_icgraph.pdf>
Package pdftex.def Info: mxcmd_8c_abaf162c1efebcc3af6a46b1ca9b8499b_icgraph.pdf
  used on input line 132.
(pdftex.def)             Requested size: 222.0pt x 99.00102pt.


[664] <./mxcmd_8c_ae0cf98816437fd60a72863fc5d240c7a_icgraph.pdf>
<mxcmd_8c_ae0cf98816437fd60a72863fc5d240c7a_icgraph.pdf, id=29580, 220.825pt x 
99.37125pt>
File: mxcmd_8c_ae0cf98816437fd60a72863fc5d240c7a_icgraph.pdf Graphic file (type
 pdf)
<use mxcmd_8c_ae0cf98816437fd60a72863fc5d240c7a_icgraph.pdf>
Package pdftex.def Info: mxcmd_8c_ae0cf98816437fd60a72863fc5d240c7a_icgraph.pdf
  used on input line 145.
(pdftex.def)             Requested size: 220.0pt x 99.00406pt.
)
(./mxcmd_8h.tex <./mxcmd_8h__incl.pdf>
<mxcmd_8h__incl.pdf, id=29588, 1966.34625pt x 441.65pt>
File: mxcmd_8h__incl.pdf Graphic file (type pdf)
<use mxcmd_8h__incl.pdf>
Package pdftex.def Info: mxcmd_8h__incl.pdf  used on input line 16.
(pdftex.def)             Requested size: 350.0pt x 78.61075pt.
 <./mxcmd_8h__dep__incl.pdf>
<mxcmd_8h__dep__incl.pdf, id=29596, 635.37375pt x 264.99pt>
File: mxcmd_8h__dep__incl.pdf Graphic file (type pdf)
<use mxcmd_8h__dep__incl.pdf>
Package pdftex.def Info: mxcmd_8h__dep__incl.pdf  used on input line 23.
(pdftex.def)             Requested size: 350.0pt x 145.97542pt.


[665]

[666]

[667]

[668] <./mxcmd_8h_aee7cbe9d1aa37c2a25c44408d9c7e261_icgraph.pdf>
<mxcmd_8h_aee7cbe9d1aa37c2a25c44408d9c7e261_icgraph.pdf, id=29746, 545.03625pt 
x 118.4425pt>
File: mxcmd_8h_aee7cbe9d1aa37c2a25c44408d9c7e261_icgraph.pdf Graphic file (type
 pdf)
<use mxcmd_8h_aee7cbe9d1aa37c2a25c44408d9c7e261_icgraph.pdf>
Package pdftex.def Info: mxcmd_8h_aee7cbe9d1aa37c2a25c44408d9c7e261_icgraph.pdf
  used on input line 300.
(pdftex.def)             Requested size: 350.0pt x 76.05775pt.
 <./mxcmd_8h_abe0a94adeae8ff00f9ccd6e5c7d0b3aa_cgraph.pdf>
<mxcmd_8h_abe0a94adeae8ff00f9ccd6e5c7d0b3aa_cgraph.pdf, id=29754, 398.48875pt x
 136.51pt>
File: mxcmd_8h_abe0a94adeae8ff00f9ccd6e5c7d0b3aa_cgraph.pdf Graphic file (type 
pdf)
<use mxcmd_8h_abe0a94adeae8ff00f9ccd6e5c7d0b3aa_cgraph.pdf>
Package pdftex.def Info: mxcmd_8h_abe0a94adeae8ff00f9ccd6e5c7d0b3aa_cgraph.pdf 
 used on input line 313.
(pdftex.def)             Requested size: 350.0pt x 119.90419pt.


[669] <./mxcmd_8h_abe0a94adeae8ff00f9ccd6e5c7d0b3aa_icgraph.pdf>
<mxcmd_8h_abe0a94adeae8ff00f9ccd6e5c7d0b3aa_icgraph.pdf, id=29770, 203.76125pt 
x 99.37125pt>
File: mxcmd_8h_abe0a94adeae8ff00f9ccd6e5c7d0b3aa_icgraph.pdf Graphic file (type
 pdf)
<use mxcmd_8h_abe0a94adeae8ff00f9ccd6e5c7d0b3aa_icgraph.pdf>
Package pdftex.def Info: mxcmd_8h_abe0a94adeae8ff00f9ccd6e5c7d0b3aa_icgraph.pdf
  used on input line 320.
(pdftex.def)             Requested size: 203.0pt x 99.00406pt.


[670] <./mxcmd_8h_a9bb18bfcdf15f760da510549a44b457d_icgraph.pdf>
<mxcmd_8h_a9bb18bfcdf15f760da510549a44b457d_icgraph.pdf, id=29785, 362.35374pt 
x 118.4425pt>
File: mxcmd_8h_a9bb18bfcdf15f760da510549a44b457d_icgraph.pdf Graphic file (type
 pdf)
<use mxcmd_8h_a9bb18bfcdf15f760da510549a44b457d_icgraph.pdf>
Package pdftex.def Info: mxcmd_8h_a9bb18bfcdf15f760da510549a44b457d_icgraph.pdf
  used on input line 369.
(pdftex.def)             Requested size: 350.0pt x 114.40652pt.
 <./mxcmd_8h_abaf162c1efebcc3af6a46b1ca9b8499b_icgraph.pdf>
<mxcmd_8h_abaf162c1efebcc3af6a46b1ca9b8499b_icgraph.pdf, id=29793, 222.8325pt x
 99.37125pt>
File: mxcmd_8h_abaf162c1efebcc3af6a46b1ca9b8499b_icgraph.pdf Graphic file (type
 pdf)
<use mxcmd_8h_abaf162c1efebcc3af6a46b1ca9b8499b_icgraph.pdf>
Package pdftex.def Info: mxcmd_8h_abaf162c1efebcc3af6a46b1ca9b8499b_icgraph.pdf
  used on input line 382.
(pdftex.def)             Requested size: 222.0pt x 99.00102pt.
 <./mxcmd_8h_ae0cf98816437fd60a72863fc5d240c7a_icgraph.pdf>
<mxcmd_8h_ae0cf98816437fd60a72863fc5d240c7a_icgraph.pdf, id=29801, 220.825pt x 
99.37125pt>
File: mxcmd_8h_ae0cf98816437fd60a72863fc5d240c7a_icgraph.pdf Graphic file (type
 pdf)
<use mxcmd_8h_ae0cf98816437fd60a72863fc5d240c7a_icgraph.pdf>
Package pdftex.def Info: mxcmd_8h_ae0cf98816437fd60a72863fc5d240c7a_icgraph.pdf
  used on input line 395.
(pdftex.def)             Requested size: 220.0pt x 99.00406pt.


[671] <./mxcmd_8h_a3ff828022c3c7d1ef14e5879c8404350_icgraph.pdf>
<mxcmd_8h_a3ff828022c3c7d1ef14e5879c8404350_icgraph.pdf, id=29817, 219.82124pt 
x 99.37125pt>
File: mxcmd_8h_a3ff828022c3c7d1ef14e5879c8404350_icgraph.pdf Graphic file (type
 pdf)
<use mxcmd_8h_a3ff828022c3c7d1ef14e5879c8404350_icgraph.pdf>
Package pdftex.def Info: mxcmd_8h_a3ff828022c3c7d1ef14e5879c8404350_icgraph.pdf
  used on input line 409.
(pdftex.def)             Requested size: 219.0pt x 99.00253pt.


[672]

[673]) (./mxcmd_8h_source.tex

[674]

[675]

[676]) (./modbus__master_8c.tex <./modbus__master_8c__incl.pdf>
<modbus__master_8c__incl.pdf, id=29951, 1858.945pt x 441.65pt>
File: modbus__master_8c__incl.pdf Graphic file (type pdf)
<use modbus__master_8c__incl.pdf>
Package pdftex.def Info: modbus__master_8c__incl.pdf  used on input line 9.
(pdftex.def)             Requested size: 350.0pt x 83.15285pt.


[677]
Underfull \hbox (badness 1320) in paragraph at lines 79--81
[]\T1/phv/m/n/10 const uint8[]_[]t [] []$ $[] = {[], [], 0x00, 0x00, 0x00,
 []


Underfull \hbox (badness 1320) in paragraph at lines 81--83
[]\T1/phv/m/n/10 const uint8[]_[]t [] []$ $[] = {[], [], 0x05, 0x00, 0x00,
 []


Underfull \hbox (badness 1424) in paragraph at lines 83--85
[]\T1/phv/m/n/10 const uint8[]_[]t [] []$ $[] = {[], [], 0x50, 0x00, 0x00,
 []

 <./modbus__master_8c_a1beecc83dea42956462e66ef987e88b1_icgraph.pdf>
<modbus__master_8c_a1beecc83dea42956462e66ef987e88b1_icgraph.pdf, id=30090, 389
.455pt x 99.37125pt>
File: modbus__master_8c_a1beecc83dea42956462e66ef987e88b1_icgraph.pdf Graphic f
ile (type pdf)
<use modbus__master_8c_a1beecc83dea42956462e66ef987e88b1_icgraph.pdf>
Package pdftex.def Info: modbus__master_8c_a1beecc83dea42956462e66ef987e88b1_ic
graph.pdf  used on input line 143.
(pdftex.def)             Requested size: 350.0pt x 89.30743pt.


[678] <./modbus__master_8c_a059b37f6d98c378242ebc40cbaf56e1c_icgraph.pdf>
<modbus__master_8c_a059b37f6d98c378242ebc40cbaf56e1c_icgraph.pdf, id=30137, 407
.5225pt x 99.37125pt>
File: modbus__master_8c_a059b37f6d98c378242ebc40cbaf56e1c_icgraph.pdf Graphic f
ile (type pdf)
<use modbus__master_8c_a059b37f6d98c378242ebc40cbaf56e1c_icgraph.pdf>
Package pdftex.def Info: modbus__master_8c_a059b37f6d98c378242ebc40cbaf56e1c_ic
graph.pdf  used on input line 156.
(pdftex.def)             Requested size: 350.0pt x 85.34842pt.
 <./modbus__master_8c_ac941be1be1f2239ffd59d96aaaa2a489_icgraph.pdf>
<modbus__master_8c_ac941be1be1f2239ffd59d96aaaa2a489_icgraph.pdf, id=30145, 401
.5pt x 99.37125pt>
File: modbus__master_8c_ac941be1be1f2239ffd59d96aaaa2a489_icgraph.pdf Graphic f
ile (type pdf)
<use modbus__master_8c_ac941be1be1f2239ffd59d96aaaa2a489_icgraph.pdf>
Package pdftex.def Info: modbus__master_8c_ac941be1be1f2239ffd59d96aaaa2a489_ic
graph.pdf  used on input line 169.
(pdftex.def)             Requested size: 350.0pt x 86.6312pt.
 <./modbus__master_8c_aec5790a2df1271942c73bae665c4ead3_icgraph.pdf>
<modbus__master_8c_aec5790a2df1271942c73bae665c4ead3_icgraph.pdf, id=30153, 581
.17125pt x 156.585pt>
File: modbus__master_8c_aec5790a2df1271942c73bae665c4ead3_icgraph.pdf Graphic f
ile (type pdf)
<use modbus__master_8c_aec5790a2df1271942c73bae665c4ead3_icgraph.pdf>
Package pdftex.def Info: modbus__master_8c_aec5790a2df1271942c73bae665c4ead3_ic
graph.pdf  used on input line 182.
(pdftex.def)             Requested size: 350.0pt x 94.30055pt.


[679] <./modbus__master_8c_a956c0bdafbaae37900664a1aaff97103_icgraph.pdf>
<modbus__master_8c_a956c0bdafbaae37900664a1aaff97103_icgraph.pdf, id=30169, 381
.425pt x 99.37125pt>
File: modbus__master_8c_a956c0bdafbaae37900664a1aaff97103_icgraph.pdf Graphic f
ile (type pdf)
<use modbus__master_8c_a956c0bdafbaae37900664a1aaff97103_icgraph.pdf>
Package pdftex.def Info: modbus__master_8c_a956c0bdafbaae37900664a1aaff97103_ic
graph.pdf  used on input line 195.
(pdftex.def)             Requested size: 350.0pt x 91.18762pt.
 <./modbus__master_8c_adbdce2998d1942dce9af01d3430c9465_icgraph.pdf>
<modbus__master_8c_adbdce2998d1942dce9af01d3430c9465_icgraph.pdf, id=30177, 399
.4925pt x 99.37125pt>
File: modbus__master_8c_adbdce2998d1942dce9af01d3430c9465_icgraph.pdf Graphic f
ile (type pdf)
<use modbus__master_8c_adbdce2998d1942dce9af01d3430c9465_icgraph.pdf>
Package pdftex.def Info: modbus__master_8c_adbdce2998d1942dce9af01d3430c9465_ic
graph.pdf  used on input line 208.
(pdftex.def)             Requested size: 350.0pt x 87.06485pt.
 <./modbus__master_8c_a84de20d2fd1009a7214c839f6e45c6ce_icgraph.pdf>
<modbus__master_8c_a84de20d2fd1009a7214c839f6e45c6ce_icgraph.pdf, id=30186, 393
.47pt x 99.37125pt>
File: modbus__master_8c_a84de20d2fd1009a7214c839f6e45c6ce_icgraph.pdf Graphic f
ile (type pdf)
<use modbus__master_8c_a84de20d2fd1009a7214c839f6e45c6ce_icgraph.pdf>
Package pdftex.def Info: modbus__master_8c_a84de20d2fd1009a7214c839f6e45c6ce_ic
graph.pdf  used on input line 221.
(pdftex.def)             Requested size: 350.0pt x 88.3916pt.


[680] <./modbus__master_8c_af0a79cc5a035f6c7545db9bcd27cb05b_cgraph.pdf>
<modbus__master_8c_af0a79cc5a035f6c7545db9bcd27cb05b_cgraph.pdf, id=30202, 502.
87875pt x 285.065pt>
File: modbus__master_8c_af0a79cc5a035f6c7545db9bcd27cb05b_cgraph.pdf Graphic fi
le (type pdf)
<use modbus__master_8c_af0a79cc5a035f6c7545db9bcd27cb05b_cgraph.pdf>
Package pdftex.def Info: modbus__master_8c_af0a79cc5a035f6c7545db9bcd27cb05b_cg
raph.pdf  used on input line 235.
(pdftex.def)             Requested size: 350.0pt x 198.40015pt.
 <./modbus__master_8c_af0a79cc5a035f6c7545db9bcd27cb05b_icgraph.pdf>
<modbus__master_8c_af0a79cc5a035f6c7545db9bcd27cb05b_icgraph.pdf, id=30210, 288
.07625pt x 99.37125pt>
File: modbus__master_8c_af0a79cc5a035f6c7545db9bcd27cb05b_icgraph.pdf Graphic f
ile (type pdf)
<use modbus__master_8c_af0a79cc5a035f6c7545db9bcd27cb05b_icgraph.pdf>
Package pdftex.def Info: modbus__master_8c_af0a79cc5a035f6c7545db9bcd27cb05b_ic
graph.pdf  used on input line 242.
(pdftex.def)             Requested size: 287.0pt x 99.00406pt.


[681] <./modbus__master_8c_af5f47e04feb695a8acd7dce709e879e5_cgraph.pdf>
<modbus__master_8c_af5f47e04feb695a8acd7dce709e879e5_cgraph.pdf, id=30227, 574.
145pt x 359.3425pt>
File: modbus__master_8c_af5f47e04feb695a8acd7dce709e879e5_cgraph.pdf Graphic fi
le (type pdf)
<use modbus__master_8c_af5f47e04feb695a8acd7dce709e879e5_cgraph.pdf>
Package pdftex.def Info: modbus__master_8c_af5f47e04feb695a8acd7dce709e879e5_cg
raph.pdf  used on input line 261.
(pdftex.def)             Requested size: 350.0pt x 219.06152pt.
 <./modbus__master_8c_af5f47e04feb695a8acd7dce709e879e5_icgraph.pdf>
<modbus__master_8c_af5f47e04feb695a8acd7dce709e879e5_icgraph.pdf, id=30235, 290
.08376pt x 99.37125pt>
File: modbus__master_8c_af5f47e04feb695a8acd7dce709e879e5_icgraph.pdf Graphic f
ile (type pdf)
<use modbus__master_8c_af5f47e04feb695a8acd7dce709e879e5_icgraph.pdf>
Package pdftex.def Info: modbus__master_8c_af5f47e04feb695a8acd7dce709e879e5_ic
graph.pdf  used on input line 268.
(pdftex.def)             Requested size: 289.0pt x 99.00557pt.


[682] <./modbus__master_8c_a90eb393250f99616118f14648db15c48_cgraph.pdf>
<modbus__master_8c_a90eb393250f99616118f14648db15c48_cgraph.pdf, id=30250, 354.
32375pt x 173.64874pt>
File: modbus__master_8c_a90eb393250f99616118f14648db15c48_cgraph.pdf Graphic fi
le (type pdf)
<use modbus__master_8c_a90eb393250f99616118f14648db15c48_cgraph.pdf>
Package pdftex.def Info: modbus__master_8c_a90eb393250f99616118f14648db15c48_cg
raph.pdf  used on input line 293.
(pdftex.def)             Requested size: 350.0pt x 171.53387pt.
 <./modbus__master_8c_a90eb393250f99616118f14648db15c48_icgraph.pdf>
<modbus__master_8c_a90eb393250f99616118f14648db15c48_icgraph.pdf, id=30258, 222
.8325pt x 99.37125pt>
File: modbus__master_8c_a90eb393250f99616118f14648db15c48_icgraph.pdf Graphic f
ile (type pdf)
<use modbus__master_8c_a90eb393250f99616118f14648db15c48_icgraph.pdf>
Package pdftex.def Info: modbus__master_8c_a90eb393250f99616118f14648db15c48_ic
graph.pdf  used on input line 300.
(pdftex.def)             Requested size: 222.0pt x 99.00102pt.
 <./modbus__master_8c_af45e35cc73a4cc8e44d55288b35f3ac6_cgraph.pdf>
<modbus__master_8c_af45e35cc73a4cc8e44d55288b35f3ac6_cgraph.pdf, id=30267, 317.
185pt x 210.7875pt>
File: modbus__master_8c_af45e35cc73a4cc8e44d55288b35f3ac6_cgraph.pdf Graphic fi
le (type pdf)
<use modbus__master_8c_af45e35cc73a4cc8e44d55288b35f3ac6_cgraph.pdf>
Package pdftex.def Info: modbus__master_8c_af45e35cc73a4cc8e44d55288b35f3ac6_cg
raph.pdf  used on input line 313.
(pdftex.def)             Requested size: 316.0pt x 210.01826pt.


[683] <./modbus__master_8c_a8c6635caf3a5af03fa9ad8ecabc43603_icgraph.pdf>
<modbus__master_8c_a8c6635caf3a5af03fa9ad8ecabc43603_icgraph.pdf, id=30283, 455
.7025pt x 136.51pt>
File: modbus__master_8c_a8c6635caf3a5af03fa9ad8ecabc43603_icgraph.pdf Graphic f
ile (type pdf)
<use modbus__master_8c_a8c6635caf3a5af03fa9ad8ecabc43603_icgraph.pdf>
Package pdftex.def Info: modbus__master_8c_a8c6635caf3a5af03fa9ad8ecabc43603_ic
graph.pdf  used on input line 326.
(pdftex.def)             Requested size: 350.0pt x 104.84848pt.
 <./modbus__master_8c_a9f3266015b32b55423f7ff3d32079455_icgraph.pdf>
<modbus__master_8c_a9f3266015b32b55423f7ff3d32079455_icgraph.pdf, id=30291, 266
.9975pt x 99.37125pt>
File: modbus__master_8c_a9f3266015b32b55423f7ff3d32079455_icgraph.pdf Graphic f
ile (type pdf)
<use modbus__master_8c_a9f3266015b32b55423f7ff3d32079455_icgraph.pdf>
Package pdftex.def Info: modbus__master_8c_a9f3266015b32b55423f7ff3d32079455_ic
graph.pdf  used on input line 339.
(pdftex.def)             Requested size: 266.0pt x 99.01012pt.


[684] <./modbus__master_8c_a573e15ec8f774a9a092fe68ed2852e69_icgraph.pdf>
<modbus__master_8c_a573e15ec8f774a9a092fe68ed2852e69_icgraph.pdf, id=30308, 416
.55624pt x 99.37125pt>
File: modbus__master_8c_a573e15ec8f774a9a092fe68ed2852e69_icgraph.pdf Graphic f
ile (type pdf)
<use modbus__master_8c_a573e15ec8f774a9a092fe68ed2852e69_icgraph.pdf>
Package pdftex.def Info: modbus__master_8c_a573e15ec8f774a9a092fe68ed2852e69_ic
graph.pdf  used on input line 352.
(pdftex.def)             Requested size: 350.0pt x 83.49857pt.
 <./modbus__master_8c_adb53f8fef66c5d6886ea74067a22e345_icgraph.pdf>
<modbus__master_8c_adb53f8fef66c5d6886ea74067a22e345_icgraph.pdf, id=30316, 428
.60126pt x 99.37125pt>
File: modbus__master_8c_adb53f8fef66c5d6886ea74067a22e345_icgraph.pdf Graphic f
ile (type pdf)
<use modbus__master_8c_adb53f8fef66c5d6886ea74067a22e345_icgraph.pdf>
Package pdftex.def Info: modbus__master_8c_adb53f8fef66c5d6886ea74067a22e345_ic
graph.pdf  used on input line 365.
(pdftex.def)             Requested size: 350.0pt x 81.14833pt.


[685]

[686]
Overfull \hbox (30.97289pt too wide) in paragraph at lines 539--540
\T1/pcr/m/n/8 const uint8[]_[]t modbus[]_[]em[]_[]serial[]$ $[] = {[], [], 0x50
, 0x00, 0x00, []} 
 []



[687]) (./modbus__master_8h.tex <./modbus__master_8h__incl.pdf>
<modbus__master_8h__incl.pdf, id=30393, 1858.945pt x 386.44376pt>
File: modbus__master_8h__incl.pdf Graphic file (type pdf)
<use modbus__master_8h__incl.pdf>
Package pdftex.def Info: modbus__master_8h__incl.pdf  used on input line 16.
(pdftex.def)             Requested size: 350.0pt x 72.75874pt.


[688] <./modbus__master_8h__dep__incl.pdf>
<modbus__master_8h__dep__incl.pdf, id=30405, 413.545pt x 264.99pt>
File: modbus__master_8h__dep__incl.pdf Graphic file (type pdf)
<use modbus__master_8h__dep__incl.pdf>
Package pdftex.def Info: modbus__master_8h__dep__incl.pdf  used on input line 2
3.
(pdftex.def)             Requested size: 350.0pt x 224.27618pt.


[689]

[690]

[691]

[692]

[693]

[694]

[695]

[696] [697] <./modbus__master_8h_a1beecc83dea42956462e66ef987e88b1_icgraph.pdf>
<modbus__master_8h_a1beecc83dea42956462e66ef987e88b1_icgraph.pdf, id=30749, 389
.455pt x 99.37125pt>
File: modbus__master_8h_a1beecc83dea42956462e66ef987e88b1_icgraph.pdf Graphic f
ile (type pdf)
<use modbus__master_8h_a1beecc83dea42956462e66ef987e88b1_icgraph.pdf>
Package pdftex.def Info: modbus__master_8h_a1beecc83dea42956462e66ef987e88b1_ic
graph.pdf  used on input line 790.
(pdftex.def)             Requested size: 350.0pt x 89.30743pt.
 <./modbus__master_8h_a059b37f6d98c378242ebc40cbaf56e1c_icgraph.pdf>
<modbus__master_8h_a059b37f6d98c378242ebc40cbaf56e1c_icgraph.pdf, id=30757, 407
.5225pt x 99.37125pt>
File: modbus__master_8h_a059b37f6d98c378242ebc40cbaf56e1c_icgraph.pdf Graphic f
ile (type pdf)
<use modbus__master_8h_a059b37f6d98c378242ebc40cbaf56e1c_icgraph.pdf>
Package pdftex.def Info: modbus__master_8h_a059b37f6d98c378242ebc40cbaf56e1c_ic
graph.pdf  used on input line 803.
(pdftex.def)             Requested size: 350.0pt x 85.34842pt.


[698] <./modbus__master_8h_ac941be1be1f2239ffd59d96aaaa2a489_icgraph.pdf>
<modbus__master_8h_ac941be1be1f2239ffd59d96aaaa2a489_icgraph.pdf, id=30771, 401
.5pt x 99.37125pt>
File: modbus__master_8h_ac941be1be1f2239ffd59d96aaaa2a489_icgraph.pdf Graphic f
ile (type pdf)
<use modbus__master_8h_ac941be1be1f2239ffd59d96aaaa2a489_icgraph.pdf>
Package pdftex.def Info: modbus__master_8h_ac941be1be1f2239ffd59d96aaaa2a489_ic
graph.pdf  used on input line 816.
(pdftex.def)             Requested size: 350.0pt x 86.6312pt.
 <./modbus__master_8h_aa4584465ac7f06c584d1909e07232cb3_icgraph.pdf>
<modbus__master_8h_aa4584465ac7f06c584d1909e07232cb3_icgraph.pdf, id=30779, 581
.17125pt x 156.585pt>
File: modbus__master_8h_aa4584465ac7f06c584d1909e07232cb3_icgraph.pdf Graphic f
ile (type pdf)
<use modbus__master_8h_aa4584465ac7f06c584d1909e07232cb3_icgraph.pdf>
Package pdftex.def Info: modbus__master_8h_aa4584465ac7f06c584d1909e07232cb3_ic
graph.pdf  used on input line 829.
(pdftex.def)             Requested size: 350.0pt x 94.30055pt.
 <./modbus__master_8h_a3459a0db80472430787129b6049d0a48_icgraph.pdf>
<modbus__master_8h_a3459a0db80472430787129b6049d0a48_icgraph.pdf, id=30787, 381
.425pt x 99.37125pt>
File: modbus__master_8h_a3459a0db80472430787129b6049d0a48_icgraph.pdf Graphic f
ile (type pdf)
<use modbus__master_8h_a3459a0db80472430787129b6049d0a48_icgraph.pdf>
Package pdftex.def Info: modbus__master_8h_a3459a0db80472430787129b6049d0a48_ic
graph.pdf  used on input line 842.
(pdftex.def)             Requested size: 350.0pt x 91.18762pt.


[699] <./modbus__master_8h_a79df67a38a844fea430959fbc3d57d04_icgraph.pdf>
<modbus__master_8h_a79df67a38a844fea430959fbc3d57d04_icgraph.pdf, id=30803, 399
.4925pt x 99.37125pt>
File: modbus__master_8h_a79df67a38a844fea430959fbc3d57d04_icgraph.pdf Graphic f
ile (type pdf)
<use modbus__master_8h_a79df67a38a844fea430959fbc3d57d04_icgraph.pdf>
Package pdftex.def Info: modbus__master_8h_a79df67a38a844fea430959fbc3d57d04_ic
graph.pdf  used on input line 855.
(pdftex.def)             Requested size: 350.0pt x 87.06485pt.
 <./modbus__master_8h_a6fb62a00dff34d5d28a701a864006915_icgraph.pdf>
<modbus__master_8h_a6fb62a00dff34d5d28a701a864006915_icgraph.pdf, id=30811, 393
.47pt x 99.37125pt>
File: modbus__master_8h_a6fb62a00dff34d5d28a701a864006915_icgraph.pdf Graphic f
ile (type pdf)
<use modbus__master_8h_a6fb62a00dff34d5d28a701a864006915_icgraph.pdf>
Package pdftex.def Info: modbus__master_8h_a6fb62a00dff34d5d28a701a864006915_ic
graph.pdf  used on input line 868.
(pdftex.def)             Requested size: 350.0pt x 88.3916pt.
 <./modbus__master_8h_af0a79cc5a035f6c7545db9bcd27cb05b_cgraph.pdf>
<modbus__master_8h_af0a79cc5a035f6c7545db9bcd27cb05b_cgraph.pdf, id=30819, 502.
87875pt x 285.065pt>
File: modbus__master_8h_af0a79cc5a035f6c7545db9bcd27cb05b_cgraph.pdf Graphic fi
le (type pdf)
<use modbus__master_8h_af0a79cc5a035f6c7545db9bcd27cb05b_cgraph.pdf>
Package pdftex.def Info: modbus__master_8h_af0a79cc5a035f6c7545db9bcd27cb05b_cg
raph.pdf  used on input line 882.
(pdftex.def)             Requested size: 350.0pt x 198.40015pt.


[700] <./modbus__master_8h_af0a79cc5a035f6c7545db9bcd27cb05b_icgraph.pdf>
<modbus__master_8h_af0a79cc5a035f6c7545db9bcd27cb05b_icgraph.pdf, id=30835, 288
.07625pt x 99.37125pt>
File: modbus__master_8h_af0a79cc5a035f6c7545db9bcd27cb05b_icgraph.pdf Graphic f
ile (type pdf)
<use modbus__master_8h_af0a79cc5a035f6c7545db9bcd27cb05b_icgraph.pdf>
Package pdftex.def Info: modbus__master_8h_af0a79cc5a035f6c7545db9bcd27cb05b_ic
graph.pdf  used on input line 889.
(pdftex.def)             Requested size: 287.0pt x 99.00406pt.
 <./modbus__master_8h_a27e81fb57791be6f738790fdc3509369_cgraph.pdf>
<modbus__master_8h_a27e81fb57791be6f738790fdc3509369_cgraph.pdf, id=30844, 574.
145pt x 359.3425pt>
File: modbus__master_8h_a27e81fb57791be6f738790fdc3509369_cgraph.pdf Graphic fi
le (type pdf)
<use modbus__master_8h_a27e81fb57791be6f738790fdc3509369_cgraph.pdf>
Package pdftex.def Info: modbus__master_8h_a27e81fb57791be6f738790fdc3509369_cg
raph.pdf  used on input line 908.
(pdftex.def)             Requested size: 350.0pt x 219.06152pt.


[701] <./modbus__master_8h_a27e81fb57791be6f738790fdc3509369_icgraph.pdf>
<modbus__master_8h_a27e81fb57791be6f738790fdc3509369_icgraph.pdf, id=30861, 290
.08376pt x 99.37125pt>
File: modbus__master_8h_a27e81fb57791be6f738790fdc3509369_icgraph.pdf Graphic f
ile (type pdf)
<use modbus__master_8h_a27e81fb57791be6f738790fdc3509369_icgraph.pdf>
Package pdftex.def Info: modbus__master_8h_a27e81fb57791be6f738790fdc3509369_ic
graph.pdf  used on input line 915.
(pdftex.def)             Requested size: 289.0pt x 99.00557pt.
 <./modbus__master_8h_a90eb393250f99616118f14648db15c48_cgraph.pdf>
<modbus__master_8h_a90eb393250f99616118f14648db15c48_cgraph.pdf, id=30869, 354.
32375pt x 173.64874pt>
File: modbus__master_8h_a90eb393250f99616118f14648db15c48_cgraph.pdf Graphic fi
le (type pdf)
<use modbus__master_8h_a90eb393250f99616118f14648db15c48_cgraph.pdf>
Package pdftex.def Info: modbus__master_8h_a90eb393250f99616118f14648db15c48_cg
raph.pdf  used on input line 940.
(pdftex.def)             Requested size: 350.0pt x 171.53387pt.


[702] <./modbus__master_8h_a90eb393250f99616118f14648db15c48_icgraph.pdf>
<modbus__master_8h_a90eb393250f99616118f14648db15c48_icgraph.pdf, id=30884, 222
.8325pt x 99.37125pt>
File: modbus__master_8h_a90eb393250f99616118f14648db15c48_icgraph.pdf Graphic f
ile (type pdf)
<use modbus__master_8h_a90eb393250f99616118f14648db15c48_icgraph.pdf>
Package pdftex.def Info: modbus__master_8h_a90eb393250f99616118f14648db15c48_ic
graph.pdf  used on input line 947.
(pdftex.def)             Requested size: 222.0pt x 99.00102pt.
 <./modbus__master_8h_a2ec9a048919034f4daaa76c92285269d_cgraph.pdf>
<modbus__master_8h_a2ec9a048919034f4daaa76c92285269d_cgraph.pdf, id=30893, 317.
185pt x 210.7875pt>
File: modbus__master_8h_a2ec9a048919034f4daaa76c92285269d_cgraph.pdf Graphic fi
le (type pdf)
<use modbus__master_8h_a2ec9a048919034f4daaa76c92285269d_cgraph.pdf>
Package pdftex.def Info: modbus__master_8h_a2ec9a048919034f4daaa76c92285269d_cg
raph.pdf  used on input line 960.
(pdftex.def)             Requested size: 316.0pt x 210.01826pt.


[703] <./modbus__master_8h_a4c378866772acce6fe409091a7377812_icgraph.pdf>
<modbus__master_8h_a4c378866772acce6fe409091a7377812_icgraph.pdf, id=30909, 455
.7025pt x 136.51pt>
File: modbus__master_8h_a4c378866772acce6fe409091a7377812_icgraph.pdf Graphic f
ile (type pdf)
<use modbus__master_8h_a4c378866772acce6fe409091a7377812_icgraph.pdf>
Package pdftex.def Info: modbus__master_8h_a4c378866772acce6fe409091a7377812_ic
graph.pdf  used on input line 973.
(pdftex.def)             Requested size: 350.0pt x 104.84848pt.
 <./modbus__master_8h_a9f3266015b32b55423f7ff3d32079455_icgraph.pdf>
<modbus__master_8h_a9f3266015b32b55423f7ff3d32079455_icgraph.pdf, id=30917, 266
.9975pt x 99.37125pt>
File: modbus__master_8h_a9f3266015b32b55423f7ff3d32079455_icgraph.pdf Graphic f
ile (type pdf)
<use modbus__master_8h_a9f3266015b32b55423f7ff3d32079455_icgraph.pdf>
Package pdftex.def Info: modbus__master_8h_a9f3266015b32b55423f7ff3d32079455_ic
graph.pdf  used on input line 986.
(pdftex.def)             Requested size: 266.0pt x 99.01012pt.
 <./modbus__master_8h_a573e15ec8f774a9a092fe68ed2852e69_icgraph.pdf>
<modbus__master_8h_a573e15ec8f774a9a092fe68ed2852e69_icgraph.pdf, id=30925, 416
.55624pt x 99.37125pt>
File: modbus__master_8h_a573e15ec8f774a9a092fe68ed2852e69_icgraph.pdf Graphic f
ile (type pdf)
<use modbus__master_8h_a573e15ec8f774a9a092fe68ed2852e69_icgraph.pdf>
Package pdftex.def Info: modbus__master_8h_a573e15ec8f774a9a092fe68ed2852e69_ic
graph.pdf  used on input line 999.
(pdftex.def)             Requested size: 350.0pt x 83.49857pt.
 <./modbus__master_8h_adb53f8fef66c5d6886ea74067a22e345_icgraph.pdf>
<modbus__master_8h_adb53f8fef66c5d6886ea74067a22e345_icgraph.pdf, id=30933, 428
.60126pt x 99.37125pt>
File: modbus__master_8h_adb53f8fef66c5d6886ea74067a22e345_icgraph.pdf Graphic f
ile (type pdf)
<use modbus__master_8h_adb53f8fef66c5d6886ea74067a22e345_icgraph.pdf>
Package pdftex.def Info: modbus__master_8h_adb53f8fef66c5d6886ea74067a22e345_ic
graph.pdf  used on input line 1012.
(pdftex.def)             Requested size: 350.0pt x 81.14833pt.


[704]) (./modbus__master_8h_source.tex

[705]

[706]

[707]

[708]

[709]) (./DIP1543W58P254L5175H635Q40N_8d.tex) (./PIC18F47Q84-E__P_8c.tex)
(./qconfig_8h.tex <./qconfig_8h__incl.pdf>
<qconfig_8h__incl.pdf, id=31201, 618.31pt x 276.03125pt>
File: qconfig_8h__incl.pdf Graphic file (type pdf)
<use qconfig_8h__incl.pdf>
Package pdftex.def Info: qconfig_8h__incl.pdf  used on input line 16.
(pdftex.def)             Requested size: 350.0pt x 156.25276pt.
 <./qconfig_8h__dep__incl.pdf>
<qconfig_8h__dep__incl.pdf, id=31209, 589.20125pt x 375.4025pt>
File: qconfig_8h__dep__incl.pdf Graphic file (type pdf)
<use qconfig_8h__dep__incl.pdf>
Package pdftex.def Info: qconfig_8h__dep__incl.pdf  used on input line 23.
(pdftex.def)             Requested size: 350.0pt x 222.99779pt.


[710]

[711] <./qconfig_8h_a9ea28862fc0d3821e23f3fdd9a6dc440_icgraph.pdf>
<qconfig_8h_a9ea28862fc0d3821e23f3fdd9a6dc440_icgraph.pdf, id=31261, 215.80624p
t x 99.37125pt>
File: qconfig_8h_a9ea28862fc0d3821e23f3fdd9a6dc440_icgraph.pdf Graphic file (ty
pe pdf)
<use qconfig_8h_a9ea28862fc0d3821e23f3fdd9a6dc440_icgraph.pdf>
Package pdftex.def Info: qconfig_8h_a9ea28862fc0d3821e23f3fdd9a6dc440_icgraph.p
df  used on input line 104.
(pdftex.def)             Requested size: 215.0pt x 99.00253pt.


[712]) (./qconfig_8h_source.tex

[713]) (./ringbufs_8c.tex <./ringbufs_8c__incl.pdf>
<ringbufs_8c__incl.pdf, id=31304, 292.09125pt x 209.78375pt>
File: ringbufs_8c__incl.pdf Graphic file (type pdf)
<use ringbufs_8c__incl.pdf>
Package pdftex.def Info: ringbufs_8c__incl.pdf  used on input line 9.
(pdftex.def)             Requested size: 291.0pt x 209.01816pt.


[714] <./ringbufs_8c_afc9606f0efdb116d12273c86b5ae4172_icgraph.pdf>
<ringbufs_8c_afc9606f0efdb116d12273c86b5ae4172_icgraph.pdf, id=31334, 269.005pt
 x 136.51pt>
File: ringbufs_8c_afc9606f0efdb116d12273c86b5ae4172_icgraph.pdf Graphic file (t
ype pdf)
<use ringbufs_8c_afc9606f0efdb116d12273c86b5ae4172_icgraph.pdf>
Package pdftex.def Info: ringbufs_8c_afc9606f0efdb116d12273c86b5ae4172_icgraph.
pdf  used on input line 54.
(pdftex.def)             Requested size: 268.0pt x 136.0014pt.


[715] <./ringbufs_8c_adc3bc6838d1f9fa6e1f958c0038ded86_cgraph.pdf>
<ringbufs_8c_adc3bc6838d1f9fa6e1f958c0038ded86_cgraph.pdf, id=31364, 269.005pt 
x 99.37125pt>
File: ringbufs_8c_adc3bc6838d1f9fa6e1f958c0038ded86_cgraph.pdf Graphic file (ty
pe pdf)
<use ringbufs_8c_adc3bc6838d1f9fa6e1f958c0038ded86_cgraph.pdf>
Package pdftex.def Info: ringbufs_8c_adc3bc6838d1f9fa6e1f958c0038ded86_cgraph.p
df  used on input line 85.
(pdftex.def)             Requested size: 268.0pt x 99.00102pt.


[716] <./ringbufs_8c_affc9992c49c8184c104a5d96587b949b_cgraph.pdf>
<ringbufs_8c_affc9992c49c8184c104a5d96587b949b_cgraph.pdf, id=31381, 269.005pt 
x 99.37125pt>
File: ringbufs_8c_affc9992c49c8184c104a5d96587b949b_cgraph.pdf Graphic file (ty
pe pdf)
<use ringbufs_8c_affc9992c49c8184c104a5d96587b949b_cgraph.pdf>
Package pdftex.def Info: ringbufs_8c_affc9992c49c8184c104a5d96587b949b_cgraph.p
df  used on input line 104.
(pdftex.def)             Requested size: 268.0pt x 99.00102pt.
)
(./ringbufs_8h.tex <./ringbufs_8h__incl.pdf>
<ringbufs_8h__incl.pdf, id=31391, 286.06876pt x 154.5775pt>
File: ringbufs_8h__incl.pdf Graphic file (type pdf)
<use ringbufs_8h__incl.pdf>
Package pdftex.def Info: ringbufs_8h__incl.pdf  used on input line 10.
(pdftex.def)             Requested size: 285.0pt x 154.00159pt.


[717] <./ringbufs_8h__dep__incl.pdf>
<ringbufs_8h__dep__incl.pdf, id=31405, 145.54375pt x 154.5775pt>
File: ringbufs_8h__dep__incl.pdf Graphic file (type pdf)
<use ringbufs_8h__dep__incl.pdf>
Package pdftex.def Info: ringbufs_8h__dep__incl.pdf  used on input line 17.
(pdftex.def)             Requested size: 145.0pt x 154.01102pt.


[718] <./ringbufs_8h_adc3bc6838d1f9fa6e1f958c0038ded86_cgraph.pdf>
<ringbufs_8h_adc3bc6838d1f9fa6e1f958c0038ded86_cgraph.pdf, id=31456, 269.005pt 
x 99.37125pt>
File: ringbufs_8h_adc3bc6838d1f9fa6e1f958c0038ded86_cgraph.pdf Graphic file (ty
pe pdf)
<use ringbufs_8h_adc3bc6838d1f9fa6e1f958c0038ded86_cgraph.pdf>
Package pdftex.def Info: ringbufs_8h_adc3bc6838d1f9fa6e1f958c0038ded86_cgraph.p
df  used on input line 103.
(pdftex.def)             Requested size: 268.0pt x 99.00102pt.


[719] <./ringbufs_8h_affc9992c49c8184c104a5d96587b949b_cgraph.pdf>
<ringbufs_8h_affc9992c49c8184c104a5d96587b949b_cgraph.pdf, id=31474, 269.005pt 
x 99.37125pt>
File: ringbufs_8h_affc9992c49c8184c104a5d96587b949b_cgraph.pdf Graphic file (ty
pe pdf)
<use ringbufs_8h_affc9992c49c8184c104a5d96587b949b_cgraph.pdf>
Package pdftex.def Info: ringbufs_8h_affc9992c49c8184c104a5d96587b949b_cgraph.p
df  used on input line 122.
(pdftex.def)             Requested size: 268.0pt x 99.00102pt.
)
(./ringbufs_8h_source.tex

[720]) (./timers_8c.tex <./timers_8c__incl.pdf>
<timers_8c__incl.pdf, id=31515, 1621.05624pt x 496.85625pt>
File: timers_8c__incl.pdf Graphic file (type pdf)
<use timers_8c__incl.pdf>
Package pdftex.def Info: timers_8c__incl.pdf  used on input line 10.
(pdftex.def)             Requested size: 350.0pt x 107.27689pt.
 <./timers_8c_ad2dd6e794004b50917d231195c324ce5_cgraph.pdf>
<timers_8c_ad2dd6e794004b50917d231195c324ce5_cgraph.pdf, id=31531, 340.27126pt 
x 136.51pt>
File: timers_8c_ad2dd6e794004b50917d231195c324ce5_cgraph.pdf Graphic file (type
 pdf)
<use timers_8c_ad2dd6e794004b50917d231195c324ce5_cgraph.pdf>
Package pdftex.def Info: timers_8c_ad2dd6e794004b50917d231195c324ce5_cgraph.pdf
  used on input line 46.
(pdftex.def)             Requested size: 339.0pt x 136.00766pt.


[721] <./timers_8c_ad2dd6e794004b50917d231195c324ce5_icgraph.pdf>
<timers_8c_ad2dd6e794004b50917d231195c324ce5_icgraph.pdf, id=31554, 390.45876pt
 x 99.37125pt>
File: timers_8c_ad2dd6e794004b50917d231195c324ce5_icgraph.pdf Graphic file (typ
e pdf)
<use timers_8c_ad2dd6e794004b50917d231195c324ce5_icgraph.pdf>
Package pdftex.def Info: timers_8c_ad2dd6e794004b50917d231195c324ce5_icgraph.pd
f  used on input line 53.
(pdftex.def)             Requested size: 350.0pt x 89.07848pt.
 <./timers_8c_aa7ec4ef9616686e41f92a928010bc44f_icgraph.pdf>
<timers_8c_aa7ec4ef9616686e41f92a928010bc44f_icgraph.pdf, id=31562, 602.25pt x 
156.585pt>
File: timers_8c_aa7ec4ef9616686e41f92a928010bc44f_icgraph.pdf Graphic file (typ
e pdf)
<use timers_8c_aa7ec4ef9616686e41f92a928010bc44f_icgraph.pdf>
Package pdftex.def Info: timers_8c_aa7ec4ef9616686e41f92a928010bc44f_icgraph.pd
f  used on input line 72.
(pdftex.def)             Requested size: 350.0pt x 91.00333pt.


[722] <./timers_8c_a78c10ee91b2f36cc6253fb98790c9f5a_cgraph.pdf>
<timers_8c_a78c10ee91b2f36cc6253fb98790c9f5a_cgraph.pdf, id=31579, 316.18124pt 
x 99.37125pt>
File: timers_8c_a78c10ee91b2f36cc6253fb98790c9f5a_cgraph.pdf Graphic file (type
 pdf)
<use timers_8c_a78c10ee91b2f36cc6253fb98790c9f5a_cgraph.pdf>
Package pdftex.def Info: timers_8c_a78c10ee91b2f36cc6253fb98790c9f5a_cgraph.pdf
  used on input line 85.
(pdftex.def)             Requested size: 315.0pt x 99.00708pt.
 <./timers_8c_a78c10ee91b2f36cc6253fb98790c9f5a_icgraph.pdf>
<timers_8c_a78c10ee91b2f36cc6253fb98790c9f5a_icgraph.pdf, id=31587, 326.21875pt
 x 99.37125pt>
File: timers_8c_a78c10ee91b2f36cc6253fb98790c9f5a_icgraph.pdf Graphic file (typ
e pdf)
<use timers_8c_a78c10ee91b2f36cc6253fb98790c9f5a_icgraph.pdf>
Package pdftex.def Info: timers_8c_a78c10ee91b2f36cc6253fb98790c9f5a_icgraph.pd
f  used on input line 92.
(pdftex.def)             Requested size: 325.0pt x 99.0086pt.
 <./timers_8c_a6002dd7c7cad6fa060da2c3a93a481e9_icgraph.pdf>
<timers_8c_a6002dd7c7cad6fa060da2c3a93a481e9_icgraph.pdf, id=31595, 604.2575pt 
x 156.585pt>
File: timers_8c_a6002dd7c7cad6fa060da2c3a93a481e9_icgraph.pdf Graphic file (typ
e pdf)
<use timers_8c_a6002dd7c7cad6fa060da2c3a93a481e9_icgraph.pdf>
Package pdftex.def Info: timers_8c_a6002dd7c7cad6fa060da2c3a93a481e9_icgraph.pd
f  used on input line 105.
(pdftex.def)             Requested size: 350.0pt x 90.6975pt.
 <./timers_8c_adcd4fad73c37c6d61e3087e1201a33e7_cgraph.pdf>
<timers_8c_adcd4fad73c37c6d61e3087e1201a33e7_cgraph.pdf, id=31603, 239.89626pt 
x 136.51pt>
File: timers_8c_adcd4fad73c37c6d61e3087e1201a33e7_cgraph.pdf Graphic file (type
 pdf)
<use timers_8c_adcd4fad73c37c6d61e3087e1201a33e7_cgraph.pdf>
Package pdftex.def Info: timers_8c_adcd4fad73c37c6d61e3087e1201a33e7_cgraph.pdf
  used on input line 118.
(pdftex.def)             Requested size: 239.0pt x 136.0014pt.


[723] <./timers_8c_adcd4fad73c37c6d61e3087e1201a33e7_icgraph.pdf>
<timers_8c_adcd4fad73c37c6d61e3087e1201a33e7_icgraph.pdf, id=31619, 479.7925pt 
x 99.37125pt>
File: timers_8c_adcd4fad73c37c6d61e3087e1201a33e7_icgraph.pdf Graphic file (typ
e pdf)
<use timers_8c_adcd4fad73c37c6d61e3087e1201a33e7_icgraph.pdf>
Package pdftex.def Info: timers_8c_adcd4fad73c37c6d61e3087e1201a33e7_icgraph.pd
f  used on input line 125.
(pdftex.def)             Requested size: 350.0pt x 72.49036pt.
)
(./timers_8h.tex <./timers_8h__incl.pdf>
<timers_8h__incl.pdf, id=31628, 1542.76375pt x 331.2375pt>
File: timers_8h__incl.pdf Graphic file (type pdf)
<use timers_8h__incl.pdf>
Package pdftex.def Info: timers_8h__incl.pdf  used on input line 12.
(pdftex.def)             Requested size: 350.0pt x 75.14183pt.
 <./timers_8h__dep__incl.pdf>
<timers_8h__dep__incl.pdf, id=31636, 796.9775pt x 320.19624pt>
File: timers_8h__dep__incl.pdf Graphic file (type pdf)
<use timers_8h__dep__incl.pdf>
Package pdftex.def Info: timers_8h__dep__incl.pdf  used on input line 19.
(pdftex.def)             Requested size: 350.0pt x 140.61806pt.


[724] <./timers_8h_a69b9c70237a6daf8af8753b1b91c6779_cgraph.pdf>
<timers_8h_a69b9c70237a6daf8af8753b1b91c6779_cgraph.pdf, id=31665, 340.27126pt 
x 136.51pt>
File: timers_8h_a69b9c70237a6daf8af8753b1b91c6779_cgraph.pdf Graphic file (type
 pdf)
<use timers_8h_a69b9c70237a6daf8af8753b1b91c6779_cgraph.pdf>
Package pdftex.def Info: timers_8h_a69b9c70237a6daf8af8753b1b91c6779_cgraph.pdf
  used on input line 96.
(pdftex.def)             Requested size: 339.0pt x 136.00766pt.


[725] <./timers_8h_a69b9c70237a6daf8af8753b1b91c6779_icgraph.pdf>
<timers_8h_a69b9c70237a6daf8af8753b1b91c6779_icgraph.pdf, id=31695, 390.45876pt
 x 99.37125pt>
File: timers_8h_a69b9c70237a6daf8af8753b1b91c6779_icgraph.pdf Graphic file (typ
e pdf)
<use timers_8h_a69b9c70237a6daf8af8753b1b91c6779_icgraph.pdf>
Package pdftex.def Info: timers_8h_a69b9c70237a6daf8af8753b1b91c6779_icgraph.pd
f  used on input line 103.
(pdftex.def)             Requested size: 350.0pt x 89.07848pt.
 <./timers_8h_aa7ec4ef9616686e41f92a928010bc44f_icgraph.pdf>
<timers_8h_aa7ec4ef9616686e41f92a928010bc44f_icgraph.pdf, id=31703, 602.25pt x 
156.585pt>
File: timers_8h_aa7ec4ef9616686e41f92a928010bc44f_icgraph.pdf Graphic file (typ
e pdf)
<use timers_8h_aa7ec4ef9616686e41f92a928010bc44f_icgraph.pdf>
Package pdftex.def Info: timers_8h_aa7ec4ef9616686e41f92a928010bc44f_icgraph.pd
f  used on input line 116.
(pdftex.def)             Requested size: 350.0pt x 91.00333pt.
 <./timers_8h_ae92252e85ef5408ff27c2f3d0e32f6d8_cgraph.pdf>
<timers_8h_ae92252e85ef5408ff27c2f3d0e32f6d8_cgraph.pdf, id=31711, 316.18124pt 
x 99.37125pt>
File: timers_8h_ae92252e85ef5408ff27c2f3d0e32f6d8_cgraph.pdf Graphic file (type
 pdf)
<use timers_8h_ae92252e85ef5408ff27c2f3d0e32f6d8_cgraph.pdf>
Package pdftex.def Info: timers_8h_ae92252e85ef5408ff27c2f3d0e32f6d8_cgraph.pdf
  used on input line 129.
(pdftex.def)             Requested size: 315.0pt x 99.00708pt.


[726] <./timers_8h_ae92252e85ef5408ff27c2f3d0e32f6d8_icgraph.pdf>
<timers_8h_ae92252e85ef5408ff27c2f3d0e32f6d8_icgraph.pdf, id=31727, 326.21875pt
 x 99.37125pt>
File: timers_8h_ae92252e85ef5408ff27c2f3d0e32f6d8_icgraph.pdf Graphic file (typ
e pdf)
<use timers_8h_ae92252e85ef5408ff27c2f3d0e32f6d8_icgraph.pdf>
Package pdftex.def Info: timers_8h_ae92252e85ef5408ff27c2f3d0e32f6d8_icgraph.pd
f  used on input line 136.
(pdftex.def)             Requested size: 325.0pt x 99.0086pt.
 <./timers_8h_a6002dd7c7cad6fa060da2c3a93a481e9_icgraph.pdf>
<timers_8h_a6002dd7c7cad6fa060da2c3a93a481e9_icgraph.pdf, id=31735, 604.2575pt 
x 156.585pt>
File: timers_8h_a6002dd7c7cad6fa060da2c3a93a481e9_icgraph.pdf Graphic file (typ
e pdf)
<use timers_8h_a6002dd7c7cad6fa060da2c3a93a481e9_icgraph.pdf>
Package pdftex.def Info: timers_8h_a6002dd7c7cad6fa060da2c3a93a481e9_icgraph.pd
f  used on input line 149.
(pdftex.def)             Requested size: 350.0pt x 90.6975pt.
 <./timers_8h_adcd4fad73c37c6d61e3087e1201a33e7_cgraph.pdf>
<timers_8h_adcd4fad73c37c6d61e3087e1201a33e7_cgraph.pdf, id=31743, 239.89626pt 
x 136.51pt>
File: timers_8h_adcd4fad73c37c6d61e3087e1201a33e7_cgraph.pdf Graphic file (type
 pdf)
<use timers_8h_adcd4fad73c37c6d61e3087e1201a33e7_cgraph.pdf>
Package pdftex.def Info: timers_8h_adcd4fad73c37c6d61e3087e1201a33e7_cgraph.pdf
  used on input line 162.
(pdftex.def)             Requested size: 239.0pt x 136.0014pt.


[727] <./timers_8h_adcd4fad73c37c6d61e3087e1201a33e7_icgraph.pdf>
<timers_8h_adcd4fad73c37c6d61e3087e1201a33e7_icgraph.pdf, id=31759, 479.7925pt 
x 99.37125pt>
File: timers_8h_adcd4fad73c37c6d61e3087e1201a33e7_icgraph.pdf Graphic file (typ
e pdf)
<use timers_8h_adcd4fad73c37c6d61e3087e1201a33e7_icgraph.pdf>
Package pdftex.def Info: timers_8h_adcd4fad73c37c6d61e3087e1201a33e7_icgraph.pd
f  used on input line 169.
(pdftex.def)             Requested size: 350.0pt x 72.49036pt.
)
(./timers_8h_source.tex) (./trace_8h.tex <./trace_8h__dep__incl.pdf>
<trace_8h__dep__incl.pdf, id=31782, 803.0pt x 430.60875pt>
File: trace_8h__dep__incl.pdf Graphic file (type pdf)
<use trace_8h__dep__incl.pdf>
Package pdftex.def Info: trace_8h__dep__incl.pdf  used on input line 7.
(pdftex.def)             Requested size: 350.0pt x 187.6878pt.


[728]) (./trace_8h_source.tex)

[729]

[730]
Chapter 7.
(./simple_publisher_8c-example.tex) (./simple_subscriber_8c-example.tex)
(./reconnect_subscriber_8c-example.tex) (./bio_publisher_8c-example.tex)
(./openssl_publisher_8c-example.tex)

[731

]

[732

] (./refman.ind
LaTeX Font Info:    Font shape `T1/phv/m/n' will be
(Font)              scaled to size 22.39185pt on input line 1.

Overfull \hbox (67.39986pt too wide) in paragraph at lines 4--6
[]| \T1/phv/m/n/10 raw.githubusercontent.com_linux-can_can-utils_master_canfdte
st.c,
 []





[733


]
Overfull \hbox (67.39986pt too wide) in paragraph at lines 106--108
[]| \T1/phv/m/n/10 raw.githubusercontent.com_linux-can_can-utils_master_canfdte
st.c,
 []


Overfull \hbox (67.39986pt too wide) in paragraph at lines 109--111
[]| \T1/phv/m/n/10 raw.githubusercontent.com_linux-can_can-utils_master_canfdte
st.c,
 []


Overfull \hbox (67.39986pt too wide) in paragraph at lines 112--114
[]| \T1/phv/m/n/10 raw.githubusercontent.com_linux-can_can-utils_master_canfdte
st.c,
 []





[734]
Overfull \hbox (67.39986pt too wide) in paragraph at lines 312--314
[]| \T1/phv/m/n/10 raw.githubusercontent.com_linux-can_can-utils_master_canfdte
st.c,
 []





[735]
Overfull \hbox (67.39986pt too wide) in paragraph at lines 396--398
[]| \T1/phv/m/n/10 raw.githubusercontent.com_linux-can_can-utils_master_canfdte
st.c,
 []


Overfull \hbox (67.39986pt too wide) in paragraph at lines 421--423
[]| \T1/phv/m/n/10 raw.githubusercontent.com_linux-can_can-utils_master_canfdte
st.c,
 []


Overfull \hbox (67.39986pt too wide) in paragraph at lines 426--428
[]| \T1/phv/m/n/10 raw.githubusercontent.com_linux-can_can-utils_master_canfdte
st.c,
 []





[736]
Overfull \hbox (67.39986pt too wide) in paragraph at lines 527--529
[]| \T1/phv/m/n/10 raw.githubusercontent.com_linux-can_can-utils_master_canfdte
st.c,
 []




Overfull \hbox (67.39986pt too wide) in paragraph at lines 579--581
[]| \T1/phv/m/n/10 raw.githubusercontent.com_linux-can_can-utils_master_canfdte
st.c,
 []



[737]
Underfull \hbox (badness 10000) in paragraph at lines 644--646
[]| \T1/phv/m/n/10 CAN1_SetBusWakeUpActivityInterruptHandler,
 []




Underfull \hbox (badness 10000) in paragraph at lines 692--694
[]| \T1/phv/m/n/10 CAN1_SetBusWakeUpActivityInterruptHandler,
 []



[738]



[739]
Overfull \hbox (67.39986pt too wide) in paragraph at lines 863--865
[]| \T1/phv/m/n/10 raw.githubusercontent.com_linux-can_can-utils_master_canfdte
st.c,
 []


Overfull \hbox (67.39986pt too wide) in paragraph at lines 881--883
[]| \T1/phv/m/n/10 raw.githubusercontent.com_linux-can_can-utils_master_canfdte
st.c,
 []


Overfull \hbox (67.39986pt too wide) in paragraph at lines 891--893
[]| \T1/phv/m/n/10 raw.githubusercontent.com_linux-can_can-utils_master_canfdte
st.c,
 []


Overfull \hbox (67.39986pt too wide) in paragraph at lines 894--896
[]| \T1/phv/m/n/10 raw.githubusercontent.com_linux-can_can-utils_master_canfdte
st.c,
 []


Overfull \hbox (67.39986pt too wide) in paragraph at lines 897--899
[]| \T1/phv/m/n/10 raw.githubusercontent.com_linux-can_can-utils_master_canfdte
st.c,
 []


Overfull \hbox (67.39986pt too wide) in paragraph at lines 900--902
[]| \T1/phv/m/n/10 raw.githubusercontent.com_linux-can_can-utils_master_canfdte
st.c,
 []


Overfull \hbox (67.39986pt too wide) in paragraph at lines 915--917
[]| \T1/phv/m/n/10 raw.githubusercontent.com_linux-can_can-utils_master_canfdte
st.c,
 []




Overfull \hbox (67.39986pt too wide) in paragraph at lines 967--969
[]| \T1/phv/m/n/10 raw.githubusercontent.com_linux-can_can-utils_master_canfdte
st.c,
 []



[740]



[741]
Overfull \hbox (67.39986pt too wide) in paragraph at lines 1126--1128
[]| \T1/phv/m/n/10 raw.githubusercontent.com_linux-can_can-utils_master_canfdte
st.c,
 []





[742]
Overfull \hbox (67.39986pt too wide) in paragraph at lines 1242--1244
[]| \T1/phv/m/n/10 raw.githubusercontent.com_linux-can_can-utils_master_canfdte
st.c,
 []


Overfull \hbox (67.39986pt too wide) in paragraph at lines 1253--1255
[]| \T1/phv/m/n/10 raw.githubusercontent.com_linux-can_can-utils_master_canfdte
st.c,
 []




Overfull \hbox (67.39986pt too wide) in paragraph at lines 1318--1320
[]| \T1/phv/m/n/10 raw.githubusercontent.com_linux-can_can-utils_master_canfdte
st.c,
 []


Overfull \hbox (67.39986pt too wide) in paragraph at lines 1325--1327
[]| \T1/phv/m/n/10 raw.githubusercontent.com_linux-can_can-utils_master_canfdte
st.c,
 []



[743]
Overfull \hbox (82.3855pt too wide) in paragraph at lines 1331--1333
[]| \T1/phv/m/n/10 MQTT_CONNACK_REFUSED_BAD_USER_NAME_OR_PASSWORD,
 []


Overfull \hbox (30.62733pt too wide) in paragraph at lines 1333--1335
[]| \T1/phv/m/n/10 MQTT_CONNACK_REFUSED_IDENTIFIER_REJECTED,
 []


Overfull \hbox (23.2385pt too wide) in paragraph at lines 1336--1338
[]| \T1/phv/m/n/10 MQTT_CONNACK_REFUSED_PROTOCOL_VERSION,
 []


Overfull \hbox (29.85321pt too wide) in paragraph at lines 1338--1340
[]| \T1/phv/m/n/10 MQTT_CONNACK_REFUSED_SERVER_UNAVAILABLE,
 []




Overfull \hbox (18.96332pt too wide) in paragraph at lines 1391--1393
[]| \T1/phv/m/n/10 MQTT_SUBSCRIBE_REQUEST_MAX_NUM_TOPICS,
 []


Overfull \hbox (31.95917pt too wide) in paragraph at lines 1393--1395
[]| \T1/phv/m/n/10 MQTT_UNSUBSCRIBE_REQUEST_MAX_NUM_TOPICS,
 []



[744]
Overfull \hbox (67.39986pt too wide) in paragraph at lines 1464--1466
[]| \T1/phv/m/n/10 raw.githubusercontent.com_linux-can_can-utils_master_canfdte
st.c,
 []


Overfull \hbox (67.39986pt too wide) in paragraph at lines 1488--1490
[]| \T1/phv/m/n/10 raw.githubusercontent.com_linux-can_can-utils_master_canfdte
st.c,
 []




Overfull \hbox (67.39986pt too wide) in paragraph at lines 1517--1519
[]| \T1/phv/m/n/10 raw.githubusercontent.com_linux-can_can-utils_master_canfdte
st.c,
 []


Overfull \hbox (67.39986pt too wide) in paragraph at lines 1520--1522
[]| \T1/phv/m/n/10 raw.githubusercontent.com_linux-can_can-utils_master_canfdte
st.c,
 []



[745]
Overfull \hbox (67.39986pt too wide) in paragraph at lines 1608--1610
[]| \T1/phv/m/n/10 raw.githubusercontent.com_linux-can_can-utils_master_canfdte
st.c,
 []


Overfull \hbox (67.39986pt too wide) in paragraph at lines 1611--1613
[]| \T1/phv/m/n/10 raw.githubusercontent.com_linux-can_can-utils_master_canfdte
st.c,
 []





[746]



[747]



[748]
Overfull \hbox (67.39986pt too wide) in paragraph at lines 1924--1926
[]| \T1/phv/m/n/10 raw.githubusercontent.com_linux-can_can-utils_master_canfdte
st.c,
 []


Overfull \hbox (67.39986pt too wide) in paragraph at lines 1928--1930
[]| \T1/phv/m/n/10 raw.githubusercontent.com_linux-can_can-utils_master_canfdte
st.c,
 []


Overfull \hbox (67.39986pt too wide) in paragraph at lines 1932--1934
[]| \T1/phv/m/n/10 raw.githubusercontent.com_linux-can_can-utils_master_canfdte
st.c,
 []


Overfull \hbox (67.39986pt too wide) in paragraph at lines 1936--1938
[]| \T1/phv/m/n/10 raw.githubusercontent.com_linux-can_can-utils_master_canfdte
st.c,
 []





[749]



[750]


Overfull \hbox (67.39986pt too wide) in paragraph at lines 2233--2235
[]| \T1/phv/m/n/10 raw.githubusercontent.com_linux-can_can-utils_master_canfdte
st.c,
 []


Overfull \hbox (67.39986pt too wide) in paragraph at lines 2237--2239
[]| \T1/phv/m/n/10 raw.githubusercontent.com_linux-can_can-utils_master_canfdte
st.c,
 []


Overfull \hbox (67.39986pt too wide) in paragraph at lines 2245--2247
[]| \T1/phv/m/n/10 raw.githubusercontent.com_linux-can_can-utils_master_canfdte
st.c,
 []


Overfull \hbox (67.39986pt too wide) in paragraph at lines 2252--2254
[]| \T1/phv/m/n/10 raw.githubusercontent.com_linux-can_can-utils_master_canfdte
st.c,
 []


Overfull \hbox (67.39986pt too wide) in paragraph at lines 2256--2258
[]| \T1/phv/m/n/10 raw.githubusercontent.com_linux-can_can-utils_master_canfdte
st.c,
 []


Overfull \hbox (67.39986pt too wide) in paragraph at lines 2260--2262
[]| \T1/phv/m/n/10 raw.githubusercontent.com_linux-can_can-utils_master_canfdte
st.c,
 []



[751]
Overfull \hbox (67.39986pt too wide) in paragraph at lines 2264--2266
[]| \T1/phv/m/n/10 raw.githubusercontent.com_linux-can_can-utils_master_canfdte
st.c,
 []





[752]
Overfull \hbox (67.39986pt too wide) in paragraph at lines 2399--2401
[]| \T1/phv/m/n/10 raw.githubusercontent.com_linux-can_can-utils_master_canfdte
st.c,
 []


Overfull \hbox (67.39986pt too wide) in paragraph at lines 2404--2406
[]| \T1/phv/m/n/10 raw.githubusercontent.com_linux-can_can-utils_master_canfdte
st.c,
 []


Overfull \hbox (67.39986pt too wide) in paragraph at lines 2427--2429
[]| \T1/phv/m/n/10 raw.githubusercontent.com_linux-can_can-utils_master_canfdte
st.c,
 []


Overfull \hbox (67.39986pt too wide) in paragraph at lines 2433--2435
[]| \T1/phv/m/n/10 raw.githubusercontent.com_linux-can_can-utils_master_canfdte
st.c,
 []


Overfull \hbox (67.39986pt too wide) in paragraph at lines 2437--2439
[]| \T1/phv/m/n/10 raw.githubusercontent.com_linux-can_can-utils_master_canfdte
st.c,
 []




Overfull \hbox (67.39986pt too wide) in paragraph at lines 2444--2446
[]| \T1/phv/m/n/10 raw.githubusercontent.com_linux-can_can-utils_master_canfdte
st.c,
 []


Overfull \hbox (67.39986pt too wide) in paragraph at lines 2474--2476
[]| \T1/phv/m/n/10 raw.githubusercontent.com_linux-can_can-utils_master_canfdte
st.c,
 []


Overfull \hbox (67.39986pt too wide) in paragraph at lines 2477--2479
[]| \T1/phv/m/n/10 raw.githubusercontent.com_linux-can_can-utils_master_canfdte
st.c,
 []


Overfull \hbox (67.39986pt too wide) in paragraph at lines 2487--2489
[]| \T1/phv/m/n/10 raw.githubusercontent.com_linux-can_can-utils_master_canfdte
st.c,
 []


Overfull \hbox (67.39986pt too wide) in paragraph at lines 2490--2492
[]| \T1/phv/m/n/10 raw.githubusercontent.com_linux-can_can-utils_master_canfdte
st.c,
 []



[753]



[754]


Overfull \hbox (67.39986pt too wide) in paragraph at lines 2712--2714
[]| \T1/phv/m/n/10 raw.githubusercontent.com_linux-can_can-utils_master_canfdte
st.c,
 []



[755]


Overfull \hbox (127.75954pt too wide) in paragraph at lines 2827--2829
[]\T1/phv/m/n/10 linux/matesocketcan/build/Debug/GNU-Linux/_ext/5c0/raw.githubu
sercontent.com_linux-
 []


Overfull \hbox (134.43742pt too wide) in paragraph at lines 2829--2831
[]\T1/phv/m/n/10 linux/matesocketcan/build/Release/GNU-Linux/_ext/5c0/raw.githu
busercontent.com_linux-
 []


Overfull \hbox (54.96872pt too wide) in paragraph at lines 2838--2840
[]\T1/phv/m/n/10 linux/matesocketcan/nbproject/private/c_standard_headers_index
er.c,
 []


Overfull \hbox (74.98434pt too wide) in paragraph at lines 2840--2842
[]\T1/phv/m/n/10 linux/matesocketcan/nbproject/private/cpp_standard_headers_ind
exer.cpp,
 []


Underfull \hbox (badness 10000) in paragraph at lines 2851--2853
[]\T1/phv/m/n/10 linux/matesocketcan/templates/posix_sockets.h, [][]253[][],
 []


Overfull \hbox (23.81107pt too wide) in paragraph at lines 2854--2856
[]\T1/phv/m/n/10 linux/mqtt_cl/nbproject/private/c_standard_headers_indexer.c,
 []


Overfull \hbox (43.82669pt too wide) in paragraph at lines 2856--2858
[]\T1/phv/m/n/10 linux/mqtt_cl/nbproject/private/cpp_standard_headers_indexer.c
pp,
 []


Overfull \hbox (68.31544pt too wide) in paragraph at lines 2858--2860
[]\T1/phv/m/n/10 linux/raw.githubusercontent.com_linux-can_can-utils_master_can
fdtest.c,
 []


Overfull \hbox (67.39986pt too wide) in paragraph at lines 2861--2863
[]| \T1/phv/m/n/10 raw.githubusercontent.com_linux-can_can-utils_master_canfdte
st.c,
 []



[756]
Overfull \hbox (67.39986pt too wide) in paragraph at lines 2876--2878
[]| \T1/phv/m/n/10 raw.githubusercontent.com_linux-can_can-utils_master_canfdte
st.c,
 []


Overfull \hbox (67.39986pt too wide) in paragraph at lines 2879--2881
[]| \T1/phv/m/n/10 raw.githubusercontent.com_linux-can_can-utils_master_canfdte
st.c,
 []


Overfull \hbox (67.39986pt too wide) in paragraph at lines 2884--2886
[]| \T1/phv/m/n/10 raw.githubusercontent.com_linux-can_can-utils_master_canfdte
st.c,
 []




Overfull \hbox (67.39986pt too wide) in paragraph at lines 2970--2972
[]| \T1/phv/m/n/10 raw.githubusercontent.com_linux-can_can-utils_master_canfdte
st.c,
 []



[757]
Underfull \hbox (badness 10000) in paragraph at lines 3039--3041
[]\T1/phv/m/n/10 mateQ84.X/build/default/production/_ext/1472/dio.p1.d,
 []




Overfull \hbox (48.66832pt too wide) in paragraph at lines 3043--3045
[]\T1/phv/m/n/10 mateQ84.X/build/default/production/_ext/1472/modbus_master.p1.
d,
 []


Overfull \hbox (42.97154pt too wide) in paragraph at lines 3048--3050
[]\T1/phv/m/n/10 mateQ84.X/build/default/production/mcc_generated_files/adc.p1.
d,
 []


Overfull \hbox (47.97545pt too wide) in paragraph at lines 3050--3052
[]\T1/phv/m/n/10 mateQ84.X/build/default/production/mcc_generated_files/can1.p1
.d,
 []


Overfull \hbox (44.46556pt too wide) in paragraph at lines 3052--3054
[]\T1/phv/m/n/10 mateQ84.X/build/default/production/mcc_generated_files/clc7.p1
.d,
 []


Overfull \hbox (44.46556pt too wide) in paragraph at lines 3054--3056
[]\T1/phv/m/n/10 mateQ84.X/build/default/production/mcc_generated_files/clc8.p1
.d,
 []


Overfull \hbox (83.219pt too wide) in paragraph at lines 3056--3058
[]\T1/phv/m/n/10 mateQ84.X/build/default/production/mcc_generated_files/device_
config.p1.d,
 []


Overfull \hbox (50.97238pt too wide) in paragraph at lines 3058--3060
[]\T1/phv/m/n/10 mateQ84.X/build/default/production/mcc_generated_files/dma1.p1
.d,
 []


Overfull \hbox (101.67715pt too wide) in paragraph at lines 3060--3062
[]\T1/phv/m/n/10 mateQ84.X/build/default/production/mcc_generated_files/interru
pt_manager.p1.d,
 []


Overfull \hbox (44.9606pt too wide) in paragraph at lines 3062--3064
[]\T1/phv/m/n/10 mateQ84.X/build/default/production/mcc_generated_files/mcc.p1.
d,
 []


Overfull \hbox (80.53679pt too wide) in paragraph at lines 3064--3066
[]\T1/phv/m/n/10 mateQ84.X/build/default/production/mcc_generated_files/pin_man
ager.p1.d,
 []


Overfull \hbox (44.9695pt too wide) in paragraph at lines 3066--3068
[]\T1/phv/m/n/10 mateQ84.X/build/default/production/mcc_generated_files/spi1.p1
.d,
 []


Overfull \hbox (46.4634pt too wide) in paragraph at lines 3068--3070
[]\T1/phv/m/n/10 mateQ84.X/build/default/production/mcc_generated_files/tmr0.p1
.d,
 []


Overfull \hbox (46.4634pt too wide) in paragraph at lines 3070--3072
[]\T1/phv/m/n/10 mateQ84.X/build/default/production/mcc_generated_files/tmr2.p1
.d,
 []


Overfull \hbox (46.4634pt too wide) in paragraph at lines 3072--3074
[]\T1/phv/m/n/10 mateQ84.X/build/default/production/mcc_generated_files/tmr4.p1
.d,
 []


Overfull \hbox (46.4634pt too wide) in paragraph at lines 3074--3076
[]\T1/phv/m/n/10 mateQ84.X/build/default/production/mcc_generated_files/tmr5.p1
.d,
 []


Overfull \hbox (46.4634pt too wide) in paragraph at lines 3076--3078
[]\T1/phv/m/n/10 mateQ84.X/build/default/production/mcc_generated_files/tmr6.p1
.d,
 []


Overfull \hbox (49.33421pt too wide) in paragraph at lines 3078--3080
[]\T1/phv/m/n/10 mateQ84.X/build/default/production/mcc_generated_files/uart1.p
1.d,
 []


Overfull \hbox (49.33421pt too wide) in paragraph at lines 3080--3082
[]\T1/phv/m/n/10 mateQ84.X/build/default/production/mcc_generated_files/uart2.p
1.d,
 []


Overfull \hbox (49.33421pt too wide) in paragraph at lines 3082--3084
[]\T1/phv/m/n/10 mateQ84.X/build/default/production/mcc_generated_files/uart5.p
1.d,
 []


Underfull \hbox (badness 1286) in paragraph at lines 3104--3106
[]\T1/phv/m/n/10 mateQ84.X/mcc_generated_files/device_config.h, [][]352[][],
 []



[758]
Underfull \hbox (badness 10000) in paragraph at lines 3109--3111
[]\T1/phv/m/n/10 mateQ84.X/mcc_generated_files/interrupt_manager.c,
 []


Underfull \hbox (badness 10000) in paragraph at lines 3111--3113
[]\T1/phv/m/n/10 mateQ84.X/mcc_generated_files/interrupt_manager.h,
 []


Underfull \hbox (badness 5388) in paragraph at lines 3118--3120
[]\T1/phv/m/n/10 mateQ84.X/mcc_generated_files/pin_manager.h, [][]392[][],
 []





[759]



[760]



[761]


Overfull \hbox (59.8836pt too wide) in paragraph at lines 3537--3538
[]\T1/phv/m/n/10 MQTT_CONNACK_REFUSED_BAD_USER_NAME_OR_PASSWORD 
 []



[762]



[763]


Overfull \hbox (67.39986pt too wide) in paragraph at lines 3776--3778
[]| \T1/phv/m/n/10 raw.githubusercontent.com_linux-can_can-utils_master_canfdte
st.c,
 []


Overfull \hbox (67.39986pt too wide) in paragraph at lines 3798--3800
[]| \T1/phv/m/n/10 raw.githubusercontent.com_linux-can_can-utils_master_canfdte
st.c,
 []



[764]
Overfull \hbox (67.39986pt too wide) in paragraph at lines 3827--3829
[]| \T1/phv/m/n/10 raw.githubusercontent.com_linux-can_can-utils_master_canfdte
st.c,
 []


Overfull \hbox (67.39986pt too wide) in paragraph at lines 3837--3839
[]| \T1/phv/m/n/10 raw.githubusercontent.com_linux-can_can-utils_master_canfdte
st.c,
 []





[765]


Overfull \hbox (67.39986pt too wide) in paragraph at lines 4043--4045
[]| \T1/phv/m/n/10 raw.githubusercontent.com_linux-can_can-utils_master_canfdte
st.c,
 []



[766]
Overfull \hbox (67.39986pt too wide) in paragraph at lines 4073--4075
[]| \T1/phv/m/n/10 raw.githubusercontent.com_linux-can_can-utils_master_canfdte
st.c,
 []


Overfull \hbox (37.92299pt too wide) in paragraph at lines 4077--4079
[]\T1/phv/m/n/10 PIC18F47Q84-E_P/PADS/DIP1543W58P254L5175H635Q40N.d,
 []





[767]



[768]



[769]



[770]



[771]
Overfull \hbox (67.39986pt too wide) in paragraph at lines 4663--4665
[]| \T1/phv/m/n/10 raw.githubusercontent.com_linux-can_can-utils_master_canfdte
st.c,
 []


Overfull \hbox (67.39986pt too wide) in paragraph at lines 4688--4690
[]| \T1/phv/m/n/10 raw.githubusercontent.com_linux-can_can-utils_master_canfdte
st.c,
 []


Overfull \hbox (67.39986pt too wide) in paragraph at lines 4691--4693
[]| \T1/phv/m/n/10 raw.githubusercontent.com_linux-can_can-utils_master_canfdte
st.c,
 []




Overfull \hbox (67.39986pt too wide) in paragraph at lines 4723--4725
[]| \T1/phv/m/n/10 raw.githubusercontent.com_linux-can_can-utils_master_canfdte
st.c,
 []



[772]
Overfull \hbox (44.89796pt too wide) in paragraph at lines 4792--4793
[]\T1/phv/m/n/10 raw.githubusercontent.com_linux-can_can-utils_master_canfdtest
.c 
 []





[773]



[774]



[775]
Overfull \hbox (67.39986pt too wide) in paragraph at lines 5137--5139
[]| \T1/phv/m/n/10 raw.githubusercontent.com_linux-can_can-utils_master_canfdte
st.c,
 []





[776]


Overfull \hbox (67.39986pt too wide) in paragraph at lines 5312--5314
[]| \T1/phv/m/n/10 raw.githubusercontent.com_linux-can_can-utils_master_canfdte
st.c,
 []


Overfull \hbox (67.39986pt too wide) in paragraph at lines 5315--5317
[]| \T1/phv/m/n/10 raw.githubusercontent.com_linux-can_can-utils_master_canfdte
st.c,
 []


Overfull \hbox (67.39986pt too wide) in paragraph at lines 5332--5334
[]| \T1/phv/m/n/10 raw.githubusercontent.com_linux-can_can-utils_master_canfdte
st.c,
 []



[777]
Overfull \hbox (67.39986pt too wide) in paragraph at lines 5356--5358
[]| \T1/phv/m/n/10 raw.githubusercontent.com_linux-can_can-utils_master_canfdte
st.c,
 []


Overfull \hbox (67.39986pt too wide) in paragraph at lines 5384--5386
[]| \T1/phv/m/n/10 raw.githubusercontent.com_linux-can_can-utils_master_canfdte
st.c,
 []


Overfull \hbox (67.39986pt too wide) in paragraph at lines 5389--5391
[]| \T1/phv/m/n/10 raw.githubusercontent.com_linux-can_can-utils_master_canfdte
st.c,
 []





[778]
Overfull \hbox (67.39986pt too wide) in paragraph at lines 5497--5499
[]| \T1/phv/m/n/10 raw.githubusercontent.com_linux-can_can-utils_master_canfdte
st.c,
 []





[779]


Overfull \hbox (67.39986pt too wide) in paragraph at lines 5665--5667
[]| \T1/phv/m/n/10 raw.githubusercontent.com_linux-can_can-utils_master_canfdte
st.c,
 []


Overfull \hbox (67.39986pt too wide) in paragraph at lines 5676--5678
[]| \T1/phv/m/n/10 raw.githubusercontent.com_linux-can_can-utils_master_canfdte
st.c,
 []



[780]


Underfull \hbox (badness 10000) in paragraph at lines 5799--5800
[]| \T1/phv/m/n/10 TMR2_MS_STARTS_TMRON_ERSBOTHEDGE,
 []


Overfull \hbox (41.66124pt too wide) in paragraph at lines 5800--5802
[]| \T1/phv/m/n/10 TMR2_MS_STARTS_TMRON_ERSFALLINGEDGEDETECT,
 []


Overfull \hbox (35.87424pt too wide) in paragraph at lines 5802--5804
[]| \T1/phv/m/n/10 TMR2_MS_STARTS_TMRON_ERSRISINGEDGEDETECT,
 []



[781]
Underfull \hbox (badness 10000) in paragraph at lines 5807--5808
[]| \T1/phv/m/n/10 TMR2_OS_STARTS_ERSFIRSTFALLINGEDGE,
 []


Underfull \hbox (badness 10000) in paragraph at lines 5808--5809
[]| \T1/phv/m/n/10 TMR2_OS_STARTS_ERSFIRSTRISINGEDGE,
 []


Underfull \hbox (badness 10000) in paragraph at lines 5810--5811
[]| \T1/phv/m/n/10 TMR2_OS_STARTS_ERSRISINGEDGEDETECT,
 []




Overfull \hbox (19.15935pt too wide) in paragraph at lines 5910--5911
[]\T1/phv/m/n/10 TMR2_MS_STARTS_TMRON_ERSFALLINGEDGEDETECT 
 []



[782]



[783]
Underfull \hbox (badness 10000) in paragraph at lines 6064--6065
[]| \T1/phv/m/n/10 TMR4_MS_STARTS_TMRON_ERSBOTHEDGE,
 []


Overfull \hbox (41.66124pt too wide) in paragraph at lines 6065--6067
[]| \T1/phv/m/n/10 TMR4_MS_STARTS_TMRON_ERSFALLINGEDGEDETECT,
 []


Overfull \hbox (35.87424pt too wide) in paragraph at lines 6067--6069
[]| \T1/phv/m/n/10 TMR4_MS_STARTS_TMRON_ERSRISINGEDGEDETECT,
 []


Underfull \hbox (badness 10000) in paragraph at lines 6072--6073
[]| \T1/phv/m/n/10 TMR4_OS_STARTS_ERSFIRSTFALLINGEDGE,
 []


Underfull \hbox (badness 10000) in paragraph at lines 6073--6074
[]| \T1/phv/m/n/10 TMR4_OS_STARTS_ERSFIRSTRISINGEDGE,
 []


Underfull \hbox (badness 10000) in paragraph at lines 6075--6076
[]| \T1/phv/m/n/10 TMR4_OS_STARTS_ERSRISINGEDGEDETECT,
 []





[784]
Overfull \hbox (19.15935pt too wide) in paragraph at lines 6175--6176
[]\T1/phv/m/n/10 TMR4_MS_STARTS_TMRON_ERSFALLINGEDGEDETECT 
 []





[785]



[786]
Underfull \hbox (badness 10000) in paragraph at lines 6388--6389
[]| \T1/phv/m/n/10 TMR6_MS_STARTS_TMRON_ERSBOTHEDGE,
 []


Overfull \hbox (41.66124pt too wide) in paragraph at lines 6389--6391
[]| \T1/phv/m/n/10 TMR6_MS_STARTS_TMRON_ERSFALLINGEDGEDETECT,
 []


Overfull \hbox (35.87424pt too wide) in paragraph at lines 6391--6393
[]| \T1/phv/m/n/10 TMR6_MS_STARTS_TMRON_ERSRISINGEDGEDETECT,
 []


Underfull \hbox (badness 10000) in paragraph at lines 6396--6397
[]| \T1/phv/m/n/10 TMR6_OS_STARTS_ERSFIRSTFALLINGEDGE,
 []


Underfull \hbox (badness 10000) in paragraph at lines 6397--6398
[]| \T1/phv/m/n/10 TMR6_OS_STARTS_ERSFIRSTRISINGEDGE,
 []


Underfull \hbox (badness 10000) in paragraph at lines 6399--6400
[]| \T1/phv/m/n/10 TMR6_OS_STARTS_ERSRISINGEDGEDETECT,
 []





[787]
Overfull \hbox (19.15935pt too wide) in paragraph at lines 6499--6500
[]\T1/phv/m/n/10 TMR6_MS_STARTS_TMRON_ERSFALLINGEDGEDETECT 
 []





[788]
Overfull \hbox (67.39986pt too wide) in paragraph at lines 6628--6630
[]| \T1/phv/m/n/10 raw.githubusercontent.com_linux-can_can-utils_master_canfdte
st.c,
 []


Overfull \hbox (67.39986pt too wide) in paragraph at lines 6637--6639
[]| \T1/phv/m/n/10 raw.githubusercontent.com_linux-can_can-utils_master_canfdte
st.c,
 []


Overfull \hbox (67.39986pt too wide) in paragraph at lines 6640--6642
[]| \T1/phv/m/n/10 raw.githubusercontent.com_linux-can_can-utils_master_canfdte
st.c,
 []





[789]



[790]



[791]



[792]


Overfull \hbox (67.39986pt too wide) in paragraph at lines 7143--7145
[]| \T1/phv/m/n/10 raw.githubusercontent.com_linux-can_can-utils_master_canfdte
st.c,
 []



[793]) (./refman.aux)
 ***********
LaTeX2e <2024-11-01> patch level 1
L3 programming layer <2024-12-25>
 ***********
Package rerunfilecheck Info: File `refman.out' has not changed.
(rerunfilecheck)             Checksum: 5400A6F18397BC8BD4D84042B2F28417;535146.

 ) 
Here is how much of TeX's memory you used:
 37708 strings out of 473207
 1081346 string characters out of 5718924
 1554016 words of memory out of 5000000
 53260 multiletter control sequences out of 15000+600000
 616874 words of font info for 110 fonts, out of 8000000 for 9000
 1141 hyphenation exceptions out of 8191
 101i,16n,117p,1312b,2548s stack positions out of 10000i,1000n,20000p,200000b,200000s
</usr/share/texlive/texmf-dist/fonts/type1/public/amsfonts/cm/cmmi10.pfb></us
r/share/texlive/texmf-dist/fonts/type1/public/amsfonts/cm/cmmi7.pfb></usr/share
/texlive/texmf-dist/fonts/type1/public/amsfonts/cm/cmsy10.pfb></usr/share/texli
ve/texmf-dist/fonts/type1/public/amsfonts/cm/cmsy6.pfb></usr/share/texlive/texm
f-dist/fonts/type1/public/amsfonts/cm/cmsy7.pfb></usr/share/texlive/texmf-dist/
fonts/type1/public/amsfonts/cm/cmsy8.pfb></usr/share/texlive/texmf-dist/fonts/t
ype1/urw/courier/ucrb8a.pfb></usr/share/texlive/texmf-dist/fonts/type1/urw/cour
ier/ucrr8a.pfb></usr/share/texlive/texmf-dist/fonts/type1/urw/courier/ucrro8a.p
fb></usr/share/texlive/texmf-dist/fonts/type1/urw/helvetic/uhvb8a.pfb></usr/sha
re/texlive/texmf-dist/fonts/type1/urw/helvetic/uhvb8ac.pfb></usr/share/texlive/
texmf-dist/fonts/type1/urw/helvetic/uhvr8a.pfb></usr/share/texlive/texmf-dist/f
onts/type1/urw/helvetic/uhvro8a.pfb>
Output written on refman.pdf (855 pages, 6575000 bytes).
PDF statistics:
 38567 PDF objects out of 45951 (max. 8388607)
 35228 compressed objects within 353 object streams
 6907 named destinations out of 7423 (max. 500000)
 23157 words of extra memory for PDF output out of 24883 (max. 10000000)

