:0400000085EF00F098
:100008000563056305630563056305637F51346014
:10001800056305636E5F7D5F0563056305630563BF
:100028008C5F056305630563DC5E0563ED5E9B5FBE
:10003800056305630563945E056305630563815E77
:100048000563056305630563D959405F0563056367
:100058000563056305630563056305630563056358
:100068000563056305630563056305630563056348
:10007800056305630563056342000563056305635E
:10008800065EEF5D056305631D5E05630563056335
:10009800056305630563056342000563056305633E
:1000A8000563056305630563056305630563056308
:1000B8000563056305635F5D0563056305630563A4
:1000C80005630563056305630563056305630563E8
:1000D800205FC75F05630563056305630563056303
:1000E80042000563056305630563056305630563EE
:1000F800056305630563A75E05630563056305631B
:0A010800FF0015EE64F34BEFA1F0C9
:10FD7000000001020304050607080C1014182030C7
:10FD8000401F1E1F1E1F1F1E1F1E1F1F1D000001C4
:10FD90007C7C2F2F2D2D00000000000000000000B3
:10FDA000000000007C7C2F2F2D2D5C5C00000000EB
:10FDB00000000000000000004F4F4F4F4F4F2D2D0F
:10FDC0005F5F2D00000000000000000076763C3CE4
:10FDD0005E5E3E3E000000000000000000000000EB
:10FDE0002E2E2A2A7823782358587C7C2D2D00002B
:10FDF000000000002E2E6F6F4F4F6F6F000000004D
:10FE0000000000000000000056312E303420444332
:10FE100055202051383420202020004D4472762077
:10FE20002533642E2530326456202532642E253049
:10FE30003264412020202020202020202000432543
:10FE40007520435243256C75205243257520454348
:10FE500025752020202020202020202000434B201A
:10FE60004552202564202564202564202020202060
:10FE70002020202020202020202000536574204DA9
:10FE80006F64652025642020202020202020202051
:10FE90002020202020202000536574204D736720EF
:10FEA00025732020202020202020202020202020FA
:10FEB0002020200053657420466C61677320256400
:10FEC0002025642020202020202020202020200009
:10FED0004D49534320427574746F6E2050726573A0
:10FEE0007365642020202020202020004C6F672094
:10FEF000427574746F6E2050726573736564202050
:10FF00002020202020200025582558255825582518
:10FF100058255825582558202020202020202020F2
:10FF20000053706420257320257320487A202020F8
:10FF30002020202020202000436F6E742025732075
:10FF40002573202020202020202020202000416C0C
:10FF50007420427574746F6E20DFF42020202020FE
:10FF600020200053746172742055702020202020BE
:10FF70002020202020202000416363656C20257311
:10FF800020257320202020202020202000506F6C6E
:10FF90006C696E672050756D702020202020202015
:10FFA0002000206572726F72206C6F676765642035
:10FFB0000D0A00257320423A25582025582025583F
:10FFC000202020004E6F762032352032303234002F
:10FFD00031323A31323A333000286E756C6C290078
:10FFE000257320202000444355203100256420251E
:10FFF00073002530336400474D5400257320000002
:020000040001F9
:10000000E652DDC609F5DEC60AF5DFC60BF5E0C629
:100010000CF50601DD2B000EDE23DF23E0230C5060
:100020000B100A1009E1280E095CD8B005D00501B3
:10003000E051D8B479EF85F00601DD6BDE6BDF6B44
:10004000E06BFD0EE3C40BF5FE0EE3C40CF5070EEA
:100050000B24D96E000E0C20DA6E010EDF6E4CEF11
:1000600085F0FD0EE3C40BF5FE0EE3C40CF5070EA0
:100070000B24D96E000E0C20DA6E020EDF6EC8EC77
:10008000C5F0C2ECC5F0FD0EE3C40BF5FE0EE3C4F3
:100090000CF5010E0B24D96E000E0C20DA6E010E49
:1000A000DF6EFD0EE3C4D9F4FE0EE3C4DAF4FD0EF8
:1000B000E3C40BF5FE0EE3C40CF5020E0B24E96E4F
:1000C000000E0C20EA6EDFC4EFF4FD0EE3C4D9F499
:1000D000FE0EE3C4DAF4DF2AFD0EE3C4D9F4FE0E0B
:1000E000E3C4DAF40F0EDF6443D2FD0EE3C4D9F4A7
:1000F000FE0EE3C4DAF4DF6A3BD2FD0EE3C40BF577
:10010000FE0EE3C40CF5070E0B24D96E000E0C2076
:10011000DA6E040EDF6E100EE66E000EE66E530E03
:10012000E66E070EE66E000EE66E0B0EE66EC5EC92
:100130009DF00DD2FD0EE3C40BF5FE0EE3C40CF5ED
:10014000070E0B24D96E000E0C20DA6E050EDF6E42
:10015000100EE66E000EE66E830EE66E070EE66E7D
:10016000000EE66E0B0EE66EC5EC9DF0F0D1FD0EB6
:10017000E3C40BF5FE0EE3C40CF5070E0B24D96E99
:10018000000E0C20DA6E050EDF6E100EE66E000E0D
:10019000E66E730EE66E070EE66E000EE66E0B0E52
:1001A000E66EC5EC9DF0D3D1FD0EE3C40BF5FE0E5B
:1001B000E3C40CF5070E0B24D96E000E0C20DA6E8A
:1001C000150EDF6E100EE66E000EE66E630EE66E26
:1001D000070EE66E000EE66E0B0EE66EC5EC9DF0A9
:1001E000B6D1FD0EE3C40BF5FE0EE3C40CF5070E0D
:1001F0000B24D96E000E0C20DA6E090EDF6E100E85
:10020000E66E000EE66E430EE66E070EE66E000E1C
:10021000E66E0B0EE66EC5EC9DF099D1FD0EE3C4C3
:100220000BF5FE0EE3C40CF5070E0B24D96E000E81
:100230000C20DA6E090EDF6E100EE66E000EE66E12
:10024000330EE66E070EE66E000EE66E0B0EE66EE1
:10025000C5EC9DF07CD1FD0EE3C40BF5FE0EE3C4AE
:100260000CF5070E0B24D96E000E0C20DA6E080E6A
:10027000DF6E100EE66E000EE66E930EE66E070E53
:10028000E66E000EE66E0B0EE66EC5EC9DF05FD1DD
:10029000FD0EE3C40BF5FE0EE3C40CF5720E0B2449
:1002A000D96E010E0C20DA6EDF50D8B411D1FD0EDC
:1002B000E3C40BF5FE0EE3C40CF5070E0B24D96E58
:1002C000000E0C20DA6E140EDF6E110EE66E000EBC
:1002D000E66E220EE66E070EE66E000EE66E0B0E62
:1002E000E66EC5EC9DF033D1FD0EE3C4D9F4FE0EED
:1002F000E3C4DAF40F0EDF6EF0D3FD0EE3C40BF5AA
:10030000FE0EE3C40CF5720E0B24D96E010E0C2008
:10031000DA6EDF50D8B4DCD0FD0EE3C40BF5FE0E70
:10032000E3C40CF5070E0B24D96E000E0C20DA6E18
:10033000140EDF6E110EE66E000EE66E110EE66E06
:10034000070EE66E000EE66E0B0EE66EC5EC9DF037
:10035000FED0FD0EE3C40BF5FE0EE3C40CF5720EE9
:100360000B24D96E010E0C20DA6EDF50D8B4B0D059
:10037000FD0EE3C40BF5FE0EE3C40CF5070E0B24D3
:10038000D96E000E0C20DA6E140EDF6E110EE66EC2
:10039000000EE66E000EE66E070EE66E000EE66ECE
:1003A0000B0EE66EC5EC9DF0D2D0FD0EE3C40BF54E
:1003B000FE0EE3C40CF5720E0B24D96E010E0C2058
:1003C000DA6EDF50D8B484D0FD0EE3C40BF5FE0E18
:1003D000E3C40CF5070E0B24D96E000E0C20DA6E68
:1003E000140EDF6E140EE66E000EE66EE40EE66E80
:1003F000080EE66E000EE66E0B0EE66EC5EC9DF086
:10040000A6D0FD0EE3C40BF5FE0EE3C40CF5720E90
:100410000B24D96E010E0C20DA6EDF50D8B458D000
:10042000FD0EE3C40BF5FE0EE3C40CF5070E0B2422
:10043000D96E000E0C20DA6E140EDF6E140EE66E0E
:10044000000EE66ED00EE66E080EE66E000EE66E4C
:100450000B0EE66EC5EC9DF07AD0FD0EE3C40BF5F5
:10046000FE0EE3C40CF5720E0B24D96E010E0C20A7
:10047000DA6EDF50D8B42CD0FD0EE3C40BF5FE0EBF
:10048000E3C40CF5730E0B24D96E010E0C20DA6E4A
:10049000DF50D8B41DD0FD0EE3C40BF5FE0EE3C44F
:1004A0000CF5070E0B24D96E000E0C20DA6E140E1C
:1004B000DF6E140EE66E000EE66EBC0EE66E080EE3
:1004C000E66E000EE66E0B0EE66EC5EC9DF03FD0BC
:1004D000FD0EE3C40BF5FE0EE3C40CF5010E0B2478
:1004E000D96E000E0C20DA6EDF6AFED6FD0EE3C474
:1004F0000BF5FE0EE3C40CF5010E0B24D96E000EB5
:100500000C20DA6EDF6AFD0EE3C4D9F4FE0EE3C4FC
:10051000DAF4DF6AE2D2FD0EE3C40BF5FE0EE3C4AB
:100520000CF5070E0B24D96E000E0C20DA6E060EA9
:10053000DF6E100EE66E000EE66EA30EE66E070E80
:10054000E66E000EE66E0B0EE66EC5EC9DF0FD0E3F
:10055000E3C40BF5FE0EE3C40CF5030E0B24D96EB9
:10056000000E0C20DA6E01C5DEF402C5DDF4B5D252
:10057000FD0EE3C40BF5FE0EE3C40CF5020E0B24D6
:10058000D96E000E0C20DA6EDF500B6E0C6A0C5028
:10059000000AD8A4C0D70B50000AD8B4BCD7010AAF
:1005A000D8B4C8D5030AD8B4E2D5010AD8B4A5D5C1
:1005B000070AD8B433D6010AD8B4F6D5030AD8B49A
:1005C00010D60E0AD8B447D6010AD8B461D6030AA9
:1005D000D8B493D6010AD8B4BCD6070AD8B4E5D6A5
:1005E000010AD8B40ED7030AD8B437D7010AD8B451
:1005F0007DD791D7FD0EE3C40BF5FE0EE3C40CF5D9
:10060000070E0B24D96E000E0C20DA6E0A0EDF6E78
:10061000000EE66EB1ECC0F004500310021004E1CD
:10062000280E015CD8A059D2000EE66EC0ECC4F0D2
:100630000501CC6BFD0EE3C40BF5FE0EE3C40CF517
:10064000010E0B24D96E000E0C20DA6E020EDF6E46
:10065000BCECC5F0FD0EE3C40BF5FE0EE3C40CF5D7
:10066000070E0B24D96E000E0C20DA6E0B0E43D64B
:10067000FD0EE3C40BF5FE0EE3C40CF5070E0B24D0
:10068000D96E000E0C20DA6E0C0EDF6E000E096EB5
:100690000A6A0B6A0C6A000EE66E81ECC0F001C5B6
:1006A00005F502C506F503C507F504C508F50C50A8
:1006B000081808E10B50071805E10A50061802E176
:1006C00009500518D8B409D2FF0EE36A10D0FF0E06
:1006D000E3500B6E0C6A000E0B24D96E0B0E0C202F
:1006E000DA6EDF50E66EE3ECBFF0FF0EE32AFD0E9C
:1006F000E3C40BF5FE0EE3C40CF5030E0B24D96E18
:10070000000E0C20DA6EFF0EE3500B6E0C6ADE500A
:100710000B5CDE500C58D8A0DAD7FD0EE3C40BF505
:10072000FE0EE3C40CF5010E0B24D96E000E0C2056
:10073000DA6E030EDF6EBCECC5F0FD0EE3C40BF504
:10074000FE0EE3C40CF5070E0B24D96E000E0C2030
:10075000DA6E0D0EDF6E010EDC27000EDD23DE23C8
:10076000DF23E06BE9ECC5F00150D8A4BCECC5F088
:10077000FD0EE3C40BF5FE0EE3C40CF5030E0B24D3
:10078000D96E000E0C20DA6EDEC40BF5DDC40CF55C
:10079000030E0B26000E0C220BC5E6F40CC5E6F486
:1007A0007EECC5F0C09499D1FD0EE3C40BF5FE0EAE
:1007B000E3C40CF5070E0B24D96E000E0C20DA6E84
:1007C0000E0EDF6E000E096E0A6A0B6A0C6A000ECE
:1007D000E66E81ECC0F001C505F502C506F503C55E
:1007E00007F504C508F50C50081808E10B50071868
:1007F00005E10A50061802E109500518D8B46DD178
:10080000FD0EE3C40BF5FE0EE3C40CF5070E0B243E
:10081000D96E000E0C20DA6E0F0EDF6E000EE66E43
:10082000CFECC4F0FAD0140EE66E000EE66EFB0EAE
:10083000E3500E0F0B6EFC0EE3C40CF5000E0C2201
:100840000BC5E6F40CC5E6F4F90EE3C4E6F4E3C424
:10085000E6F47DEC85F041D1140EE66E000EE66EF6
:10086000FB0EE350090F0B6EFC0EE3C40CF5000EFB
:100870000C220BC5E6F40CC5E6F4F90EE3C4E6F46D
:10088000E3C4E6F47DEC85F028D1140EE66E000E8C
:10089000E66EFB0EE3500C0F0B6EFC0EE3C40CF582
:1008A000000E0C220BC5E6F40CC5E6F4F90EE3C409
:1008B000E6F4E3C4E6F47DEC85F00FD1140EE66EA9
:1008C000000EE66EFB0EE3500A0F0B6EFC0EE3C447
:1008D0000CF5000E0C220BC5E6F40CC5E6F4F90E7F
:1008E000E3C4E6F4E3C4E6F47DEC85F0F6D0140E40
:1008F000E66E000EE66EFB0EE3500B0F0B6EFC0E69
:10090000E3C40CF5000E0C220BC5E6F40CC5E6F4AE
:10091000F90EE3C4E6F4E3C4E6F47DEC85F0DDD043
:10092000140EE66E000EE66EFB0EE3500B0F0B6E20
:10093000FC0EE3C40CF5000E0C220BC5E6F40CC54E
:10094000E6F4F90EE3C4E6F4E3C4E6F47DEC85F0E6
:10095000C4D0140EE66E000EE66EFB0EE350100FD0
:100960000B6EFC0EE3C40CF5000E0C220BC5E6F476
:100970000CC5E6F4F90EE3C4E6F4E3C4E6F47DEC5A
:1009800085F0ABD0110EE66E000EE66EFB0EE35066
:10099000110F0B6EFC0EE3C40CF5000E0C220BC500
:1009A000E6F40CC5E6F4F90EE3C4E6F4E3C4E6F4B9
:1009B0007DEC85F092D0140EE66E000EE66EFB0E16
:1009C000E350110F0B6EFC0EE3C40CF5000E0C226D
:1009D0000BC5E6F40CC5E6F4F90EE3C4E6F4E3C493
:1009E000E6F47DEC85F079D0140EE66E000EE66E2E
:1009F000FB0EE350080F0B6EFC0EE3C40CF5000E6B
:100A00000C220BC5E6F40CC5E6F4F90EE3C4E6F4DB
:100A1000E3C4E6F47DEC85F060D0FD0EE3C40BF595
:100A2000FE0EE3C40CF5020E0B24D96E000E0C2052
:100A3000DA6EDF500B6E0C6A0C50000AD8A4D4D7C3
:100A40000B50000AD8B4D0D7010AD8B450D7030A43
:100A5000D8B466D7010AD8B431D7070AD8B4FCD6BF
:100A6000010AD8B412D7030AD8B4DDD60E0AD8B416
:100A700070D7010AD8B486D7030AD8B483D7010A3D
:100A8000D8B480D7070AD8B496D7010AD8B493D778
:100A9000030AD8B490D7A8D7FD0EE3C40BF5FE0E19
:100AA000E3C40CF5010E0B24D96E000E0C20DA6E97
:100AB000DF500B6E0C6A0C50000AD8A40ED00B50FD
:100AC000000AD8B431EF80F0010AD8B493D5030AF4
:100AD000D8B4CED5010AD8B467D6FD0EE3C40BF561
:100AE000FE0EE3C40CF5070E0B24D96E000E0C208D
:100AF000DA6EE552E552E55212000F0EE126000EC5
:100B0000E222FB0EE36AFC0EE36A010E0B6E000E9E
:100B10000C6EFD0E0BC5E3F4FE0E0CC5E3F4E150C4
:100B2000EB0FD96EE250DA6EFF0EDA22EF0EE3C45D
:100B30000BF5F00EE3C40CF5030E0B24E96E000E6A
:100B40000C20EA6EDEC4EEF4DDC4EDF4EF0EE3C477
:100B50000BF5F00EE3C40CF5030E0B24D96E000E5A
:100B60000C20DA6E0501CC510B6E0C6ADE500B5C6A
:100B7000DE500C58D8A0C7EF89F0000EE66E090EC3
:100B8000E66EF0ECB5F0FF0E01C5E3F4FF0EE3C432
:100B900001F5060E0118D8A421D0EB0EE350E66E45
:100BA000000EE66E090EE66E70ECAFF001500B6EB3
:100BB0000C6AFB0E0BC5E3F4FC0E0CC5E3F4000E4F
:100BC000E66E090EE66E50ECBBF001500B6E0C6A3F
:100BD000FD0E0BC5E3F4FE0E0CC5E3F4FF0EE3C4FB
:100BE00001F5030E0118D8A421D0EB0EE350E66EF8
:100BF000000EE66E090EE66E70ECAFF001500B6E63
:100C00000C6AFB0E0BC5E3F4FC0E0CC5E3F4000EFE
:100C1000E66E090EE66E20ECBBF001500B6E0C6A1E
:100C2000FD0E0BC5E3F4FE0E0CC5E3F4FF0EE3C4AA
:100C300001F5030E016410D0FB0EE3C401F5FD0EB7
:100C400001C5E3F4FC0EE3C401F5FE0E01C5E3F4B7
:100C5000FF0EE36AE382E384E150FB0FD96EE250BA
:100C6000DA6EFF0EDA22FD0EE350DE1804E1FE0E0E
:100C7000E350DE18D8A4F7D2000EE66E090EE66E39
:100C800013ECB1F02F0E011841E10204D8A43ED0BC
:100C9000FA0EE36A1ED0FA0EE3500B6E0C6A0A0ECF
:100CA0000B24D96E090E0C20DA6EFA0EE3500B6E8F
:100CB0000C6AEF0EE3500B26F00EE3500C22110EDF
:100CC0000B24E96E010E0C20EA6EDFC4EFF4FA0E7D
:100CD000E32AE150FA0FD96EE250DA6EFF0EDA2203
:100CE000FF0EE350DE5CD8A0D6D7FF0EE3500B6EAC
:100CF0000C6AEF0EE3500B26F00EE3500C22110E9F
:100D00000B24D96E010E0C20DA6EDF6A000EE66E3F
:100D1000090EE66E13ECB1F0350E011841E1020444
:100D2000D8A43ED0F90EE36A1ED0F90EE3500B6E44
:100D30000C6A0A0E0B24D96E090E0C20DA6EF90E1D
:100D4000E3500B6E0C6AEF0EE3500B26F00EE350EF
:100D50000C22310E0B24E96E000E0C20EA6EDFC46B
:100D6000EFF4F90EE32AE150F90FD96EE250DA6E92
:100D7000FF0EDA22FF0EE350DE5CD8A0D6D7FF0EBE
:100D8000E3500B6E0C6AEF0EE3500B26F00EE350AF
:100D90000C22310E0B24D96E000E0C20DA6EDF6AA5
:100DA000000EE66E090EE66E13ECB1F0340E01187B
:100DB00041E10204D8A43ED0F80EE36A1ED0F80E3A
:100DC000E3500B6E0C6A0A0E0B24D96E090E0C2030
:100DD000DA6EF80EE3500B6E0C6AEF0EE3500B2642
:100DE000F00EE3500C22310E0B24E96E010E0C20A4
:100DF000EA6EDFC4EFF4F80EE32AE150F80FD96E83
:100E0000E250DA6EFF0EDA22FF0EE350DE5CD8A06D
:100E1000D6D7FF0EE3500B6E0C6AEF0EE3500B2695
:100E2000F00EE3500C22310E0B24D96E010E0C2073
:100E3000DA6EDF6A000EE66E090EE66E13ECB1F0B4
:100E4000170E01180210D8A43ED0F70EE36A1ED088
:100E5000F70EE3500B6E0C6A0A0E0B24D96E090EC6
:100E60000C20DA6EF70EE3500B6E0C6AEF0EE350B7
:100E70000B26F00EE3500C22510E0B24E96E000EEF
:100E80000C20EA6EDFC4EFF4F70EE32AE150F70F0F
:100E9000D96EE250DA6EFF0EDA22FF0EE350DE5C0E
:100EA000D8A0D6D7FF0EE3500B6E0C6AEF0EE350BE
:100EB0000B26F00EE3500C22510E0B24D96E000EBF
:100EC0000C20DA6EDF6A000EE66E090EE66E13EC99
:100ED000B1F0360E011841E10204D8A43ED0F60E5E
:100EE000E36A1ED0F60EE3500B6E0C6A0A0E0B245A
:100EF000D96E090E0C20DA6EF60EE3500B6E0C6AFA
:100F0000EF0EE3500B26F00EE3500C22710E0B2473
:100F1000E96E000E0C20EA6EDFC4EFF4F60EE32A51
:100F2000E150F60FD96EE250DA6EFF0EDA22FF0EB4
:100F3000E350DE5CD8A0D6D7FF0EE3500B6E0C6AF0
:100F4000EF0EE3500B26F00EE3500C22710E0B2433
:100F5000D96E000E0C20DA6EDF6A000EE66E090E06
:100F6000E66E13ECB1F0390E011841E10204D8A489
:100F70003ED0F50EE36A1ED0F50EE3500B6E0C6A00
:100F80000A0E0B24D96E090E0C20DA6EF50EE35012
:100F90000B6E0C6AEF0EE3500B26F00EE3500C22A2
:100FA000F10E0B24E96E000E0C20EA6EDFC4EFF4A4
:100FB000F50EE32AE150F50FD96EE250DA6EFF0E1E
:100FC000DA22FF0EE350DE5CD8A0D6D7FF0EE35046
:100FD0000B6E0C6AEF0EE3500B26F00EE3500C2262
:100FE000F10E0B24D96E000E0C20DA6EDF6A000EB3
:100FF000E66E090EE66E13ECB1F0330E01183DE11A
:101000000204D8A43AD0F40EE36A1ED0F40EE350E2
:101010000B6E0C6A0A0E0B24D96E090E0C20DA6EC8
:10102000F40EE3500B6E0C6AEF0EE3500B26F00E3D
:10103000E3500C22910E0B24E96E000E0C20EA6E98
:10104000DFC4EFF4F40EE32AE150F40FD96EE2505E
:10105000DA6EFF0EDA22FF0EE350DE5CD8A0D6D7A0
:10106000EF0EE3C40BF5F00EE3C40CF5920E0B2467
:10107000D96E000E0C20DA6EDF6A000EE66E090EE5
:10108000E66E13ECB1F05D0E011841E10204D8A444
:101090003ED0F30EE36A1ED0F30EE3500B6E0C6AE3
:1010A0000A0E0B24D96E090E0C20DA6EF30EE350F3
:1010B0000B6E0C6AEF0EE3500B26F00EE3500C2281
:1010C000B10E0B24E96E000E0C20EA6EDFC4EFF4C3
:1010D000F30EE32AE150F30FD96EE250DA6EFF0E01
:1010E000DA22FF0EE350DE5CD8A0D6D7FF0EE35025
:1010F0000B6E0C6AEF0EE3500B26F00EE3500C2241
:10110000B10E0B24D96E000E0C20DA6EDF6A000ED1
:10111000E66E090EE66E13ECB1F0380E011841E1EF
:101120000204D8A43ED0F20EE36A1ED0F20EE350C1
:101130000B6E0C6A0A0E0B24D96E090E0C20DA6EA7
:10114000F20EE3500B6E0C6AEF0EE3500B26F00E1E
:10115000E3500C22D10E0B24E96E000E0C20EA6E37
:10116000DFC4EFF4F20EE32AE150F20FD96EE25041
:10117000DA6EFF0EDA22FF0EE350DE5CD8A0D6D77F
:10118000FF0EE3500B6E0C6AEF0EE3500B26F00ED1
:10119000E3500C22D10E0B24D96E000E0C20DA6E17
:1011A000DF6A000EE66E090EE66E13ECB1F01B0E60
:1011B00001180210D8A43ED0F10EE36A1ED0F10E41
:1011C000E3500B6E0C6A0A0E0B24D96E090E0C202C
:1011D000DA6EF10EE3500B6E0C6AEF0EE3500B2645
:1011E000F00EE3500C22510E0B24E96E010E0C2080
:1011F000EA6EDFC4EFF4F10EE32AE150F10FD96E8D
:10120000E250DA6EFF0EDA22FF0EE350DE5CD8A069
:10121000D6D7FF0EE3500B6E0C6AEF0EE3500B2691
:10122000F00EE3500C22510E0B24D96E010E0C204F
:10123000DA6EDF6ABF92ED0EE3C4D9F4EE0EE3C4BA
:10124000DAF4010EDF6EEF0EE3C40BF5F00EE3C42B
:101250000CF5710E0B24D96E010E0C20DA6E010E06
:10126000DF6EBF9286D0BF82ED0EE3C4D9F4EE0EDE
:10127000E3C4DAF4DF6AEF0EE3C40BF5F00EE3C467
:101280000CF5080E0B24D96E000E0C20DA6EDF6A06
:10129000EF0EE3C40BF5F00EE3C40CF50A0E0B24BD
:1012A000D96E000E0C20DA6EDF6AEF0EE3C40BF588
:1012B000F00EE3C40CF5090E0B24D96E000E0C20C1
:1012C000DA6EDF6AEF0EE3C40BF5F00EE3C40CF543
:1012D0000B0E0B24D96E000E0C20DA6EDF6AEF0EB7
:1012E000E3C40BF5F00EE3C40CF50C0E0B24D96E21
:1012F000000E0C20DA6EDF6AEF0EE3C40BF5F00E81
:10130000E3C40CF50E0E0B24D96E000E0C20DA6E21
:10131000DF6AEF0EE3C40BF5F00EE3C40CF50D0E1F
:101320000B24D96E000E0C20DA6EDF6AFD0EE3C4CA
:10133000E6F4E3C4E6F4F90EE3C4E6F4E3C4E6F449
:101340001BECC0F0000EE66E090EE66E13ECB1F079
:10135000EF0EE3C40BF5F00EE3C40CF5050E0B2401
:10136000D96E000E0C20DA6E01C5DEF402C5DDF484
:10137000BF82EF0EE3C40BF5F00EE3C40CF5010ED3
:101380000B24D96E000E0C20DA6EDF6AA2D0000E9C
:10139000E66E81ECC0F004500310021004E1C80EA8
:1013A000015CD8A096D0EF0EE3C40BF5F00EE3C4B9
:1013B0000CF5010E0B24D96E000E0C20DA6EDF6ADC
:1013C000EF0EE3C4D9F4F00EE3C4DAF4DF6A010EE1
:1013D0000501D827000ED923DA23DB23CE4BCF2BF0
:1013E000EF0EE3C40BF5F00EE3C40CF5080E0B246E
:1013F000D96E000E0C20DA6EDF6AED0EE3C4D9F46C
:10140000EE0EE3C4DAF4DF6AEF0EE3C40BF5F00E80
:10141000E3C40CF50A0E0B24D96E000E0C20DA6E14
:10142000DF6AEF0EE3C40BF5F00EE3C40CF5090E12
:101430000B24D96E000E0C20DA6EDF6AEF0EE3C4C7
:101440000BF5F00EE3C40CF50B0E0B24D96E000E59
:101450000C20DA6EDF6AEF0EE3C40BF5F00EE3C486
:101460000CF50C0E0B24D96E000E0C20DA6EDF6A20
:10147000EF0EE3C40BF5F00EE3C40CF50E0E0B24D7
:10148000D96E000E0C20DA6EDF6AEF0EE3C40BF5A6
:10149000F00EE3C40CF50D0E0B24D96E000E0C20DB
:1014A000DA6EDF6A000EE66E090EE66E13ECB1F03E
:1014B000EF0EE3C40BF5F00EE3C40CF5050E0B24A0
:1014C000D96E000E0C20DA6E01C5DEF402C5DDF423
:1014D000BF82EB0EE126FF0EE22212002D0EE12666
:1014E000000EE222CF0EE350800F096ED00EE3C44F
:1014F0000AF5A20E0A22D10EE3C40BF5430E0B220D
:10150000D20EE3C40CF5C70E0C22E80E09C5E3F4B5
:10151000E90E0AC5E3F4EA0E0BC5E3F4EB0E0CC5C5
:10152000E3F4CF0EE3C401F5810E015ED00EE3C4F7
:1015300001F55D0E015AD10EE3C401F5BC0E015A4E
:10154000D20EE3C401F5380E015AD8A033D0800E74
:10155000E66E510EE66E010EE66E000EE66EE40ECD
:10156000E3C4E6F4E3C4E6F4E3C4E6F4E3C4E6F477
:1015700054ECABF0EC0E01C5E3F4ED0E02C5E3F460
:10158000EE0E03C5E3F4EF0E04C5E3F4800EE66E41
:10159000510EE66E010EE66E000EE66EE40EE3C43A
:1015A000E6F4E3C4E6F4E3C4E6F4E3C4E6F49AEC58
:1015B000AEF032D0800EE66E510EE66E010EE66E93
:1015C000000EE66EE40EE3C4E6F4E3C4E6F4E3C41E
:1015D000E6F4E3C4E6F4C8ECA3F0EC0E01C5E3F4D2
:1015E000ED0E02C5E3F4EE0E03C5E3F4EF0E04C501
:1015F000E3F4800EE66E510EE66E010EE66E000E0E
:10160000E66EE40EE3C4E6F4E3C4E6F4E3C4E6F411
:10161000E3C4E6F4C0ECA6F0D80E01C5E3F4D90E9D
:1016200002C5E3F4DA0E03C5E3F4DB0E04C5E3F40C
:10163000DB0EE3AE1BD0E150D80FD96EE250DA6E6C
:10164000FF0EDA22800EDE26510EDE22010EDE2291
:10165000000EDE22E150EC0FD96EE250DA6EFF0E82
:10166000DA22DE06000EDE5ADE5ADE5A070EE66E7B
:10167000000EE66E000EE66E000EE66EE80EE3501B
:10168000030F096EE90EE3C40AF5000E0A22EA0E02
:10169000E3C40BF5000E0B22EB0EE3C40CF5000EB9
:1016A0000C2209C5E6F40AC5E6F40BC5E6F40CC540
:1016B000E6F4C0ECA6F001C50BF502C50CF5FE0E74
:1016C0000BC5E3F4FF0E0CC5E3F4FF0EE3AE0FD041
:1016D000FE0EE350070F016EFE0E01C5E3F4016A32
:1016E000FF0EE3500120016EFF0E01C5E3F4B10EC1
:1016F000E66E3A0EE66E020EE66E000EE66EE80E3E
:10170000E3C4E6F4E3C4E6F4E3C4E6F4E3C4E6F4D5
:10171000C8ECA3F0F00E01C5E3F4F10E02C5E3F44A
:10172000F20E03C5E3F4F30E04C5E3F4B10EE66E66
:101730003A0EE66E020EE66E000EE66EE80EE3C4AA
:10174000E6F4E3C4E6F4E3C4E6F4E3C4E6F4C0EC90
:10175000A6F0D40E01C5E3F4D50E02C5E3F4D60E0F
:1017600003C5E3F4D70E04C5E3F4D70EE3AE1BD0F4
:10177000E150D40FD96EE250DA6EFF0EDA22B10ECC
:10178000DE263A0EDE22020EDE22000EDE22E150BE
:10179000F00FD96EE250DA6EFF0EDA22DE06000E8E
:1017A000DE5ADE5ADE5AAC0EE66E8E0EE66E000E85
:1017B000E66E000EE66ED00EE3C4E6F4E3C4E6F493
:1017C000E3C4E6F4E3C4E6F4C8ECA3F0E00E01C51C
:1017D000E3F4E10E02C5E3F4E20E03C5E3F4E30E25
:1017E00004C5E3F4E00EE3C401F5040E011816E1AC
:1017F000E10EE35013E1E20EE35010E1E30EE3509B
:10180000D8A40CD0E150E00FD96EE250DA6EFF0E92
:10181000DA22DE06000EDE5ADE5ADE5AAC0EE66E24
:101820008E0EE66E000EE66E000EE66EDC0EE3C473
:10183000E6F4E3C4E6F4E3C4E6F4E3C4E6F477ECE8
:10184000B1F0E150D40FD96EE250DA6EFF0EDA2219
:101850000150DE5E0250DE5A0350DE5A0450DE5A5A
:10186000B50EE66E050EE66E000EE66E000EE66E36
:10187000D00EE3C4E6F4E3C4E6F4E3C4E6F4E3C460
:10188000E6F4C8ECA3F0DC0E01C5E3F4DD0E02C5FE
:10189000E3F4DE0E03C5E3F4DF0E04C5E3F4DC0E6F
:1018A000E3C401F5190E011816E1DD0EE35013E152
:1018B000DE0EE35010E1DF0EE350D8A40CD0E1506F
:1018C000DC0FD96EE250DA6EFF0EDA22DE06000E71
:1018D000DE5ADE5ADE5AB50EE66E050EE66E000ED4
:1018E000E66E000EE66ED80EE3C4E6F4E3C4E6F45A
:1018F000E3C4E6F4E3C4E6F477ECB1F0E150D40FCE
:10190000D96EE250DA6EFF0EDA220150DE5E02502E
:10191000DE5A0350DE5A0450DE5A6D0EE66E010E9A
:10192000E66E000EE66E000EE66ED00EE3C4E6F440
:10193000E3C4E6F4E3C4E6F4E3C4E6F4C8ECA3F0DD
:10194000E40E01C5E3F4E50E02C5E3F4E60E03C5BB
:10195000E3F4E70E04C5E3F4E40EE3C401F5040E7A
:10196000011816E1E50EE35013E1E60EE35010E135
:10197000E70EE350D8A40CD0E150E40FD96EE2504A
:10198000DA6EFF0EDA22DE06000EDE5ADE5ADE5A6C
:101990006D0EE66E010EE66E000EE66E000EE66E51
:1019A000E00EE3C4E6F4E3C4E6F4E3C4E6F4E3C41F
:1019B000E6F477ECB1F0E150D40FD96EE250DA6E74
:1019C000FF0EDA220150DE5E0250DE5A0350DE5A6C
:1019D0000450DE5AD30EE36AE40EE35027E1E50E2D
:1019E000E35024E1E60EE35021E1E70EE350D8A4F2
:1019F0001DD0DC0EE35017E1DD0EE35014E1DE0EE6
:101A0000E35011E1DF0EE350D8A40DD0E00EE35017
:101A10000DE1E10EE3500AE1E20EE35007E1E30ECF
:101A2000E350D8A403D0D30EE36AE32AD30EE350E5
:101A30000B6E0C6AFA0E0BC5E3F4FB0E0CC5E3F457
:101A4000FA0EE3C40BF5FB0EE3C40CF5D40EE35021
:101A50000B26D50EE3500C223B0E0B26000E0C225B
:101A6000FC0E0BC5E3F4FD0E0CC5E3F4FA0EE350D7
:101A70006D0F0B6EFB0EE3C40CF5010E0C22FC0E79
:101A8000E3C401F50B50015CFD0EE350800A016ECA
:101A90000C50800A0158D8A019D0FA0EE3506D0FEF
:101AA0000B6EFB0EE3C40CF5010E0C22FC0EE3C41E
:101AB00001F50B50015EFC0E01C5E3F4FD0EE3C41D
:101AC00001F50C50015AFD0E01C5E3F4DC0EE3C430
:101AD00009F5DD0EE3C40AF5DE0EE3C40BF5DF0EF7
:101AE000E3C40CF5020ED89009360A360B360C36D4
:101AF000E82EF9D7900EE66E010EE66E000EE66E49
:101B0000000EE66EEC0EE3C4E6F4E3C4E6F4E3C4D0
:101B1000E6F4E3C4E6F477ECB1F001C505F502C5DF
:101B200006F503C507F504C508F5640EE66E000E5C
:101B3000E66E000EE66E000EE66EDC0EE3C4E6F422
:101B4000E3C4E6F4E3C4E6F4E3C4E6F477ECB1F00E
:101B50000150052602500622035007220450082295
:101B600009500524016E0A500620026E0B50072012
:101B7000036E0C500820046EE40EE3500126E50EBF
:101B8000E3500222E60EE3500322E70EE350042264
:101B9000F40E01C5E3F4F50E02C5E3F4F60E03C539
:101BA000E3F4F70E04C5E3F4F80EE36AF90EE36A12
:101BB0002CD0E150D40FD96EE250DA6EFF0EDA224B
:101BC000F80EE3C40BF5F90EE3C40CF5810E0B24FB
:101BD000F66EFD0E0C20F76EF86A000EF822080073
:101BE000F550DE5E000EDE5ADE5ADE5AF80EE35085
:101BF000010F016EF80E01C5E3F4016AF90EE3501E
:101C00000120016EF90E01C5E3F4F80EE3C40BF5F3
:101C1000F90EE3C40CF5810E0B24F66EFD0E0C20BC
:101C2000F76EF86A000EF8220800F5C40CF50CC532
:101C300005F5066A076A086AD40EE3C401F5055083
:101C4000015CD50EE3C401F506500158D60EE3C47D
:101C500001F507500158D70EE350800A016E085075
:101C6000800A0158D8B0A5D7F90EE3BE21D0F90EED
:101C7000E35007E1F80EE3C401F50A0E015ED8A0B7
:101C800017D0E150F80FD96EE250DA6EFF0EDA226B
:101C9000F40EDE26FF0EDD22E150F40FD96EE25085
:101CA000DA6EFF0EDA22DE2A000EDE22DE22DE22CD
:101CB000F40EE350640F0B6EF50EE3C40CF5000E4A
:101CC0000C22CD0EE3C409F5CE0EE3C40AF50A0ECC
:101CD0000924D96E000E0A20DA6E0BC5DEF40CC59D
:101CE000DDF4F80EE350020F0B6EF90EE3C40CF5B1
:101CF000000E0C22CD0EE3C409F5CE0EE3C40AF5A6
:101D0000080E0924D96E000E0A20DA6E0BC5DEF427
:101D10000CC5DDF4D40EE350010F0B6ED50EE3C4F9
:101D20000CF5000E0C22CD0EE3C409F5CE0EE3C473
:101D30000AF5060E0924D96E000E0A20DA6E0BC5CC
:101D4000DEF40CC5DDF4E150FE0FD96EE250DA6E20
:101D5000FF0EDA22CD0EE3C40BF5CE0EE3C40CF574
:101D60000C0E0B24E96E000E0C20EA6EDEC4EEF4BD
:101D7000DDC4EDF4E150FC0FD96EE250DA6EFF0ED7
:101D8000DA22CD0EE3C40BF5CE0EE3C40CF50E0E35
:101D90000B24E96E000E0C20EA6EDEC4EEF4DDC406
:101DA000EDF4100EE66E0E0EE66E000EE66E000E00
:101DB000E66ED40EE3C4E6F4E3C4E6F4E3C4E6F46A
:101DC000E3C4E6F4C8ECA3F001C50BF502C50CF5BD
:101DD000CD0EE3C409F5CE0EE3C40AF5040E0924C2
:101DE000D96E000E0A20DA6E0BC5DEF40CC5DDF4E8
:101DF0003C0EE66E000EE66E000EE66E000EE66E1F
:101E00003C0EE66E000EE66E000EE66E000EE66E0E
:101E1000D00EE3C4E6F4E3C4E6F4E3C4E6F4E3C4BA
:101E2000E6F4C8ECA3F001C5E6F402C5E6F403C588
:101E3000E6F404C5E6F4C0ECA6F001C50BF502C556
:101E40000CF5CD0EE3C409F5CE0EE3C40AF5020E7F
:101E50000924D96E000E0A20DA6E0BC5DEF40CC51B
:101E6000DDF43C0EE66E000EE66E000EE66E000E31
:101E7000E66ED40EE3C4E6F4E3C4E6F4E3C4E6F4A9
:101E8000E3C4E6F4C0ECA6F001C50BF502C50CF501
:101E9000CD0EE3C4D9F4CE0EE3C4DAF40BC5DEF400
:101EA0000CC5DDF4000E016E000E026ECD0EE126B3
:101EB000FF0EE22212001D0EE126000EE222B5EC1A
:101EC000BCF0F1ECB8F0D68ED68C680EE66E510EF2
:101ED000E66E010EE66E3AECC3F0FBECC5F02C0E9C
:101EE000E66E7B0EE66E010EE66E5CECC3F007EC70
:101EF000C6F0000EE66E770EE66E010EE66E4BEC57
:101F0000C3F001ECC6F0ADECB0F066ECC1F0F80E39
:101F1000E66E7B0EE66E010EE66E7FECC2F0140EEE
:101F2000E66E000EE66E020EE66EC7ECBFF035EC14
:101F3000C0F0C80EE66E000EE66E030EE66EC7EC4D
:101F4000BFF049ECADF0080EE66EFE0EE66EE00E58
:101F5000E66EFF0EE66E000EE66E020EE66EF00E08
:101F6000E66E130EE66E080EE66E25ECA2F0F00E9D
:101F7000E66E130EE66E000EE66E000EE66EF9ECEF
:101F8000B2F0C40EE66EFF0EE66EE00EE66EFF0ED9
:101F9000E66E000EE66E020EE66EF00EE66E130EB4
:101FA000E66E080EE66E25ECA2F0F00EE66E130E5D
:101FB000E66E000EE66E010EE66EF9ECB2F0F15040
:101FC000E66E000EE66EF050E66E000EE66ED8503D
:101FD000E66E000EE66ED00EE66EFF0EE66EB30EF7
:101FE000E66EFF0EE66E000EE66E020EE66EF00E78
:101FF000E66E130EE66E0E0EE66E25ECA2F0F00E07
:10200000E66E130EE66E000EE66E020EE66EF9EC5C
:10201000B2F0630EE66EFF0EE66EFB0EE66EFF0E8E
:10202000E66E000EE66E020EE66EF00EE66E130E23
:10203000E66E080EE66E25ECA2F0F00EE66E130ECC
:10204000E66E000EE66E030EE66EF9ECB2F0400EA0
:10205000E66E420EE66E0F0EE66E000EE66E57EC72
:10206000BAF08D0EE66EFF0EE66EFB0EE66EFF0E0C
:10207000E66E000EE66E020EE66EF00EE66E130ED3
:10208000E66E080EE66E25ECA2F0F00EE66E130E7C
:10209000E66E000EE66E020EE66EF9ECB2F0060198
:1020A000196B1A6BFF0EE36AFF0EE350020DF3C4C7
:1020B00009F5F4C40AF5000E0ABEFF0E0B6E0C6E95
:1020C000000E0924046E000E0A20056E2C0E0B2053
:1020D000066E04C5E6F405C5E6F406C5E6F440EC74
:1020E000A9F0FF0EE350020D300EF324D96E060E58
:1020F000F420DA6E01C5DEF402C5DDF4FF0EE35014
:10210000020D300EF324D96E060EF420DA6EDE5086
:1021100006011927DD501A23FF0EE32AFF0EE3C440
:1021200001F5080E0164C0D7196B1A6B3EC6E6F4C0
:102130003FC6E6F43CC6E6F43DC6E6F43AC6E6F42D
:102140003BC6E6F438C6E6F439C6E6F436C6E6F42D
:1021500037C6E6F434C6E6F435C6E6F432C6E6F42D
:1021600033C6E6F430C6E6F431C6E6F4070EE66E92
:10217000FF0EE66E150EE66E000EE66ED50EE1243D
:10218000016EFF0EE220026E01C5E6F402C5E6F420
:10219000160EE66E25ECA2F0E90EE124016EFF0EAC
:1021A000E220026E01C5E6F402C5E6F454ECB5F097
:1021B000E10EE66E050EE66E1AECC5F001C5E4F61A
:1021C00002C5E5F6C18AF00EE66E150EE66E00EC6D
:1021D00080F006010151D8B417D01EECBEF0060104
:1021E000016B010151B302D0010E01D0000E010BB1
:1021F0000601226F2251D8A404D0000E6100A1F381
:10220000FFF56500ECF723F6030EE66E49ECC2F02D
:102210000150D8B434D20501AA2BAA050C6E040EC5
:102220000C6401D0AA6BC80EE66E000EE66E030EBB
:10223000E66EC7ECBFF025EEFBF1DF50D8B48DD0D1
:102240000501CE51096ECF510A6E0B6A0C6A095016
:102250000601725D0A5073590B5074590C50755930
:10226000D8B07BD0E60EE66EFF0EE66E000EE66E90
:10227000020EE66EF00EE66E130EE66E060EE66ECB
:1022800025ECA2F0F00EE66E130EE66E000EE66E82
:10229000010EE66EF9ECB2F0A20EE66EFF0EE66EEF
:1022A000000EE66E020EE66EF00EE66E110EE66EA3
:1022B000060EE66E25ECA2F00501A951D8A436D091
:1022C00025EEF3F1DEC40BF5DDC40CF50BC5E6F429
:1022D0000CC5E6F4CC51E66E000EE66ED4C5E6F40D
:1022E000D5C5E6F4D6C5E6F4D7C5E6F425EEF2F199
:1022F000DF50E66E000EE66E3E0EE66EFE0EE66EF9
:10230000000EE66E020EE66EF00EE66E130EE66E40
:10231000100EE66E25ECA2F0F00EE66E130EE66EE1
:10232000000EE66E000EE66EF9ECB2F00501A92B88
:10233000A9050C6E090E0C64A2D1030ECE250B6EFE
:10234000000ECF210C6E0BC572F60CC573F606019C
:10235000746B756B0501A96B92D16500C4F7E8F445
:10236000030AD8A48CD106012451D8A4D9D00501E0
:10237000CE6BCF6B010EE66E170EE66E810EE66E2B
:10238000160EE66E780EE66EFF0EE66E000EE66E38
:10239000020EE66EF00EE66E130EE66E0A0EE66EA6
:1023A00025ECA2F0F00EE66E130EE66E000EE66E61
:1023B000000EE66EF9ECB2F0E10EE66E160EE66E79
:1023C0006EECA7F0E30E01C5E3F4E40E02C5E3F4FE
:1023D000E30EE3C4E6F4E3C4E6F48EECBCF0E70EEF
:1023E000A2C5E3F4E80EA3C5E3F4E50EA0C5E3F44B
:1023F000E60EA1C5E3F4610EE66E160EE66E6EEC17
:10240000A7F0E30E01C5E3F4E40E02C5E3F4E30E26
:10241000E3C4E6F4E3C4E6F48EECBCF0A0C5E6F455
:10242000A1C5E6F4A2C5E6F4A3C5E6F4E10EE3C453
:10243000E6F4E3C4E6F4E10EE3C4E6F4E3C4E6F450
:102440001B0EE66EFE0EE66E000EE66E020EE66EE9
:10245000F00EE66E130EE66E0E0EE66E25ECA2F0A2
:10246000F00EE66E130EE66E000EE66E010EE66EE0
:10247000F9ECB2F0C10EE66E160EE66EA10EE66E37
:10248000160EE66E380EE66EFF0EE66E000EE66E77
:10249000020EE66EF00EE66E130EE66E0A0EE66EA5
:1024A00025ECA2F025EE61F3DF50D8B40DD0000E7C
:1024B0006100A1F361F7000EE66E040EE66E2CECEF
:1024C000AEF0610005F403F4F00EE66E130EE66E56
:1024D000000EE66E020EE66EF9ECB2F0210EE66E2C
:1024E000170EE66E210EE66E160EE66E210EE66EF5
:1024F000FF0EE66E000EE66E020EE66EF00EE66E63
:10250000130EE66E0A0EE66E25ECA2F0F00EE66EF5
:10251000130EE66E000EE66E030EE66EF9ECB2F0F8
:1025200006012451D8B4ABD00501CE6BCF6B25EE9C
:1025300063F3DF50E66E000EE66E25EE62F3DF50C9
:10254000E66E000EE66EB40EE66EFE0EE66E000E51
:10255000E66E020EE66EF00EE66E130EE66E0A0EE4
:10256000E66E25ECA2F0F00EE66E130EE66E000E9F
:10257000E66E000EE66EF9ECB2F0410EE66E170E56
:10258000E66E980EE66EFE0EE66E000EE66E020E2B
:10259000E66EF00EE66E130EE66E080EE66E25ECA5
:1025A000A2F0F00EE66E130EE66E000EE66E010E61
:1025B000E66EF9ECB2F00501CC51E66E000EE66E67
:1025C00025EEF3F1DEC40BF5DDC40CF50BC5E6F426
:1025D0000CC5E6F425EEF5F1DEC40BF5DDC40CF513
:1025E0000BC5E6F40CC5E6F45D0EE66EFE0EE66E77
:1025F000000EE66E020EE66EF00EE66E130EE66E4E
:102600000C0EE66E25ECA2F025EE61F3DF50D8B497
:102610000DD0000E6100A1F361F7000EE66E040E0E
:10262000E66E2CECAEF0610005F403F4F00EE66EFD
:10263000130EE66E000EE66E020EE66EF9ECB2F0D8
:1026400006012451E66E000EE66E7B0EE66EFE0E6F
:10265000E66E000EE66E020EE66EF00EE66E130EED
:10266000E66E080EE66E25ECA2F0F00EE66E130E96
:10267000E66E000EE66E030EE66EF9ECB2F00601B1
:102680000651D8B450D0BF82066B242B030E2465AC
:1026900001D0246B4E0EE66EFF0EE66E2451E66E00
:1026A000000EE66EEC0EE66EFF0EE66E000EE66EB7
:1026B000020EE66EF00EE66E130EE66E0A0EE66E83
:1026C00025ECA2F0F00EE66E130EE66E000EE66E3E
:1026D000020EE66EF9ECB2F0010E0601216F15D084
:1026E000010E6100A1F362F71ED0010E6100A1F39B
:1026F00062F7010E06D0246B000E6100A1F362F7B1
:10270000000E6100A1F363F70ED02451000AD8B483
:10271000F3D7010AD8B4E4D7030AD8B4E6D7010A3C
:10272000D8B4E9D7E9D70751D8B425D0BF82076B11
:10273000EC0EE66EFE0EE66EEF0EE66EFF0EE66E39
:10274000000EE66E020EE66EF00EE66E130EE66EFC
:10275000080EE66E25ECA2F0F00EE66E130EE66EA5
:10276000000EE66E020EE66EF9ECB2F0010E060106
:102770001F6F010E216F0851D8B423D0BF82086BA0
:10278000D00EE66EFE0EE66EEF0EE66EFF0EE66E05
:10279000000EE66E020EE66EF00EE66E130EE66EAC
:1027A000080EE66E25ECA2F0F00EE66E130EE66E55
:1027B000000EE66E020EE66EF9ECB2F0010E0601B6
:1027C000216FC19AFFD4080EE126000EE222F40E1A
:1027D000E3C4D9F4F50EE3C4DAF4DEC4F6F4DDC4E0
:1027E000F7F4000EF86E0800F550250AD8A49ED222
:1027F000F40EE3C4D9F4F50EE3C4DAF4DE2A000ED5
:10280000DD22000E226E000E216E21C523F5FF0E83
:10281000E36A21D02382F40EE3C4D9F4F50EE3C4B5
:10282000DAF4DE2A000EDD2216D0FF0EE36AE32A78
:1028300012D0F40EE3C4D9F4F50EE3C4DAF4DEC426
:10284000F6F4DDC4F7F4000EF86E0800F550300A17
:10285000D8B4E0D7EAD7FF0EE350D8B4EAD7F20EE7
:10286000E3C4E6F4E3C4E6F4F20EE3C4E6F4E3C43E
:10287000E6F4C7ECA9F001C521F502C522F522AEA8
:1028800005D02380216C221ED8B0222AF40EE3C486
:10289000D9F4F50EE3C4DAF4DEC40BF5DDC40CF5AF
:1028A000FD0E0CC5E3F4FC0E0BC5E3F4E150FC0F88
:1028B000D96EE250DA6EFF0EDA22DEC4F6F4DDC421
:1028C000F7F4000EF86E0800FE0EF5C4E3F419D01C
:1028D000FC0EE350010F016EFC0E01C5E3F4016A2A
:1028E000FD0EE3500120016EFD0E01C5E3F41BD087
:1028F000690E0C6EFE0E0CC5E3F415D0FE0EE36AF5
:1029000012D0FE0EE350580AD8B4F2D73C0AD8B41D
:10291000EFD70D0AD8B4ECD7050AD8B4D9D7190A1D
:10292000D8B4E6D7EBD7E150FC0FD96EE250DA6E9F
:10293000FF0EDA22DEC4F6F4DDC4F7F4000EF86E02
:102940000800F550640AD8B460D0E150FC0FD96E8D
:10295000E250DA6EFF0EDA22DEC4F6F4DDC4F7F4DC
:10296000000EF86E0800F550690AD8B44ED079D040
:10297000F20EE3C4D9F4F30EE3C4DAF4020EDE5E21
:10298000000EDD5ADEC40BF5DDC40CF50BC5D9F421
:102990000CC5DAF4DEC40BF5DDC40CF5F80E0BC57E
:1029A000E3F4F90E0CC5E3F4016AE3BE0168FA0E24
:1029B00001C5E3F4FB0E01C5E3F42FD0F20EE3C42E
:1029C000D9F4F30EE3C4DAF4040EDE5E000EDD5A31
:1029D000DEC40BF5DDC40CF50BC5D9F40CC5DAF477
:1029E000DEC409F5DEC40AF5DEC40BF5DEC40CF561
:1029F000F80E09C5E3F4F90E0AC5E3F4FA0E0BC5A7
:102A0000E3F4FB0E0CC5E3F408D0FE0EE350690AB4
:102A1000D8B4AED7050AD8B4D1D7FC0EE350010F15
:102A20000B6EFD0EE3C40CF5000E0C22F40EE3C495
:102A3000D9F4F50EE3C4DAF40BC5DEF40CC5DDF40D
:102A4000F80EE3C4E6F4E3C4E6F4E3C4E6F4E3C456
:102A5000E6F4F20EE3C4E6F4E3C4E6F43EECA0F0E0
:102A60008AD1E150FC0FD96EE250DA6EFF0EDA2205
:102A7000DEC4F6F4DDC4F7F4000EF86E0800F5507D
:102A8000580AD8B463D0E150FC0FD96EE250DA6E28
:102A9000FF0EDA22DEC4F6F4DDC4F7F4000EF86EA1
:102AA0000800F550750AD8B451D0A3D0F20EE3C493
:102AB000D9F4F30EE3C4DAF4020EDE5E000EDD5A42
:102AC000DEC40BF5DDC40CF50BC5D9F40CC5DAF486
:102AD000DEC40BF5DDC40CF50B50056E0C50066E14
:102AE000076A086AF80E05C5E3F4F90E06C5E3F4B3
:102AF000FA0E07C5E3F4FB0E08C5E3F42FD0F20E7F
:102B0000E3C4D9F4F30EE3C4DAF4040EDE5E000E7F
:102B1000DD5ADEC40BF5DDC40CF50BC5D9F40CC5CC
:102B2000DAF4DEC409F5DEC40AF5DEC40BF5DEC452
:102B30000CF5F80E09C5E3F4F90E0AC5E3F4FA0E34
:102B40000BC5E3F4FB0E0CC5E3F408D0FE0EE35016
:102B5000690AD8B4ABD7050AD8B4D1D7FC0EE35074
:102B6000010F0B6EFD0EE3C40CF5000E0C22F40EEB
:102B7000E3C4D9F4F50EE3C4DAF40BC5DEF40CC5F6
:102B8000DDF422D0F80EE3C4E6F4E3C4E6F4E3C4D3
:102B9000E6F4E3C4E6F4F20EE3C4E6F4E3C4E6F4D8
:102BA00008ECA6F0E8D0F80EE3C4E6F4E3C4E6F4DB
:102BB000E3C4E6F4E3C4E6F4F20EE3C4E6F4E3C4EB
:102BC000E6F450ECA5F0D7D0E150FC0FD96EE250FE
:102BD000DA6EFF0EDA22DEC4F6F4DDC4F7F4000E7E
:102BE000F86E0800F550580AD8B4DDD72D0AD8B4CD
:102BF000C9D7FF0EE36AF40EE3C4D9F4F50EE3C4BB
:102C0000DAF4DEC4F6F4DDC4F7F4000EF86E080062
:102C1000F550730AD8A40DD0F40EE3C4D9F4F50E20
:102C2000E3C4DAF4DE2A000EDD22FF0EE36AE32AB3
:102C30004CD0F40EE3C4D9F4F50EE3C4DAF4DEC4E8
:102C4000F6F4DDC4F7F4000EF86E0800F5506C0AD7
:102C5000D8A43BD0F40EE3C4D9F4F50EE3C4DAF4FF
:102C6000DEC40BF5DDC40CF5010E0B26000E0C22A4
:102C70000BC5F6F40CC5F7F4000EF86E0800F5501D
:102C80006C0AD8A422D0F40EE3C4D9F4F50EE3C440
:102C9000DAF4DEC40BF5DDC40CF5020E0B26000ED3
:102CA0000C220BC5F6F40CC5F7F4000EF86E080004
:102CB000F550730AD8A409D0F40EE3C4D9F4F50E84
:102CC000E3C4DAF4030EDE26AED7FF0EE350D8B429
:102CD00022D0F20EE3C4D9F4F30EE3C4DAF4020E08
:102CE000DE5E000EDD5ADEC40BF5DDC40CF50BC54F
:102CF000D9F40CC5DAF4DEC40BF5DDC40CF50BC554
:102D0000E6F40CC5E6F4F40EE3C4E6F4E3C4E6F43A
:102D10002FEC9FF030D0F40EE3C4D9F4F50EE3C4E9
:102D2000DAF4DE2A000EDD22000E22D0F60EE3C415
:102D3000E6F4E3C4E6F4F20EE3C4D9F4F30EE3C41C
:102D4000DAF4DEC4F6F4DDC4F7F4000EF86E080021
:102D5000F550E66E000EE66E55ECACF0F40EE3C4F2
:102D6000D9F4F50EE3C4DAF4DE2A000EDD22010EFA
:102D7000016E000E026EF20EE126FF0EE22212003C
:102D8000050EE126000EE222F70EE3C4D9F4F80E98
:102D9000E3C4DAF4DEC409F5DEC40AF5DEC40BF5DB
:102DA000DEC40CF5FB0E09C5E3F4FC0E0AC5E3F422
:102DB000FD0E0BC5E3F4FE0E0CC5E3F4F70EE3C401
:102DC0000BF5F80EE3C40CF5040E0B24D96E000EBF
:102DD0000C20DA6EDFA080D0F90EE3C40BF5FA0EFA
:102DE000E3C40CF5010E0B24D96E000E0C20DA6E34
:102DF000FB0EE3C40CF5D8900C36D8900C36D89066
:102E00000C34F80BDF6E050E0C6EE150FB0FD96E23
:102E1000E250DA6EFF0EDA220C28DE5207D0DE52C4
:102E2000DE52D890DD32DD32DD32DE32E82EF7D7E9
:102E3000F90EE3C40BF5FA0EE3C40CF5020E0B24F5
:102E4000D96E000E0C20DA6EFB0EE3C4DFF4FC0E2C
:102E5000E124D96EFF0EE220DA6EDEC40AF5DEC48C
:102E60000BF5DEC40CF50A50056E0B50066E0C50C7
:102E7000076E086AFB0E05C5E3F4FC0E06C5E3F415
:102E8000FD0E07C5E3F4FE0E08C5E3F4F90EE3C436
:102E90000BF5FA0EE3C40CF5030E0B24D96E000EED
:102EA0000C20DA6EFB0EE3501F0BDF6E050E0C6E6E
:102EB000E150FB0FD96EE250DA6EFF0EDA220C28D9
:102EC000DE5207D0DE52DE52D890DD32DD32DD3206
:102ED000DE32E82EF7D729D0F90EE3C40BF5FA0E4F
:102EE000E3C40CF5030E0B24D96E000E0C20DA6E31
:102EF000DF6AF90EE3C40BF5FA0EE3C40CF5020E1B
:102F00000B24E96E000E0C20EA6EDFC4EFF4F90E1C
:102F1000E3C40BF5FA0EE3C40CF5010E0B24D96ED5
:102F2000000E0C20DA6EEFC4DFF4F90EE3C4D9F41E
:102F3000FA0EE3C4DAF4FB0EE3C4DFF4FC0EE12482
:102F4000D96EFF0EE220DA6EDEC40AF5DEC40BF5A0
:102F5000DEC40CF50A50056E0B50066E0C50076E61
:102F6000086AFB0E05C5E3F4FC0E06C5E3F4FD0E8E
:102F700007C5E3F4FE0E08C5E3F4FB0EE3C40CF54D
:102F8000070E0C16F90EE3C409F5FA0EE3C40AF5B0
:102F9000010E0924D96E000E0A20DA6E0C50DF12E1
:102FA000F70EE3C40BF5F80EE3C40CF5040E0B2486
:102FB000D96E000E0C20DA6EDF30E8320F0B0C6E8B
:102FC000FF0E0CC5E3F4F70EE3C40BF5F80EE3C4F3
:102FD0000CF5040E0B24D96E000E0C20DA6EDFA067
:102FE00003D0100E0C6E01D00C6AE150FF0FD96EA9
:102FF000E250DA6EFF0EDA220C50DF12F70EE3C455
:103000000BF5F80EE3C40CF5040E0B24D96E000E7C
:103010000C20DA6EDFA203D0200E0C6E01D00C6AF9
:10302000E150FF0FD96EE250DA6EFF0EDA220C503B
:10303000DF12F70EE3C40BF5F80EE3C40CF5040E33
:103040000B24D96E000E0C20DA6EDFAE03D0400EDA
:103050000C6E01D00C6AE150FF0FD96EE250DA6EAF
:10306000FF0EDA220C50DF12F70EE3C40BF5F80E58
:10307000E3C40CF5040E0B24D96E000E0C20DA6E9E
:10308000DFAC03D0800E0C6E01D00C6AE150FF0F54
:10309000D96EE250DA6EFF0EDA220C50DF12F90E12
:1030A000E3C40BF5FA0EE3C40CF5040E0B24D96E41
:1030B000000E0C20DA6EFF0EE3C4DFF4F70EE3C45B
:1030C0000BF5F80EE3C40CF5040E0B24D96E000EBC
:1030D0000C20DA6EDFB242D0F70EE3C40BF5F80E27
:1030E000E3C40CF5040E0B24D96E000E0C20DA6E2E
:1030F000DF30E8320F0B0B6E0C6A710E0B24F66E8C
:10310000FD0E0C20F76EF86A000EF8220800F5504C
:10311000E66E000EE66EF50EE3C40BF5F60EE3C4A4
:103120000CF5050E0B24D96E000E0C20DA6EDEC4F1
:103130000BF5DDC40CF50BC5E6F40CC5E6F4F50E95
:10314000E350080F0B6EF60EE3C40CF5000E0C22D4
:103150000BC5E6F40CC5E6F405ECAFF0F70EE1267E
:10316000FF0EE2221200050EE126000EE222F90E09
:10317000E3C40BF5FA0EE3C40CF5040E0B24D96E70
:10318000000E0C20DA6EDF500C6EFF0E0CC5E3F45F
:10319000FF0EE3C40CF5F70EE3C409F5F80EE3C423
:1031A0000AF5040E0924D96E000E0A20DA6E0C46C8
:1031B0000C46DF500C18C30B0C18DF6EFF0EE3A893
:1031C00003D00C6A0C2A01D00C6AF70EE3C409F58F
:1031D000F80EE3C40AF5040E0924D96E000E0A2085
:1031E000DA6EDF500C18FE0B0C18DF6EFF0EE3AA30
:1031F00003D00C6A0C2A01D00C6AF70EE3C409F55F
:10320000F80EE3C40AF5040E0924D96E000E0A2054
:10321000DA6E0C46DF500C18FD0B0C18DF6EFF0E3B
:10322000E3AC03D00C6A0C2A01D00C6AF70EE3C49D
:1032300009F5F80EE3C40AF5040E0924D96E000E50
:103240000A20DA6E0C320C32DF500C187F0B0C188F
:10325000DF6EFF0EE3AE03D00C6A0C2A01D00C6ABD
:10326000F70EE3C409F5F80EE3C40AF5040E0924C9
:10327000D96E000E0A20DA6E0C3A0C460C46DF506E
:103280000C18BF0B0C18DF6EF90EE3C40BF5FA0E29
:10329000E3C40CF5010E0B24D96E000E0C20DA6E7F
:1032A000DF500C6E070E0C160CC505F5066A076A92
:1032B000086AFB0E05C5E3F4FC0E06C5E3F4FD0E3B
:1032C00007C5E3F4FE0E08C5E3F4E150FB0FD96E29
:1032D000E250DA6EFF0EDA22080ED890DE36DE36C5
:1032E000DE36DD36DD52DD52E82EF7D7E150FB0F3A
:1032F000D96EE250DA6EFF0EDA22F90EE3C4E9F479
:10330000FA0EE3C4EAF4EF50DE12000EDE12DE1213
:10331000DE12F70EE3C40BF5F80EE3C40CF5040E51
:103320000B24D96E000E0C20DA6EDFA087D0E1509E
:10333000FB0FD96EE250DA6EFF0EDA22050ED8903E
:10334000DE36DE36DE36DD36DD52DD52E82EF7D7EC
:10335000E150FB0FD96EE250DA6EFF0EDA22F90E61
:10336000E3C40BF5FA0EE3C40CF5030E0B24E96E6F
:10337000000E0C20EA6EEF501F0BDE12000EDE1264
:10338000DE12DE12E150FB0FD96EE250DA6EFF0E54
:10339000DA22080ED890DE36DE36DE36DD36DD5235
:1033A000DD52E82EF7D7E150FB0FD96EE250DA6E0E
:1033B000FF0EDA22F90EE3C40BF5FA0EE3C40CF5A6
:1033C000020E0B24E96E000E0C20EA6EEF50DE12A6
:1033D000000EDE12DE12DE12E150FB0FD96EE2505B
:1033E000DA6EFF0EDA22050ED890DE36DE36DE36D5
:1033F000DD36DD52DD52E82EF7D7E150FB0FD96EF6
:10340000E250DA6EFF0EDA22F90EE3C40BF5FA0E83
:10341000E3C40CF5010E0B24E96E000E0C20EA6EDD
:10342000EF500C6ED8900C32D8900C32D8900C30F3
:103430001F0BDE12000EDE12DE12DE12E150FB0F59
:10344000D96EE250DA6EFF0EDA22F70EE3C4E9F429
:10345000F80EE3C4EAF4DEC4EEF4DEC4EEF4DEC437
:10346000EEF4DEC4EEF4F70EE3C40BF5F80EE3C49D
:103470000CF5040E0B24D96E000E0C20DA6EDF3032
:10348000E8320F0B0B6E0C6A710E0B24F66EFD0EFC
:103490000C20F76EF86A000EF8220800F550E66E70
:1034A000000EE66EF70EE3C40BF5F80EE3C40CF560
:1034B000080E0B24096E000E0C200A6E09C5E6F4F6
:1034C0000AC5E6F4A90EE66E0A0EE66E05ECAFF04C
:1034D000F70EE3C40BF5F80EE3C40CF5050E0B2450
:1034E000D96E000E0C20DA6EA90EDE6E0A0EDD6EAD
:1034F000F70EE126FF0EE2221200426F6F742049A0
:103500006E697420446973706C617920202000001A
:1035100000000000000000000000000000000000AB
:10352000000000000000000000000000000000009B
:10353000000000000000000000000000000000008B
:10354000000000000000000000000000000000007B
:10355000000000000000000000000000000000006B
:10356000000000000000000000000000000000005B
:10357000000000000000000000000000000000004B
:10358000000000000000000000000000000000003B
:10359000000000000000000000000000000000002B
:1035A000000000000000000000000000000000001B
:1035B000000000000000000000000000000000000B
:1035C00000000000000000000000000000000000FB
:1035D00000000000000000000000000000000000EB
:1035E00000000000000000000000000000000000DB
:1035F00000000000000000000000000000000000CB
:1036000000000000000000000000000000000000BA
:1036100000000000000000000000000000000000AA
:10362000000000000000000000000000000000009A
:10363000000000000000000000000000000000008A
:10364000000000000000000000000000000000007A
:10365000000000000000000000000000000000006A
:10366000000000000000000000000000000000005A
:10367000000000000000000000000000000000004A
:10368000000000000000000000000000000000003A
:10369000000000000000000000000000000000002A
:1036A000000000000000000000000000000000001A
:1036B000000000000000000000000000000000000A
:1036C00000000000000000000000000000000000FA
:1036D00000000000000000000000000000000000EA
:1036E00000000000000000000000000000000000DA
:1036F00000000000000000000000000000000000CA
:1037000000000000000000000000000000000000B9
:103710000000000010000000000000000000000099
:1037200000000000000000000000004F46464C4929
:103730004E450000000000000000000000000000F6
:1037400000000000000000000000004F46464C4909
:103750004E450000000000000000000000000000D6
:1037600000000000000000000000004F46464C49E9
:103770004E450000000000000000000000000000B6
:1037800000000000000000000000004F46464C49C9
:103790004E45000000000000000000000000000096
:1037A00000000000000000000000004F46464C49A9
:1037B0004E45000000000000000000000000000076
:1037C00000000000000000000000004F46464C4989
:1037D0004E45000000000000000000000000000056
:1037E00000000000000000000000004F46464C4969
:1037F0004E45000000000000000000000000000036
:1038000000000000000000000000004F46464C4948
:103810004E45000000000000000000000000000015
:1038200000000000000000000000004F46464C4928
:103830004E450000000000000000000000000000F5
:1038400000000000000000000000004F46464C4908
:103850004E450000000000000000000000000000D5
:103860000000000000000000000000000000E65220
:10387000FF0EE36ABFAC02D0010E01D0000EFF0ABA
:103880000C6E0C3A0C460C46BF500C18BF0B0C18B3
:10389000BF6E010E0601D827000ED923DA23DB23E1
:1038A0000501A651070DE80EF3240B6E060EF42059
:1038B0000C6E0BC5E6F40CC5E6F4010EE66E8AEC60
:1038C000BAF00150D8B457D1070EE66E000EE66E7E
:1038D0000501A651070DE80EF3240B6E060EF42029
:1038E0000C6E0BC5E6F40CC5E6F4F60EE66E060E9D
:1038F000E66E05ECAFF00501A651070DE80EF324C6
:10390000D96E060EF420DA6EDF500F0B020AD8B41F
:103910000DD0A651070DE80EF324D96E060EF42043
:10392000DA6EDF500F0B030AD8A445D0400EE66EC6
:10393000000EE66EA651070DED0EF324D96E060EAD
:10394000F420DA6EDEC40BF5DDC40CF50BC5E6F42D
:103950000CC5E6F4A651400D000EF3240B6E0E0EBE
:10396000F4200C6E0BC5E6F40CC5E6F405ECAFF0E4
:103970000501A651070DE80EF324D96E060EF420BA
:10398000DA6EDF500F0B020AD8A403D0010EA66F27
:10399000FAD0A651070DE80EF324D96E060EF420D6
:1039A000DA6EDF500F0B030AD8A405D0A66B010E08
:1039B0000601DC6FE8D0A651070DE80EF324D96E9E
:1039C000060EF420DA6EDF500F0B0C0AD8A41BD0C1
:1039D000400EE66E000EE66EA651070DED0EF324C6
:1039E000D96E060EF420DA6EDEC40BF5DDC40CF5DC
:1039F0000BC5E6F40CC5E6F4800EE66E0E0EE66E20
:103A000005ECAFF0C0D0A651070DE80EF324D96E37
:103A1000060EF420DA6EDF500F0B0F0AD8A41BD06D
:103A2000400EE66E000EE66EA651070DED0EF32475
:103A3000D96E060EF420DA6EDEC40BF5DDC40CF58B
:103A40000BC5E6F40CC5E6F4C00EE66E0E0EE66E8F
:103A500005ECAFF098D0A651070DE80EF324D96E0F
:103A6000060EF420DA6EDF500F0B0D0AD8A41ED01C
:103A7000400EE66E000EE66EA651070DED0EF32425
:103A8000D96E060EF420DA6EDEC40BF5DDC40CF53B
:103A90000BC5E6F40CC5E6F4400EE66E0D0EE66EC0
:103AA00005ECAFF0010E0D01816F6DD00601F651EE
:103AB0000F0B0A0AD8A457D0040EE66E000EE66E6D
:103AC000FBC6E6F4FCC6E6F4E10EE66E050EE66E15
:103AD00005ECAFF0E10EE66E050EE66E1AECC5F0F1
:103AE00001C5E4F602C5E5F69EC5CDF70701CE6B2C
:103AF0009FC5CBF7CC6B0A0EE66EC50EE66E070EC1
:103B0000E66E9BECB2F001C59EF502C59FF59EC521
:103B1000D1F70701D26B9FC5CFF7D06B9EC5BDF71C
:103B2000BE6B9FC5BBF7BC6B0A0EE66EB50EE66EAC
:103B3000070EE66E9BECB2F001C59EF502C59FF53F
:103B40009EC5C1F70701C26B9FC5BFF7C06B0601D9
:103B50002251D8B418D01D51D8B415D0010E61002F
:103B6000A1F3FFF510D0F6510F0B0E0AD8A403D025
:103B7000010E246F08D0FF0EE32AFF0EE3C401F507
:103B8000070E016486D6E55212000C0EE126000EE7
:103B9000E222EE0EE3C4E6F4E3C4E6F4EE0EE3C480
:103BA000E6F4E3C4E6F4EE0EE3C4E6F4E3C4E6F4BC
:103BB00005ECAFF0EE0EE3C401F5100E011868E15C
:103BC000EF0EE350D8A464D0F20EE3C40BF5F30E6D
:103BD000E3C40CF5FF0E0CC5E3F4FE0E0BC5E3F4D5
:103BE000F20EE3C4E6F4E3C4E6F4F0ECBAF00150FC
:103BF000E66E000EE66EF20EE66EFF0EE66E040E48
:103C0000E66E000EE66EEE0EE124016EFF0EE2207F
:103C1000026E01C5E6F402C5E6F4080EE66E25EC78
:103C2000A2F0FE0EE3C40BF5FF0EE3C40CF50C0E80
:103C30000B24D96E000E0C20DA6EF40EE3C4DFF410
:103C4000F50EE124D96EFF0EE220DA6EFE0EE3C41B
:103C50000BF5FF0EE3C40CF50D0E0B24E96E000E00
:103C60000C20EA6EDFC4EFF4F60EE124D96EFF0EED
:103C7000E220DA6EFE0EE3C40BF5FF0EE3C40CF592
:103C80000E0E0B24E96E000E0C20EA6EDFC4EFF47A
:103C9000EE0EE3C401F5140E011868E1EF0EE350D7
:103CA000D8A464D0F20EE3C40BF5F30EE3C40CF514
:103CB000FD0E0CC5E3F4FC0E0BC5E3F4F20EE3C4F9
:103CC000E6F4E3C4E6F450ECBBF00150E66E000EFF
:103CD000E66EF20EE66EFF0EE66E040EE66E000E67
:103CE000E66EEE0EE124016EFF0EE220026E01C5CB
:103CF000E6F402C5E6F4080EE66E25ECA2F0FC0E32
:103D0000E3C40BF5FD0EE3C40CF5100E0B24D96EC5
:103D1000000E0C20DA6EF40EE3C4DFF4F50EE1249D
:103D2000D96EFF0EE220DA6EFC0EE3C40BF5FD0E39
:103D3000E3C40CF5110E0B24E96E000E0C20EA6EA4
:103D4000DFC4EFF4F60EE124D96EFF0EE220DA6E46
:103D5000FC0EE3C40BF5FD0EE3C40CF5120E0B24B0
:103D6000E96E000E0C20EA6EDFC4EFF4EE0EE3C441
:103D700001F5110E011868E1EF0EE350D8A464D0EC
:103D8000F20EE3C40BF5F30EE3C40CF5FB0E0CC509
:103D9000E3F4FA0E0BC5E3F4F20EE3C4E6F4E3C475
:103DA000E6F420ECBBF00150E66E000EE66EF20E7B
:103DB000E66EFF0EE66E040EE66E000EE66EEE0E8A
:103DC000E124016EFF0EE220026E01C5E6F402C599
:103DD000E6F4080EE66E25ECA2F0FA0EE3C40BF54D
:103DE000FB0EE3C40CF50D0E0B24D96E000E0C2057
:103DF000DA6EF40EE3C4DFF4F50EE124D96EFF0EA3
:103E0000E220DA6EFA0EE3C40BF5FB0EE3C40CF508
:103E10000E0E0B24E96E000E0C20EA6EDFC4EFF4E8
:103E2000F60EE124D96EFF0EE220DA6EFA0EE3C43C
:103E30000BF5FB0EE3C40CF50F0E0B24E96E000E20
:103E40000C20EA6EDFC4EFF4EE0EE3C401F5EF0ED2
:103E5000E3C402F5EE0EE126FF0EE2221200080E88
:103E6000E126000EE222F40EE3C40BF5F50EE3C4E6
:103E70000CF5FB0E0CC5E3F4FA0E0BC5E3F4FA0ED9
:103E8000E3C401F5FB0EE3500110D8A40AD0FF0EE5
:103E9000016EFB0E01C5E3F4D90E016EFA0E01C5E9
:103EA000E3F4F80EE36AF90EE36A0FD0F80EE3507C
:103EB000010F016EF80E01C5E3F4016AF90EE3503B
:103EC0000120016EF90E01C5E3F4FA0EE3C40BF50F
:103ED000FB0EE3C40CF5F80EE3500B26F90EE3508D
:103EE0000C220BC5F6F40CC5F7F4000EF86E3F0E6D
:103EF000F76403D00800F55005D0F6C4E9F4F7C420
:103F0000EAF4EF500009D8A4D1D7F80EE3C401F5C4
:103F1000FE0E01C5E3F4F90EE3C401F5FF0E01C581
:103F2000E3F4FC0E21C5E3F4FD0E22C5E3F423A067
:103F30001BD05AD0F60EE3C4E6F4E3C4E6F4200E38
:103F4000E66E000EE66E55ECACF0F80EE350010F95
:103F5000016EF80E01C5E3F4016AF90EE350012089
:103F6000016EF90E01C5E3F4E150F80FD96EE2508D
:103F7000DA6EFF0EDA22FC0EE350DE5CDE50800AC1
:103F8000016EFD0EE350800A0158D8B02DD0D2D773
:103F9000F60EE3C4E6F4E3C4E6F4F80EE3C4F6F484
:103FA000F90EE3C4F7F4000EF86E3F0EF76403D089
:103FB0000800F55005D0F6C4E9F4F7C4EAF4EF5070
:103FC000E66E000EE66E55ECACF0FA0EE350010F13
:103FD000016EFA0E01C5E3F4016AFB0EE350012005
:103FE000016EFB0E01C5E3F4E150FE0FD96EE25005
:103FF000DA6EFF0EDA22DE06000EDD5ADE28C8E198
:10400000DE28D8A4C5D723B01BD02DD0F60EE3C42C
:10401000E6F4E3C4E6F4200EE66E000EE66E55EC20
:10402000ACF0F80EE350010F016EF80E01C5E3F499
:10403000016AF90EE3500120016EF90E01C5E3F4A7
:10404000E150F80FD96EE250DA6EFF0EDA22FC0E64
:10405000E350DE5CDE50800A016EFD0EE350800A04
:104060000158D8A0D3D7F80EE3C401F5F90EE3C484
:1040700002F5F40EE126FF0EE2221200080EE12600
:10408000000EE222FF0EE36AE32AF50EE3AE03D050
:104090000C6A0C2A01D00C6AFE0E0CC5E3F4FC0E6F
:1040A00021C5E3F4FD0E22C5E3F4FE0EE350D8B4BF
:1040B00020D0E150FC0FD96EE250DA6EFF0EDA220A
:1040C000DE06000EDD5AFE0EE350D8A402D02B0E01
:1040D00001D02D0E0B6E000E0C6EF80E0BC5E3F426
:1040E000F90E0CC5E3F4F80EE3C401F5FE0E01C5AC
:1040F000E3F41F0E0B6E000E0C6EFA0E0BC5E3F40C
:10410000FB0E0CC5E3F40701FA6B62D0E150FA0F25
:10411000D96EE250DA6EFF0EDA22DE06000EDD5AAC
:104120000A0EE66E000EE66E000EE66E000EE66EFD
:10413000EE0EE3C4E6F4E3C4E6F4E3C4E6F4E3C459
:10414000E6F4C0ECA6F001C50BF502C50CF50BC5F5
:10415000E6F40CC5E6F499ECC0F0300E0126FA0E38
:10416000E3C40BF5FB0EE3C40CF5DB0E0B24D96E98
:10417000070E0C20DA6E01C5DFF4FF0EE36AE15092
:10418000FC0FD96EE250DA6EFF0EDA22DE06000E68
:10419000DD5A0A0EE66E000EE66E000EE66E000EAA
:1041A000E66EEE0EE3C4E6F4E3C4E6F4E3C4E6F43C
:1041B000E3C4E6F4C8ECA3F0F20E01C5E3F4F30E99
:1041C00002C5E3F4F40E03C5E3F4F50E04C5E3F40D
:1041D000FB0EE3BE24D0FB0EE35004E1FA0EE30431
:1041E000D8A01DD0F20EE35091E1F30EE3508EE122
:1041F000F40EE3508BE1F50EE350D8A487D7FF0E01
:10420000E350D8A483D7FD0EE3BE09D0FD0EE350E2
:1042100004E1FC0EE304D8A002D023B277D7FE0E4F
:10422000E350D8B419D0E150FA0FD96EE250DA6EEB
:10423000FF0EDA22DE06000EDD5AFA0EE3C40BF59D
:10424000FB0EE3C40CF5DB0E0B24D96E070E0C201D
:10425000DA6EFE0EE3C4DFF4FC0EE3C4E6F4E3C45E
:10426000E6F4DB0E0B6E070E0C6EF80EE3500B2619
:10427000F90EE3500C220BC5E6F40CC5E6F4F20E81
:10428000E3C4E6F4E3C4E6F444ECB0F0F20EE12655
:10429000FF0EE2221200FA0EF66E340EF76E010ED9
:1042A000F86E04EEF0F320EE74F30900F5C4EEF4BA
:1042B000DD50D950FAE1DA50F8E1AA0EF66E570E49
:1042C000F76E010EF86E03EE00F220EE00F1090029
:1042D000F5C4EEF4DD50D950FAE1DA50F8E1920E6F
:1042E000F66E810EF76E010EF86E03EEC2F020EE50
:1042F0002EF00900F5C4EEF4DD50D950FAE13E0E7F
:10430000F66E7D0EF76E010EF86E02EEBCF020EE3A
:104310003CF00900F5C4EEF4DD50D950FAE1B40EDA
:10432000F66E5F0EF76E010EF86E01EE00F320EEF2
:10433000D3F00900F5C4EEF4DD50D950FAE1CE0E09
:10434000F66E730EF76E010EF86E01EE00F220EEBF
:1043500078F00900F5C4EEF4DD50D950FAE16C0EA6
:10436000F66E8A0EF76E010EF86E01EECAF120EEBF
:104370001BF00900F5C4EEF4DD50D950FAE1260E29
:10438000F66E8C0EF76E010EF86E01EE4AF120EE1D
:1043900004F00900F5C4EEF4DD50D950FAE103EE63
:1043A000F0F321EE00F0EE6ADD50D950FCE1DA5076
:1043B000FAE103EE00F3F00EEE6AE806FDE103EE2B
:1043C00000F1820EEE6AE806FDE103EE00F0C20E97
:1043D000EE6AE806FDE102EE00F3F00EEE6AE80692
:1043E000FDE102EE00F2E90EEE6AE806FDE102EE02
:1043F00000F1F00EEE6AE806FDE102EE00F0BC0E00
:10440000EE6AE806FDE101EED3F3280EEE6AE80657
:10441000FDE101EEC0F23D0EEE6AE806FDE101EEBF
:1044200060F14D0EEE6AE806FDE101EE21F1170E96
:10443000EE6AE806FDE10401080E5D6F000E5E6F96
:10444000000E5F6F00015BEF8FF0110EE126000E92
:10445000E222EB0EE3C401F5800E015ED8B0C4D0B9
:10446000E80EE1240B6EFF0EE2200C6EFD0E0CC573
:10447000E3F4FC0E0BC5E3F4EC0EE3C40BF5ED0E18
:10448000E3C40CF5F20E0CC5E3F4F10E0BC5E3F436
:10449000EB0EE35007E1EA0EE3C401F5020E015E04
:1044A000D8A01CD0EA0EE350FF0F0B6EEB0EE3C456
:1044B0000CF5FF0E0C22FA0EE124D96EFF0EE2205D
:1044C000DA6E0BC5DEF40CC5DDF4F30EE124D96E13
:1044D000FF0EE220DA6EDE6ADD6A14D0FA0EE12405
:1044E000D96EFF0EE220DA6E010EDE6E000EDD6E7A
:1044F000F30EE124D96EFF0EE220DA6E010EDE6EBD
:10450000000EDD6EFC0EE124016EFF0EE220026E55
:1045100001C5E6F402C5E6F4E60EE3C4E6F4E3C43E
:10452000E6F4ED0EE124016EFF0EE220026E01C5FD
:10453000E6F402C5E6F4CDECB6F0FE0E01C5E3F4F8
:10454000FF0E02C5E3F4EA0EE3C401F5EB0EE350FF
:104550000110D8B449D0FF0EE3BE46D0EA0EE350B6
:10456000FF0F0B6EEB0EE3C40CF5FF0E0C22FE0EDC
:10457000E3C401F50B50015CFF0EE350800A016EAD
:104580000C50800A0158D8A010D0EA0EE350FF0F5B
:104590000B6EEB0EE3C40CF5FF0E0C22EF0E0BC5F9
:1045A000E3F4F00E0CC5E3F40CD0FE0EE3C401F509
:1045B000EF0E01C5E3F4FF0EE3C401F5F00E01C5F3
:1045C000E3F4EF0EE3C40BF5F00EE3C40CF5EC0ED0
:1045D000E3C409F5ED0EE3C40AF50B500924D96EC6
:1045E0000C500A20DA6EDF6AEF0EE126FF0EE2229F
:1045F000E552E750E15E000EE25A1200FAC438F5C7
:10460000FBC439F5F6C43AF5F7C43BF5F8C43CF5FC
:10461000F5C43DF501C53EF502C53FF503C540F5BE
:1046200004C541F505C542F506C543F507C544F582
:1046300008C545F509C546F50AC547F50BC548F552
:104640000CC549F518EEEEF101011DAF0FD001D8F0
:104650000BD00500FA6E05019351FD6E9451FE6E6C
:104660009551FF6EFA50120001011D9F1DAD0FD034
:1046700001D80BD00500FA6E05019051FD6E9151E5
:10468000FE6E9251FF6EFA50120001011D9D1DAB8E
:104690000FD001D80BD00500FA6E05018D51FD6ECB
:1046A0008E51FE6E8F51FF6EFA50120001011D9B5C
:1046B0001CA70FD001D80BD00500FA6E05018A5156
:1046C000FD6E8B51FE6E8C51FF6EFA50120001018F
:1046D0001C971DA90FD001D80BD00500FA6E05015B
:1046E0008751FD6E8851FE6E8951FF6EFA5012009F
:1046F00001011D991DA514D001D80BD00500FA6E3B
:1047000005018451FD6E8551FE6E8651FF6EFA5093
:104710001200010154B954996CB96C9978B978991F
:104720001DA710D001D80BD00500FA6E0601E1518B
:10473000FD6EE251FE6EE351FF6EFA501200010170
:1047400060B76097AE9C49C50CF548C50BF547C5E9
:104750000AF546C509F545C508F544C507F543C53D
:1047600006F542C505F541C504F540C503F53FC54D
:1047700002F53EC501F53DC5F5F43CC5F8F43BC571
:10478000F7F43AC5F6F439C5FBF438C5FAF411006C
:10479000060EE126000EE222FE0EE36AF50EE3AEFF
:1047A00014D0F20EE36CF30EE31EF40EE31EF50ECE
:1047B000E31E08E3F30EE32A05E3F40EE32A02E323
:1047C000F50EE32AFE0EE36AE32AF90EE3AE13D0F8
:1047D000F60EE36CF70EE31EF80EE31EF90EE31E71
:1047E00008E3F70EE32A05E3F80EE32A02E3F90EE5
:1047F000E32AFE0EE370FA0EE36AFB0EE36AFC0E98
:10480000E36AFD0EE36AF20EE3500AE1F30EE350B1
:1048100007E1F40EE35004E1F50EE350D8B457D0AD
:10482000FF0EE36A0AD0D890F20EE336F30EE336B9
:10483000F40EE336F50EE336FF0EE32AF50EE3AE93
:10484000F2D7D890FA0EE336FB0EE336FC0EE336D1
:10485000FD0EE336E150F60FD96EE250DA6EFF0E30
:10486000DA22F20EE350DE5CF30EE350DE58F40E73
:10487000E350DE58F50EE350DE58D8A015D0E150D5
:10488000F60FD96EE250DA6EFF0EDA22F20EE35026
:10489000DE5EF30EE350DE5AF40EE350DE5AF50E00
:1048A000E350DE5AFA0EE380D890F50EE332F40EB0
:1048B000E332F30EE332F20EE332FF0EE350016E09
:1048C000010E015EFF0E01C5E3F4D8A4BAD7FE0EB7
:1048D000E350D8B411D0FA0EE36CFB0EE31EFC0ECD
:1048E000E31EFD0EE31E08E3FB0EE32A05E3FC0EC8
:1048F000E32A02E3FD0EE32AFA0EE3C401F5FB0E00
:10490000E3C402F5FC0EE3C403F5FD0EE3C404F5B5
:10491000F20EE126FF0EE2221200070EE126000E43
:10492000E22206011E51D8A4B6D0FD0EE124D96EB4
:10493000FF0EE220DA6EDF8EFD0EE124D96EFF0E4F
:10494000E220DA6E3C0EDF12FD0EE124D96EFF0E7E
:10495000E220DA6EDF8CFD0EE124D96EFF0EE2203C
:10496000DA6EDF92FD0EE124D96EFF0EE220DA6EE0
:10497000DF8021EE19F2DEC40BF5DDC40CF50B3A35
:104980000C3AF00E0C160B500F0B0C12F00E0B160F
:10499000F80EE3500B24096E000E0C200A6E040E74
:1049A0000924056E000E0A20066E076A086AF90ED1
:1049B00005C5E3F4FA0E06C5E3F4FB0E07C5E3F400
:1049C000FC0E08C5E3F4E150F60FD96EE250DA6E42
:1049D000FF0EDA22FE0EE124E96EFF0EE220EA6EFF
:1049E000DEC4EEF4DDC4EDF4000EE66E4EECC0F075
:1049F00001A00ED0F90EE124016EFF0EE220026E3E
:104A000001C5E6F402C5E6F4000EE66E62ECB4F011
:104A100021EE19F2DEC40BF5DDC40CF50B3A0C3AAD
:104A2000F00E0C160B500F0B0C12F00E0B160D0E99
:104A30000B24056E000E0C20066E076A086AF90E3C
:104A400005C5E3F4FA0E06C5E3F4FB0E07C5E3F46F
:104A5000FC0E08C5E3F4FE0EE124D96EFF0EE22041
:104A6000DA6E800EDE6E0C0EDD6E030EE66E4EEC20
:104A7000C0F001A00ED0F90EE124016EFF0EE2207D
:104A8000026E01C5E6F402C5E6F4030EE66E62ECC2
:104A9000B4F00C01C06BF60EE126FF0EE22212000C
:104AA000060EE126000EE222FF0EE36AE32AFC0E68
:104AB00021C5E3F4FD0E22C5E3F41F0E0B6E000EBC
:104AC0000C6EFA0E0BC5E3F4FB0E0CC5E3F4070104
:104AD000FA6B55D0E150FA0FD96EE250DA6EFF0E44
:104AE000DA22DE06000EDD5AF40EE3C40CF50F0EDA
:104AF0000C16FE0E0CC5E3F4FE0EE3C401F50A0E1F
:104B0000016005D0FE0EE3C401F5300E04D0FE0EA8
:104B1000E3C401F5370E0126FE0E01C5E3F4FA0EDB
:104B2000E3C40BF5FB0EE3C40CF5DB0E0B24D96ECE
:104B3000070E0C20DA6EFE0EE3C4DFF4FF0EE36A0C
:104B4000E150FC0FD96EE250DA6EFF0EDA22DE067B
:104B5000000EDD5A040E0C6EE150F40FD96EE250D7
:104B6000DA6EFF0EDA220C28DE5207D0DE52DE5259
:104B7000D890DD32DD32DD32DE32E82EF7D7FB0EA3
:104B8000E3BE27D0FB0EE35007E1FA0EE3C401F5C4
:104B9000020E015ED8A01DD0F40EE3509BE1F50E8D
:104BA000E35098E1F60EE35095E1F70EE350D8A4F8
:104BB00091D7FF0EE350D8A48DD7FD0EE3BE09D0E8
:104BC000FD0EE35004E1FC0EE304D8A002D023B2B2
:104BD00081D7FC0EE3C4E6F4E3C4E6F4DB0E0B6E0F
:104BE000070E0C6EF80EE3500B26F90EE3500C2264
:104BF0000BC5E6F40CC5E6F4F40EE3C4E6F4E3C436
:104C0000E6F444ECB0F0F40EE126FF0EE2221200CE
:104C1000050EE126000EE222FF0EE36AE32AFD0EF6
:104C200021C5E3F4FE0E22C5E3F41F0E0B6E000E49
:104C30000C6EFB0E0BC5E3F4FC0E0CC5E3F4070190
:104C4000FA6B5AD0E150FB0FD96EE250DA6EFF0ECC
:104C5000DA22DE06000EDD5A0A0EE66E000EE66E61
:104C6000000EE66E000EE66EF10EE3C4E6F4E3C459
:104C7000E6F4E3C4E6F4E3C4E6F49AECAEF001C56E
:104C80000CF5300E0C26FB0EE3C409F5FC0EE3C454
:104C90000AF5DB0E0924D96E070E0A20DA6E0CC560
:104CA000DFF4FF0EE36AE150FD0FD96EE250DA6ED9
:104CB000FF0EDA22DE06000EDD5A0A0EE66E000E48
:104CC000E66E000EE66E000EE66EF10EE3C4E6F44C
:104CD000E3C4E6F4E3C4E6F4E3C4E6F454ECABF076
:104CE000F50E01C5E3F4F60E02C5E3F4F70E03C5B5
:104CF000E3F4F80E04C5E3F4FB0EE3C401F5FC0E87
:104D0000E3500110D8B41DD0F50EE3509BE1F60E30
:104D1000E35098E1F70EE35095E1F80EE350D8A484
:104D200091D7FF0EE350D8A48DD7FE0EE3BE09D075
:104D3000FE0EE35004E1FD0EE304D8A002D023B23E
:104D400081D7FD0EE3C4E6F4E3C4E6F4DB0E0B6E9C
:104D5000070E0C6EF90EE3500B26FA0EE3500C22F0
:104D60000BC5E6F40CC5E6F4F50EE3C4E6F4E3C4C3
:104D7000E6F444ECB0F0F50EE126FF0EE22212005C
:104D8000E652E652FE0EE36AFD0EE3AE14D0FA0ED2
:104D9000E36CFB0EE31EFC0EE31EFD0EE31E08E3B8
:104DA000FB0EE32A05E3FC0EE32A02E3FD0EE32AF1
:104DB000FE0EE36AE32AF90EE3AE11D0F60EE36CC1
:104DC000F70EE31EF80EE31EF90EE31E08E3F70EDE
:104DD000E32A05E3F80EE32A02E3F90EE32AF60ECE
:104DE000E3500AE1F70EE35007E1F80EE35004E167
:104DF000F90EE350D8B44CD0FF0EE36A0AD0D89035
:104E0000F60EE336F70EE336F80EE336F90EE33628
:104E1000FF0EE32AF90EE3AEF2D7E150FA0FD96E96
:104E2000E250DA6EFF0EDA22F60EE350DE5CF70E89
:104E3000E350DE58F80EE350DE58F90EE350DE582A
:104E4000D8A013D0E150FA0FD96EE250DA6EFF0EFF
:104E5000DA22F60EE350DE5EF70EE350DE5AF80E6D
:104E6000E350DE5AF90EE350DE5AD890F90EE332E1
:104E7000F80EE332F70EE332F60EE332FF0EE350A4
:104E8000016E010E015EFF0E01C5E3F4D8A4C5D783
:104E9000FE0EE350D8B411D0FA0EE36CFB0EE31E05
:104EA000FC0EE31EFD0EE31E08E3FB0EE32A05E302
:104EB000FC0EE32A02E3FD0EE32AFA0EE3C401F539
:104EC000FB0EE3C402F5FC0EE3C403F5FD0EE3C4E0
:104ED00004F5F60EE126FF0EE2221200E652E6523B
:104EE000E652FD0EE36AFE0EE36AFF0EE36A0FD0A0
:104EF000FB0EE350010F016EFB0E01C5E3F4016AE6
:104F0000FC0EE3500120016EFC0E01C5E3F4FB0E24
:104F1000E3C4D9F4FC0EE3C4DAF4DF50200AD8B4B9
:104F2000E7D7FB0EE3C4D9F4FC0EE3C4DAF4DF5098
:104F30000C6EF70E0C26040E0C64DAD7FB0EE3C4DD
:104F4000D9F4FC0EE3C4DAF4DF502D0AD8A413D050
:104F5000FF0EE36AE32AFB0EE350010F016EFB0E26
:104F600001C5E3F4016AFC0EE3500120016EFC0E62
:104F700001C5E3F42FD0FB0EE3C4D9F4FC0EE3C467
:104F8000DAF4DF502B0AD8B4E6D724D0FD0EE3C400
:104F90000BF5FE0EE3C40CF50A0E0B02F3C409F583
:104FA000F4C40AF50C02F3500A26FB0EE3C4D9F44C
:104FB000FC0EE3C4DAF4DF50095E000E0A5A300E2C
:104FC0000926000E0A22FD0E09C5E3F4FE0E0AC5ED
:104FD000E3F4C1D7FB0EE3C4D9F4FC0EE3C4DAF466
:104FE000DF500C6ED00E0C26090E0C64CFD7FF0ECE
:104FF000E350D8A40CD0FD0EE3C401F5011EFE0E53
:10500000E3C402F5021E012AD8B4022A06D0FD0E1E
:10501000E3C401F5FE0EE3C402F5FB0EE126FF0E2C
:10502000E2221200E652E652E652FE0EE36AFA0E61
:10503000E3C40BF5FB0EE3C40CF5040E0B24D96E90
:10504000000E0C20DA6EDF500C6EFD0E0CC5E3F482
:10505000FC0EE3500C0D530EF324D96E010EF42018
:10506000DA6EDF500C6E050E016ED8900C32012EF8
:10507000FCD7070E0C16FF0E0CC5E3F4E150FD0F34
:10508000D96EE250DA6EFF0EDA22DFAE0BD00101EC
:1050900001B906D0CEECC5F0060E0118D8A402D096
:1050A000FE0EE382E150FD0FD96EE250DA6EFF0E84
:1050B000DA22DF30E8320F0B0C6E080E0C6411D0D0
:1050C000E150FD0FD96EE250DA6EFF0EDA22DFAC4E
:1050D00006D0CEECC5F0060E0118D8A402D0FE0E04
:1050E000E380FF0EE3500B6E0C6A080E0B26000ED9
:1050F0000C22710E0B24F66EFD0E0C20F76EF86A72
:10510000000EF8220800F5C40CF5E150FD0FD96E31
:10511000E250DA6EFF0EDA22DF30E8320F0B096E52
:105120000A6A710E0924F66EFD0E0A20F76EF86AFF
:10513000000EF8220800F5500C5CD8B002D0FE0E2C
:10514000E380FC0EE350E66EDEECC4F00150D8A420
:1051500003D0FE0EE380E382FE0EE3C401F5FA0EF7
:10516000E126FF0EE2221200BFAC02D0010E01D0F8
:10517000000EFF0A0C6E0C3A0C460C46BF500C1881
:10518000BF0B0C18BF6E262A26040C6E040E0C648E
:105190002FD029062928D8B428D02850020D420E35
:1051A000F324D96E080EF420DA6E000EDE5C010ED8
:1051B000DE58D8A00CD02850020D420EF324D96E30
:1051C000080EF420DA6EDF500201A56F0CD02850D3
:1051D000020D420EF324D96E080EF420DA6EDF5071
:1051E000E66EB5ECC5F0282A02D0286A296A266A3C
:1051F0000201B2A307D0A1C200F80801016B0201AD
:10520000B293276AB2A02DD0B2511F0E276402D0EC
:10521000276ABF82B2AD0ED0276A2750020D000E5A
:10522000F324D96E080EF420DA6E000EDE6E010E45
:10523000DD6E0AD02750020D000EF324D96E080E41
:10524000F420DA6EDE6ADD6A2750020D000EF324C8
:10525000D96E080EF420DA6EA151DE26000EDD2292
:10526000272A000EE66EE66EE66E000EE66E000E73
:10527000E66E000EE66E000EE66E05ECB5F012006E
:10528000060EE126000EE222F7C409F50A6A0B6A4F
:105290000C6A0BC50CF50AC50BF509C50AF5096AB8
:1052A000F8C405F5066A076A086A06C508F505C563
:1052B00007F5066A056A095005120A5006120B50D6
:1052C00007120C500812F6500510096E06500A6EAF
:1052D00007500B6E08500C6EFA0E09C5E3F4FB0E76
:1052E0000AC5E3F4FC0E0BC5E3F4FD0E0CC5E3F4B4
:1052F000F90EE124D96EFF0EE220DA6EDF50F86E6F
:10530000F80EE124D96EFF0EE220DA6EDF50F76E60
:10531000F70EE3C4F6F40900F5500B6E0C6AFE0EAE
:105320000BC5E3F4FF0E0CC5E3F40800F5500C6E5A
:105330000B6AFE0EE3C401F50B500112FE0E01C50F
:10534000E3F4FF0EE3C401F50C500112FF0E01C59A
:10535000E3F4FC0EE124D96EFF0EE220DA6EDF509A
:10536000F86EFB0EE124D96EFF0EE220DA6EDF50FC
:10537000F76EFA0EE3C4F6F4FE0EE3C401F5FF0E79
:10538000E3C402F5F70EE126FF0EE2221200E65218
:10539000E652E652FE0EE36AFF0EE36AFB0EE3C43A
:1053A000D9F4FC0EE3C4DAF4DEC4F6F4DDC4F7F499
:1053B000000EF86E0800F5502A0AD8A449D0FB0E5A
:1053C000E3C4D9F4FC0EE3C4DAF4DE2A000EDD22D5
:1053D000F90EE3C4D9F4FA0EE3C4DAF4020EDE5E89
:1053E000000EDD5ADEC40BF5DDC40CF50BC5D9F497
:1053F0000CC5DAF4DEC40BF5DDC40CF5FE0E0BC5EE
:10540000E3F4FF0E0CC5E3F43DD0FE0EE3C40BF550
:10541000FF0EE3C40CF50A0E0B02F3C409F5F4C445
:105420000AF50C02F3500A26FD0EE3500926000E81
:105430000A22FE0E09C5E3F4FF0E0AC5E3F4FB0ED3
:10544000E3C4D9F4FC0EE3C4DAF4DE2A000EDD2254
:10545000FB0EE3C4D9F4FC0EE3C4DAF4DEC4F6F4C4
:10546000DDC4F7F4000EF86E0800F5C40CF5D00E9C
:105470000C26FD0E0CC5E3F4FD0EE3C401F5090E88
:105480000164C3D7FE0EE3C401F5FF0EE3C402F5C9
:10549000F90EE126FF0EE2221200E652C18EFF0E47
:1054A000E36AFF0EE3500B6E0C6A250E0B24D96ED7
:1054B000060E0C20DA6EFF0EE350E66EFFECBFF036
:1054C0000150DF6EFF0EE3500B6E0C6A090E0B24C9
:1054D000D96E060E0C20DA6EDF50D8B44DD0FF0E18
:1054E000E350020D760EF324D96E050EF420DA6E29
:1054F000DE2A000EDD222D0EDE5C010EDE58D8A065
:1055000046D0FF0EE3500B6E0C6A0C0E0B24D96EC6
:10551000060E0C20DA6EFF0EE3500B6E0C6A250EA1
:105520000B24E96E060E0C20EA6EDE50EE18D8A4AD
:105530002ED0FF0EE350020D760EF324D96E050E29
:10554000F420DA6EDE6ADD6AFF0EE3500B6E0C6A41
:10555000090E0B24D96E060E0C20DA6EDF6AFF0EE0
:10556000E3500B6E0C6A060E0B24D96E060E0C204F
:10557000DA6E010EDF6E0BD0FF0EE350020D760ED9
:10558000F324D96E050EF420DA6EDE6ADD6AFF0EB2
:10559000E32AFF0EE3C401F5020E016482D7C19E27
:1055A000E5521200E652E652E652E652FF0EE36A78
:1055B000FA0EE350E66EEDECC4F0FE0E01C5E3F426
:1055C000FE0EE3A069D0FA0EE3500C0D580EF32442
:1055D000D96E010EF420DA6EDEC40BF5DDC40CF5D5
:1055E000FD0E0CC5E3F4FC0E0BC5E3F4FC0EE3C4A6
:1055F00001F5FD0EE3500110D8B44ED0F80EE3C40F
:10560000E6F4E3C4E6F4FA0EE3C4E6F4E3C4E6F435
:10561000B3EC98F0FA0EE3500C0D510EF324D96E52
:10562000010EF420DA6E000EDB80FB0EE350020D5B
:105630004B0EF324D96E050EF420DA6EDF2AFA0E33
:10564000E350E66E9FECC4F0FB0EE350020D4B0EF0
:10565000F324D96E050EF420DA6E0150DE5CD8A07A
:105660000AD0FB0EE350020D4B0EF324D96E050E4B
:10567000F420DA6EDF6AFE0EE3A60BD0FA0EE350DA
:105680000C0D540EF324D96E010EF420DA6EF70ED1
:10569000DF16FF0EE36AE32AFF0EE3C401F5F80EFE
:1056A000E126FF0EE2221200050EE126000EE222A4
:1056B000FB0EE36AFC0EE36AFD0EE36AFE0EE36A8C
:1056C000F30EE3500AE1F40EE35007E1F50EE35068
:1056D00004E1F60EE350D8B457D0FF0EE36A0AD0C7
:1056E000D890F30EE336F40EE336F50EE336F60EFD
:1056F000E336FF0EE32AF60EE3AEF2D7D890FB0EA8
:10570000E336FC0EE336FD0EE336FE0EE336E150E3
:10571000F70FD96EE250DA6EFF0EDA22F30EE35085
:10572000DE5CF40EE350DE58F50EE350DE58F60E64
:10573000E350DE58D8A015D0E150F70FD96EE250F3
:10574000DA6EFF0EDA22F30EE350DE5EF40EE35063
:10575000DE5AF50EE350DE5AF60EE350DE5AFB0E2B
:10576000E380D890F60EE332F50EE332F40EE33226
:10577000F30EE332FF0EE350016E010E015EFF0EE9
:1057800001C5E3F4D8A4BAD7FB0EE3C401F5FC0EBF
:10579000E3C402F5FD0EE3C403F5FE0EE3C404F515
:1057A000F30EE126FF0EE2221200206E6F206461EC
:1057B0007461202020202020202020202020000094
:1057C00000000000000000000000000000000000D9
:1057D00000000000000000000000000000000000C9
:1057E00000000000000000000000206E6F5F646198
:1057F0007461302020202020202020202020000044
:105800000000000000000000000000000000000098
:105810000000000000000000000000000000000088
:1058200000000000000000000000206E6F20696E84
:10583000666F312020202020202020202020000002
:105840000000000000000000000000000000000058
:105850000000000000000000000000000000000048
:1058600000000000000000000000206E6F20696E44
:10587000666F3220202020202020202020200000C1
:105880000000000000000000000000000000000018
:105890000000000000000000000000000000000008
:1058A00000000000000000000000FC0EE3C401F551
:1058B000FD0EE3500110D8B408D0FC0EE3C401F58E
:1058C000FD0EE3500110D8A406D0FE0EE350E66EA4
:1058D00092ECC5F064D0FC0EE3C40BF5FD0EE3C4FE
:1058E0000CF5090E0B24D96E000E0C20DA6EDE507A
:1058F000DE10D8B422D0FC0EE3C40BF5FD0EE3C4D9
:105900000CF5090E0B24D96E000E0C20DA6EFC0E7D
:10591000E3C40BF5FD0EE3C40CF5020E0B24E96E97
:10592000000E0C20EA6EDE50EE5CEE50800A016E36
:10593000DE50800A0158D8B032D0FC0EE3C40BF51B
:10594000FD0EE3C40CF5020E0B24D96E000E0C20E4
:10595000DA6EDEC40BF5DDC40CF5FC0EE3C4D9F43D
:10596000FD0EE3C4DAF4DEC409F5DDC40AF50B501C
:105970000924D96E0C500A20DA6EFE0EE3C4DFF45F
:10598000FC0EE3C40BF5FD0EE3C40CF5020E0B2474
:10599000D96E000E0C20DA6EDE2A000EDD22E552F2
:1059A000E552E552E5521200E652E652E652FD0E8D
:1059B000E36AFE0EE36AF90EE3C401F5FA0EE35062
:1059C0000110D8B45BD0FF0EE36A10D0F90EE3509B
:1059D000D890E834016EF90E01C5E3F4FA0EE350F5
:1059E000E834016EFA0E01C5E3F4FF0EE32AFA0E65
:1059F000E3AEECD7FD0EE350D890E834016EFD0E17
:105A000001C5E3F4FE0EE350E834016EFE0E01C55D
:105A1000E3F4F90EE3C40BF5FA0EE3C40CF5FB0E48
:105A2000E3C409F5FC0EE3C40AF50B50095C0C5005
:105A30000A58D8A014D0FB0EE350016EF90EE350C3
:105A4000015EFB0E01C5E3F4FC0EE350016EFA0E9D
:105A5000E350015AFC0E01C5E3F4FD0EE380D8903B
:105A6000FA0EE332F90EE332FF0EE350016E010E3F
:105A7000015EFF0E01C5E3F4D8A4BCD7FD0EE3C45C
:105A800001F5FE0EE3C402F5F90EE126FF0EE22257
:105A90001200840E0501706F080E716F690EE66EBC
:105AA000000EE66E200EE66E000EE66E400EE66E0E
:105AB0000A0EE66E2AECB8F0740EE66E6C0EE66E18
:105AC000010EE66EA0ECC3F0E20EE66E7E0EE66E10
:105AD000010EE66EB1ECC3F0020EE66EB0ECC4F05F
:105AE0004D50D8B40AD0300EE66E570EE66E050E55
:105AF000E66E000EE66E57ECBAF000018A93E86B92
:105B0000FC9F849F020E866F848F3F0EFD17FD9BC6
:105B1000FD51F90B0209FD6FE70EFD17FD8170C500
:105B2000F9F071C5FAF0FB6BFC9BFC8F8A83530E76
:105B3000E66E5DECC5F0050EE66E84ECB6F0520E36
:105B4000E66E5DECC5F0230EE66E84ECB6F0410E19
:105B5000E66E5DECC5F0510EE66E5DECC5F0200E14
:105B6000E66E030EE66E000EE66E000EE66E57EC75
:105B7000BAF0D4ECC5F04D6A1200C26A1E0EC16EB6
:105B8000BE6A0E0EBF6E040EC06ECA6AEF0EC66EFF
:105B9000090EC76E910EC86E010EC96E0401186B16
:105BA000106B086B206BD90E006F010E196F216B03
:105BB000096B260E016F810E116F226B026B0A6B4F
:105BC000126B1A6B03690B6913691B69070E236F4C
:105BD00004690C6914691C690F0E246F07930795FB
:105BE000079B06830685068B05830585058B2E0E90
:105BF000E66E8C0EE66E010EE66E8FECC3F02C0E98
:105C0000E66E8C0EE66E010EE66E7EECC3F02A0E9A
:105C1000E66E8C0EE66E010EE66E6DECC3F09E8EA7
:105C2000180E0201746F100E7A6F310E146F070E8A
:105C3000106F2C0E126F460E0D6F170E726F230E23
:105C40001F6F130E6A6F080E3D6F320E166F200E17
:105C5000176F140E6B6F1200E652FE0EE3C401F5CF
:105C6000050E016402D0FE0EE36AFD0EE350D8B4C7
:105C70000BD0FE0EE3500B6E0C6AD20E0B24D96EC5
:105C8000060E0C20DA6EDF6AFE0EE350140D900E45
:105C9000F3240B6EFD0EF4200C6EFE0EE350096E25
:105CA0000A6AD20E0924D96E060E0A20DA6EDF5077
:105CB0000B26000E0C220BC5F6F40CC5F7F4000EF3
:105CC000F86E0800FF0EF5C4E3F4FE0EE350140D69
:105CD000900EF3240B6EFD0EF4200C6E0BC5E6F453
:105CE0000CC5E6F4A2ECB7F0FE0EE3500B6E0C6AA6
:105CF000D20E0B24D96E060E0C20DA6EDF2ADF508E
:105D00000B6E0C6A01500B5C02500C58D8A00BD0E3
:105D1000FE0EE3500B6E0C6AD20E0B24D96E060EEB
:105D20000C20DA6EDF6AFF0EE3C401F5E552E5529E
:105D3000E5521200E652F70EE3500AE1F80EE35086
:105D400007E1F90EE35004E1FA0EE350D8B44CD069
:105D5000FF0EE36A0AD0D890F70EE336F80EE3366A
:105D6000F90EE336FA0EE336FF0EE32AFA0EE3AE3F
:105D7000F2D7E150FB0FD96EE250DA6EFF0EDA2255
:105D8000F70EE350DE5CF80EE350DE58F90EE350F8
:105D9000DE58FA0EE350DE58D8A013D0E150FB0FC6
:105DA000D96EE250DA6EFF0EDA22F70EE350DE5EB5
:105DB000F80EE350DE5AF90EE350DE5AFA0EE350C5
:105DC000DE5AD890FA0EE332F90EE332F80EE332DF
:105DD000F70EE332FF0EE350016E010E015EFF0E7F
:105DE00001C5E3F4D8A4C5D7FB0EE3C401F5FC0E4E
:105DF000E3C402F5FD0EE3C403F5FE0EE3C404F5AF
:105E0000F70EE126FF0EE2221200050EE126000E3B
:105E1000E222F70EE3C40BF5F80EE3C40CF5FC0E1A
:105E20000CC5E3F4FB0E0BC5E3F4F90EE3C40BF56C
:105E3000FA0EE3C40CF5FE0E0CC5E3F4FD0E0BC523
:105E4000E3F432D0FB0EE3C4D9F4FC0EE3C4DAF47D
:105E5000DF500C6EFF0E0CC5E3F4FB0EE350010F98
:105E6000016EFB0E01C5E3F4016AFC0EE350012054
:105E7000016EFC0E01C5E3F4FD0EE3C4D9F4FE0E81
:105E8000E3C4DAF4FF0EE3C4DFF4FD0EE350010FC8
:105E9000016EFD0E01C5E3F4016AFE0EE350012020
:105EA000016EFE0E01C5E3F4F50EE3C401F5010E2B
:105EB000015EF50E01C5E3F4F60EE3C401F5000E34
:105EC000015AF60E01C5E3F4F50EE328BBE1F60E28
:105ED000E328D8A4B7D7F50EE126FF0EE222120080
:105EE000070EE126000EE22221EE6CF2060E016E94
:105EF000F90EDEC4E3F4E828012EFBD7F60EE350DA
:105F00000B6E0C6AF70EE3500B26F80EE3500C22D2
:105F1000FC0E0B24D96EFF0E0C20DA6EDF500C6ED7
:105F2000F90E0CC5E3F4F60EE3500B6E0C6AF70E97
:105F3000E3500B26F80EE3500C22FD0E0B24D96E15
:105F4000FF0E0C20DA6EFA0EE124E96EFF0EE2205D
:105F5000EA6EDFC4EFF4F60EE3500B6E0C6AF70E38
:105F6000E3500B26F80EE3500C22FE0E0B24D96EE4
:105F7000FF0E0C20DA6EFB0EE124E96EFF0EE2202C
:105F8000EA6EDFC4EFF4F90EE124016EFF0EE220A9
:105F9000026E01C5E6F402C5E6F46EECA7F0FF0E52
:105FA00001C5E3F4FF0EE3C401F5F60EE126FF0E92
:105FB000E22212003030313130373038303330396E
:105FC000353030300D3030313130303237303330E1
:105FD00030303030300D30303131303739343033CB
:105FE0003030313030300D303031303033303330CC
:105FF000323D3F3030300D3030313030333132309F
:10600000323D3F3030300D30303130303334393084
:10601000323D3F3030300D3030313030333133307D
:10602000323D3F3030300D3030313030333037306A
:10603000323D3F3030300D30303130303331303060
:10604000323D3F3030300D30303130303330383049
:10605000323D3F3030300D30303130303330393038
:10606000323D3F3030300D0001030040000500009C
:1060700000000000000000000103004000040000D8
:076080000000000000000019
:10608800E652E65223A00CD0FC0EE3C4E6F4E3C4C7
:10609800E6F4F80EE3C4E6F4E3C4E6F4E7ECB7F09C
:1060A800F90EE3AE04D0F80EE36AF90EE36AFE0EC9
:1060B800E36AFF0EE36A1AD0FC0EE3C4E6F4E3C415
:1060C800E6F4200EE66E000EE66E55ECACF0FE0E21
:1060D800E350010F016EFE0E01C5E3F4016AFF0EE5
:1060E800E3500120016EFF0E01C5E3F4E150FE0FFD
:1060F800D96EE250DA6EFF0EDA22F80EE350DE5C5B
:10610800DE50800A016EF90EE350800A0158D8A0CB
:10611800D3D723B00CD0FC0EE3C4E6F4E3C4E6F412
:10612800F80EE3C4E6F4E3C4E6F4E7ECB7F0FA0EDD
:10613800E3C4E6F4E3C4E6F4A2ECB7F0F80EE350E7
:106148000126F90EE3500222F80EE126FF0EE222A4
:106158001200E652FF0EE36AFF0EE3500B6E0C6A64
:106168000C0E0B24D96E060E0C20DA6EFF0EE350CF
:106178000B6E0C6A8D0E0B24F66EFD0E0C20F76E5E
:10618800F86A000EF8220800F5500009D8B402D0C9
:10619800010E01D0000EDF6EFF0EE3500B6E0C6A8D
:1061A800090E0B24D96E060E0C20DA6EDF6AFF0E7C
:1061B800E3500B6E0C6A060E0B24D96E060E0C20EB
:1061C800DA6EDF6AFF0EE350020D760EF324D96E05
:1061D800050EF420DA6EDE6ADD6AFF0EE32AFF0E92
:1061E800E3C401F5020E0164B7D7400EE66E8B0ECC
:1061F800E66E010EE66E6DECC3F04E0EE66E8B0E8B
:10620800E66E010EE66E7EECC3F05C0EE66E8B0E5B
:10621800E66E010EE66E8FECC3F0E5521200080E32
:10622800E126000EE22221EE60F2060E016EF80E63
:10623800DEC4E3F4E828012EFBD7F60EE3C40BF521
:10624800F70EE3C40CF5050E0B24D96E000E0C20D6
:10625800DA6EDF500C6EF80E0CC5E3F4F60EE3C4EC
:106268000BF5F70EE3C40CF5060E0B24D96E000EE1
:106278000C20DA6EF90EE124E96EFF0EE220EA6ED8
:10628800DFC4EFF4F60EE3C40BF5F70EE3C40CF528
:10629800070E0B24D96E000E0C20DA6EFA0EE124DC
:1062A800E96EFF0EE220EA6EDFC4EFF4F80EE12497
:1062B800016EFF0EE220026E01C5E6F402C5E6F4A7
:1062C8006EECA7F0FE0E01C5E3F4FF0E02C5E3F481
:1062D800FE0EE3C401F5FF0EE3C402F5F60EE12657
:1062E800FF0EE2221200E652E652E652E652FC0E99
:1062F800E36AFD0EE36AFE0EE36AFF0EE36AF80E38
:10630800E3A024D0FC0EE350016EF40EE350012606
:10631800FC0E01C5E3F4FD0EE350016EF50EE350EB
:106328000122FD0E01C5E3F4FE0EE350016EF60EE8
:10633800E3500122FE0E01C5E3F4FF0EE350016EA7
:10634800F70EE3500122FF0E01C5E3F4D890F40ED6
:10635800E336F50EE336F60EE336F70EE336D8905D
:10636800FB0EE332FA0EE332F90EE332F80EE332B3
:10637800F80EE350C4E1F90EE350C1E1FA0EE35020
:10638800BEE1FB0EE350D8A4BAD7FC0EE3C401F576
:10639800FD0EE3C402F5FE0EE3C403F5FF0EE3C4ED
:1063A80004F5F40EE126FF0EE2221200E652E65250
:1063B800E652E652FC0EE36AFD0EE36AFE0EE36A5D
:1063C800FF0EE36A1FD0E150FC0FD96EE250DA6E7F
:1063D800FF0EDA22DFC409F5DE2ADEC40AF5DEC4C0
:1063E8000BF5DDC40CF5DD52000EDE22DE22DF22C5
:1063F8000C5033E1A00E095C860E0A58010E0B58AA
:10640800D8B02BD005016CB7DED7FC0EE36AFD0EC1
:10641800E36AFE0EE36AFF0EE36A21D0E150FC0F47
:10642800D96EE250DA6EFF0EDA22DFC409F5DE2AF1
:10643800DEC40AF5DEC40BF5DDC40CF5DD52000E32
:10644800DE22DE22DF220C5008E1A00E095C860E57
:106458000A58010E0B58D8A002D0BF8205D00001FF
:1064680087ABDCD7BF92C186E552E552E552E552CB
:106478001200E652FB0EE3C401F5FC0EE3500110D6
:10648800D8B44AD0FF0EE36A10D0FB0EE350D89080
:10649800E834016EFB0E01C5E3F4FC0EE350E8346A
:1064A800016EFC0E01C5E3F4FF0EE32AFC0EE3AE19
:1064B800ECD7FB0EE3C40BF5FC0EE3C40CF5FD0EA4
:1064C800E3C409F5FE0EE3C40AF50B50095C0C5051
:1064D8000A58D8A012D0FD0EE350016EFB0EE3500F
:1064E800015EFD0E01C5E3F4FE0EE350016EFC0EE5
:1064F800E350015AFE0E01C5E3F4D890FC0EE332D6
:10650800FB0EE332FF0EE350016E010E015EFF0E3B
:1065180001C5E3F4D8A4CDD7FD0EE3C401F5FE0E02
:10652800E3C402F5FB0EE126FF0EE2221200E6525A
:10653800E652E652E652FE0EE36AFF0EE36AFC0EEE
:10654800E36AFD0EE36AF90EE350D8B443D0FC0EBB
:10655800E3C40BF5FD0EE3C40CF5FA0EE3C409F52C
:10656800FB0EE3C40AF50B500924D96E0C500A201F
:10657800DA6EDF500C6EFE0EE3500C24016EFE0E38
:1065880001C5E3F4016AFF0EE3500122FF0E01C5C5
:10659800E3F4FC0EE350010F016EFC0E01C5E3F4B9
:1065A800016AFD0EE3500120016EFD0E01C5E3F402
:1065B800F90EE3500B6E0C6AFC0EE3C401F50B50A8
:1065C800015CFD0EE350800A016E0C50800A0158F0
:1065D800D8A0BDD7FE0EE3C401F5FF0EE3C402F553
:1065E800F90EE126FF0EE2221200E6522550D8A449
:1065F80054D012D0FF0EE36AE38C1DD0FF0EE36A7D
:10660800E384E38818D0540E0C6EFF0E0CC5E3F437
:1066180012D0FF0EE36A0FD0FE0EE350000AD8B482
:10662800F8D7010AD8B4E6D7030AD8B4E7D7010ADD
:10663800D8B4E9D7EED7FD0EE3C40CF5FF0EE3504E
:106648000C24E66E6DECB9F0C80EE66E000EE66E30
:10665800000EE66E000EE66E57ECBAF0BFAA02D046
:10666800010E01D0000EFF0A0C6E0C3A0C46BF500A
:106678000C18DF0B0C18BF6EFB0EE3C4E6F4E3C482
:10668800E6F4FC0EE350E66E8DECA4F0FB0EE3C4DA
:10669800E6F4E3C4E6F456ECB3F0FB0EE126FF0E95
:1066A800E2221200E652FD0EE3C4E6F4E3C4E6F487
:1066B800A2ECB7F0FF0E01C5E3F4BFAA02D0010EA9
:1066C80001D0000EFF0A0C6E0C3A0C46BF500C1895
:1066D800DF0B0C18BF6EBFAA02D0010E01D0000E4E
:1066E800FF0A0C6E0C3A0C46BF500C18DF0B0C1846
:1066F800BF6EDAECB1F0F5ECC5F0C196FF0EE3C45D
:1067080001F5140E016404D0FF0EE36AE384E38804
:10671800FF0EE350E66E000EE66EFB0EE3C4E6F4F1
:10672800E3C4E6F470C5E6F471C5E6F405ECAFF031
:106738000001FC9FFF0EE350E66E000EE66E68EC6B
:10674800C5F0010EE66E000EE66E73ECC5F0FC8F28
:10675800F8ECC5F0E552E552E5521200FAC4ADF581
:10676800FBC4AEF5F6C4AFF5F7C4B0F5F8C4B1F59F
:10677800F5C4B2F501C5B3F502C5B4F503C5B5F561
:1067880004C5B6F505C5B7F506C5B8F507C5B9F525
:1067980008C5BAF509C5BBF50AC5BCF50BC5BDF5F5
:1067A8000CC5BEF518EEEEF1010160A10DD001D8BF
:1067B8000BD00500FA6E05019651FD6E9751FE6EDD
:1067C8009851FF6EFA501200BEC50CF5BDC50BF509
:1067D800BCC50AF5BBC509F5BAC508F5B9C507F5BD
:1067E800B8C506F5B7C505F5B6C504F5B5C503F5CD
:1067F800B4C502F5B3C501F5B2C5F5F4B1C5F8F4F1
:10680800B0C5F7F4AFC5F6F4AEC5FBF4ADC5FAF400
:106818001100FC0EE3C4E6F4E3C4E6F4FC0EE3C4A2
:10682800D9F4FD0EE3C4DAF4DEC4E6F4DEC4E6F41B
:10683800DEC4E6F4DEC4E6F46EEC8AF002AE05D0FF
:10684800000E016E000E026E34D0FC0EE3C40BF590
:10685800FD0EE3C40CF5100E0B24D96E000E0C20AF
:10686800DA6EDE6ADD6AFC0EE3C40BF5FD0EE3C4E6
:106878000CF5120E0B24D96E000E0C20DA6EDE6AAF
:10688800DE6ADE6ADD6AFC0EE3C40BF5FD0EE3C4C6
:106898000CF5160E0B24D96E000E0C20DA6EF70ECE
:1068A800DE6EFF0EDD6EFC0EE3C401F5FD0EE3C4E3
:1068B80002F5E552E552E552E5521200E652E6527B
:1068C800E652FC0EE350E66EBDECBEF00150D8B4C3
:1068D80043D0FA0EE3C4E6F4E3C4E6F4FA0EE35058
:1068E800E66E12ECA8F0FF0E01C5E3F4FF0EE350CC
:1068F800D8A432D0FC0EE3500C0D580EF324D96EF8
:10690800010EF420DA6EDEC40BF5DDC40CF5FE0EC4
:106918000CC5E3F4FD0E0BC5E3F4FD0EE3C401F56D
:10692800FE0EE3500110D8B417D0FA0EE3C4E6F413
:10693800E3C4E6F4FB0EE3C4E6F4E3C4E6F4C0EC17
:1069480096F0FC0EE3500C0D510EF324D96E010E97
:10695800F420DA6E030EDF12FA0EE126FF0EE222B1
:106968001200000E3424D96EDA6A0A0EDA22DF6ABF
:106978000201C5A715D0000E3424D96EDA6A0A0EB2
:10698800DA220A01DF8201D80BD00500FA6E06016F
:10699800A551FD6EA651FE6EA751FF6EFA5012006A
:1069A8000201C5A315D0000E3424D96EDA6A0A0E86
:1069B800DA220A01DF8401D80BD00500FA6E06013D
:1069C800A251FD6EA351FE6EA451FF6EFA50120043
:1069D800000E3424D96EDA6A0A0EDA22DF50D8B4EF
:1069E8000DD001D812000500FA6E06019F51FD6E08
:1069F800A051FE6EA151FF6EFA501200FCECC4F0DB
:106A08001200E652E652FE0EE36AFF0EE36AFE0E3D
:106A1800E3C40BF5FF0EE3C40CF5D8900B34096EF4
:106A28000C340A6EC00E0924D96E060E0A20DA6EDE
:106A3800DE50DE10D8B414D0FE0EE3C40BF5FF0E02
:106A4800E3C40CF5D8900B34096E0C340A6EC00EF2
:106A58000924D96E060E0A20DA6EDE06000EDD5A0B
:106A6800FE0EE350010F016EFE0E01C5E3F4016A4C
:106A7800FF0EE3500120016EFF0E01C5E3F4FF0E87
:106A8800E35007E1FE0EE3C401F5050E015ED8A050
:106A9800BED74DECAAF0F70EE126FF0EE222120057
:106AA800010E256E140EE66E000EE66E400EE66EC2
:106AB8000A0EE66E940EE66E0A0EE66E05ECAFF070
:106AC800140EE66E000EE66E550EE66E0A0EE66EC3
:106AD800400EE66E0A0EE66E05ECAFF0140EE66E9A
:106AE800000EE66E6A0EE66E0A0EE66E550EE66E4D
:106AF8000A0EE66E05ECAFF0140EE66E000EE66EBA
:106B08007F0EE66E0A0EE66E6A0EE66E0A0EE66EF8
:106B180005ECAFF0140EE66E000EE66EFC0EE3C454
:106B2800E6F4E3C4E6F47F0EE66E0A0EE66E05ECC4
:106B3800AFF0040E4C6EE552E5521200CA0E2C243A
:106B4800D96EDA6A060EDA22DF6A0201FEA714D0CD
:106B5800CA0E2C24D96EDA6A060EDA220601DF8202
:106B680001D80AD00500FA6E8451FD6E8551FE6E7B
:106B78008651FF6EFA5012000201FEA314D0CA0E0D
:106B88002C24D96EDA6A060EDA220601DF8401D8CF
:106B98000AD00500FA6E8151FD6E8251FE6E835156
:106BA800FF6EFA501200CA0E2C24D96EDA6A060E4D
:106BB800DA22DF50D8B40DD001D812000500FA6EE1
:106BC80006017E51FD6E7F51FE6E8051FF6EFA50B8
:106BD80012000BECC5F01200070EE126000EE222AF
:106BE80021EE66F2060E016EF90EDEC4E3F4E82823
:106BF800012EFBD7F70EE3C40BF5F80EE3C40CF532
:106C0800080E0B24D96E000E0C20DA6EDF500C6EC5
:106C1800F90E0CC5E3F4F70EE3C40BF5F80EE3C464
:106C28000CF5090E0B24D96E000E0C20DA6EFA0E44
:106C3800E124E96EFF0EE220EA6EDFC4EFF4F90EFC
:106C4800E124016EFF0EE220026E01C5E6F402C5E2
:106C5800E6F46EECA7F0FF0E01C5E3F4FF0EE3C403
:106C680001F5F70EE126FF0EE2221200BFAC02D0BA
:106C7800010E01D0000EFF0A0C6E0C3A0C460C46B1
:106C8800BF500C18BF0B0C18BF6E05016C97BFAA3C
:106C980002D0010E01D0000EFF0A0C6E0C3A0C4611
:106CA800BF500C18DF0B0C18BF6EBFAA02D0010E24
:106CB80001D0000EFF0A0C6E0C3A0C46BF500C189F
:106CC800DF0B0C18BF6EBFAA02D0010E01D0000E58
:106CD800FF0A0C6E0C3A0C46BF500C18DF0B0C1850
:106CE800BF6EBFAA02D0010E01D0000EFF0A0C6EC3
:106CF8000C3A0C46BF500C18DF0B0C18BF6E120074
:106D0800BFAA02D0010E01D0000EFF0A0C6E0C3A89
:106D18000C46BF500C18DF0B0C18BF6EBFAA02D070
:106D2800010E01D0000EFF0A0C6E0C3A0C46BF5043
:106D38000C18DF0B0C18BF6EBFAA02D0010E01D0D1
:106D4800000EFF0A0C6E0C3A0C46BF500C18DF0BF5
:106D58000C18BF6EDAECB1F0F5ECC5F0C19670C551
:106D6800D9F471C5DAF4FF0EE3C4DFF40001FC9F27
:106D7800010EE66E000EE66E68ECC5F0010EE66EDA
:106D8800000EE66E73ECC5F0FC8FF8ECC5F0E5522A
:106D98001200E652E652FA0EE3C40BF5FB0EE3C40A
:106DA8000CF5FF0E0CC5E3F4FE0E0BC5E3F405016C
:106DB8009C6B9D6B1BD0F80EE3C4E6F4E3C4E6F4C9
:106DC800FC0EE124016EFF0EE220026E01C5E6F41E
:106DD80002C5E6F4F80EE3C4E6F4E3C4E6F4E3EC33
:106DE80093F0015005019C2702509D23E150FE0FAE
:106DF800D96EE250DA6EFF0EDA22DEC4F6F4DDC494
:106E0800F7F4000EF86E0800F5500009D8A4D3D79F
:106E18009CC501F59DC502F5F80EE126FF0EE2229C
:106E28001200A6906A0EE66E690EE66E010EE66E18
:106E3800D4ECC2F0A692C80EE66E830EE66E010E82
:106E4800E66EC3ECC2F00201B86BB96BBA6BBB6BF0
:106E5800BC6BBD6BB00EBE6F800EBF6FC06B560EA5
:106E6800C16FC26BC36BC46BC56BC66B4C0EE66E51
:106E78008C0EE66E010EE66EF6ECC2F04A0EE66E79
:106E88008C0EE66E010EE66EE5ECC2F01A0EE66EAA
:106E98008C0EE66E010EE66E07ECC3F0316A376AB7
:106EA800366A400E356E346A336A326AA68012003A
:106EB800AB90440EE66E6B0EE66E010EE66E7FEC4E
:106EC800C2F0AB92F20EE66E830EE66E010EE66E2F
:106ED8006EECC2F00201F16BF36BF56BB00EF76F5D
:106EE800800EF86FF96B110EFA6F040EFB6FFC6BD6
:106EF800FD6BFE6BFF6B5A0EE66E8C0EE66E010E96
:106F0800E66EA1ECC2F0580EE66E8C0EE66E010E2F
:106F1800E66E90ECC2F0200EE66E8C0EE66E010E68
:106F2800E66EB2ECC2F00501AC6B2F6A2E6A400E19
:106F38002D6E2C6A2B6A2A6AAB801200E652E65242
:106F4800FC0EE3C40BF5FD0EE3C40CF5FF0E0CC5F7
:106F5800E3F4FE0E0BC5E3F40FD0FC0EE350010F73
:106F6800016EFC0E01C5E3F4016AFD0EE350012039
:106F7800016EFD0E01C5E3F4FC0EE3C4F6F4FD0E4C
:106F8800E3C4F7F4000EF86E3F0EF76403D0080070
:106F9800F55005D0F6C4E9F4F7C4EAF4EF50000957
:106FA800D8A4DBD7FC0EE3C401F5FD0EE3C402F55B
:106FB800FE0EE350015EFF0EE350025AE552E55221
:106FC800E552E5521200E652E652E652FD0EE36A39
:106FD800FE0EE36A1BD0F90EE3C4E6F4E3C4E6F45C
:106FE800FD0EE350E66E000EE66E55ECACF0FD0EBD
:106FF800E350010F016EFD0E01C5E3F4016AFE0EB8
:10700800E3500120016EFE0E01C5E3F4FD0EE3C45A
:107018000BF5FE0EE3C40CF5FB0EE3C409F5FC0EFC
:10702800E3C40AF50B500924D96E0C500A20DA6E15
:10703800DF500C6EFF0E0CC5E3F4FF0EE350D8A42E
:10704800CAD7F90EE126FF0EE2221200E652E652F6
:10705800FC0EE3C40BF5FD0EE3C40CF5FF0E0CC5E6
:10706800E3F4FE0E0BC5E3F418D0FE0EE3C4D9F426
:10707800FF0EE3C4DAF4FA0EE3C4DFF4FE0EE350C5
:10708800010F016EFE0E01C5E3F4016AFF0EE35025
:107098000120016EFF0E01C5E3F4F80EE3C401F50B
:1070A800010E015EF80E01C5E3F4F90EE3C401F523
:1070B800000E015AF90E01C5E3F4F80EE328D5E1F4
:1070C800F90EE328D8A4D1D7F80EE126FF0EE22264
:1070D8001200420EE66E8C0EE66E010EE66E39EC7C
:1070E800C4F0440EE66E8C0EE66E010EE66E4AECB7
:1070F800C4F0460EE66E8C0EE66E010EE66E5BEC94
:10710800C4F0400EE66E8C0EE66E010EE66E28ECBC
:10711800C4F03A0EE66E8C0EE66E010EE66E06ECD4
:10712800C4F0380EE66E8C0EE66E010EE66EF5ECD7
:10713800C3F03E0EE66E8C0EE66E010EE66E17ECA0
:10714800C4F0AE9C01011C6B1D6B0B0E1E6FFC0E78
:107158001F6F9E8C12000301F96B010EFA6FD86B3A
:10716800FB6BD96BDA6BDB6BDC6BDF6BE06BE36BB8
:10717800E46BE56BE66BE76BEA6BEB6BEC6B0A0EAB
:10718800EE6FEF6BF06BF16BF26BF36BF46B100E51
:10719800F56FF66BF76B020EF86FFC6BAF94AF965A
:1071A800B0904E0EE66E8C0EE66E010EE66E8EEC1C
:1071B800C4F0520EE66E8C0EE66E010EE66E6CECB6
:1071C800C4F0500EE66E8C0EE66E010EE66E7DEC97
:1071D800C4F0840E0301F36F1200040EE66E2FEC68
:1071E800B9F06E0EE66E380EE66E010EE66EE4EC51
:1071F800C3F06E0EE66E380EE66E010EE66E17EC04
:10720800C4F0B80EE66E840EE66E010EE66ED3ECA0
:10721800C3F001019469956996695F0E976F986943
:1072280099699A695F0E9B6F810E816F8C6B8D6B6C
:107238008E6B400E8F6F9069916B92695F0E936FA2
:10724800810E806F5C811E83B298A288000EE66E64
:107258002FECB9F01200E652E652FE0EE36ACEECCD
:10726800C5F0FF0E01C5E3F4FF0EE3C401F5040EFB
:107278000118D8B40BD0FD0EE304D8B407D0FD0E26
:10728800E3C401F5040E0118D8A419D0FD0EE3C417
:107298000CF503510C18F80B0C18036F06D01DA938
:1072A80004D0FE0EE36AE3820DD00239E832070B00
:1072B8000C6EFD0EE3500C18D8B404D0F0D7FE0EB7
:1072C800E36AE32AFE0EE3C401F5E552E552E5520E
:1072D8001200BFAA02D0010E01D0000EFF0A0C6EE8
:1072E8000C3A0C46BF500C18DF0B0C18BF6EDAECCA
:1072F800B1F0F5ECC5F0C19670C5D9F471C5DAF4F2
:10730800FE0EDF6E20EE01F07051D9267151DA229F
:10731800450EDF6E20EE02F07051D9267151DA2247
:10732800FF0EE3C4DFF40001FC9F030EE66E000EBF
:10733800E66E68ECC5F0010EE66E000EE66E73ECC4
:10734800C5F0FC8FF8ECC5F0E55212000001E86BBF
:10735800840EF96F080EFA6F000EFB6F000EF16FC6
:10736800810EF06F030EFD6F000EF86F010EF76FC0
:10737800000EEF6F010EEE6F190EFF6FFE6BB09AE5
:10738800B098B09EB09CA09AA088560EE66E8C0E5F
:10739800E66E010EE66EA0ECC3F0A08E560EE66E09
:1073A8008C0EE66E010EE66EC2ECC3F0A08C560E93
:1073B800E66E8C0EE66E010EE66EB1ECC3F0C00E02
:1073C8000001FC6F12000000000000000000000037
:1073D80000000000000000000000000000000000A5
:1073E800000600000000000000000000000000008F
:1073F8000000000000000000000000000000000085
:107408000000000000000000000000000000000074
:107418000100000000000000000000000000000063
:107428000000000000013030300000003030000063
:107438000000303030000000030000000500E65274
:10744800D68AD6AE03D00C6A0C2A01D00C6AFF0E7D
:107458000CC5E3F4D69E550E0401596FAA0E596F58
:1074680059915F6B5E6B080E5D6F550E596FAA0ED2
:10747800596F5981FF0EE3B002D0D69E01D0D68E47
:107488000301648F6489648D628D668B66896A8363
:107498006A81629F6F836F81659F71976A996D8713
:1074A8006597E5521200E652E652E652E652FC0EA5
:1074B800E36AFD0EE36AFE0EE36AFF0EE36A040068
:1074C800E150FC0FD96EE250DA6EFF0EDA22DE2AA6
:1074D800000EDE22DE22DE22E150F80FD96EE250E5
:1074E800DA6EFF0EDA22FC0EE350DE5CFD0EE3508E
:1074F800DE58FE0EE350DE58FF0EE350DE58D8B0DB
:10750800DED7F80EE126FF0EE2221200E652E6521E
:10751800FF0EE36AFE0EE36AFE0EE350020D4A0E0A
:10752800F324D96E050EF420DA6EFD0EE350DE1852
:10753800D8A411D0FB0EE3C4E6F4E3C4E6F4FB0ED2
:10754800E350E66EFB0EE350E66ED2ECAAF0FF0EB7
:1075580001C5E3F406D0FE0EE32AFE0EE350D8B4CC
:10756800DBD7FF0EE3C401F5FB0EE126FF0EE22296
:027578001200FF
:10757C00FAC4F8F8FBC4F9F801C5FAF809C5FBF828
:10758C000AC5FCF80BC5FDF80CC5FEF818EEEEF1BB
:10759C00B9960601905191119211D8B40CD001D822
:1075AC000AD00500FA6E9051FD6E9151FE6E92510B
:1075BC00FF6EFA501200FEC80CF5FDC80BF5FCC8A6
:1075CC000AF5FBC809F5FAC801F5F9C8FBF4F8C8C7
:1075DC00FAF41100E652E652FF0EE36AFE0EE36A7D
:1075EC00FE0EE3C40CF5FC0EE3C409F5FD0EE3C47A
:1075FC000AF50C500924D96E000E0A20DA6EDF5001
:10760C000C6EE150FF0FD96EE250DA6EFF0EDA22EB
:10761C000C50DF26FE0EE32AFE0EE3C401F50B0E22
:10762C000164DED7FF0EE3C401F5E552E552E552E5
:10763C00E5521200E652E652FF0EE36AFE0EE36AD2
:10764C00FE0EE3C40CF5FC0EE3C409F5FD0EE3C419
:10765C000AF50C500924D96E000E0A20DA6EDF50A0
:10766C000C6EE150FF0FD96EE250DA6EFF0EDA228B
:10767C000C50DF26FE0EE32AFE0EE3C401F50C0EC1
:10768C000164DED7FF0EE3C401F5E552E552E55285
:10769C00E5521200E652E652FF0EE36AFE0EE36A72
:1076AC00FE0EE3C40CF5FC0EE3C409F5FD0EE3C4B9
:1076BC000AF50C500924D96E000E0A20DA6EDF5040
:1076CC000C6EE150FF0FD96EE250DA6EFF0EDA222B
:1076DC000C50DF26FE0EE32AFE0EE3C401F50F0E5E
:1076EC000164DED7FF0EE3C401F5E552E552E55225
:1076FC00E5521200BFAC02D0010E01D0000EFF0A01
:10770C000C6E0C3A0C460C46BF500C18BF0B0C18E8
:10771C00BF6EBFA602D0010E01D0000EFF0A0C6E88
:10772C000C460C460C46BF500C18F70B0C18BF6ED1
:10773C00C1A802D0010E01D0000EFF0A0C6E0C3A4B
:10774C00C1500C18EF0B0C18C16EBF92010E060144
:10775C00006F12000201A56BA66BA76BA86BA96B3F
:10776C00AA6BB40EAB6F800EAC6FAD6B110EAE6F1F
:10777C00040EAF6FB06BB16BB26BB36B000EE66EF9
:10778C00000EE66E000EE66EE1ECC5F0000EE66E45
:10779C00000EE66E000EE66EDDECC5F0000EE66E39
:1077AC00000EE66E000EE66EE5ECC5F0306A1200D7
:1077BC00FAC4C3F5FBC4C4F518EEEEF1BFAC02D0AD
:1077CC00010E01D0000EFF0A0501C26FC23BC24779
:1077DC00C247BF50C219BF0BC219BF6E0601BA51C6
:1077EC00BB11BC11D8B40CD001D80AD00500FA6E6C
:1077FC00BA51FD6EBB51FE6EBC51FF6EFA501200B9
:0A780C00C4C5FBF4C3C5FAF4110073
:10781800FAC4C6F5FBC4C7F518EEEEF1BFAC02D04A
:10782800010E01D0000EFF0A0501C56FC53BC54713
:10783800C547BF50C519BF0BC519BF6E0601BD515D
:10784800BE11BF11D8B40CD001D80AD00500FA6E09
:10785800BD51FD6EBE51FE6EBF51FF6EFA50120053
:0A786800C7C5FBF4C6C5FAF4110011
:10787400D8C4F0FCFAC4F1FCFBC4F2FC0CC5F3FC64
:107884001BEE77F0B698A4C5E6F4A5C5E6F461EC62
:10789400BEF00601785179117A11D8B40CD001D810
:1078A4000AD00500FA6E7851FD6E7951FE6E7A5158
:1078B400FF6EFA501200F3CC0CF5F2CCFBF4F1CCD1
:1078C400FAF4F0CCD8F411000101018F040EE66E35
:1078D4002FECB9F00150D8A41200000E4C6F380EF2
:1078E4004D6F000E4E6F000E4F6F600E006F870ECF
:1078F400016F100E026F22ECC2F0DCECBCF050EC15
:10790400C1F028ECC5F090ECC1F06DECB8F0000EBD
:10791400E66E2FECB9F01200640EE66E000EE66E11
:10792400FC0EE3C4E6F4E3C4E6F43DECB2F001C5B6
:10793400E6F402C5E6F499ECC0F001C5A0F502C571
:10794400A1F5640EE66E000EE66EFC0EE3C4E6F4EA
:10795400E3C4E6F4D4ECACF001C5A2F502C5A3F58A
:10796400E552E552120023ECBAF051ECC5F0AFEC4D
:10797400B8F0BDECADF088ECC5F03AECC1F0AAEC7F
:10798400B9F0E0ECC0F024ECC1F00EECC2F00EEC67
:10799400C1F07BECC1F074ECBDF0B0ECBBF015ECC5
:1079A400B7F05CECB7F044ECC5F066ECBCF099ECD5
:1079B400C5F01200110E0101506F040E516F620EDA
:1079C400526FE30E536F900E686F040E696F620E70
:1079D4006A6FE30E6B6F900E746F040E756F620E18
:1079E400766FE30E776F480EE66E8C0EE66E010E30
:1079F400E66ED3ECC3F001011E81B29AA28A120092
:107A0400D8C4F1FAFAC4F2FAFBC4F3FA0CC5F4FAD6
:107A14001BEE77F0B19E0601A851A911AA11D8B4A2
:107A24000CD001D80AD00500FA6EA851FD6EA951F8
:107A3400FE6EAA51FF6EFA501200F4CA0CF5F3CA96
:107A4400FBF4F2CAFAF4F1CAD8F41100D8C4F0FB7A
:107A5400FAC4F1FBFBC4F2FB0CC5F3FB1BEE77F09D
:107A6400B1960601935194119511D8B40CD001D854
:107A74000AD00500FA6E9351FD6E9451FE6E955135
:107A8400FF6EFA501200F3CB0CF5F2CBFBF4F1CB02
:107A9400FAF4F0CBD8F41100D8C4F4FBFAC4F5FB23
:107AA400FBC4F6FB0CC5F7FB1BEE77F0BD96060195
:107AB4007B517C117D11D8B40CD001D80AD00500BB
:107AC400FA6E7B51FD6E7C51FE6E7D51FF6EFA5055
:107AD4001200F7CB0CF5F6CBFBF4F5CBFAF4F4CBB0
:107AE400D8F411000301376B386B040E396FC00EE4
:107AF400356F346BB698345135C301F5026A01C54C
:107B040002F5016A01100501A46F0250A56FA68851
:107B1400360EE66E8C0EE66E010EE66E29ECC3F0B0
:107B2400010E0301366F1200BFAC02D0010E01D06A
:107B3400000EFF0A0C6E0C3A0C460C46BF500C1893
:107B4400BF0B0C18BF6EBFA402D0010E01D0000EF3
:107B5400FF0A0C6E0C460C46BF500C18FB0B0C189D
:107B6400BF6EBF92010E0601016F1200FAC4F0F954
:107B7400FBC4F1F90CC5F2F918EEEEF1B098060168
:107B84008D518E118F11D8B40CD001D80AD00500B4
:107B9400FA6E8D51FD6E8E51FE6E8F51FF6EFA504E
:107BA4001200F2C90CF5F1C9FBF4F0C9FAF41100A2
:107BB400FAC4F5F9FBC4F6F90CC5F7F918EEEEF1C1
:107BC400B09C0601875188118911D8B40CD001D812
:107BD4000AD00500FA6E8751FD6E8851FE6E8951F8
:107BE400FF6EFA501200F7C90CF5F6C9FBF4F5C99B
:107BF400FAF41100BFAC02D0010E01D0000EFF0A4E
:107C04000C6E0C3A0C460C46BF500C18BF0B0C18EB
:107C1400BF6E010E0501E06FEDC224F5000ECC2508
:107C2400D96EDA6A090EDA2224C5DFF4CC2BEF0E02
:107C3400CC651200CC6B12002550D8B412004C5005
:107C4400D8A404D0256A040E4C6E1200256A4C0692
:107C54004C50150D400EF3240B6E0A0EF4200C6EDE
:107C64000BC5E6F40CC5E6F4000EE66E4C50E66E69
:0A7C7400F9ECB2F0010E256E1200CB
:107C8000FAC4EBFAFBC4ECFA0CC5EDFA18EEEEF10F
:107C90000601B751B811B911D8B40CD001D80AD027
:107CA0000500FA6EB751FD6EB851FE6EB951FF6E08
:107CB000FA501200EDCA0CF5ECCAFBF4EBCAFAF468
:107CC0001100030136A50ED03691FF0EE124D96EC6
:107CD000FF0EE220DA6EDF50356FFE0EE3C434F3A0
:107CE00036810BD0FF0EE124D96EFF0EE220DA6E52
:107CF000DF50356FFE0EE3C434F3E552E552120057
:107D0000FAC4BFF5FBC4C0F50CC5C1F518EEEEF121
:107D1000010154A10DD001D80BD00500FA6E050168
:107D20009951FD6E9A51FE6E9B51FF6EFA501200F2
:107D3000C1C50CF5C0C5FBF4BFC5FAF41100303065
:107D40003131303032333036313131313131303020
:107D5000300D303031313037303730363030393522
:107D600030303030300D3030313130373030303627
:107D70003030303036303030300DE652FF0EE36AAE
:107D8000FE0EE3C401F5040E01600FD0FE0EE350B9
:107D90000C0D500EF324D96E010EF420DA6E0101A1
:107DA000DFAE03D0FF0EE36AE32AFF0EE3C401F562
:067DB000E552E55212004D
:107DB800FAC4C8F5FBC4C9F518EEEEF1AF94060194
:107DC8009C519D119E11D8B40CD001D80AD0050041
:107DD800FA6E9C51FD6E9D51FE6E9E51FF6EFA50DB
:107DE8001200C9C5FBF4C8C5FAF41100FAC4FDF6BF
:107DF800FBC4FEF618EEEEF1AF9606019651971108
:107E08009811D8B40CD001D80AD00500FA6E965152
:107E1800FD6E9751FE6E9851FF6EFA501200FEC625
:107E2800FBF4FDC6FAF41100FAC4FBF7FBC4FCF737
:107E380018EEEEF1B090060199519A119B11D8B441
:107E48000CD001D80AD00500FA6E9951FD6E9A51EE
:107E5800FE6E9B51FF6EFA501200FCC7FBF4FBC785
:107E6800FAF41100FAC4F3F9FBC4F4F918EEEEF1D0
:107E7800B09E06018A518B118C11D8B40CD001D850
:107E88000AD00500FA6E8A51FD6E8B51FE6E8C5138
:107E9800FF6EFA501200F4C9FBF4F3C9FAF41100AA
:107EA800BFAC02D0010E01D0000EFF0A0C6E0C3AD6
:107EB8000C460C46BF500C18BF0B0C18BF6E010EB9
:107EC80005016027000E612362236323010E6427E6
:107ED800000E6523662367231200BFAC02D0010E93
:107EE80001D0000EFF0A0C6E0C3A0C460C46BF502F
:107EF8000C18BF0B0C18BF6EBFA202D0010E01D028
:107F0800000EFF0A0C6E0C46BF500C18FD0B0C1827
:107F1800BF6E1200FAC4E9FAFBC4EAFA18EEEEF1F1
:107F28000601B451B511B611D8B40CD001D80AD095
:107F38000500FA6EB451FD6EB551FE6EB651FF6E76
:107F4800FA501200EACAFBF4E9CAFAF411003550F3
:107F5800D8B4FDD7A6B204D0FF0EE3C4B6F210D051
:107F6800A692400E3724D96EDA6A0C0EDA22FF0E7A
:107F7800E3C4DFF4372A3F0E376401D0376A350689
:107F8800A682E5521200FD0EE3C40BF5FE0EE3C413
:107F98000CF5D8900B34096E0C340A6EFF0EE350C2
:107FA800020DC00EF324D96E060EF420DA6E09C550
:107FB800DEF40AC5DDF4E552E552E55212002D5013
:107FC800D8B4FDD7ABB204D0FF0EE3C4EFF210D0A3
:107FD800AB92000E2F24D96EDA6A0C0EDA22FF0E4D
:107FE800E3C4DFF42F2A3F0E2F6401D02F6A2D0639
:107FF800AB82E55212000DD0CEA409D005D0CEA296
:1080080006D002D0CEAA03D0016A012A0ED0016A96
:108018000CD0FF0EE350000AD8B4F4D7010AD8B444
:10802800EBD7030AD8B4EBD7EDD7E5521200FE0E12
:10803800E3C4D2F5FF0EE3C4D3F5FC0EE3C4D0F5D8
:10804800FD0EE3C4D1F5010E0501D427000ED5239A
:10805800D623D723CE4BCF2BE552E552E552E55236
:108068001200000EE66E000EE66E000EE66EE1EC03
:10807800C5F0000EE66E000EE66E000EE66EDDEC54
:10808800C5F0000EE66E000EE66E000EE66EE5EC3C
:10809800C5F01200E652FF0EE36AFE0EE350E66EEC
:1080A800BDECBEF00150D8B408D0FE0EE350E66E29
:1080B800DEECC4F0FF0E01C5E3F4FF0EE3C401F5E6
:0680C800E552E552120032
:1080D000D8C4EEFAFAC4EFFAFBC4F0FA1BEE77F05C
:1080E000040107B3CFECC1F007B5BAECC1F007BB90
:1080F000A5ECC1F0F0CAFBF4EFCAFAF4EECAD8F46A
:108100001100FF0EE350D8B409D07CC501F57DC540
:1081100002F57EC503F57FC504F509D060C57CF581
:1081200061C57DF562C57EF563C57FF5EED7E55285
:108130001200FF0EE3BE07D0FE0EE3C401F5FF0EF2
:10814000E3C402F50BD0FE0EE3C401F5011EFF0EE1
:10815000E3C402F5021E012AD8B4022AE552E55210
:108160001200FF0EE350D8B409D080C501F581C5D7
:1081700002F582C503F583C504F509D064C580F511
:1081800065C581F566C582F567C583F5EED7E5520D
:1081900012000100000001000000010000000100C9
:1081A00000000100000000000000000000000000CE
:1081B00000000000000000000000000000000000BF
:1081C000020E0301326F200E316F336B7C0E2F6F66
:1081D0002E6BB996A986540EE66E8C0EE66E010ED5
:1081E000E66E3AECC3F0C90E0301306F1200BFAC6B
:1081F00002D0010E01D0000EFF0A0C6E0C3A0C46A4
:108200000C46BF500C18BF0B0C18BF6E010E0501B9
:108210006827000E69236A236B231200040E0301F2
:108220003E6F3D6B3F6B3D0E3B6F3A6BBD96AD862F
:10823000340EE66E8C0EE66E010EE66E18ECC3F0A0
:10824000800E03013C6F1200040E0301266F200E06
:10825000256F276B960E236F226BB196A186320E87
:10826000E66E8C0EE66E010EE66E4BECC3F003017B
:1082700024691200060E0001D56FD76B3A0ED86F35
:10828000160ED96F170EDA6F180EDB6FA80EDC6FA3
:10829000DD6BDE6B020EDF6FD46B810ED66F1200CA
:1082A000090E01015C6F040E5D6F600E5E6FE30EE0
:1082B0005F6F3C0EE66E8C0EE66E010EE66EE4EC31
:1082C000C3F001011E83B298A2881200EE0EE66E82
:1082D000810EE66E010EE66E29ECC3F0F2ECC5F0FD
:1082E000A80EE66E7E0EE66E010EE66E18ECC3F08A
:1082F000ECECC5F01200070E0001D56FD76B3B0EFA
:10830000D86F3C0ED96F3F0EDA6F400EDB6F550E03
:10831000DC6FDD6BDE6BDF6BD46B810ED66F120012
:10832000E652FF0EE36AFF0EE350020D4B0EF324FC
:10833000D96E050EF420DA6EDF6AFF0EE32AFF0E17
:10834000E350D8B4F0D7E55212000601AB51AC119E
:10835000AD11D8B40CD001D80AD00500FA6EAB51DB
:10836000FD6EAC51FE6EAD51FF6EFA50120004016D
:10837000079B12000601AE51AF11B011D8B40CD05A
:1083800001D80AD00500FA6EAE51FD6EAF51FE6EF7
:10839000B051FF6EFA501200040107951200060159
:1083A000B151B211B311D8B40CD001D80AD0050024
:1083B000FA6EB151FD6EB251FE6EB351FF6EFA50BE
:1083C0001200040107931200400E356010D0400ED9
:1083D0003624D96EDA6A0C0EDA22DF500201B66F4B
:1083E000362A3F0E366401D0366A352A1200A6922C
:1083F0001200400E2D6010D0000E2E24D96EDA6AC5
:108400000C0EDA22DF500201EF6F2E2A3F0E2E648F
:1084100001D02E6A2D2A1200AB9212004F0E0301DA
:108420001B6F980E196F186BB19EA18E300EE66E01
:108430008C0EE66E010EE66E5CECC3F0810E03015D
:108440001A6F1200090E0101046F090E056F1C0E50
:10845000066F076B010E086F010E096F040E0A6F9D
:108460000B6B050E0D6F020E0E6F1200FE0EE3C4B5
:10847000E6F4E3C4E6F4000EE66EC7ECBFF0000ECF
:10848000E66E49ECC2F00150D8B4F9D7E552E55296
:108490001200FF0EE350020DC00EF324D96E060E3B
:1084A000F420DA6EDE50DE10D8A402D0010E01D026
:1084B000000E016EE5521200BFAC02D0010E01D0D9
:1084C000000EFF0A0C6E0C3A0C460C46BF500C18FE
:1084D000BF0B0C18BF6E01011E911200E150FD0F81
:1084E000D96EE250DA6EFF0EDA22DEC4B4F6DEC4D4
:1084F000B5F6DDC4B6F6E552E552E5521200E1509C
:10850000FD0FD96EE250DA6EFF0EDA22DEC4B7F646
:10851000DEC4B8F6DDC4B9F6E552E552E552120004
:10852000E150FD0FD96EE250DA6EFF0EDA22DEC4A2
:1085300081F6DEC482F6DDC483F6E552E552E552EB
:108540001200E150FD0FD96EE250DA6EFF0EDA2212
:10855000DEC484F6DEC485F6DDC486F6E552E55257
:10856000E5521200E150FD0FD96EE250DA6EFF0EB7
:10857000DA22DEC47EF6DEC47FF6DDC480F6E55284
:10858000E552E5521200E150FD0FD96EE250DA6E6D
:10859000FF0EDA22DEC4BAF6DEC4BBF6DDC4BCF6DA
:1085A000E552E552E5521200E150FD0FD96EE2505E
:1085B000DA6EFF0EDA22DEC4BDF6DEC4BEF6DDC41E
:1085C000BFF6E552E552E5521200E150FD0FD96EBB
:1085D000E250DA6EFF0EDA22DEC4A2F6DEC4A3F6A3
:1085E000DDC4A4F6E552E552E5521200E150FD0F5C
:1085F000D96EE250DA6EFF0EDA22DEC4A5F6DEC4D2
:10860000A6F6DDC4A7F6E552E552E5521200E150A8
:10861000FD0FD96EE250DA6EFF0EDA22DEC49FF64D
:10862000DEC4A0F6DDC4A1F6E552E552E552120023
:10863000E150FD0FD96EE250DA6EFF0EDA22DEC491
:108640007BF6DEC47CF6DDC47DF6E552E552E552EC
:108650001200E150FD0FD96EE250DA6EFF0EDA2201
:10866000DEC478F6DEC479F6DDC47AF6E552E5526A
:10867000E5521200E150FD0FD96EE250DA6EFF0EA6
:10868000DA22DEC490F6DEC491F6DDC492F6E5523D
:10869000E552E5521200E150FD0FD96EE250DA6E5C
:1086A000FF0EDA22DEC493F6DEC494F6DDC495F63E
:1086B000E552E552E5521200E150FD0FD96EE2504D
:1086C000DA6EFF0EDA22DEC4A8F6DEC4A9F6DDC437
:1086D000AAF6E552E552E5521200E150FD0FD96EBF
:1086E000E250DA6EFF0EDA22DEC4ABF6DEC4ACF680
:1086F000DDC4ADF6E552E552E5521200E150FD0F42
:10870000D96EE250DA6EFF0EDA22DEC4AEF6DEC4B7
:10871000AFF6DDC4B0F6E552E552E5521200E15085
:10872000FD0FD96EE250DA6EFF0EDA22DEC4B1F62A
:10873000DEC4B2F6DDC4B3F6E552E552E5521200EE
:10874000E150FD0FD96EE250DA6EFF0EDA22DEC480
:108750008DF6DEC48EF6DDC48FF6E552E552E552A5
:108760001200E150FD0FD96EE250DA6EFF0EDA22F0
:10877000DEC487F6DEC488F6DDC489F6E552E5522C
:10878000E5521200E150FD0FD96EE250DA6EFF0E95
:10879000DA22DEC48AF6DEC48BF6DDC48CF6E5523E
:1087A000E552E5521200E150FD0FD96EE250DA6E4B
:1087B000FF0EDA22DEC499F5DEC49AF5DDC49BF51E
:1087C000E552E552E5521200E150FD0FD96EE2503C
:1087D000DA6EFF0EDA22DEC496F5DEC497F5DDC44C
:1087E00098F5E552E552E5521200E150FD0FD96EC1
:1087F000E250DA6EFF0EDA22DEC484F5DEC485F5BF
:10880000DDC486F5E552E552E5521200E150FD0F58
:10881000D96EE250DA6EFF0EDA22DEC487F5DEC4CE
:1088200088F5DDC489F5E552E552E5521200E150C4
:10883000FD0FD96EE250DA6EFF0EDA22DEC4E1F6E9
:10884000DEC4E2F6DDC4E3F6E552E552E55212007D
:10885000E150FD0FD96EE250DA6EFF0EDA22DEC46F
:108860008AF5DEC48BF5DDC48CF5E552E552E552A0
:108870001200E150FD0FD96EE250DA6EFF0EDA22DF
:10888000DEC493F5DEC494F5DDC495F5E552E552FA
:10889000E5521200E150FD0FD96EE250DA6EFF0E84
:1088A000DA22DEC490F5DEC491F5DDC492F5E5521E
:1088B000E552E5521200E150FD0FD96EE250DA6E3A
:1088C000FF0EDA22DEC48DF5DEC48EF5DDC48FF531
:1088D000E552E552E5521200E150FD0FD96EE2502B
:1088E000DA6EFF0EDA22DEC499F6DEC49AF6DDC433
:1088F0009BF6E552E552E5521200E150FD0FD96EAC
:10890000E250DA6EFF0EDA22DEC496F6DEC497F687
:10891000DDC498F6E552E552E5521200E150FD0F34
:10892000D96EE250DA6EFF0EDA22DEC49CF6DEC4A7
:108930009DF6DDC49EF6E552E552E5521200FF0EAB
:10894000E3500C0D530EF324D96E010EF420DA6EB1
:10895000DF50016E1F0E0116010E0126E5521200B6
:10896000550E0001B46FAA0EB46FB491FF0EE3C4AC
:10897000B6F0550EB46FAA0EB46FB481E552120072
:10898000D0B40BD0C084FF0EE350D8B406D0020E92
:10899000E66E000EE66E7EECC5F0E5521200D0A445
:1089A0000BD0FF0EE350D8B406D0020EE66E000ED8
:1089B000E66E7EECC5F0C094E5521200FF0EE35067
:1089C0000C0D540EF324D96E010EF420DA6EDF5034
:1089D000016E010E0116E5521200FF0EE3500C0D60
:1089E000540EF324D96E010EF420DA6EDF50016EBE
:1089F000090E0116E5521200000E3424D96EDA6A0F
:108A00000D0EDA22B4C2DFF4342A3F0E346401D0F2
:108A1000346A322A1200D30E2C24D96EDA6A070E79
:108A2000DA22EDC2DFF42C2A070E2C6401D02C6A66
:108A30002A2A1200A40EE66E080EE66EFC0EE3C4AF
:108A4000E6F4E3C4E6F40DECB4F0E552E5521200AE
:108A500001019469956996695F0E976F98699969A4
:108A60009A695F0E9B6F810E816F120010000000EB
:108A700000000000000000000000000000000000F6
:078A80000000007E62FB64B0
:108A8800830E0001846F200E856F030E866F010E22
:108A98008C6FA50E896FC89612000001606B616B20
:108AA800626B636B646B656B650E666F676B686B97
:108AB8001200FE0EE66E84ECB6F0FF0EE350E66E92
:108AC80084ECB6F0E55212000001E86BFE0EE3C438
:108AD800F7F0FF0EE3C4F8F0E552E552120000018A
:108AE800E86BFE0EE3C4EEF0FF0EE3C4EFF0E552D0
:108AF800E5521200FE0EE3C4E6F4E3C4E6F436ECF5
:108B0800C2F0E552E5521200200E0001AD6FAF6BC6
:108B1800110EB36F050EB16FB06B1200FF0EE3506C
:108B2800E66EABECBFF0E5521200550E0001B46FD3
:108B3800AA0EB46FB4811200010E0601096F050177
:108B4800766B776B1200010E06010A6F0501786BD0
:108B5800796B1200010E06010B6F05017A6B7B6BB6
:108B68001200B2A2FED7FF0EE3C4A3F2E552120030
:108B78000501606B616B626B636B12000501646BCE
:108B8800656B666B676B12000501686B696B6A6BD6
:108B98006B6B120001010239E832070B016E1200FB
:108BA8000001E86BFC9DFC9B12000001E86BFC8D4A
:108BB8001200E552E552E5521200E552E552E5523F
:108BC8001200E552E552E5521200000E016E120045
:108BD800EFECC5F0120003013C8F1200030136814F
:108BE800120005016C871200D9ECC5F01200FEECEA
:108BF800C5F012000301308F120004ECC6F0120019
:108C08000301248F120003011A8F120018EEEEF1EF
:108C18001100FCECC4F012000BECC5F012000100CE
:108C280004011200120012001200120012001200B9
:108C3800120012001200120012001200120012009C
:108C4800120012001200120012001200120012008C
:048C580012001200F4
:020000040020DA
:10000000FFFFFFFFFFFFFFFFFFFFFFFFFFFFFFFF00
:10001000FFFFFFFFFFFFFFFFFFFFFFFFFFFFFFFFF0
:10002000FFFFFFFFFFFFFFFFFFFFFFFFFFFFFFFFE0
:10003000FFFFFFFFFFFFFFFFFFFFFFFFFFFFFFFFD0
:020000040030CA
:10000000AFECFFD79FFFFFFFFFFFFFFFFFFFFFFFEB
:10001000FFFFFFFFFFFFFFFFFFFFFFFFFFFFFFFFF0
:03002000FFFFFFE0
:00000001FF
