ISO-10303-21;
HEADER;
FILE_DESCRIPTION((''),'2;1');
FILE_NAME('C-3-1734577-4','2011-07-11T',('workeradm'),(''),
'PRO/ENGINEER BY PARAMETRIC TECHNOLOGY CORPORATION, 2010430',
'PRO/ENGINEER BY PARAMETRIC TECHNOLOGY CORPORATION, 2010430','');
FILE_SCHEMA(('AUTOMOTIVE_DESIGN { 1 0 10303 214 1 1 1 1 }'));
ENDSEC;
DATA;
#1=COLOUR_RGB('',8.784E-1,9.49E-1,1.E0);
#2=CARTESIAN_POINT('',(-8.075E0,4.85E0,-1.93E1));
#3=DIRECTION('',(1.E0,0.E0,0.E0));
#4=DIRECTION('',(0.E0,-1.E0,0.E0));
#5=AXIS2_PLACEMENT_3D('',#2,#3,#4);
#7=DIRECTION('',(0.E0,1.E0,0.E0));
#8=VECTOR('',#7,2.85E0);
#9=CARTESIAN_POINT('',(-8.075E0,5.5E0,-1.65E1));
#10=LINE('',#9,#8);
#11=DIRECTION('',(0.E0,0.E0,1.E0));
#12=VECTOR('',#11,1.65E1);
#13=CARTESIAN_POINT('',(-8.075E0,8.35E0,-1.65E1));
#14=LINE('',#13,#12);
#15=DIRECTION('',(0.E0,-1.E0,0.E0));
#16=VECTOR('',#15,1.67E1);
#17=CARTESIAN_POINT('',(-8.075E0,8.35E0,0.E0));
#18=LINE('',#17,#16);
#19=DIRECTION('',(0.E0,0.E0,-1.E0));
#20=VECTOR('',#19,1.475E1);
#21=CARTESIAN_POINT('',(-8.075E0,-8.35E0,0.E0));
#22=LINE('',#21,#20);
#23=DIRECTION('',(0.E0,1.E0,0.E0));
#24=VECTOR('',#23,3.5E-1);
#25=CARTESIAN_POINT('',(-8.075E0,-8.35E0,-1.475E1));
#26=LINE('',#25,#24);
#27=DIRECTION('',(0.E0,0.E0,-1.E0));
#28=VECTOR('',#27,1.75E0);
#29=CARTESIAN_POINT('',(-8.075E0,-8.E0,-1.475E1));
#30=LINE('',#29,#28);
#31=DIRECTION('',(0.E0,1.E0,0.E0));
#32=VECTOR('',#31,1.22E1);
#33=CARTESIAN_POINT('',(-8.075E0,-8.E0,-1.65E1));
#34=LINE('',#33,#32);
#35=DIRECTION('',(0.E0,0.E0,-1.E0));
#36=VECTOR('',#35,2.8E0);
#37=CARTESIAN_POINT('',(-8.075E0,4.2E0,-1.65E1));
#38=LINE('',#37,#36);
#39=CARTESIAN_POINT('',(-7.675E0,4.85E0,-1.93E1));
#40=DIRECTION('',(-1.E0,0.E0,0.E0));
#41=DIRECTION('',(0.E0,1.E0,0.E0));
#42=AXIS2_PLACEMENT_3D('',#39,#40,#41);
#44=DIRECTION('',(0.E0,0.E0,-1.E0));
#45=VECTOR('',#44,2.8E0);
#46=CARTESIAN_POINT('',(-7.675E0,5.5E0,-1.65E1));
#47=LINE('',#46,#45);
#48=DIRECTION('',(-1.E0,0.E0,0.E0));
#49=VECTOR('',#48,4.E-1);
#50=CARTESIAN_POINT('',(-7.675E0,4.2E0,-1.93E1));
#51=LINE('',#50,#49);
#52=DIRECTION('',(0.E0,0.E0,-1.E0));
#53=VECTOR('',#52,2.8E0);
#54=CARTESIAN_POINT('',(-7.675E0,4.2E0,-1.65E1));
#55=LINE('',#54,#53);
#56=DIRECTION('',(0.E0,-1.E0,0.E0));
#57=VECTOR('',#56,3.E0);
#58=CARTESIAN_POINT('',(-5.9025E0,3.3E0,-1.65E1));
#59=LINE('',#58,#57);
#60=CARTESIAN_POINT('',(-5.9025E0,1.8E0,-1.65E1));
#61=DIRECTION('',(0.E0,0.E0,-1.E0));
#62=DIRECTION('',(0.E0,-1.E0,0.E0));
#63=AXIS2_PLACEMENT_3D('',#60,#61,#62);
#65=CARTESIAN_POINT('',(5.9025E0,1.8E0,-1.65E1));
#66=DIRECTION('',(0.E0,0.E0,-1.E0));
#67=DIRECTION('',(0.E0,1.E0,0.E0));
#68=AXIS2_PLACEMENT_3D('',#65,#66,#67);
#70=DIRECTION('',(0.E0,1.E0,0.E0));
#71=VECTOR('',#70,3.E0);
#72=CARTESIAN_POINT('',(5.9025E0,3.E-1,-1.65E1));
#73=LINE('',#72,#71);
#74=DIRECTION('',(0.E0,-1.E0,0.E0));
#75=VECTOR('',#74,3.4E-1);
#76=CARTESIAN_POINT('',(4.205E0,-4.38E0,-1.65E1));
#77=LINE('',#76,#75);
#78=DIRECTION('',(-1.E0,0.E0,0.E0));
#79=VECTOR('',#78,4.8E-1);
#80=CARTESIAN_POINT('',(4.685E0,-4.38E0,-1.65E1));
#81=LINE('',#80,#79);
#82=DIRECTION('',(0.E0,1.E0,0.E0));
#83=VECTOR('',#82,3.4E-1);
#84=CARTESIAN_POINT('',(4.685E0,-4.72E0,-1.65E1));
#85=LINE('',#84,#83);
#86=DIRECTION('',(1.E0,0.E0,0.E0));
#87=VECTOR('',#86,4.8E-1);
#88=CARTESIAN_POINT('',(4.205E0,-4.72E0,-1.65E1));
#89=LINE('',#88,#87);
#90=DIRECTION('',(-1.E0,0.E0,0.E0));
#91=VECTOR('',#90,4.8E-1);
#92=CARTESIAN_POINT('',(2.145E0,-4.38E0,-1.65E1));
#93=LINE('',#92,#91);
#94=DIRECTION('',(0.E0,1.E0,0.E0));
#95=VECTOR('',#94,3.4E-1);
#96=CARTESIAN_POINT('',(2.145E0,-4.72E0,-1.65E1));
#97=LINE('',#96,#95);
#98=DIRECTION('',(1.E0,0.E0,0.E0));
#99=VECTOR('',#98,4.8E-1);
#100=CARTESIAN_POINT('',(1.665E0,-4.72E0,-1.65E1));
#101=LINE('',#100,#99);
#102=DIRECTION('',(0.E0,-1.E0,0.E0));
#103=VECTOR('',#102,3.4E-1);
#104=CARTESIAN_POINT('',(1.665E0,-4.38E0,-1.65E1));
#105=LINE('',#104,#103);
#106=DIRECTION('',(-1.E0,0.E0,0.E0));
#107=VECTOR('',#106,4.8E-1);
#108=CARTESIAN_POINT('',(-2.935E0,-4.38E0,-1.65E1));
#109=LINE('',#108,#107);
#110=DIRECTION('',(0.E0,1.E0,0.E0));
#111=VECTOR('',#110,3.4E-1);
#112=CARTESIAN_POINT('',(-2.935E0,-4.72E0,-1.65E1));
#113=LINE('',#112,#111);
#114=DIRECTION('',(1.E0,0.E0,0.E0));
#115=VECTOR('',#114,4.8E-1);
#116=CARTESIAN_POINT('',(-3.415E0,-4.72E0,-1.65E1));
#117=LINE('',#116,#115);
#118=DIRECTION('',(0.E0,-1.E0,0.E0));
#119=VECTOR('',#118,3.4E-1);
#120=CARTESIAN_POINT('',(-3.415E0,-4.38E0,-1.65E1));
#121=LINE('',#120,#119);
#122=DIRECTION('',(1.044915787883E-14,-1.E0,0.E0));
#123=VECTOR('',#122,3.4E-1);
#124=CARTESIAN_POINT('',(-8.750000000002E-1,-4.38E0,-1.65E1));
#125=LINE('',#124,#123);
#126=DIRECTION('',(-1.E0,0.E0,0.E0));
#127=VECTOR('',#126,4.8E-1);
#128=CARTESIAN_POINT('',(-3.950000000002E-1,-4.38E0,-1.65E1));
#129=LINE('',#128,#127);
#130=DIRECTION('',(0.E0,1.E0,0.E0));
#131=VECTOR('',#130,3.4E-1);
#132=CARTESIAN_POINT('',(-3.950000000002E-1,-4.72E0,-1.65E1));
#133=LINE('',#132,#131);
#134=DIRECTION('',(1.E0,0.E0,0.E0));
#135=VECTOR('',#134,4.8E-1);
#136=CARTESIAN_POINT('',(-8.750000000002E-1,-4.72E0,-1.65E1));
#137=LINE('',#136,#135);
#138=DIRECTION('',(0.E0,-1.E0,0.E0));
#139=VECTOR('',#138,3.4E-1);
#140=CARTESIAN_POINT('',(2.935E0,-6.92E0,-1.65E1));
#141=LINE('',#140,#139);
#142=DIRECTION('',(-1.E0,0.E0,0.E0));
#143=VECTOR('',#142,4.8E-1);
#144=CARTESIAN_POINT('',(3.415E0,-6.92E0,-1.65E1));
#145=LINE('',#144,#143);
#146=DIRECTION('',(0.E0,1.E0,0.E0));
#147=VECTOR('',#146,3.4E-1);
#148=CARTESIAN_POINT('',(3.415E0,-7.26E0,-1.65E1));
#149=LINE('',#148,#147);
#150=DIRECTION('',(1.E0,0.E0,0.E0));
#151=VECTOR('',#150,4.8E-1);
#152=CARTESIAN_POINT('',(2.935E0,-7.26E0,-1.65E1));
#153=LINE('',#152,#151);
#154=DIRECTION('',(-1.E0,0.E0,0.E0));
#155=VECTOR('',#154,4.8E-1);
#156=CARTESIAN_POINT('',(8.749999999999E-1,-6.92E0,-1.65E1));
#157=LINE('',#156,#155);
#158=DIRECTION('',(0.E0,1.E0,0.E0));
#159=VECTOR('',#158,3.4E-1);
#160=CARTESIAN_POINT('',(8.749999999999E-1,-7.26E0,-1.65E1));
#161=LINE('',#160,#159);
#162=DIRECTION('',(1.E0,0.E0,0.E0));
#163=VECTOR('',#162,4.8E-1);
#164=CARTESIAN_POINT('',(3.949999999999E-1,-7.26E0,-1.65E1));
#165=LINE('',#164,#163);
#166=DIRECTION('',(0.E0,-1.E0,0.E0));
#167=VECTOR('',#166,3.4E-1);
#168=CARTESIAN_POINT('',(3.949999999999E-1,-6.92E0,-1.65E1));
#169=LINE('',#168,#167);
#170=DIRECTION('',(-1.E0,0.E0,0.E0));
#171=VECTOR('',#170,4.8E-1);
#172=CARTESIAN_POINT('',(-1.665E0,-6.92E0,-1.65E1));
#173=LINE('',#172,#171);
#174=DIRECTION('',(0.E0,1.E0,0.E0));
#175=VECTOR('',#174,3.4E-1);
#176=CARTESIAN_POINT('',(-1.665E0,-7.26E0,-1.65E1));
#177=LINE('',#176,#175);
#178=DIRECTION('',(1.E0,0.E0,0.E0));
#179=VECTOR('',#178,4.8E-1);
#180=CARTESIAN_POINT('',(-2.145E0,-7.26E0,-1.65E1));
#181=LINE('',#180,#179);
#182=DIRECTION('',(0.E0,-1.E0,0.E0));
#183=VECTOR('',#182,3.4E-1);
#184=CARTESIAN_POINT('',(-2.145E0,-6.92E0,-1.65E1));
#185=LINE('',#184,#183);
#186=DIRECTION('',(0.E0,-1.E0,0.E0));
#187=VECTOR('',#186,3.4E-1);
#188=CARTESIAN_POINT('',(-4.685E0,-6.92E0,-1.65E1));
#189=LINE('',#188,#187);
#190=DIRECTION('',(-1.E0,0.E0,0.E0));
#191=VECTOR('',#190,4.8E-1);
#192=CARTESIAN_POINT('',(-4.205E0,-6.92E0,-1.65E1));
#193=LINE('',#192,#191);
#194=DIRECTION('',(0.E0,1.E0,0.E0));
#195=VECTOR('',#194,3.4E-1);
#196=CARTESIAN_POINT('',(-4.205E0,-7.26E0,-1.65E1));
#197=LINE('',#196,#195);
#198=DIRECTION('',(1.E0,0.E0,0.E0));
#199=VECTOR('',#198,4.8E-1);
#200=CARTESIAN_POINT('',(-4.685E0,-7.26E0,-1.65E1));
#201=LINE('',#200,#199);
#202=DIRECTION('',(1.E0,0.E0,0.E0));
#203=VECTOR('',#202,4.E-1);
#204=CARTESIAN_POINT('',(-8.075E0,5.5E0,-1.65E1));
#205=LINE('',#204,#203);
#206=DIRECTION('',(0.E0,-1.E0,0.E0));
#207=VECTOR('',#206,1.3E0);
#208=CARTESIAN_POINT('',(-7.675E0,5.5E0,-1.65E1));
#209=LINE('',#208,#207);
#210=DIRECTION('',(1.E0,0.E0,0.E0));
#211=VECTOR('',#210,4.E-1);
#212=CARTESIAN_POINT('',(-8.075E0,4.2E0,-1.65E1));
#213=LINE('',#212,#211);
#214=DIRECTION('',(1.E0,0.E0,0.E0));
#215=VECTOR('',#214,1.615E1);
#216=CARTESIAN_POINT('',(-8.075E0,-8.E0,-1.65E1));
#217=LINE('',#216,#215);
#218=DIRECTION('',(-1.E0,0.E0,0.E0));
#219=VECTOR('',#218,4.E-1);
#220=CARTESIAN_POINT('',(8.075E0,4.2E0,-1.65E1));
#221=LINE('',#220,#219);
#222=DIRECTION('',(0.E0,1.E0,0.E0));
#223=VECTOR('',#222,1.3E0);
#224=CARTESIAN_POINT('',(7.675E0,4.2E0,-1.65E1));
#225=LINE('',#224,#223);
#226=DIRECTION('',(-1.E0,0.E0,0.E0));
#227=VECTOR('',#226,4.E-1);
#228=CARTESIAN_POINT('',(8.075E0,5.5E0,-1.65E1));
#229=LINE('',#228,#227);
#230=DIRECTION('',(0.E0,0.E0,-1.E0));
#231=VECTOR('',#230,3.25E0);
#232=CARTESIAN_POINT('',(-5.9025E0,3.3E0,-1.65E1));
#233=LINE('',#232,#231);
#234=DIRECTION('',(0.E0,0.E0,-1.E0));
#235=VECTOR('',#234,3.25E0);
#236=CARTESIAN_POINT('',(-5.9025E0,3.E-1,-1.65E1));
#237=LINE('',#236,#235);
#238=DIRECTION('',(0.E0,-1.E0,0.E0));
#239=VECTOR('',#238,3.E0);
#240=CARTESIAN_POINT('',(-5.9025E0,3.3E0,-1.975E1));
#241=LINE('',#240,#239);
#242=CARTESIAN_POINT('',(-5.9025E0,1.8E0,-1.975E1));
#243=DIRECTION('',(0.E0,0.E0,-1.E0));
#244=DIRECTION('',(0.E0,-1.E0,0.E0));
#245=AXIS2_PLACEMENT_3D('',#242,#243,#244);
#247=CARTESIAN_POINT('',(5.9025E0,1.8E0,-1.975E1));
#248=DIRECTION('',(0.E0,0.E0,-1.E0));
#249=DIRECTION('',(0.E0,1.E0,0.E0));
#250=AXIS2_PLACEMENT_3D('',#247,#248,#249);
#252=DIRECTION('',(0.E0,1.E0,0.E0));
#253=VECTOR('',#252,3.E0);
#254=CARTESIAN_POINT('',(5.9025E0,3.E-1,-1.975E1));
#255=LINE('',#254,#253);
#256=DIRECTION('',(0.E0,0.E0,-1.E0));
#257=VECTOR('',#256,3.25E0);
#258=CARTESIAN_POINT('',(5.9025E0,3.3E0,-1.65E1));
#259=LINE('',#258,#257);
#260=DIRECTION('',(0.E0,0.E0,-1.E0));
#261=VECTOR('',#260,3.25E0);
#262=CARTESIAN_POINT('',(5.9025E0,3.E-1,-1.65E1));
#263=LINE('',#262,#261);
#264=DIRECTION('',(0.E0,0.E0,-1.E0));
#265=VECTOR('',#264,3.25E0);
#266=CARTESIAN_POINT('',(4.205E0,-4.38E0,-1.65E1));
#267=LINE('',#266,#265);
#268=DIRECTION('',(0.E0,0.E0,-1.E0));
#269=VECTOR('',#268,3.25E0);
#270=CARTESIAN_POINT('',(4.205E0,-4.72E0,-1.65E1));
#271=LINE('',#270,#269);
#272=DIRECTION('',(0.E0,0.E0,-1.E0));
#273=VECTOR('',#272,3.25E0);
#274=CARTESIAN_POINT('',(4.685E0,-4.72E0,-1.65E1));
#275=LINE('',#274,#273);
#276=DIRECTION('',(0.E0,0.E0,-1.E0));
#277=VECTOR('',#276,3.25E0);
#278=CARTESIAN_POINT('',(4.685E0,-4.38E0,-1.65E1));
#279=LINE('',#278,#277);
#280=DIRECTION('',(0.E0,1.E0,0.E0));
#281=VECTOR('',#280,3.4E-1);
#282=CARTESIAN_POINT('',(4.205E0,-4.72E0,-1.975E1));
#283=LINE('',#282,#281);
#284=DIRECTION('',(-1.E0,0.E0,0.E0));
#285=VECTOR('',#284,4.8E-1);
#286=CARTESIAN_POINT('',(4.685E0,-4.72E0,-1.975E1));
#287=LINE('',#286,#285);
#288=DIRECTION('',(0.E0,-1.E0,0.E0));
#289=VECTOR('',#288,3.4E-1);
#290=CARTESIAN_POINT('',(4.685E0,-4.38E0,-1.975E1));
#291=LINE('',#290,#289);
#292=DIRECTION('',(1.E0,0.E0,0.E0));
#293=VECTOR('',#292,4.8E-1);
#294=CARTESIAN_POINT('',(4.205E0,-4.38E0,-1.975E1));
#295=LINE('',#294,#293);
#296=DIRECTION('',(0.E0,1.E0,0.E0));
#297=VECTOR('',#296,3.4E-1);
#298=CARTESIAN_POINT('',(2.935E0,-7.26E0,-1.975E1));
#299=LINE('',#298,#297);
#300=DIRECTION('',(-1.E0,0.E0,0.E0));
#301=VECTOR('',#300,4.8E-1);
#302=CARTESIAN_POINT('',(3.415E0,-7.26E0,-1.975E1));
#303=LINE('',#302,#301);
#304=DIRECTION('',(0.E0,-1.E0,0.E0));
#305=VECTOR('',#304,3.4E-1);
#306=CARTESIAN_POINT('',(3.415E0,-6.92E0,-1.975E1));
#307=LINE('',#306,#305);
#308=DIRECTION('',(1.E0,0.E0,0.E0));
#309=VECTOR('',#308,4.8E-1);
#310=CARTESIAN_POINT('',(2.935E0,-6.92E0,-1.975E1));
#311=LINE('',#310,#309);
#312=DIRECTION('',(1.E0,0.E0,0.E0));
#313=VECTOR('',#312,4.8E-1);
#314=CARTESIAN_POINT('',(1.665E0,-4.38E0,-1.975E1));
#315=LINE('',#314,#313);
#316=DIRECTION('',(0.E0,1.E0,0.E0));
#317=VECTOR('',#316,3.4E-1);
#318=CARTESIAN_POINT('',(1.665E0,-4.72E0,-1.975E1));
#319=LINE('',#318,#317);
#320=DIRECTION('',(-1.E0,0.E0,0.E0));
#321=VECTOR('',#320,4.8E-1);
#322=CARTESIAN_POINT('',(2.145E0,-4.72E0,-1.975E1));
#323=LINE('',#322,#321);
#324=DIRECTION('',(0.E0,-1.E0,0.E0));
#325=VECTOR('',#324,3.4E-1);
#326=CARTESIAN_POINT('',(2.145E0,-4.38E0,-1.975E1));
#327=LINE('',#326,#325);
#328=DIRECTION('',(1.E0,0.E0,0.E0));
#329=VECTOR('',#328,4.8E-1);
#330=CARTESIAN_POINT('',(3.949999999999E-1,-6.92E0,-1.975E1));
#331=LINE('',#330,#329);
#332=DIRECTION('',(0.E0,1.E0,0.E0));
#333=VECTOR('',#332,3.4E-1);
#334=CARTESIAN_POINT('',(3.949999999999E-1,-7.26E0,-1.975E1));
#335=LINE('',#334,#333);
#336=DIRECTION('',(-1.E0,0.E0,0.E0));
#337=VECTOR('',#336,4.8E-1);
#338=CARTESIAN_POINT('',(8.749999999999E-1,-7.26E0,-1.975E1));
#339=LINE('',#338,#337);
#340=DIRECTION('',(0.E0,-1.E0,0.E0));
#341=VECTOR('',#340,3.4E-1);
#342=CARTESIAN_POINT('',(8.749999999999E-1,-6.92E0,-1.975E1));
#343=LINE('',#342,#341);
#344=DIRECTION('',(1.E0,0.E0,0.E0));
#345=VECTOR('',#344,4.8E-1);
#346=CARTESIAN_POINT('',(-3.415E0,-4.38E0,-1.975E1));
#347=LINE('',#346,#345);
#348=DIRECTION('',(0.E0,1.E0,0.E0));
#349=VECTOR('',#348,3.4E-1);
#350=CARTESIAN_POINT('',(-3.415E0,-4.72E0,-1.975E1));
#351=LINE('',#350,#349);
#352=DIRECTION('',(-1.E0,0.E0,0.E0));
#353=VECTOR('',#352,4.8E-1);
#354=CARTESIAN_POINT('',(-2.935E0,-4.72E0,-1.975E1));
#355=LINE('',#354,#353);
#356=DIRECTION('',(0.E0,-1.E0,0.E0));
#357=VECTOR('',#356,3.4E-1);
#358=CARTESIAN_POINT('',(-2.935E0,-4.38E0,-1.975E1));
#359=LINE('',#358,#357);
#360=DIRECTION('',(1.E0,0.E0,0.E0));
#361=VECTOR('',#360,4.8E-1);
#362=CARTESIAN_POINT('',(-2.145E0,-6.92E0,-1.975E1));
#363=LINE('',#362,#361);
#364=DIRECTION('',(0.E0,1.E0,0.E0));
#365=VECTOR('',#364,3.4E-1);
#366=CARTESIAN_POINT('',(-2.145E0,-7.26E0,-1.975E1));
#367=LINE('',#366,#365);
#368=DIRECTION('',(-1.E0,0.E0,0.E0));
#369=VECTOR('',#368,4.8E-1);
#370=CARTESIAN_POINT('',(-1.665E0,-7.26E0,-1.975E1));
#371=LINE('',#370,#369);
#372=DIRECTION('',(0.E0,-1.E0,0.E0));
#373=VECTOR('',#372,3.4E-1);
#374=CARTESIAN_POINT('',(-1.665E0,-6.92E0,-1.975E1));
#375=LINE('',#374,#373);
#376=DIRECTION('',(-1.044915787883E-14,1.E0,0.E0));
#377=VECTOR('',#376,3.4E-1);
#378=CARTESIAN_POINT('',(-8.750000000002E-1,-4.72E0,-1.975E1));
#379=LINE('',#378,#377);
#380=DIRECTION('',(-1.E0,0.E0,0.E0));
#381=VECTOR('',#380,4.8E-1);
#382=CARTESIAN_POINT('',(-3.950000000002E-1,-4.72E0,-1.975E1));
#383=LINE('',#382,#381);
#384=DIRECTION('',(0.E0,-1.E0,0.E0));
#385=VECTOR('',#384,3.4E-1);
#386=CARTESIAN_POINT('',(-3.950000000002E-1,-4.38E0,-1.975E1));
#387=LINE('',#386,#385);
#388=DIRECTION('',(1.E0,0.E0,0.E0));
#389=VECTOR('',#388,4.8E-1);
#390=CARTESIAN_POINT('',(-8.750000000002E-1,-4.38E0,-1.975E1));
#391=LINE('',#390,#389);
#392=DIRECTION('',(0.E0,1.E0,0.E0));
#393=VECTOR('',#392,3.4E-1);
#394=CARTESIAN_POINT('',(-4.685E0,-7.26E0,-1.975E1));
#395=LINE('',#394,#393);
#396=DIRECTION('',(-1.E0,0.E0,0.E0));
#397=VECTOR('',#396,4.8E-1);
#398=CARTESIAN_POINT('',(-4.205E0,-7.26E0,-1.975E1));
#399=LINE('',#398,#397);
#400=DIRECTION('',(0.E0,-1.E0,0.E0));
#401=VECTOR('',#400,3.4E-1);
#402=CARTESIAN_POINT('',(-4.205E0,-6.92E0,-1.975E1));
#403=LINE('',#402,#401);
#404=DIRECTION('',(1.E0,0.E0,0.E0));
#405=VECTOR('',#404,4.8E-1);
#406=CARTESIAN_POINT('',(-4.685E0,-6.92E0,-1.975E1));
#407=LINE('',#406,#405);
#408=DIRECTION('',(0.E0,0.E0,1.E0));
#409=VECTOR('',#408,3.25E0);
#410=CARTESIAN_POINT('',(2.935E0,-6.92E0,-1.975E1));
#411=LINE('',#410,#409);
#412=DIRECTION('',(0.E0,0.E0,1.E0));
#413=VECTOR('',#412,3.25E0);
#414=CARTESIAN_POINT('',(3.415E0,-6.92E0,-1.975E1));
#415=LINE('',#414,#413);
#416=DIRECTION('',(0.E0,0.E0,1.E0));
#417=VECTOR('',#416,3.25E0);
#418=CARTESIAN_POINT('',(3.415E0,-7.26E0,-1.975E1));
#419=LINE('',#418,#417);
#420=DIRECTION('',(0.E0,0.E0,1.E0));
#421=VECTOR('',#420,3.25E0);
#422=CARTESIAN_POINT('',(2.935E0,-7.26E0,-1.975E1));
#423=LINE('',#422,#421);
#424=DIRECTION('',(0.E0,0.E0,-1.E0));
#425=VECTOR('',#424,3.25E0);
#426=CARTESIAN_POINT('',(2.145E0,-4.38E0,-1.65E1));
#427=LINE('',#426,#425);
#428=DIRECTION('',(0.E0,0.E0,-1.E0));
#429=VECTOR('',#428,3.25E0);
#430=CARTESIAN_POINT('',(1.665E0,-4.38E0,-1.65E1));
#431=LINE('',#430,#429);
#432=DIRECTION('',(0.E0,0.E0,-1.E0));
#433=VECTOR('',#432,3.25E0);
#434=CARTESIAN_POINT('',(1.665E0,-4.72E0,-1.65E1));
#435=LINE('',#434,#433);
#436=DIRECTION('',(0.E0,0.E0,-1.E0));
#437=VECTOR('',#436,3.25E0);
#438=CARTESIAN_POINT('',(2.145E0,-4.72E0,-1.65E1));
#439=LINE('',#438,#437);
#440=DIRECTION('',(0.E0,0.E0,1.E0));
#441=VECTOR('',#440,3.25E0);
#442=CARTESIAN_POINT('',(8.749999999999E-1,-6.92E0,-1.975E1));
#443=LINE('',#442,#441);
#444=DIRECTION('',(0.E0,0.E0,1.E0));
#445=VECTOR('',#444,3.25E0);
#446=CARTESIAN_POINT('',(8.749999999999E-1,-7.26E0,-1.975E1));
#447=LINE('',#446,#445);
#448=DIRECTION('',(0.E0,0.E0,1.E0));
#449=VECTOR('',#448,3.25E0);
#450=CARTESIAN_POINT('',(3.949999999999E-1,-7.26E0,-1.975E1));
#451=LINE('',#450,#449);
#452=DIRECTION('',(0.E0,0.E0,1.E0));
#453=VECTOR('',#452,3.25E0);
#454=CARTESIAN_POINT('',(3.949999999999E-1,-6.92E0,-1.975E1));
#455=LINE('',#454,#453);
#456=DIRECTION('',(0.E0,0.E0,-1.E0));
#457=VECTOR('',#456,3.25E0);
#458=CARTESIAN_POINT('',(-2.935E0,-4.38E0,-1.65E1));
#459=LINE('',#458,#457);
#460=DIRECTION('',(0.E0,0.E0,-1.E0));
#461=VECTOR('',#460,3.25E0);
#462=CARTESIAN_POINT('',(-3.415E0,-4.38E0,-1.65E1));
#463=LINE('',#462,#461);
#464=DIRECTION('',(0.E0,0.E0,-1.E0));
#465=VECTOR('',#464,3.25E0);
#466=CARTESIAN_POINT('',(-3.415E0,-4.72E0,-1.65E1));
#467=LINE('',#466,#465);
#468=DIRECTION('',(0.E0,0.E0,-1.E0));
#469=VECTOR('',#468,3.25E0);
#470=CARTESIAN_POINT('',(-2.935E0,-4.72E0,-1.65E1));
#471=LINE('',#470,#469);
#472=DIRECTION('',(0.E0,0.E0,1.E0));
#473=VECTOR('',#472,3.25E0);
#474=CARTESIAN_POINT('',(-1.665E0,-6.92E0,-1.975E1));
#475=LINE('',#474,#473);
#476=DIRECTION('',(0.E0,0.E0,1.E0));
#477=VECTOR('',#476,3.25E0);
#478=CARTESIAN_POINT('',(-1.665E0,-7.26E0,-1.975E1));
#479=LINE('',#478,#477);
#480=DIRECTION('',(0.E0,0.E0,1.E0));
#481=VECTOR('',#480,3.25E0);
#482=CARTESIAN_POINT('',(-2.145E0,-7.26E0,-1.975E1));
#483=LINE('',#482,#481);
#484=DIRECTION('',(0.E0,0.E0,1.E0));
#485=VECTOR('',#484,3.25E0);
#486=CARTESIAN_POINT('',(-2.145E0,-6.92E0,-1.975E1));
#487=LINE('',#486,#485);
#488=DIRECTION('',(0.E0,0.E0,-1.E0));
#489=VECTOR('',#488,3.25E0);
#490=CARTESIAN_POINT('',(-8.750000000002E-1,-4.38E0,-1.65E1));
#491=LINE('',#490,#489);
#492=DIRECTION('',(0.E0,0.E0,-1.E0));
#493=VECTOR('',#492,3.25E0);
#494=CARTESIAN_POINT('',(-8.750000000002E-1,-4.72E0,-1.65E1));
#495=LINE('',#494,#493);
#496=DIRECTION('',(0.E0,0.E0,-1.E0));
#497=VECTOR('',#496,3.25E0);
#498=CARTESIAN_POINT('',(-3.950000000002E-1,-4.72E0,-1.65E1));
#499=LINE('',#498,#497);
#500=DIRECTION('',(0.E0,0.E0,-1.E0));
#501=VECTOR('',#500,3.25E0);
#502=CARTESIAN_POINT('',(-3.950000000002E-1,-4.38E0,-1.65E1));
#503=LINE('',#502,#501);
#504=DIRECTION('',(0.E0,0.E0,1.E0));
#505=VECTOR('',#504,3.25E0);
#506=CARTESIAN_POINT('',(-4.685E0,-6.92E0,-1.975E1));
#507=LINE('',#506,#505);
#508=DIRECTION('',(0.E0,0.E0,1.E0));
#509=VECTOR('',#508,3.25E0);
#510=CARTESIAN_POINT('',(-4.205E0,-6.92E0,-1.975E1));
#511=LINE('',#510,#509);
#512=DIRECTION('',(0.E0,0.E0,1.E0));
#513=VECTOR('',#512,3.25E0);
#514=CARTESIAN_POINT('',(-4.205E0,-7.26E0,-1.975E1));
#515=LINE('',#514,#513);
#516=DIRECTION('',(0.E0,0.E0,1.E0));
#517=VECTOR('',#516,3.25E0);
#518=CARTESIAN_POINT('',(-4.685E0,-7.26E0,-1.975E1));
#519=LINE('',#518,#517);
#520=DIRECTION('',(1.E0,0.E0,0.E0));
#521=VECTOR('',#520,4.E-1);
#522=CARTESIAN_POINT('',(-8.075E0,5.5E0,-1.93E1));
#523=LINE('',#522,#521);
#524=DIRECTION('',(0.E0,0.E0,-1.E0));
#525=VECTOR('',#524,2.8E0);
#526=CARTESIAN_POINT('',(-8.075E0,5.5E0,-1.65E1));
#527=LINE('',#526,#525);
#528=DIRECTION('',(1.E0,0.E0,0.E0));
#529=VECTOR('',#528,1.615E1);
#530=CARTESIAN_POINT('',(-8.075E0,-8.E0,-1.475E1));
#531=LINE('',#530,#529);
#532=DIRECTION('',(1.E0,0.E0,0.E0));
#533=VECTOR('',#532,1.615E1);
#534=CARTESIAN_POINT('',(-8.075E0,-8.35E0,-1.475E1));
#535=LINE('',#534,#533);
#536=DIRECTION('',(1.E0,0.E0,0.E0));
#537=VECTOR('',#536,1.615E1);
#538=CARTESIAN_POINT('',(-8.075E0,-8.35E0,0.E0));
#539=LINE('',#538,#537);
#540=DIRECTION('',(0.E0,1.E0,0.E0));
#541=VECTOR('',#540,2.5E0);
#542=CARTESIAN_POINT('',(6.18E0,2.35E0,0.E0));
#543=LINE('',#542,#541);
#544=DIRECTION('',(1.E0,0.E0,0.E0));
#545=VECTOR('',#544,2.48E0);
#546=CARTESIAN_POINT('',(3.7E0,4.85E0,0.E0));
#547=LINE('',#546,#545);
#548=DIRECTION('',(0.E0,-1.E0,0.E0));
#549=VECTOR('',#548,1.8E0);
#550=CARTESIAN_POINT('',(3.7E0,6.65E0,0.E0));
#551=LINE('',#550,#549);
#552=DIRECTION('',(-1.E0,0.E0,0.E0));
#553=VECTOR('',#552,1.225E0);
#554=CARTESIAN_POINT('',(3.7E0,6.65E0,0.E0));
#555=LINE('',#554,#553);
#556=DIRECTION('',(0.E0,-1.E0,0.E0));
#557=VECTOR('',#556,1.7E0);
#558=CARTESIAN_POINT('',(2.475E0,8.35E0,0.E0));
#559=LINE('',#558,#557);
#560=DIRECTION('',(1.E0,0.E0,0.E0));
#561=VECTOR('',#560,5.6E0);
#562=CARTESIAN_POINT('',(2.475E0,8.35E0,0.E0));
#563=LINE('',#562,#561);
#564=DIRECTION('',(1.E0,0.E0,0.E0));
#565=VECTOR('',#564,5.6E0);
#566=CARTESIAN_POINT('',(-8.075E0,8.35E0,0.E0));
#567=LINE('',#566,#565);
#568=DIRECTION('',(0.E0,-1.E0,0.E0));
#569=VECTOR('',#568,1.7E0);
#570=CARTESIAN_POINT('',(-2.475E0,8.35E0,0.E0));
#571=LINE('',#570,#569);
#572=DIRECTION('',(-1.E0,0.E0,0.E0));
#573=VECTOR('',#572,1.225E0);
#574=CARTESIAN_POINT('',(-2.475E0,6.65E0,0.E0));
#575=LINE('',#574,#573);
#576=DIRECTION('',(0.E0,1.E0,0.E0));
#577=VECTOR('',#576,1.8E0);
#578=CARTESIAN_POINT('',(-3.7E0,4.85E0,0.E0));
#579=LINE('',#578,#577);
#580=DIRECTION('',(1.E0,0.E0,0.E0));
#581=VECTOR('',#580,2.48E0);
#582=CARTESIAN_POINT('',(-6.18E0,4.85E0,0.E0));
#583=LINE('',#582,#581);
#584=DIRECTION('',(0.E0,-1.E0,0.E0));
#585=VECTOR('',#584,2.5E0);
#586=CARTESIAN_POINT('',(-6.18E0,4.85E0,0.E0));
#587=LINE('',#586,#585);
#588=DIRECTION('',(-1.E0,0.E0,0.E0));
#589=VECTOR('',#588,2.5E-1);
#590=CARTESIAN_POINT('',(-6.18E0,2.35E0,0.E0));
#591=LINE('',#590,#589);
#592=DIRECTION('',(0.E0,-1.E0,0.E0));
#593=VECTOR('',#592,2.5E-1);
#594=CARTESIAN_POINT('',(-6.43E0,2.35E0,0.E0));
#595=LINE('',#594,#593);
#596=DIRECTION('',(1.E0,0.E0,0.E0));
#597=VECTOR('',#596,1.92E-1);
#598=CARTESIAN_POINT('',(-6.43E0,2.1E0,0.E0));
#599=LINE('',#598,#597);
#600=DIRECTION('',(0.E0,-1.E0,0.E0));
#601=VECTOR('',#600,2.5E-1);
#602=CARTESIAN_POINT('',(-6.43E0,1.E-1,0.E0));
#603=LINE('',#602,#601);
#604=DIRECTION('',(1.E0,0.E0,0.E0));
#605=VECTOR('',#604,2.5E-1);
#606=CARTESIAN_POINT('',(-6.43E0,-1.5E-1,0.E0));
#607=LINE('',#606,#605);
#608=DIRECTION('',(0.E0,-1.E0,0.E0));
#609=VECTOR('',#608,2.9E0);
#610=CARTESIAN_POINT('',(-6.18E0,-1.5E-1,0.E0));
#611=LINE('',#610,#609);
#612=DIRECTION('',(1.E0,0.E0,0.E0));
#613=VECTOR('',#612,1.236E1);
#614=CARTESIAN_POINT('',(-6.18E0,-3.05E0,0.E0));
#615=LINE('',#614,#613);
#616=DIRECTION('',(0.E0,1.E0,0.E0));
#617=VECTOR('',#616,2.9E0);
#618=CARTESIAN_POINT('',(6.18E0,-3.05E0,0.E0));
#619=LINE('',#618,#617);
#620=DIRECTION('',(1.E0,0.E0,0.E0));
#621=VECTOR('',#620,2.5E-1);
#622=CARTESIAN_POINT('',(6.18E0,-1.5E-1,0.E0));
#623=LINE('',#622,#621);
#624=DIRECTION('',(0.E0,1.E0,0.E0));
#625=VECTOR('',#624,2.5E-1);
#626=CARTESIAN_POINT('',(6.43E0,-1.5E-1,0.E0));
#627=LINE('',#626,#625);
#628=DIRECTION('',(-1.E0,0.E0,0.E0));
#629=VECTOR('',#628,1.92E-1);
#630=CARTESIAN_POINT('',(6.43E0,1.E-1,0.E0));
#631=LINE('',#630,#629);
#632=DIRECTION('',(0.E0,1.E0,0.E0));
#633=VECTOR('',#632,2.5E-1);
#634=CARTESIAN_POINT('',(6.43E0,2.1E0,0.E0));
#635=LINE('',#634,#633);
#636=DIRECTION('',(-1.E0,0.E0,0.E0));
#637=VECTOR('',#636,2.5E-1);
#638=CARTESIAN_POINT('',(6.43E0,2.35E0,0.E0));
#639=LINE('',#638,#637);
#640=DIRECTION('',(0.E0,0.E0,1.E0));
#641=VECTOR('',#640,2.E-1);
#642=CARTESIAN_POINT('',(6.18E0,4.85E0,-2.E-1));
#643=LINE('',#642,#641);
#644=DIRECTION('',(0.E0,0.E0,-1.E0));
#645=VECTOR('',#644,2.E-1);
#646=CARTESIAN_POINT('',(6.18E0,2.35E0,0.E0));
#647=LINE('',#646,#645);
#648=DIRECTION('',(0.E0,0.E0,-1.E0));
#649=VECTOR('',#648,2.E-1);
#650=CARTESIAN_POINT('',(3.7E0,4.85E0,0.E0));
#651=LINE('',#650,#649);
#652=DIRECTION('',(1.E0,0.E0,0.E0));
#653=VECTOR('',#652,4.55E-1);
#654=CARTESIAN_POINT('',(-6.43E0,1.E-1,-2.E-1));
#655=LINE('',#654,#653);
#656=DIRECTION('',(0.E0,1.E0,0.E0));
#657=VECTOR('',#656,2.85E0);
#658=CARTESIAN_POINT('',(-5.975E0,-2.75E0,-2.E-1));
#659=LINE('',#658,#657);
#660=DIRECTION('',(1.E0,0.E0,0.E0));
#661=VECTOR('',#660,1.195E1);
#662=CARTESIAN_POINT('',(-5.975E0,-2.75E0,-2.E-1));
#663=LINE('',#662,#661);
#664=DIRECTION('',(0.E0,1.E0,0.E0));
#665=VECTOR('',#664,2.85E0);
#666=CARTESIAN_POINT('',(5.975E0,-2.75E0,-2.E-1));
#667=LINE('',#666,#665);
#668=DIRECTION('',(1.E0,0.E0,0.E0));
#669=VECTOR('',#668,4.55E-1);
#670=CARTESIAN_POINT('',(5.975E0,1.E-1,-2.E-1));
#671=LINE('',#670,#669);
#672=DIRECTION('',(0.E0,1.E0,0.E0));
#673=VECTOR('',#672,2.5E-1);
#674=CARTESIAN_POINT('',(6.43E0,-1.5E-1,-2.E-1));
#675=LINE('',#674,#673);
#676=DIRECTION('',(1.E0,0.E0,0.E0));
#677=VECTOR('',#676,2.5E-1);
#678=CARTESIAN_POINT('',(6.18E0,-1.5E-1,-2.E-1));
#679=LINE('',#678,#677);
#680=DIRECTION('',(0.E0,1.E0,0.E0));
#681=VECTOR('',#680,2.9E0);
#682=CARTESIAN_POINT('',(6.18E0,-3.05E0,-2.E-1));
#683=LINE('',#682,#681);
#684=DIRECTION('',(1.E0,0.E0,0.E0));
#685=VECTOR('',#684,1.236E1);
#686=CARTESIAN_POINT('',(-6.18E0,-3.05E0,-2.E-1));
#687=LINE('',#686,#685);
#688=DIRECTION('',(0.E0,-1.E0,0.E0));
#689=VECTOR('',#688,2.9E0);
#690=CARTESIAN_POINT('',(-6.18E0,-1.5E-1,-2.E-1));
#691=LINE('',#690,#689);
#692=DIRECTION('',(1.E0,0.E0,0.E0));
#693=VECTOR('',#692,2.5E-1);
#694=CARTESIAN_POINT('',(-6.43E0,-1.5E-1,-2.E-1));
#695=LINE('',#694,#693);
#696=DIRECTION('',(0.E0,-1.E0,0.E0));
#697=VECTOR('',#696,2.5E-1);
#698=CARTESIAN_POINT('',(-6.43E0,1.E-1,-2.E-1));
#699=LINE('',#698,#697);
#700=DIRECTION('',(1.E0,0.E0,0.E0));
#701=VECTOR('',#700,2.48E0);
#702=CARTESIAN_POINT('',(-6.18E0,4.85E0,-2.E-1));
#703=LINE('',#702,#701);
#704=DIRECTION('',(0.E0,1.E0,0.E0));
#705=VECTOR('',#704,1.8E0);
#706=CARTESIAN_POINT('',(-3.7E0,4.85E0,-2.E-1));
#707=LINE('',#706,#705);
#708=DIRECTION('',(-1.E0,0.E0,0.E0));
#709=VECTOR('',#708,1.225E0);
#710=CARTESIAN_POINT('',(-2.475E0,6.65E0,-2.E-1));
#711=LINE('',#710,#709);
#712=DIRECTION('',(0.E0,-1.E0,0.E0));
#713=VECTOR('',#712,1.7E0);
#714=CARTESIAN_POINT('',(-2.475E0,8.35E0,-2.E-1));
#715=LINE('',#714,#713);
#716=DIRECTION('',(0.E0,1.E0,0.E0));
#717=VECTOR('',#716,1.7E0);
#718=CARTESIAN_POINT('',(2.475E0,6.65E0,-2.E-1));
#719=LINE('',#718,#717);
#720=DIRECTION('',(-1.E0,0.E0,0.E0));
#721=VECTOR('',#720,1.225E0);
#722=CARTESIAN_POINT('',(3.7E0,6.65E0,-2.E-1));
#723=LINE('',#722,#721);
#724=DIRECTION('',(0.E0,-1.E0,0.E0));
#725=VECTOR('',#724,1.8E0);
#726=CARTESIAN_POINT('',(3.7E0,6.65E0,-2.E-1));
#727=LINE('',#726,#725);
#728=DIRECTION('',(-1.E0,0.E0,0.E0));
#729=VECTOR('',#728,2.48E0);
#730=CARTESIAN_POINT('',(6.18E0,4.85E0,-2.E-1));
#731=LINE('',#730,#729);
#732=DIRECTION('',(0.E0,1.E0,0.E0));
#733=VECTOR('',#732,2.5E0);
#734=CARTESIAN_POINT('',(6.18E0,2.35E0,-2.E-1));
#735=LINE('',#734,#733);
#736=DIRECTION('',(-1.E0,0.E0,0.E0));
#737=VECTOR('',#736,2.5E-1);
#738=CARTESIAN_POINT('',(6.43E0,2.35E0,-2.E-1));
#739=LINE('',#738,#737);
#740=DIRECTION('',(0.E0,1.E0,0.E0));
#741=VECTOR('',#740,2.5E-1);
#742=CARTESIAN_POINT('',(6.43E0,2.1E0,-2.E-1));
#743=LINE('',#742,#741);
#744=DIRECTION('',(-1.E0,0.E0,0.E0));
#745=VECTOR('',#744,4.55E-1);
#746=CARTESIAN_POINT('',(6.43E0,2.1E0,-2.E-1));
#747=LINE('',#746,#745);
#748=DIRECTION('',(0.E0,1.E0,0.E0));
#749=VECTOR('',#748,2.05E0);
#750=CARTESIAN_POINT('',(5.975E0,2.1E0,-2.E-1));
#751=LINE('',#750,#749);
#752=DIRECTION('',(-1.E0,0.E0,0.E0));
#753=VECTOR('',#752,2.7475E0);
#754=CARTESIAN_POINT('',(5.975E0,4.15E0,-2.E-1));
#755=LINE('',#754,#753);
#756=DIRECTION('',(0.E0,1.E0,0.E0));
#757=VECTOR('',#756,1.7E0);
#758=CARTESIAN_POINT('',(3.2275E0,4.15E0,-2.E-1));
#759=LINE('',#758,#757);
#760=DIRECTION('',(-1.E0,0.E0,0.E0));
#761=VECTOR('',#760,1.1975E0);
#762=CARTESIAN_POINT('',(3.2275E0,5.85E0,-2.E-1));
#763=LINE('',#762,#761);
#764=DIRECTION('',(1.E0,0.E0,0.E0));
#765=VECTOR('',#764,4.06E0);
#766=CARTESIAN_POINT('',(-2.03E0,8.09E0,-2.E-1));
#767=LINE('',#766,#765);
#768=DIRECTION('',(-1.E0,0.E0,0.E0));
#769=VECTOR('',#768,1.1975E0);
#770=CARTESIAN_POINT('',(-2.03E0,5.85E0,-2.E-1));
#771=LINE('',#770,#769);
#772=DIRECTION('',(0.E0,-1.E0,0.E0));
#773=VECTOR('',#772,1.7E0);
#774=CARTESIAN_POINT('',(-3.2275E0,5.85E0,-2.E-1));
#775=LINE('',#774,#773);
#776=DIRECTION('',(-1.E0,0.E0,0.E0));
#777=VECTOR('',#776,2.7475E0);
#778=CARTESIAN_POINT('',(-3.2275E0,4.15E0,-2.E-1));
#779=LINE('',#778,#777);
#780=DIRECTION('',(0.E0,1.E0,0.E0));
#781=VECTOR('',#780,2.05E0);
#782=CARTESIAN_POINT('',(-5.975E0,2.1E0,-2.E-1));
#783=LINE('',#782,#781);
#784=DIRECTION('',(-1.E0,0.E0,0.E0));
#785=VECTOR('',#784,4.55E-1);
#786=CARTESIAN_POINT('',(-5.975E0,2.1E0,-2.E-1));
#787=LINE('',#786,#785);
#788=DIRECTION('',(0.E0,-1.E0,0.E0));
#789=VECTOR('',#788,2.5E-1);
#790=CARTESIAN_POINT('',(-6.43E0,2.35E0,-2.E-1));
#791=LINE('',#790,#789);
#792=DIRECTION('',(-1.E0,0.E0,0.E0));
#793=VECTOR('',#792,2.5E-1);
#794=CARTESIAN_POINT('',(-6.18E0,2.35E0,-2.E-1));
#795=LINE('',#794,#793);
#796=DIRECTION('',(0.E0,-1.E0,0.E0));
#797=VECTOR('',#796,2.5E0);
#798=CARTESIAN_POINT('',(-6.18E0,4.85E0,-2.E-1));
#799=LINE('',#798,#797);
#800=DIRECTION('',(1.E0,0.E0,0.E0));
#801=VECTOR('',#800,1.92E-1);
#802=CARTESIAN_POINT('',(-6.43E0,1.E-1,0.E0));
#803=LINE('',#802,#801);
#804=CARTESIAN_POINT('',(-6.238E0,1.E-1,-4.54E-1));
#805=DIRECTION('',(0.E0,1.E0,0.E0));
#806=DIRECTION('',(0.E0,0.E0,1.E0));
#807=AXIS2_PLACEMENT_3D('',#804,#805,#806);
#809=DIRECTION('',(3.420201433257E-1,0.E0,-9.396926207859E-1));
#810=VECTOR('',#809,2.193120986338E0);
#811=CARTESIAN_POINT('',(-5.811379550163E0,1.E-1,-2.987228549301E-1));
#812=LINE('',#811,#810);
#813=CARTESIAN_POINT('',(-6.92E0,1.E-1,-3.036098305780E0));
#814=DIRECTION('',(0.E0,1.E0,0.E0));
#815=DIRECTION('',(9.396926207859E-1,0.E0,3.420201433257E-1));
#816=AXIS2_PLACEMENT_3D('',#813,#814,#815);
#818=DIRECTION('',(0.E0,0.E0,-1.E0));
#819=VECTOR('',#818,5.139016942195E-1);
#820=CARTESIAN_POINT('',(-4.942E0,1.E-1,-3.036098305780E0));
#821=LINE('',#820,#819);
#822=DIRECTION('',(0.E0,0.E0,1.E0));
#823=VECTOR('',#822,2.E-1);
#824=CARTESIAN_POINT('',(-6.43E0,2.1E0,-2.E-1));
#825=LINE('',#824,#823);
#826=DIRECTION('',(0.E0,0.E0,-1.E0));
#827=VECTOR('',#826,2.E-1);
#828=CARTESIAN_POINT('',(-6.43E0,2.35E0,0.E0));
#829=LINE('',#828,#827);
#830=DIRECTION('',(0.E0,0.E0,1.E0));
#831=VECTOR('',#830,2.E-1);
#832=CARTESIAN_POINT('',(-6.43E0,1.E-1,-2.E-1));
#833=LINE('',#832,#831);
#834=DIRECTION('',(3.420201433257E-1,0.E0,-9.396926207859E-1));
#835=VECTOR('',#834,2.122019693636E0);
#836=CARTESIAN_POINT('',(-5.975E0,2.1E0,-4.339402436751E-1));
#837=LINE('',#836,#835);
#838=CARTESIAN_POINT('',(-6.92E0,2.1E0,-3.036098305780E0));
#839=DIRECTION('',(0.E0,1.E0,0.E0));
#840=DIRECTION('',(9.396926207859E-1,0.E0,3.420201433257E-1));
#841=AXIS2_PLACEMENT_3D('',#838,#839,#840);
#843=DIRECTION('',(0.E0,0.E0,-1.E0));
#844=VECTOR('',#843,5.139016942195E-1);
#845=CARTESIAN_POINT('',(-5.142E0,2.1E0,-3.036098305780E0));
#846=LINE('',#845,#844);
#847=DIRECTION('',(0.E0,0.E0,-1.E0));
#848=VECTOR('',#847,2.339402436751E-1);
#849=CARTESIAN_POINT('',(-5.975E0,2.1E0,-2.E-1));
#850=LINE('',#849,#848);
#851=DIRECTION('',(0.E0,0.E0,-1.E0));
#852=VECTOR('',#851,1.074E1);
#853=CARTESIAN_POINT('',(-5.975E0,4.15E0,-2.E-1));
#854=LINE('',#853,#852);
#855=DIRECTION('',(0.E0,-1.E0,0.E0));
#856=VECTOR('',#855,9.5E-1);
#857=CARTESIAN_POINT('',(-5.975E0,4.15E0,-1.094E1));
#858=LINE('',#857,#856);
#859=DIRECTION('',(0.E0,0.E0,1.E0));
#860=VECTOR('',#859,1.6E0);
#861=CARTESIAN_POINT('',(-5.975E0,3.2E0,-1.254E1));
#862=LINE('',#861,#860);
#863=DIRECTION('',(0.E0,0.E0,-1.E0));
#864=VECTOR('',#863,2.339402436752E-1);
#865=CARTESIAN_POINT('',(-5.975E0,1.E-1,-2.E-1));
#866=LINE('',#865,#864);
#867=DIRECTION('',(0.E0,1.E0,0.E0));
#868=VECTOR('',#867,2.E0);
#869=CARTESIAN_POINT('',(-5.975E0,1.E-1,-4.339402436752E-1));
#870=LINE('',#869,#868);
#871=DIRECTION('',(-1.E0,0.E0,0.E0));
#872=VECTOR('',#871,2.7475E0);
#873=CARTESIAN_POINT('',(-3.2275E0,4.15E0,-1.094E1));
#874=LINE('',#873,#872);
#875=DIRECTION('',(0.E0,1.E0,0.E0));
#876=VECTOR('',#875,9.5E-1);
#877=CARTESIAN_POINT('',(-3.2275E0,3.2E0,-1.094E1));
#878=LINE('',#877,#876);
#879=DIRECTION('',(1.E0,0.E0,0.E0));
#880=VECTOR('',#879,2.7475E0);
#881=CARTESIAN_POINT('',(-5.975E0,3.2E0,-1.094E1));
#882=LINE('',#881,#880);
#883=DIRECTION('',(1.E0,0.E0,0.E0));
#884=VECTOR('',#883,2.7475E0);
#885=CARTESIAN_POINT('',(3.2275E0,3.2E0,-1.094E1));
#886=LINE('',#885,#884);
#887=DIRECTION('',(0.E0,-1.E0,0.E0));
#888=VECTOR('',#887,9.5E-1);
#889=CARTESIAN_POINT('',(3.2275E0,4.15E0,-1.094E1));
#890=LINE('',#889,#888);
#891=DIRECTION('',(0.E0,-1.E0,0.E0));
#892=VECTOR('',#891,1.05E0);
#893=CARTESIAN_POINT('',(-3.2275E0,3.2E0,-1.254E1));
#894=LINE('',#893,#892);
#895=DIRECTION('',(0.E0,0.E0,1.E0));
#896=VECTOR('',#895,1.6E0);
#897=CARTESIAN_POINT('',(-3.2275E0,3.2E0,-1.254E1));
#898=LINE('',#897,#896);
#899=DIRECTION('',(0.E0,0.E0,-1.E0));
#900=VECTOR('',#899,1.074E1);
#901=CARTESIAN_POINT('',(-3.2275E0,4.15E0,-2.E-1));
#902=LINE('',#901,#900);
#903=DIRECTION('',(0.E0,0.E0,-1.E0));
#904=VECTOR('',#903,1.33E1);
#905=CARTESIAN_POINT('',(-3.2275E0,5.85E0,-2.E-1));
#906=LINE('',#905,#904);
#907=DIRECTION('',(-1.E0,0.E0,0.E0));
#908=VECTOR('',#907,2.7475E0);
#909=CARTESIAN_POINT('',(5.975E0,3.2E0,-1.254E1));
#910=LINE('',#909,#908);
#911=DIRECTION('',(0.E0,1.E0,0.E0));
#912=VECTOR('',#911,5.95E0);
#913=CARTESIAN_POINT('',(5.975E0,-2.75E0,-1.254E1));
#914=LINE('',#913,#912);
#915=DIRECTION('',(1.E0,0.E0,0.E0));
#916=VECTOR('',#915,1.195E1);
#917=CARTESIAN_POINT('',(-5.975E0,-2.75E0,-1.254E1));
#918=LINE('',#917,#916);
#919=DIRECTION('',(0.E0,-1.E0,0.E0));
#920=VECTOR('',#919,5.95E0);
#921=CARTESIAN_POINT('',(-5.975E0,3.2E0,-1.254E1));
#922=LINE('',#921,#920);
#923=DIRECTION('',(1.E0,0.E0,0.E0));
#924=VECTOR('',#923,2.7475E0);
#925=CARTESIAN_POINT('',(-5.975E0,3.2E0,-1.254E1));
#926=LINE('',#925,#924);
#927=DIRECTION('',(0.E0,1.E0,0.E0));
#928=VECTOR('',#927,3.689771914835E-1);
#929=CARTESIAN_POINT('',(4.215E0,-3.689771914835E-1,-1.254E1));
#930=LINE('',#929,#928);
#931=DIRECTION('',(1.E0,0.E0,0.E0));
#932=VECTOR('',#931,4.6E-1);
#933=CARTESIAN_POINT('',(4.215E0,-3.689771914835E-1,-1.254E1));
#934=LINE('',#933,#932);
#935=DIRECTION('',(0.E0,1.E0,0.E0));
#936=VECTOR('',#935,3.689771914835E-1);
#937=CARTESIAN_POINT('',(4.675E0,-3.689771914835E-1,-1.254E1));
#938=LINE('',#937,#936);
#939=DIRECTION('',(1.E0,0.E0,0.E0));
#940=VECTOR('',#939,4.6E-1);
#941=CARTESIAN_POINT('',(4.215E0,0.E0,-1.254E1));
#942=LINE('',#941,#940);
#943=DIRECTION('',(0.E0,1.E0,0.E0));
#944=VECTOR('',#943,3.689771914835E-1);
#945=CARTESIAN_POINT('',(2.945E0,-3.689771914835E-1,-1.254E1));
#946=LINE('',#945,#944);
#947=DIRECTION('',(1.E0,0.E0,0.E0));
#948=VECTOR('',#947,4.6E-1);
#949=CARTESIAN_POINT('',(2.945E0,-3.689771914835E-1,-1.254E1));
#950=LINE('',#949,#948);
#951=DIRECTION('',(0.E0,1.E0,0.E0));
#952=VECTOR('',#951,3.689771914835E-1);
#953=CARTESIAN_POINT('',(3.405E0,-3.689771914835E-1,-1.254E1));
#954=LINE('',#953,#952);
#955=DIRECTION('',(1.E0,0.E0,0.E0));
#956=VECTOR('',#955,4.6E-1);
#957=CARTESIAN_POINT('',(2.945E0,0.E0,-1.254E1));
#958=LINE('',#957,#956);
#959=DIRECTION('',(0.E0,1.E0,0.E0));
#960=VECTOR('',#959,3.689771914835E-1);
#961=CARTESIAN_POINT('',(1.675E0,-3.689771914835E-1,-1.254E1));
#962=LINE('',#961,#960);
#963=DIRECTION('',(1.E0,0.E0,0.E0));
#964=VECTOR('',#963,4.6E-1);
#965=CARTESIAN_POINT('',(1.675E0,-3.689771914835E-1,-1.254E1));
#966=LINE('',#965,#964);
#967=DIRECTION('',(0.E0,1.E0,0.E0));
#968=VECTOR('',#967,3.689771914835E-1);
#969=CARTESIAN_POINT('',(2.135E0,-3.689771914835E-1,-1.254E1));
#970=LINE('',#969,#968);
#971=DIRECTION('',(1.E0,0.E0,0.E0));
#972=VECTOR('',#971,4.6E-1);
#973=CARTESIAN_POINT('',(1.675E0,0.E0,-1.254E1));
#974=LINE('',#973,#972);
#975=DIRECTION('',(0.E0,1.E0,0.E0));
#976=VECTOR('',#975,3.689771914835E-1);
#977=CARTESIAN_POINT('',(4.05E-1,-3.689771914835E-1,-1.254E1));
#978=LINE('',#977,#976);
#979=DIRECTION('',(1.E0,0.E0,0.E0));
#980=VECTOR('',#979,4.6E-1);
#981=CARTESIAN_POINT('',(4.05E-1,-3.689771914835E-1,-1.254E1));
#982=LINE('',#981,#980);
#983=DIRECTION('',(0.E0,1.E0,0.E0));
#984=VECTOR('',#983,3.689771914835E-1);
#985=CARTESIAN_POINT('',(8.65E-1,-3.689771914835E-1,-1.254E1));
#986=LINE('',#985,#984);
#987=DIRECTION('',(1.E0,0.E0,0.E0));
#988=VECTOR('',#987,4.6E-1);
#989=CARTESIAN_POINT('',(4.05E-1,0.E0,-1.254E1));
#990=LINE('',#989,#988);
#991=DIRECTION('',(0.E0,1.E0,0.E0));
#992=VECTOR('',#991,3.689771914835E-1);
#993=CARTESIAN_POINT('',(-8.65E-1,-3.689771914835E-1,-1.254E1));
#994=LINE('',#993,#992);
#995=DIRECTION('',(1.E0,0.E0,0.E0));
#996=VECTOR('',#995,4.6E-1);
#997=CARTESIAN_POINT('',(-8.65E-1,-3.689771914835E-1,-1.254E1));
#998=LINE('',#997,#996);
#999=DIRECTION('',(0.E0,1.E0,0.E0));
#1000=VECTOR('',#999,3.689771914835E-1);
#1001=CARTESIAN_POINT('',(-4.05E-1,-3.689771914835E-1,-1.254E1));
#1002=LINE('',#1001,#1000);
#1003=DIRECTION('',(1.E0,0.E0,0.E0));
#1004=VECTOR('',#1003,4.6E-1);
#1005=CARTESIAN_POINT('',(-8.65E-1,0.E0,-1.254E1));
#1006=LINE('',#1005,#1004);
#1007=DIRECTION('',(0.E0,1.E0,0.E0));
#1008=VECTOR('',#1007,3.689771914835E-1);
#1009=CARTESIAN_POINT('',(-2.135E0,-3.689771914835E-1,-1.254E1));
#1010=LINE('',#1009,#1008);
#1011=DIRECTION('',(1.E0,0.E0,0.E0));
#1012=VECTOR('',#1011,4.6E-1);
#1013=CARTESIAN_POINT('',(-2.135E0,-3.689771914835E-1,-1.254E1));
#1014=LINE('',#1013,#1012);
#1015=DIRECTION('',(0.E0,1.E0,0.E0));
#1016=VECTOR('',#1015,3.689771914835E-1);
#1017=CARTESIAN_POINT('',(-1.675E0,-3.689771914835E-1,-1.254E1));
#1018=LINE('',#1017,#1016);
#1019=DIRECTION('',(1.E0,0.E0,0.E0));
#1020=VECTOR('',#1019,4.6E-1);
#1021=CARTESIAN_POINT('',(-2.135E0,0.E0,-1.254E1));
#1022=LINE('',#1021,#1020);
#1023=DIRECTION('',(0.E0,1.E0,0.E0));
#1024=VECTOR('',#1023,3.689771914835E-1);
#1025=CARTESIAN_POINT('',(-3.405E0,-3.689771914835E-1,-1.254E1));
#1026=LINE('',#1025,#1024);
#1027=DIRECTION('',(1.E0,0.E0,0.E0));
#1028=VECTOR('',#1027,4.6E-1);
#1029=CARTESIAN_POINT('',(-3.405E0,-3.689771914835E-1,-1.254E1));
#1030=LINE('',#1029,#1028);
#1031=DIRECTION('',(0.E0,1.E0,0.E0));
#1032=VECTOR('',#1031,3.689771914835E-1);
#1033=CARTESIAN_POINT('',(-2.945E0,-3.689771914835E-1,-1.254E1));
#1034=LINE('',#1033,#1032);
#1035=DIRECTION('',(1.E0,0.E0,0.E0));
#1036=VECTOR('',#1035,4.6E-1);
#1037=CARTESIAN_POINT('',(-3.405E0,0.E0,-1.254E1));
#1038=LINE('',#1037,#1036);
#1039=DIRECTION('',(0.E0,1.E0,0.E0));
#1040=VECTOR('',#1039,3.689771914835E-1);
#1041=CARTESIAN_POINT('',(-4.675E0,-3.689771914835E-1,-1.254E1));
#1042=LINE('',#1041,#1040);
#1043=DIRECTION('',(1.E0,0.E0,0.E0));
#1044=VECTOR('',#1043,4.6E-1);
#1045=CARTESIAN_POINT('',(-4.675E0,-3.689771914835E-1,-1.254E1));
#1046=LINE('',#1045,#1044);
#1047=DIRECTION('',(0.E0,1.E0,0.E0));
#1048=VECTOR('',#1047,3.689771914835E-1);
#1049=CARTESIAN_POINT('',(-4.215E0,-3.689771914835E-1,-1.254E1));
#1050=LINE('',#1049,#1048);
#1051=DIRECTION('',(1.E0,0.E0,0.E0));
#1052=VECTOR('',#1051,4.6E-1);
#1053=CARTESIAN_POINT('',(-4.675E0,0.E0,-1.254E1));
#1054=LINE('',#1053,#1052);
#1055=DIRECTION('',(0.E0,0.E0,1.E0));
#1056=VECTOR('',#1055,1.6E0);
#1057=CARTESIAN_POINT('',(3.2275E0,3.2E0,-1.254E1));
#1058=LINE('',#1057,#1056);
#1059=DIRECTION('',(0.E0,0.E0,-1.E0));
#1060=VECTOR('',#1059,1.074E1);
#1061=CARTESIAN_POINT('',(3.2275E0,4.15E0,-2.E-1));
#1062=LINE('',#1061,#1060);
#1063=DIRECTION('',(0.E0,1.E0,0.E0));
#1064=VECTOR('',#1063,1.05E0);
#1065=CARTESIAN_POINT('',(3.2275E0,2.15E0,-1.254E1));
#1066=LINE('',#1065,#1064);
#1067=DIRECTION('',(0.E0,0.E0,-1.E0));
#1068=VECTOR('',#1067,9.6E-1);
#1069=CARTESIAN_POINT('',(3.2275E0,2.15E0,-1.254E1));
#1070=LINE('',#1069,#1068);
#1071=DIRECTION('',(-1.E0,0.E0,0.E0));
#1072=VECTOR('',#1071,2.7475E0);
#1073=CARTESIAN_POINT('',(5.975E0,4.15E0,-1.094E1));
#1074=LINE('',#1073,#1072);
#1075=DIRECTION('',(0.E0,0.E0,-1.E0));
#1076=VECTOR('',#1075,1.074E1);
#1077=CARTESIAN_POINT('',(5.975E0,4.15E0,-2.E-1));
#1078=LINE('',#1077,#1076);
#1079=DIRECTION('',(0.E0,-1.E0,0.E0));
#1080=VECTOR('',#1079,2.E0);
#1081=CARTESIAN_POINT('',(5.975E0,2.1E0,-4.339402436752E-1));
#1082=LINE('',#1081,#1080);
#1083=DIRECTION('',(0.E0,0.E0,-1.E0));
#1084=VECTOR('',#1083,2.339402436752E-1);
#1085=CARTESIAN_POINT('',(5.975E0,1.E-1,-2.E-1));
#1086=LINE('',#1085,#1084);
#1087=DIRECTION('',(0.E0,0.E0,-1.E0));
#1088=VECTOR('',#1087,1.234E1);
#1089=CARTESIAN_POINT('',(5.975E0,-2.75E0,-2.E-1));
#1090=LINE('',#1089,#1088);
#1091=DIRECTION('',(0.E0,0.E0,1.E0));
#1092=VECTOR('',#1091,1.6E0);
#1093=CARTESIAN_POINT('',(5.975E0,3.2E0,-1.254E1));
#1094=LINE('',#1093,#1092);
#1095=DIRECTION('',(0.E0,-1.E0,0.E0));
#1096=VECTOR('',#1095,9.5E-1);
#1097=CARTESIAN_POINT('',(5.975E0,4.15E0,-1.094E1));
#1098=LINE('',#1097,#1096);
#1099=DIRECTION('',(0.E0,0.E0,-1.E0));
#1100=VECTOR('',#1099,2.339402436752E-1);
#1101=CARTESIAN_POINT('',(5.975E0,2.1E0,-2.E-1));
#1102=LINE('',#1101,#1100);
#1103=DIRECTION('',(-3.420201433257E-1,0.E0,-9.396926207859E-1));
#1104=VECTOR('',#1103,2.122019693636E0);
#1105=CARTESIAN_POINT('',(5.975E0,2.1E0,-4.339402436752E-1));
#1106=LINE('',#1105,#1104);
#1107=DIRECTION('',(-1.E0,0.E0,0.E0));
#1108=VECTOR('',#1107,1.92E-1);
#1109=CARTESIAN_POINT('',(6.43E0,2.1E0,0.E0));
#1110=LINE('',#1109,#1108);
#1111=CARTESIAN_POINT('',(6.238E0,2.1E0,-4.54E-1));
#1112=DIRECTION('',(0.E0,-1.E0,0.E0));
#1113=DIRECTION('',(0.E0,0.E0,1.E0));
#1114=AXIS2_PLACEMENT_3D('',#1111,#1112,#1113);
#1116=DIRECTION('',(-3.420201433257E-1,0.E0,-9.396926207859E-1));
#1117=VECTOR('',#1116,2.193120986338E0);
#1118=CARTESIAN_POINT('',(5.811379550163E0,2.1E0,-2.987228549301E-1));
#1119=LINE('',#1118,#1117);
#1120=CARTESIAN_POINT('',(6.92E0,2.1E0,-3.036098305780E0));
#1121=DIRECTION('',(0.E0,-1.E0,0.E0));
#1122=DIRECTION('',(-9.396926207859E-1,0.E0,3.420201433257E-1));
#1123=AXIS2_PLACEMENT_3D('',#1120,#1121,#1122);
#1125=DIRECTION('',(0.E0,0.E0,-1.E0));
#1126=VECTOR('',#1125,5.139016942195E-1);
#1127=CARTESIAN_POINT('',(4.942E0,2.1E0,-3.036098305780E0));
#1128=LINE('',#1127,#1126);
#1129=DIRECTION('',(0.E0,0.E0,-1.E0));
#1130=VECTOR('',#1129,2.E-1);
#1131=CARTESIAN_POINT('',(6.43E0,2.1E0,0.E0));
#1132=LINE('',#1131,#1130);
#1133=DIRECTION('',(0.E0,0.E0,1.E0));
#1134=VECTOR('',#1133,2.E-1);
#1135=CARTESIAN_POINT('',(6.43E0,1.E-1,-2.E-1));
#1136=LINE('',#1135,#1134);
#1137=DIRECTION('',(0.E0,0.E0,-1.E0));
#1138=VECTOR('',#1137,2.E-1);
#1139=CARTESIAN_POINT('',(6.43E0,-1.5E-1,0.E0));
#1140=LINE('',#1139,#1138);
#1141=DIRECTION('',(0.E0,0.E0,-1.E0));
#1142=VECTOR('',#1141,2.E-1);
#1143=CARTESIAN_POINT('',(6.43E0,2.35E0,0.E0));
#1144=LINE('',#1143,#1142);
#1145=DIRECTION('',(-3.420201433257E-1,0.E0,-9.396926207859E-1));
#1146=VECTOR('',#1145,2.122019693636E0);
#1147=CARTESIAN_POINT('',(5.975E0,1.E-1,-4.339402436752E-1));
#1148=LINE('',#1147,#1146);
#1149=CARTESIAN_POINT('',(6.92E0,1.E-1,-3.036098305780E0));
#1150=DIRECTION('',(0.E0,-1.E0,0.E0));
#1151=DIRECTION('',(-9.396926207859E-1,0.E0,3.420201433257E-1));
#1152=AXIS2_PLACEMENT_3D('',#1149,#1150,#1151);
#1154=DIRECTION('',(0.E0,0.E0,-1.E0));
#1155=VECTOR('',#1154,5.139016942195E-1);
#1156=CARTESIAN_POINT('',(5.142E0,1.E-1,-3.036098305780E0));
#1157=LINE('',#1156,#1155);
#1158=DIRECTION('',(0.E0,-1.E0,0.E0));
#1159=VECTOR('',#1158,2.E0);
#1160=CARTESIAN_POINT('',(5.249226520243E0,2.1E0,-2.427986490947E0));
#1161=LINE('',#1160,#1159);
#1162=CARTESIAN_POINT('',(6.92E0,2.1E0,-3.036098305780E0));
#1163=DIRECTION('',(0.E0,-1.E0,0.E0));
#1164=DIRECTION('',(-9.396926207859E-1,0.E0,3.420201433257E-1));
#1165=AXIS2_PLACEMENT_3D('',#1162,#1163,#1164);
#1167=DIRECTION('',(0.E0,-1.E0,0.E0));
#1168=VECTOR('',#1167,2.E0);
#1169=CARTESIAN_POINT('',(5.142E0,2.1E0,-3.036098305780E0));
#1170=LINE('',#1169,#1168);
#1171=DIRECTION('',(0.E0,0.E0,-1.E0));
#1172=VECTOR('',#1171,5.139016942195E-1);
#1173=CARTESIAN_POINT('',(5.142E0,2.1E0,-3.036098305780E0));
#1174=LINE('',#1173,#1172);
#1175=DIRECTION('',(-1.E0,0.E0,0.E0));
#1176=VECTOR('',#1175,2.E-1);
#1177=CARTESIAN_POINT('',(5.142E0,1.E-1,-3.55E0));
#1178=LINE('',#1177,#1176);
#1179=DIRECTION('',(0.E0,-1.E0,0.E0));
#1180=VECTOR('',#1179,2.E0);
#1181=CARTESIAN_POINT('',(5.142E0,2.1E0,-3.55E0));
#1182=LINE('',#1181,#1180);
#1183=DIRECTION('',(1.E0,0.E0,0.E0));
#1184=VECTOR('',#1183,2.E-1);
#1185=CARTESIAN_POINT('',(4.942E0,2.1E0,-3.55E0));
#1186=LINE('',#1185,#1184);
#1187=DIRECTION('',(0.E0,1.E0,0.E0));
#1188=VECTOR('',#1187,2.E0);
#1189=CARTESIAN_POINT('',(4.942E0,1.E-1,-3.55E0));
#1190=LINE('',#1189,#1188);
#1191=DIRECTION('',(0.E0,1.E0,0.E0));
#1192=VECTOR('',#1191,2.E0);
#1193=CARTESIAN_POINT('',(4.942E0,1.E-1,-3.036098305780E0));
#1194=LINE('',#1193,#1192);
#1195=DIRECTION('',(0.E0,0.E0,-1.E0));
#1196=VECTOR('',#1195,5.139016942195E-1);
#1197=CARTESIAN_POINT('',(4.942E0,1.E-1,-3.036098305780E0));
#1198=LINE('',#1197,#1196);
#1199=DIRECTION('',(0.E0,1.E0,0.E0));
#1200=VECTOR('',#1199,2.E0);
#1201=CARTESIAN_POINT('',(5.061287996085E0,1.E-1,-2.359582462282E0));
#1202=LINE('',#1201,#1200);
#1203=CARTESIAN_POINT('',(6.92E0,1.E-1,-3.036098305780E0));
#1204=DIRECTION('',(0.E0,-1.E0,0.E0));
#1205=DIRECTION('',(-9.396926207859E-1,0.E0,3.420201433257E-1));
#1206=AXIS2_PLACEMENT_3D('',#1203,#1204,#1205);
#1208=DIRECTION('',(0.E0,1.E0,0.E0));
#1209=VECTOR('',#1208,2.E0);
#1210=CARTESIAN_POINT('',(5.811379550163E0,1.E-1,-2.987228549301E-1));
#1211=LINE('',#1210,#1209);
#1212=DIRECTION('',(-3.420201433257E-1,0.E0,-9.396926207859E-1));
#1213=VECTOR('',#1212,2.193120986338E0);
#1214=CARTESIAN_POINT('',(5.811379550163E0,1.E-1,-2.987228549301E-1));
#1215=LINE('',#1214,#1213);
#1216=DIRECTION('',(0.E0,1.E0,0.E0));
#1217=VECTOR('',#1216,2.E0);
#1218=CARTESIAN_POINT('',(6.238E0,1.E-1,0.E0));
#1219=LINE('',#1218,#1217);
#1220=CARTESIAN_POINT('',(6.238E0,1.E-1,-4.54E-1));
#1221=DIRECTION('',(0.E0,-1.E0,0.E0));
#1222=DIRECTION('',(0.E0,0.E0,1.E0));
#1223=AXIS2_PLACEMENT_3D('',#1220,#1221,#1222);
#1225=DIRECTION('',(0.E0,0.E0,-1.E0));
#1226=VECTOR('',#1225,2.E-1);
#1227=CARTESIAN_POINT('',(6.18E0,-1.5E-1,0.E0));
#1228=LINE('',#1227,#1226);
#1229=DIRECTION('',(0.E0,0.E0,-1.E0));
#1230=VECTOR('',#1229,2.E-1);
#1231=CARTESIAN_POINT('',(6.18E0,-3.05E0,0.E0));
#1232=LINE('',#1231,#1230);
#1233=DIRECTION('',(0.E0,0.E0,-1.E0));
#1234=VECTOR('',#1233,2.E-1);
#1235=CARTESIAN_POINT('',(-6.18E0,-3.05E0,0.E0));
#1236=LINE('',#1235,#1234);
#1237=DIRECTION('',(0.E0,0.E0,-1.E0));
#1238=VECTOR('',#1237,2.E-1);
#1239=CARTESIAN_POINT('',(-6.18E0,-1.5E-1,0.E0));
#1240=LINE('',#1239,#1238);
#1241=DIRECTION('',(0.E0,0.E0,-1.E0));
#1242=VECTOR('',#1241,2.E-1);
#1243=CARTESIAN_POINT('',(-6.43E0,-1.5E-1,0.E0));
#1244=LINE('',#1243,#1242);
#1245=DIRECTION('',(0.E0,0.E0,-1.E0));
#1246=VECTOR('',#1245,1.234E1);
#1247=CARTESIAN_POINT('',(-5.975E0,-2.75E0,-2.E-1));
#1248=LINE('',#1247,#1246);
#1249=DIRECTION('',(0.E0,0.E0,1.E0));
#1250=VECTOR('',#1249,1.105589839209E0);
#1251=CARTESIAN_POINT('',(4.215E0,-2.75E0,-5.405589839209E0));
#1252=LINE('',#1251,#1250);
#1253=DIRECTION('',(1.E0,0.E0,0.E0));
#1254=VECTOR('',#1253,4.6E-1);
#1255=CARTESIAN_POINT('',(4.215E0,-2.75E0,-4.3E0));
#1256=LINE('',#1255,#1254);
#1257=DIRECTION('',(0.E0,0.E0,1.E0));
#1258=VECTOR('',#1257,1.105589839209E0);
#1259=CARTESIAN_POINT('',(4.675E0,-2.75E0,-5.405589839209E0));
#1260=LINE('',#1259,#1258);
#1261=DIRECTION('',(1.E0,0.E0,0.E0));
#1262=VECTOR('',#1261,4.6E-1);
#1263=CARTESIAN_POINT('',(4.215E0,-2.75E0,-5.405589839209E0));
#1264=LINE('',#1263,#1262);
#1265=DIRECTION('',(0.E0,0.E0,1.E0));
#1266=VECTOR('',#1265,1.105589839209E0);
#1267=CARTESIAN_POINT('',(2.945E0,-2.75E0,-5.405589839209E0));
#1268=LINE('',#1267,#1266);
#1269=DIRECTION('',(1.E0,0.E0,0.E0));
#1270=VECTOR('',#1269,4.6E-1);
#1271=CARTESIAN_POINT('',(2.945E0,-2.75E0,-4.3E0));
#1272=LINE('',#1271,#1270);
#1273=DIRECTION('',(0.E0,0.E0,1.E0));
#1274=VECTOR('',#1273,1.105589839209E0);
#1275=CARTESIAN_POINT('',(3.405E0,-2.75E0,-5.405589839209E0));
#1276=LINE('',#1275,#1274);
#1277=DIRECTION('',(1.E0,0.E0,0.E0));
#1278=VECTOR('',#1277,4.6E-1);
#1279=CARTESIAN_POINT('',(2.945E0,-2.75E0,-5.405589839209E0));
#1280=LINE('',#1279,#1278);
#1281=DIRECTION('',(0.E0,0.E0,1.E0));
#1282=VECTOR('',#1281,1.105589839209E0);
#1283=CARTESIAN_POINT('',(1.675E0,-2.75E0,-5.405589839209E0));
#1284=LINE('',#1283,#1282);
#1285=DIRECTION('',(1.E0,0.E0,0.E0));
#1286=VECTOR('',#1285,4.6E-1);
#1287=CARTESIAN_POINT('',(1.675E0,-2.75E0,-4.3E0));
#1288=LINE('',#1287,#1286);
#1289=DIRECTION('',(0.E0,0.E0,1.E0));
#1290=VECTOR('',#1289,1.105589839209E0);
#1291=CARTESIAN_POINT('',(2.135E0,-2.75E0,-5.405589839209E0));
#1292=LINE('',#1291,#1290);
#1293=DIRECTION('',(1.E0,0.E0,0.E0));
#1294=VECTOR('',#1293,4.6E-1);
#1295=CARTESIAN_POINT('',(1.675E0,-2.75E0,-5.405589839209E0));
#1296=LINE('',#1295,#1294);
#1297=DIRECTION('',(0.E0,0.E0,1.E0));
#1298=VECTOR('',#1297,1.105589839209E0);
#1299=CARTESIAN_POINT('',(4.05E-1,-2.75E0,-5.405589839209E0));
#1300=LINE('',#1299,#1298);
#1301=DIRECTION('',(1.E0,0.E0,0.E0));
#1302=VECTOR('',#1301,4.6E-1);
#1303=CARTESIAN_POINT('',(4.05E-1,-2.75E0,-4.3E0));
#1304=LINE('',#1303,#1302);
#1305=DIRECTION('',(0.E0,0.E0,1.E0));
#1306=VECTOR('',#1305,1.105589839209E0);
#1307=CARTESIAN_POINT('',(8.65E-1,-2.75E0,-5.405589839209E0));
#1308=LINE('',#1307,#1306);
#1309=DIRECTION('',(1.E0,0.E0,0.E0));
#1310=VECTOR('',#1309,4.6E-1);
#1311=CARTESIAN_POINT('',(4.05E-1,-2.75E0,-5.405589839209E0));
#1312=LINE('',#1311,#1310);
#1313=DIRECTION('',(0.E0,0.E0,1.E0));
#1314=VECTOR('',#1313,1.105589839209E0);
#1315=CARTESIAN_POINT('',(-8.65E-1,-2.75E0,-5.405589839209E0));
#1316=LINE('',#1315,#1314);
#1317=DIRECTION('',(1.E0,0.E0,0.E0));
#1318=VECTOR('',#1317,4.6E-1);
#1319=CARTESIAN_POINT('',(-8.65E-1,-2.75E0,-4.3E0));
#1320=LINE('',#1319,#1318);
#1321=DIRECTION('',(0.E0,0.E0,1.E0));
#1322=VECTOR('',#1321,1.105589839209E0);
#1323=CARTESIAN_POINT('',(-4.05E-1,-2.75E0,-5.405589839209E0));
#1324=LINE('',#1323,#1322);
#1325=DIRECTION('',(1.E0,0.E0,0.E0));
#1326=VECTOR('',#1325,4.6E-1);
#1327=CARTESIAN_POINT('',(-8.65E-1,-2.75E0,-5.405589839209E0));
#1328=LINE('',#1327,#1326);
#1329=DIRECTION('',(0.E0,0.E0,1.E0));
#1330=VECTOR('',#1329,1.105589839209E0);
#1331=CARTESIAN_POINT('',(-2.135E0,-2.75E0,-5.405589839209E0));
#1332=LINE('',#1331,#1330);
#1333=DIRECTION('',(1.E0,0.E0,0.E0));
#1334=VECTOR('',#1333,4.6E-1);
#1335=CARTESIAN_POINT('',(-2.135E0,-2.75E0,-4.3E0));
#1336=LINE('',#1335,#1334);
#1337=DIRECTION('',(0.E0,0.E0,1.E0));
#1338=VECTOR('',#1337,1.105589839209E0);
#1339=CARTESIAN_POINT('',(-1.675E0,-2.75E0,-5.405589839209E0));
#1340=LINE('',#1339,#1338);
#1341=DIRECTION('',(1.E0,0.E0,0.E0));
#1342=VECTOR('',#1341,4.6E-1);
#1343=CARTESIAN_POINT('',(-2.135E0,-2.75E0,-5.405589839209E0));
#1344=LINE('',#1343,#1342);
#1345=DIRECTION('',(0.E0,0.E0,1.E0));
#1346=VECTOR('',#1345,1.105589839209E0);
#1347=CARTESIAN_POINT('',(-3.405E0,-2.75E0,-5.405589839209E0));
#1348=LINE('',#1347,#1346);
#1349=DIRECTION('',(1.E0,0.E0,0.E0));
#1350=VECTOR('',#1349,4.6E-1);
#1351=CARTESIAN_POINT('',(-3.405E0,-2.75E0,-4.3E0));
#1352=LINE('',#1351,#1350);
#1353=DIRECTION('',(0.E0,0.E0,1.E0));
#1354=VECTOR('',#1353,1.105589839209E0);
#1355=CARTESIAN_POINT('',(-2.945E0,-2.75E0,-5.405589839209E0));
#1356=LINE('',#1355,#1354);
#1357=DIRECTION('',(1.E0,0.E0,0.E0));
#1358=VECTOR('',#1357,4.6E-1);
#1359=CARTESIAN_POINT('',(-3.405E0,-2.75E0,-5.405589839209E0));
#1360=LINE('',#1359,#1358);
#1361=DIRECTION('',(0.E0,0.E0,1.E0));
#1362=VECTOR('',#1361,1.105589839209E0);
#1363=CARTESIAN_POINT('',(-4.675E0,-2.75E0,-5.405589839209E0));
#1364=LINE('',#1363,#1362);
#1365=DIRECTION('',(1.E0,0.E0,0.E0));
#1366=VECTOR('',#1365,4.6E-1);
#1367=CARTESIAN_POINT('',(-4.675E0,-2.75E0,-4.3E0));
#1368=LINE('',#1367,#1366);
#1369=DIRECTION('',(0.E0,0.E0,1.E0));
#1370=VECTOR('',#1369,1.105589839209E0);
#1371=CARTESIAN_POINT('',(-4.215E0,-2.75E0,-5.405589839209E0));
#1372=LINE('',#1371,#1370);
#1373=DIRECTION('',(1.E0,0.E0,0.E0));
#1374=VECTOR('',#1373,4.6E-1);
#1375=CARTESIAN_POINT('',(-4.675E0,-2.75E0,-5.405589839209E0));
#1376=LINE('',#1375,#1374);
#1377=DIRECTION('',(0.E0,3.165730975336E-1,-9.485681177006E-1));
#1378=VECTOR('',#1377,7.521241782916E0);
#1379=CARTESIAN_POINT('',(4.215E0,-2.75E0,-5.405589839209E0));
#1380=LINE('',#1379,#1378);
#1381=DIRECTION('',(0.E0,-3.165730975336E-1,9.485681177006E-1));
#1382=VECTOR('',#1381,8.686777308070E0);
#1383=CARTESIAN_POINT('',(4.215E0,0.E0,-1.254E1));
#1384=LINE('',#1383,#1382);
#1385=DIRECTION('',(0.E0,3.165730975336E-1,-9.485681177006E-1));
#1386=VECTOR('',#1385,7.521241782916E0);
#1387=CARTESIAN_POINT('',(4.675E0,-2.75E0,-5.405589839209E0));
#1388=LINE('',#1387,#1386);
#1389=DIRECTION('',(0.E0,-3.165730975336E-1,9.485681177006E-1));
#1390=VECTOR('',#1389,8.686777308070E0);
#1391=CARTESIAN_POINT('',(4.675E0,0.E0,-1.254E1));
#1392=LINE('',#1391,#1390);
#1393=DIRECTION('',(0.E0,-3.165730975336E-1,9.485681177006E-1));
#1394=VECTOR('',#1393,8.686777308070E0);
#1395=CARTESIAN_POINT('',(2.945E0,0.E0,-1.254E1));
#1396=LINE('',#1395,#1394);
#1397=DIRECTION('',(0.E0,3.165730975336E-1,-9.485681177006E-1));
#1398=VECTOR('',#1397,7.521241782916E0);
#1399=CARTESIAN_POINT('',(2.945E0,-2.75E0,-5.405589839209E0));
#1400=LINE('',#1399,#1398);
#1401=DIRECTION('',(0.E0,3.165730975336E-1,-9.485681177006E-1));
#1402=VECTOR('',#1401,7.521241782916E0);
#1403=CARTESIAN_POINT('',(3.405E0,-2.75E0,-5.405589839209E0));
#1404=LINE('',#1403,#1402);
#1405=DIRECTION('',(0.E0,-3.165730975336E-1,9.485681177006E-1));
#1406=VECTOR('',#1405,8.686777308070E0);
#1407=CARTESIAN_POINT('',(3.405E0,0.E0,-1.254E1));
#1408=LINE('',#1407,#1406);
#1409=DIRECTION('',(0.E0,-3.165730975336E-1,9.485681177006E-1));
#1410=VECTOR('',#1409,8.686777308070E0);
#1411=CARTESIAN_POINT('',(1.675E0,0.E0,-1.254E1));
#1412=LINE('',#1411,#1410);
#1413=DIRECTION('',(0.E0,3.165730975336E-1,-9.485681177006E-1));
#1414=VECTOR('',#1413,7.521241782916E0);
#1415=CARTESIAN_POINT('',(1.675E0,-2.75E0,-5.405589839209E0));
#1416=LINE('',#1415,#1414);
#1417=DIRECTION('',(0.E0,3.165730975336E-1,-9.485681177006E-1));
#1418=VECTOR('',#1417,7.521241782916E0);
#1419=CARTESIAN_POINT('',(2.135E0,-2.75E0,-5.405589839209E0));
#1420=LINE('',#1419,#1418);
#1421=DIRECTION('',(0.E0,-3.165730975336E-1,9.485681177006E-1));
#1422=VECTOR('',#1421,8.686777308070E0);
#1423=CARTESIAN_POINT('',(2.135E0,0.E0,-1.254E1));
#1424=LINE('',#1423,#1422);
#1425=DIRECTION('',(0.E0,-3.165730975336E-1,9.485681177006E-1));
#1426=VECTOR('',#1425,8.686777308070E0);
#1427=CARTESIAN_POINT('',(4.05E-1,0.E0,-1.254E1));
#1428=LINE('',#1427,#1426);
#1429=DIRECTION('',(0.E0,3.165730975336E-1,-9.485681177006E-1));
#1430=VECTOR('',#1429,7.521241782916E0);
#1431=CARTESIAN_POINT('',(4.05E-1,-2.75E0,-5.405589839209E0));
#1432=LINE('',#1431,#1430);
#1433=DIRECTION('',(0.E0,3.165730975336E-1,-9.485681177006E-1));
#1434=VECTOR('',#1433,7.521241782916E0);
#1435=CARTESIAN_POINT('',(8.65E-1,-2.75E0,-5.405589839209E0));
#1436=LINE('',#1435,#1434);
#1437=DIRECTION('',(0.E0,-3.165730975336E-1,9.485681177006E-1));
#1438=VECTOR('',#1437,8.686777308070E0);
#1439=CARTESIAN_POINT('',(8.65E-1,0.E0,-1.254E1));
#1440=LINE('',#1439,#1438);
#1441=DIRECTION('',(0.E0,-3.165730975336E-1,9.485681177006E-1));
#1442=VECTOR('',#1441,8.686777308070E0);
#1443=CARTESIAN_POINT('',(-8.65E-1,0.E0,-1.254E1));
#1444=LINE('',#1443,#1442);
#1445=DIRECTION('',(0.E0,3.165730975336E-1,-9.485681177006E-1));
#1446=VECTOR('',#1445,7.521241782916E0);
#1447=CARTESIAN_POINT('',(-8.65E-1,-2.75E0,-5.405589839209E0));
#1448=LINE('',#1447,#1446);
#1449=DIRECTION('',(0.E0,3.165730975336E-1,-9.485681177006E-1));
#1450=VECTOR('',#1449,7.521241782916E0);
#1451=CARTESIAN_POINT('',(-4.05E-1,-2.75E0,-5.405589839209E0));
#1452=LINE('',#1451,#1450);
#1453=DIRECTION('',(0.E0,-3.165730975336E-1,9.485681177006E-1));
#1454=VECTOR('',#1453,8.686777308070E0);
#1455=CARTESIAN_POINT('',(-4.05E-1,0.E0,-1.254E1));
#1456=LINE('',#1455,#1454);
#1457=DIRECTION('',(0.E0,-3.165730975336E-1,9.485681177006E-1));
#1458=VECTOR('',#1457,8.686777308070E0);
#1459=CARTESIAN_POINT('',(-2.135E0,0.E0,-1.254E1));
#1460=LINE('',#1459,#1458);
#1461=DIRECTION('',(0.E0,3.165730975336E-1,-9.485681177006E-1));
#1462=VECTOR('',#1461,7.521241782916E0);
#1463=CARTESIAN_POINT('',(-2.135E0,-2.75E0,-5.405589839209E0));
#1464=LINE('',#1463,#1462);
#1465=DIRECTION('',(0.E0,3.165730975336E-1,-9.485681177006E-1));
#1466=VECTOR('',#1465,7.521241782916E0);
#1467=CARTESIAN_POINT('',(-1.675E0,-2.75E0,-5.405589839209E0));
#1468=LINE('',#1467,#1466);
#1469=DIRECTION('',(0.E0,-3.165730975336E-1,9.485681177006E-1));
#1470=VECTOR('',#1469,8.686777308070E0);
#1471=CARTESIAN_POINT('',(-1.675E0,0.E0,-1.254E1));
#1472=LINE('',#1471,#1470);
#1473=DIRECTION('',(0.E0,-3.165730975336E-1,9.485681177006E-1));
#1474=VECTOR('',#1473,8.686777308070E0);
#1475=CARTESIAN_POINT('',(-3.405E0,0.E0,-1.254E1));
#1476=LINE('',#1475,#1474);
#1477=DIRECTION('',(0.E0,3.165730975336E-1,-9.485681177006E-1));
#1478=VECTOR('',#1477,7.521241782916E0);
#1479=CARTESIAN_POINT('',(-3.405E0,-2.75E0,-5.405589839209E0));
#1480=LINE('',#1479,#1478);
#1481=DIRECTION('',(0.E0,3.165730975336E-1,-9.485681177006E-1));
#1482=VECTOR('',#1481,7.521241782916E0);
#1483=CARTESIAN_POINT('',(-2.945E0,-2.75E0,-5.405589839209E0));
#1484=LINE('',#1483,#1482);
#1485=DIRECTION('',(0.E0,-3.165730975336E-1,9.485681177006E-1));
#1486=VECTOR('',#1485,8.686777308070E0);
#1487=CARTESIAN_POINT('',(-2.945E0,0.E0,-1.254E1));
#1488=LINE('',#1487,#1486);
#1489=DIRECTION('',(0.E0,-3.165730975336E-1,9.485681177006E-1));
#1490=VECTOR('',#1489,8.686777308070E0);
#1491=CARTESIAN_POINT('',(-4.675E0,0.E0,-1.254E1));
#1492=LINE('',#1491,#1490);
#1493=DIRECTION('',(0.E0,3.165730975336E-1,-9.485681177006E-1));
#1494=VECTOR('',#1493,7.521241782916E0);
#1495=CARTESIAN_POINT('',(-4.675E0,-2.75E0,-5.405589839209E0));
#1496=LINE('',#1495,#1494);
#1497=DIRECTION('',(0.E0,3.165730975336E-1,-9.485681177006E-1));
#1498=VECTOR('',#1497,7.521241782916E0);
#1499=CARTESIAN_POINT('',(-4.215E0,-2.75E0,-5.405589839209E0));
#1500=LINE('',#1499,#1498);
#1501=DIRECTION('',(0.E0,-3.165730975336E-1,9.485681177006E-1));
#1502=VECTOR('',#1501,8.686777308070E0);
#1503=CARTESIAN_POINT('',(-4.215E0,0.E0,-1.254E1));
#1504=LINE('',#1503,#1502);
#1505=DIRECTION('',(1.E0,0.E0,0.E0));
#1506=VECTOR('',#1505,6.455E0);
#1507=CARTESIAN_POINT('',(-3.2275E0,2.15E0,-1.254E1));
#1508=LINE('',#1507,#1506);
#1509=DIRECTION('',(0.E0,0.E0,-1.E0));
#1510=VECTOR('',#1509,9.6E-1);
#1511=CARTESIAN_POINT('',(-3.2275E0,2.15E0,-1.254E1));
#1512=LINE('',#1511,#1510);
#1513=DIRECTION('',(0.E0,-1.E0,0.E0));
#1514=VECTOR('',#1513,9.E-1);
#1515=CARTESIAN_POINT('',(-2.03E0,6.75E0,-1.35E1));
#1516=LINE('',#1515,#1514);
#1517=DIRECTION('',(-1.E0,0.E0,0.E0));
#1518=VECTOR('',#1517,4.06E0);
#1519=CARTESIAN_POINT('',(2.03E0,6.75E0,-1.35E1));
#1520=LINE('',#1519,#1518);
#1521=DIRECTION('',(0.E0,1.E0,0.E0));
#1522=VECTOR('',#1521,9.E-1);
#1523=CARTESIAN_POINT('',(2.03E0,5.85E0,-1.35E1));
#1524=LINE('',#1523,#1522);
#1525=DIRECTION('',(-1.E0,0.E0,0.E0));
#1526=VECTOR('',#1525,1.1975E0);
#1527=CARTESIAN_POINT('',(3.2275E0,5.85E0,-1.35E1));
#1528=LINE('',#1527,#1526);
#1529=DIRECTION('',(0.E0,1.E0,0.E0));
#1530=VECTOR('',#1529,3.7E0);
#1531=CARTESIAN_POINT('',(3.2275E0,2.15E0,-1.35E1));
#1532=LINE('',#1531,#1530);
#1533=DIRECTION('',(1.E0,0.E0,0.E0));
#1534=VECTOR('',#1533,6.455E0);
#1535=CARTESIAN_POINT('',(-3.2275E0,2.15E0,-1.35E1));
#1536=LINE('',#1535,#1534);
#1537=DIRECTION('',(0.E0,-1.E0,0.E0));
#1538=VECTOR('',#1537,3.7E0);
#1539=CARTESIAN_POINT('',(-3.2275E0,5.85E0,-1.35E1));
#1540=LINE('',#1539,#1538);
#1541=DIRECTION('',(-1.E0,0.E0,0.E0));
#1542=VECTOR('',#1541,1.1975E0);
#1543=CARTESIAN_POINT('',(-2.03E0,5.85E0,-1.35E1));
#1544=LINE('',#1543,#1542);
#1545=DIRECTION('',(0.E0,1.E0,0.E0));
#1546=VECTOR('',#1545,2.24E0);
#1547=CARTESIAN_POINT('',(-2.03E0,5.85E0,-2.E-1));
#1548=LINE('',#1547,#1546);
#1549=DIRECTION('',(0.E0,0.E0,1.E0));
#1550=VECTOR('',#1549,2.1E0);
#1551=CARTESIAN_POINT('',(-2.03E0,8.09E0,-2.3E0));
#1552=LINE('',#1551,#1550);
#1553=DIRECTION('',(0.E0,1.E0,0.E0));
#1554=VECTOR('',#1553,5.4E-1);
#1555=CARTESIAN_POINT('',(-2.03E0,7.55E0,-2.3E0));
#1556=LINE('',#1555,#1554);
#1557=DIRECTION('',(0.E0,1.915103594196E-1,9.814905920257E-1));
#1558=VECTOR('',#1557,2.088659857421E0);
#1559=CARTESIAN_POINT('',(-2.03E0,7.15E0,-4.35E0));
#1560=LINE('',#1559,#1558);
#1561=DIRECTION('',(0.E0,0.E0,1.E0));
#1562=VECTOR('',#1561,2.65E0);
#1563=CARTESIAN_POINT('',(-2.03E0,7.15E0,-7.E0));
#1564=LINE('',#1563,#1562);
#1565=DIRECTION('',(0.E0,7.071067811865E-1,7.071067811865E-1));
#1566=VECTOR('',#1565,5.656854249492E-1);
#1567=CARTESIAN_POINT('',(-2.03E0,6.75E0,-7.4E0));
#1568=LINE('',#1567,#1566);
#1569=DIRECTION('',(0.E0,0.E0,-1.E0));
#1570=VECTOR('',#1569,6.1E0);
#1571=CARTESIAN_POINT('',(-2.03E0,6.75E0,-7.4E0));
#1572=LINE('',#1571,#1570);
#1573=DIRECTION('',(1.E0,0.E0,0.E0));
#1574=VECTOR('',#1573,4.06E0);
#1575=CARTESIAN_POINT('',(-2.03E0,8.09E0,-2.3E0));
#1576=LINE('',#1575,#1574);
#1577=DIRECTION('',(0.E0,7.071067811865E-1,7.071067811865E-1));
#1578=VECTOR('',#1577,5.656854249492E-1);
#1579=CARTESIAN_POINT('',(2.03E0,6.75E0,-7.4E0));
#1580=LINE('',#1579,#1578);
#1581=DIRECTION('',(0.E0,0.E0,1.E0));
#1582=VECTOR('',#1581,2.65E0);
#1583=CARTESIAN_POINT('',(2.03E0,7.15E0,-7.E0));
#1584=LINE('',#1583,#1582);
#1585=DIRECTION('',(0.E0,1.915103594196E-1,9.814905920257E-1));
#1586=VECTOR('',#1585,2.088659857421E0);
#1587=CARTESIAN_POINT('',(2.03E0,7.15E0,-4.35E0));
#1588=LINE('',#1587,#1586);
#1589=DIRECTION('',(0.E0,1.E0,0.E0));
#1590=VECTOR('',#1589,5.4E-1);
#1591=CARTESIAN_POINT('',(2.03E0,7.55E0,-2.3E0));
#1592=LINE('',#1591,#1590);
#1593=DIRECTION('',(0.E0,0.E0,1.E0));
#1594=VECTOR('',#1593,2.1E0);
#1595=CARTESIAN_POINT('',(2.03E0,8.09E0,-2.3E0));
#1596=LINE('',#1595,#1594);
#1597=DIRECTION('',(0.E0,-1.E0,0.E0));
#1598=VECTOR('',#1597,2.24E0);
#1599=CARTESIAN_POINT('',(2.03E0,8.09E0,-2.E-1));
#1600=LINE('',#1599,#1598);
#1601=DIRECTION('',(0.E0,0.E0,-1.E0));
#1602=VECTOR('',#1601,1.33E1);
#1603=CARTESIAN_POINT('',(2.03E0,5.85E0,-2.E-1));
#1604=LINE('',#1603,#1602);
#1605=DIRECTION('',(-1.E0,0.E0,0.E0));
#1606=VECTOR('',#1605,4.06E0);
#1607=CARTESIAN_POINT('',(2.03E0,6.75E0,-7.4E0));
#1608=LINE('',#1607,#1606);
#1609=DIRECTION('',(0.E0,0.E0,-1.E0));
#1610=VECTOR('',#1609,6.1E0);
#1611=CARTESIAN_POINT('',(2.03E0,6.75E0,-7.4E0));
#1612=LINE('',#1611,#1610);
#1613=DIRECTION('',(1.E0,0.E0,0.E0));
#1614=VECTOR('',#1613,4.06E0);
#1615=CARTESIAN_POINT('',(-2.03E0,7.15E0,-7.E0));
#1616=LINE('',#1615,#1614);
#1617=DIRECTION('',(1.E0,0.E0,0.E0));
#1618=VECTOR('',#1617,4.06E0);
#1619=CARTESIAN_POINT('',(-2.03E0,7.15E0,-4.35E0));
#1620=LINE('',#1619,#1618);
#1621=DIRECTION('',(1.E0,0.E0,0.E0));
#1622=VECTOR('',#1621,4.06E0);
#1623=CARTESIAN_POINT('',(-2.03E0,7.55E0,-2.3E0));
#1624=LINE('',#1623,#1622);
#1625=DIRECTION('',(0.E0,0.E0,-1.E0));
#1626=VECTOR('',#1625,1.33E1);
#1627=CARTESIAN_POINT('',(3.2275E0,5.85E0,-2.E-1));
#1628=LINE('',#1627,#1626);
#1629=DIRECTION('',(0.E0,0.E0,-1.E0));
#1630=VECTOR('',#1629,1.33E1);
#1631=CARTESIAN_POINT('',(-2.03E0,5.85E0,-2.E-1));
#1632=LINE('',#1631,#1630);
#1633=DIRECTION('',(3.420201433257E-1,0.E0,-9.396926207859E-1));
#1634=VECTOR('',#1633,2.122019693636E0);
#1635=CARTESIAN_POINT('',(-5.975E0,1.E-1,-4.339402436752E-1));
#1636=LINE('',#1635,#1634);
#1637=DIRECTION('',(0.E0,1.E0,0.E0));
#1638=VECTOR('',#1637,2.E0);
#1639=CARTESIAN_POINT('',(-5.249226520243E0,1.E-1,-2.427986490947E0));
#1640=LINE('',#1639,#1638);
#1641=CARTESIAN_POINT('',(-6.92E0,1.E-1,-3.036098305780E0));
#1642=DIRECTION('',(0.E0,1.E0,0.E0));
#1643=DIRECTION('',(9.396926207859E-1,0.E0,3.420201433257E-1));
#1644=AXIS2_PLACEMENT_3D('',#1641,#1642,#1643);
#1646=DIRECTION('',(0.E0,1.E0,0.E0));
#1647=VECTOR('',#1646,2.E0);
#1648=CARTESIAN_POINT('',(-5.142E0,1.E-1,-3.036098305780E0));
#1649=LINE('',#1648,#1647);
#1650=DIRECTION('',(0.E0,0.E0,-1.E0));
#1651=VECTOR('',#1650,5.139016942195E-1);
#1652=CARTESIAN_POINT('',(-5.142E0,1.E-1,-3.036098305780E0));
#1653=LINE('',#1652,#1651);
#1654=DIRECTION('',(0.E0,1.E0,0.E0));
#1655=VECTOR('',#1654,2.E0);
#1656=CARTESIAN_POINT('',(-5.142E0,1.E-1,-3.55E0));
#1657=LINE('',#1656,#1655);
#1658=DIRECTION('',(-1.E0,0.E0,0.E0));
#1659=VECTOR('',#1658,2.E-1);
#1660=CARTESIAN_POINT('',(-4.942E0,1.E-1,-3.55E0));
#1661=LINE('',#1660,#1659);
#1662=DIRECTION('',(0.E0,-1.E0,0.E0));
#1663=VECTOR('',#1662,2.E0);
#1664=CARTESIAN_POINT('',(-4.942E0,2.1E0,-3.55E0));
#1665=LINE('',#1664,#1663);
#1666=DIRECTION('',(1.E0,0.E0,0.E0));
#1667=VECTOR('',#1666,2.E-1);
#1668=CARTESIAN_POINT('',(-5.142E0,2.1E0,-3.55E0));
#1669=LINE('',#1668,#1667);
#1670=DIRECTION('',(0.E0,-1.E0,0.E0));
#1671=VECTOR('',#1670,2.E0);
#1672=CARTESIAN_POINT('',(-4.942E0,2.1E0,-3.036098305781E0));
#1673=LINE('',#1672,#1671);
#1674=DIRECTION('',(0.E0,0.E0,-1.E0));
#1675=VECTOR('',#1674,5.139016942195E-1);
#1676=CARTESIAN_POINT('',(-4.942E0,2.1E0,-3.036098305781E0));
#1677=LINE('',#1676,#1675);
#1678=DIRECTION('',(0.E0,-1.E0,0.E0));
#1679=VECTOR('',#1678,2.E0);
#1680=CARTESIAN_POINT('',(-5.061287996085E0,2.1E0,-2.359582462282E0));
#1681=LINE('',#1680,#1679);
#1682=CARTESIAN_POINT('',(-6.92E0,2.1E0,-3.036098305780E0));
#1683=DIRECTION('',(0.E0,1.E0,0.E0));
#1684=DIRECTION('',(9.396926207859E-1,0.E0,3.420201433257E-1));
#1685=AXIS2_PLACEMENT_3D('',#1682,#1683,#1684);
#1687=DIRECTION('',(0.E0,-1.E0,0.E0));
#1688=VECTOR('',#1687,2.E0);
#1689=CARTESIAN_POINT('',(-5.811379550163E0,2.1E0,-2.987228549301E-1));
#1690=LINE('',#1689,#1688);
#1691=DIRECTION('',(3.420201433257E-1,0.E0,-9.396926207859E-1));
#1692=VECTOR('',#1691,2.193120986338E0);
#1693=CARTESIAN_POINT('',(-5.811379550163E0,2.1E0,-2.987228549301E-1));
#1694=LINE('',#1693,#1692);
#1695=DIRECTION('',(0.E0,-1.E0,0.E0));
#1696=VECTOR('',#1695,2.E0);
#1697=CARTESIAN_POINT('',(-6.238E0,2.1E0,0.E0));
#1698=LINE('',#1697,#1696);
#1699=CARTESIAN_POINT('',(-6.238E0,2.1E0,-4.54E-1));
#1700=DIRECTION('',(0.E0,1.E0,0.E0));
#1701=DIRECTION('',(0.E0,0.E0,1.E0));
#1702=AXIS2_PLACEMENT_3D('',#1699,#1700,#1701);
#1704=DIRECTION('',(0.E0,0.E0,-1.E0));
#1705=VECTOR('',#1704,2.E-1);
#1706=CARTESIAN_POINT('',(-6.18E0,2.35E0,0.E0));
#1707=LINE('',#1706,#1705);
#1708=DIRECTION('',(0.E0,0.E0,1.E0));
#1709=VECTOR('',#1708,2.E-1);
#1710=CARTESIAN_POINT('',(-6.18E0,4.85E0,-2.E-1));
#1711=LINE('',#1710,#1709);
#1712=DIRECTION('',(0.E0,0.E0,-1.E0));
#1713=VECTOR('',#1712,2.E-1);
#1714=CARTESIAN_POINT('',(-3.7E0,4.85E0,0.E0));
#1715=LINE('',#1714,#1713);
#1716=DIRECTION('',(0.E0,0.E0,1.E0));
#1717=VECTOR('',#1716,2.E-1);
#1718=CARTESIAN_POINT('',(-3.7E0,6.65E0,-2.E-1));
#1719=LINE('',#1718,#1717);
#1720=DIRECTION('',(0.E0,0.E0,-1.E0));
#1721=VECTOR('',#1720,2.E-1);
#1722=CARTESIAN_POINT('',(-2.475E0,6.65E0,0.E0));
#1723=LINE('',#1722,#1721);
#1724=DIRECTION('',(1.E0,0.E0,0.E0));
#1725=VECTOR('',#1724,1.615E1);
#1726=CARTESIAN_POINT('',(-8.075E0,8.35E0,-1.65E1));
#1727=LINE('',#1726,#1725);
#1728=DIRECTION('',(0.E0,0.E0,-1.E0));
#1729=VECTOR('',#1728,2.E-1);
#1730=CARTESIAN_POINT('',(2.475E0,8.35E0,0.E0));
#1731=LINE('',#1730,#1729);
#1732=DIRECTION('',(1.E0,0.E0,0.E0));
#1733=VECTOR('',#1732,4.95E0);
#1734=CARTESIAN_POINT('',(-2.475E0,8.35E0,-2.E-1));
#1735=LINE('',#1734,#1733);
#1736=DIRECTION('',(0.E0,0.E0,-1.E0));
#1737=VECTOR('',#1736,2.E-1);
#1738=CARTESIAN_POINT('',(-2.475E0,8.35E0,0.E0));
#1739=LINE('',#1738,#1737);
#1740=CARTESIAN_POINT('',(8.075E0,4.85E0,-1.93E1));
#1741=DIRECTION('',(-1.E0,0.E0,0.E0));
#1742=DIRECTION('',(0.E0,1.E0,0.E0));
#1743=AXIS2_PLACEMENT_3D('',#1740,#1741,#1742);
#1745=DIRECTION('',(0.E0,1.E0,0.E0));
#1746=VECTOR('',#1745,1.22E1);
#1747=CARTESIAN_POINT('',(8.075E0,-8.E0,-1.65E1));
#1748=LINE('',#1747,#1746);
#1749=DIRECTION('',(0.E0,0.E0,-1.E0));
#1750=VECTOR('',#1749,1.75E0);
#1751=CARTESIAN_POINT('',(8.075E0,-8.E0,-1.475E1));
#1752=LINE('',#1751,#1750);
#1753=DIRECTION('',(0.E0,1.E0,0.E0));
#1754=VECTOR('',#1753,3.5E-1);
#1755=CARTESIAN_POINT('',(8.075E0,-8.35E0,-1.475E1));
#1756=LINE('',#1755,#1754);
#1757=DIRECTION('',(0.E0,0.E0,-1.E0));
#1758=VECTOR('',#1757,1.475E1);
#1759=CARTESIAN_POINT('',(8.075E0,-8.35E0,0.E0));
#1760=LINE('',#1759,#1758);
#1761=DIRECTION('',(0.E0,-1.E0,0.E0));
#1762=VECTOR('',#1761,1.67E1);
#1763=CARTESIAN_POINT('',(8.075E0,8.35E0,0.E0));
#1764=LINE('',#1763,#1762);
#1765=DIRECTION('',(0.E0,0.E0,1.E0));
#1766=VECTOR('',#1765,1.65E1);
#1767=CARTESIAN_POINT('',(8.075E0,8.35E0,-1.65E1));
#1768=LINE('',#1767,#1766);
#1769=DIRECTION('',(0.E0,1.E0,0.E0));
#1770=VECTOR('',#1769,2.85E0);
#1771=CARTESIAN_POINT('',(8.075E0,5.5E0,-1.65E1));
#1772=LINE('',#1771,#1770);
#1773=DIRECTION('',(0.E0,0.E0,-1.E0));
#1774=VECTOR('',#1773,2.8E0);
#1775=CARTESIAN_POINT('',(8.075E0,5.5E0,-1.65E1));
#1776=LINE('',#1775,#1774);
#1777=DIRECTION('',(1.E0,0.E0,0.E0));
#1778=VECTOR('',#1777,4.E-1);
#1779=CARTESIAN_POINT('',(7.675E0,5.5E0,-1.93E1));
#1780=LINE('',#1779,#1778);
#1781=DIRECTION('',(0.E0,0.E0,-1.E0));
#1782=VECTOR('',#1781,2.8E0);
#1783=CARTESIAN_POINT('',(7.675E0,5.5E0,-1.65E1));
#1784=LINE('',#1783,#1782);
#1785=CARTESIAN_POINT('',(7.675E0,4.85E0,-1.93E1));
#1786=DIRECTION('',(1.E0,0.E0,0.E0));
#1787=DIRECTION('',(0.E0,-1.E0,0.E0));
#1788=AXIS2_PLACEMENT_3D('',#1785,#1786,#1787);
#1790=DIRECTION('',(0.E0,0.E0,-1.E0));
#1791=VECTOR('',#1790,2.8E0);
#1792=CARTESIAN_POINT('',(7.675E0,4.2E0,-1.65E1));
#1793=LINE('',#1792,#1791);
#1794=DIRECTION('',(-1.E0,0.E0,0.E0));
#1795=VECTOR('',#1794,4.E-1);
#1796=CARTESIAN_POINT('',(8.075E0,4.2E0,-1.93E1));
#1797=LINE('',#1796,#1795);
#1798=DIRECTION('',(0.E0,0.E0,-1.E0));
#1799=VECTOR('',#1798,2.8E0);
#1800=CARTESIAN_POINT('',(8.075E0,4.2E0,-1.65E1));
#1801=LINE('',#1800,#1799);
#1802=DIRECTION('',(0.E0,0.E0,-1.E0));
#1803=VECTOR('',#1802,2.E-1);
#1804=CARTESIAN_POINT('',(2.475E0,6.65E0,0.E0));
#1805=LINE('',#1804,#1803);
#1806=DIRECTION('',(0.E0,0.E0,1.E0));
#1807=VECTOR('',#1806,2.E-1);
#1808=CARTESIAN_POINT('',(3.7E0,6.65E0,-2.E-1));
#1809=LINE('',#1808,#1807);
#1810=CARTESIAN_POINT('',(-8.075E0,8.35E0,0.E0));
#1811=CARTESIAN_POINT('',(-8.075E0,-8.35E0,0.E0));
#1812=VERTEX_POINT('',#1810);
#1813=VERTEX_POINT('',#1811);
#1814=CARTESIAN_POINT('',(-8.075E0,-8.35E0,-1.475E1));
#1815=VERTEX_POINT('',#1814);
#1816=CARTESIAN_POINT('',(-8.075E0,-8.E0,-1.475E1));
#1817=VERTEX_POINT('',#1816);
#1818=CARTESIAN_POINT('',(-8.075E0,-8.E0,-1.65E1));
#1819=VERTEX_POINT('',#1818);
#1820=CARTESIAN_POINT('',(-8.075E0,8.35E0,-1.65E1));
#1821=VERTEX_POINT('',#1820);
#1822=CARTESIAN_POINT('',(8.075E0,8.35E0,0.E0));
#1823=CARTESIAN_POINT('',(8.075E0,-8.35E0,0.E0));
#1824=VERTEX_POINT('',#1822);
#1825=VERTEX_POINT('',#1823);
#1826=CARTESIAN_POINT('',(8.075E0,-8.35E0,-1.475E1));
#1827=VERTEX_POINT('',#1826);
#1828=CARTESIAN_POINT('',(8.075E0,-8.E0,-1.475E1));
#1829=VERTEX_POINT('',#1828);
#1830=CARTESIAN_POINT('',(8.075E0,-8.E0,-1.65E1));
#1831=VERTEX_POINT('',#1830);
#1832=CARTESIAN_POINT('',(8.075E0,8.35E0,-1.65E1));
#1833=VERTEX_POINT('',#1832);
#1834=CARTESIAN_POINT('',(-6.18E0,2.35E0,-2.E-1));
#1835=CARTESIAN_POINT('',(-6.43E0,2.35E0,-2.E-1));
#1836=VERTEX_POINT('',#1834);
#1837=VERTEX_POINT('',#1835);
#1838=CARTESIAN_POINT('',(-6.43E0,-1.5E-1,-2.E-1));
#1839=CARTESIAN_POINT('',(-6.18E0,-1.5E-1,-2.E-1));
#1840=VERTEX_POINT('',#1838);
#1841=VERTEX_POINT('',#1839);
#1842=CARTESIAN_POINT('',(-6.18E0,-3.05E0,-2.E-1));
#1843=VERTEX_POINT('',#1842);
#1844=CARTESIAN_POINT('',(6.18E0,-3.05E0,-2.E-1));
#1845=VERTEX_POINT('',#1844);
#1846=CARTESIAN_POINT('',(6.18E0,-1.5E-1,-2.E-1));
#1847=VERTEX_POINT('',#1846);
#1848=CARTESIAN_POINT('',(6.43E0,-1.5E-1,-2.E-1));
#1849=VERTEX_POINT('',#1848);
#1850=CARTESIAN_POINT('',(6.43E0,2.35E0,-2.E-1));
#1851=CARTESIAN_POINT('',(6.18E0,2.35E0,-2.E-1));
#1852=VERTEX_POINT('',#1850);
#1853=VERTEX_POINT('',#1851);
#1854=CARTESIAN_POINT('',(-2.475E0,8.35E0,0.E0));
#1855=CARTESIAN_POINT('',(-2.475E0,6.65E0,0.E0));
#1856=VERTEX_POINT('',#1854);
#1857=VERTEX_POINT('',#1855);
#1858=CARTESIAN_POINT('',(-6.18E0,2.35E0,0.E0));
#1859=CARTESIAN_POINT('',(-6.43E0,2.35E0,0.E0));
#1860=VERTEX_POINT('',#1858);
#1861=VERTEX_POINT('',#1859);
#1862=CARTESIAN_POINT('',(-6.43E0,-1.5E-1,0.E0));
#1863=CARTESIAN_POINT('',(-6.18E0,-1.5E-1,0.E0));
#1864=VERTEX_POINT('',#1862);
#1865=VERTEX_POINT('',#1863);
#1866=CARTESIAN_POINT('',(-6.18E0,-3.05E0,0.E0));
#1867=VERTEX_POINT('',#1866);
#1868=CARTESIAN_POINT('',(6.18E0,-3.05E0,0.E0));
#1869=VERTEX_POINT('',#1868);
#1870=CARTESIAN_POINT('',(6.18E0,-1.5E-1,0.E0));
#1871=VERTEX_POINT('',#1870);
#1872=CARTESIAN_POINT('',(6.43E0,-1.5E-1,0.E0));
#1873=VERTEX_POINT('',#1872);
#1874=CARTESIAN_POINT('',(6.43E0,2.35E0,0.E0));
#1875=CARTESIAN_POINT('',(6.18E0,2.35E0,0.E0));
#1876=VERTEX_POINT('',#1874);
#1877=VERTEX_POINT('',#1875);
#1878=CARTESIAN_POINT('',(2.475E0,8.35E0,0.E0));
#1879=CARTESIAN_POINT('',(2.475E0,6.65E0,0.E0));
#1880=VERTEX_POINT('',#1878);
#1881=VERTEX_POINT('',#1879);
#1882=CARTESIAN_POINT('',(-2.475E0,6.65E0,-2.E-1));
#1883=VERTEX_POINT('',#1882);
#1884=CARTESIAN_POINT('',(2.475E0,6.65E0,-2.E-1));
#1885=VERTEX_POINT('',#1884);
#1886=CARTESIAN_POINT('',(-2.475E0,8.35E0,-2.E-1));
#1887=CARTESIAN_POINT('',(2.475E0,8.35E0,-2.E-1));
#1888=VERTEX_POINT('',#1886);
#1889=VERTEX_POINT('',#1887);
#1890=CARTESIAN_POINT('',(-2.03E0,6.75E0,-1.35E1));
#1891=CARTESIAN_POINT('',(-2.03E0,5.85E0,-1.35E1));
#1892=VERTEX_POINT('',#1890);
#1893=VERTEX_POINT('',#1891);
#1894=CARTESIAN_POINT('',(-3.2275E0,5.85E0,-1.35E1));
#1895=VERTEX_POINT('',#1894);
#1896=CARTESIAN_POINT('',(-3.2275E0,2.15E0,-1.35E1));
#1897=VERTEX_POINT('',#1896);
#1898=CARTESIAN_POINT('',(3.2275E0,2.15E0,-1.35E1));
#1899=VERTEX_POINT('',#1898);
#1900=CARTESIAN_POINT('',(3.2275E0,5.85E0,-1.35E1));
#1901=VERTEX_POINT('',#1900);
#1902=CARTESIAN_POINT('',(2.03E0,5.85E0,-1.35E1));
#1903=VERTEX_POINT('',#1902);
#1904=CARTESIAN_POINT('',(2.03E0,6.75E0,-1.35E1));
#1905=VERTEX_POINT('',#1904);
#1906=CARTESIAN_POINT('',(-2.03E0,5.85E0,-2.E-1));
#1907=CARTESIAN_POINT('',(-3.2275E0,5.85E0,-2.E-1));
#1908=VERTEX_POINT('',#1906);
#1909=VERTEX_POINT('',#1907);
#1910=CARTESIAN_POINT('',(3.2275E0,5.85E0,-2.E-1));
#1911=CARTESIAN_POINT('',(2.03E0,5.85E0,-2.E-1));
#1912=VERTEX_POINT('',#1910);
#1913=VERTEX_POINT('',#1911);
#1914=CARTESIAN_POINT('',(-5.975E0,-2.75E0,-1.254E1));
#1915=CARTESIAN_POINT('',(5.975E0,-2.75E0,-1.254E1));
#1916=VERTEX_POINT('',#1914);
#1917=VERTEX_POINT('',#1915);
#1918=CARTESIAN_POINT('',(-3.2275E0,4.15E0,-2.E-1));
#1919=CARTESIAN_POINT('',(-5.975E0,4.15E0,-2.E-1));
#1920=VERTEX_POINT('',#1918);
#1921=VERTEX_POINT('',#1919);
#1922=CARTESIAN_POINT('',(5.975E0,4.15E0,-2.E-1));
#1923=CARTESIAN_POINT('',(3.2275E0,4.15E0,-2.E-1));
#1924=VERTEX_POINT('',#1922);
#1925=VERTEX_POINT('',#1923);
#1926=CARTESIAN_POINT('',(-3.2275E0,2.15E0,-1.254E1));
#1927=CARTESIAN_POINT('',(3.2275E0,2.15E0,-1.254E1));
#1928=VERTEX_POINT('',#1926);
#1929=VERTEX_POINT('',#1927);
#1930=CARTESIAN_POINT('',(-5.975E0,-2.75E0,-2.E-1));
#1931=VERTEX_POINT('',#1930);
#1932=CARTESIAN_POINT('',(5.975E0,-2.75E0,-2.E-1));
#1933=VERTEX_POINT('',#1932);
#1934=CARTESIAN_POINT('',(4.215E0,-2.75E0,-5.405589839209E0));
#1935=CARTESIAN_POINT('',(4.215E0,-3.689771914835E-1,-1.254E1));
#1936=VERTEX_POINT('',#1934);
#1937=VERTEX_POINT('',#1935);
#1938=CARTESIAN_POINT('',(4.215E0,0.E0,-1.254E1));
#1939=CARTESIAN_POINT('',(4.215E0,-2.75E0,-4.3E0));
#1940=VERTEX_POINT('',#1938);
#1941=VERTEX_POINT('',#1939);
#1942=CARTESIAN_POINT('',(4.675E0,-2.75E0,-5.405589839209E0));
#1943=CARTESIAN_POINT('',(4.675E0,-3.689771914835E-1,-1.254E1));
#1944=VERTEX_POINT('',#1942);
#1945=VERTEX_POINT('',#1943);
#1946=CARTESIAN_POINT('',(4.675E0,0.E0,-1.254E1));
#1947=CARTESIAN_POINT('',(4.675E0,-2.75E0,-4.3E0));
#1948=VERTEX_POINT('',#1946);
#1949=VERTEX_POINT('',#1947);
#1950=CARTESIAN_POINT('',(6.238E0,1.E-1,0.E0));
#1951=CARTESIAN_POINT('',(6.238E0,2.1E0,0.E0));
#1952=VERTEX_POINT('',#1950);
#1953=VERTEX_POINT('',#1951);
#1954=CARTESIAN_POINT('',(5.811379550163E0,1.E-1,-2.987228549301E-1));
#1955=CARTESIAN_POINT('',(5.811379550163E0,2.1E0,-2.987228549301E-1));
#1956=VERTEX_POINT('',#1954);
#1957=VERTEX_POINT('',#1955);
#1958=CARTESIAN_POINT('',(5.249226520243E0,2.1E0,-2.427986490947E0));
#1959=CARTESIAN_POINT('',(5.249226520243E0,1.E-1,-2.427986490947E0));
#1960=VERTEX_POINT('',#1958);
#1961=VERTEX_POINT('',#1959);
#1962=CARTESIAN_POINT('',(5.061287996085E0,1.E-1,-2.359582462282E0));
#1963=CARTESIAN_POINT('',(5.061287996085E0,2.1E0,-2.359582462282E0));
#1964=VERTEX_POINT('',#1962);
#1965=VERTEX_POINT('',#1963);
#1966=CARTESIAN_POINT('',(5.142E0,2.1E0,-3.036098305780E0));
#1967=CARTESIAN_POINT('',(5.142E0,1.E-1,-3.036098305780E0));
#1968=VERTEX_POINT('',#1966);
#1969=VERTEX_POINT('',#1967);
#1970=CARTESIAN_POINT('',(4.942E0,1.E-1,-3.036098305780E0));
#1971=CARTESIAN_POINT('',(4.942E0,2.1E0,-3.036098305780E0));
#1972=VERTEX_POINT('',#1970);
#1973=VERTEX_POINT('',#1971);
#1974=CARTESIAN_POINT('',(5.142E0,2.1E0,-3.55E0));
#1975=CARTESIAN_POINT('',(5.142E0,1.E-1,-3.55E0));
#1976=VERTEX_POINT('',#1974);
#1977=VERTEX_POINT('',#1975);
#1978=CARTESIAN_POINT('',(4.942E0,2.1E0,-3.55E0));
#1979=VERTEX_POINT('',#1978);
#1980=CARTESIAN_POINT('',(4.942E0,1.E-1,-3.55E0));
#1981=VERTEX_POINT('',#1980);
#1982=CARTESIAN_POINT('',(6.43E0,2.1E0,-2.E-1));
#1983=CARTESIAN_POINT('',(5.975E0,2.1E0,-2.E-1));
#1984=VERTEX_POINT('',#1982);
#1985=VERTEX_POINT('',#1983);
#1986=CARTESIAN_POINT('',(5.975E0,1.E-1,-2.E-1));
#1987=CARTESIAN_POINT('',(6.43E0,1.E-1,-2.E-1));
#1988=VERTEX_POINT('',#1986);
#1989=VERTEX_POINT('',#1987);
#1990=CARTESIAN_POINT('',(6.43E0,2.1E0,0.E0));
#1991=VERTEX_POINT('',#1990);
#1992=CARTESIAN_POINT('',(6.43E0,1.E-1,0.E0));
#1993=VERTEX_POINT('',#1992);
#1994=CARTESIAN_POINT('',(5.975E0,2.1E0,-4.339402436752E-1));
#1995=CARTESIAN_POINT('',(5.975E0,1.E-1,-4.339402436752E-1));
#1996=VERTEX_POINT('',#1994);
#1997=VERTEX_POINT('',#1995);
#1998=CARTESIAN_POINT('',(-5.9025E0,3.3E0,-1.975E1));
#1999=CARTESIAN_POINT('',(-5.9025E0,3.E-1,-1.975E1));
#2000=VERTEX_POINT('',#1998);
#2001=VERTEX_POINT('',#1999);
#2002=CARTESIAN_POINT('',(5.9025E0,3.3E0,-1.975E1));
#2003=CARTESIAN_POINT('',(5.9025E0,3.E-1,-1.975E1));
#2004=VERTEX_POINT('',#2002);
#2005=VERTEX_POINT('',#2003);
#2006=CARTESIAN_POINT('',(-5.9025E0,3.3E0,-1.65E1));
#2007=CARTESIAN_POINT('',(-5.9025E0,3.E-1,-1.65E1));
#2008=VERTEX_POINT('',#2006);
#2009=VERTEX_POINT('',#2007);
#2010=CARTESIAN_POINT('',(5.9025E0,3.3E0,-1.65E1));
#2011=CARTESIAN_POINT('',(5.9025E0,3.E-1,-1.65E1));
#2012=VERTEX_POINT('',#2010);
#2013=VERTEX_POINT('',#2011);
#2014=CARTESIAN_POINT('',(4.205E0,-4.72E0,-1.975E1));
#2015=CARTESIAN_POINT('',(4.205E0,-4.38E0,-1.975E1));
#2016=VERTEX_POINT('',#2014);
#2017=VERTEX_POINT('',#2015);
#2018=CARTESIAN_POINT('',(4.685E0,-4.72E0,-1.975E1));
#2019=VERTEX_POINT('',#2018);
#2020=CARTESIAN_POINT('',(4.685E0,-4.38E0,-1.975E1));
#2021=VERTEX_POINT('',#2020);
#2022=CARTESIAN_POINT('',(2.935E0,-7.26E0,-1.975E1));
#2023=CARTESIAN_POINT('',(2.935E0,-6.92E0,-1.975E1));
#2024=VERTEX_POINT('',#2022);
#2025=VERTEX_POINT('',#2023);
#2026=CARTESIAN_POINT('',(3.415E0,-7.26E0,-1.975E1));
#2027=VERTEX_POINT('',#2026);
#2028=CARTESIAN_POINT('',(3.415E0,-6.92E0,-1.975E1));
#2029=VERTEX_POINT('',#2028);
#2030=CARTESIAN_POINT('',(1.665E0,-4.38E0,-1.975E1));
#2031=CARTESIAN_POINT('',(2.145E0,-4.38E0,-1.975E1));
#2032=VERTEX_POINT('',#2030);
#2033=VERTEX_POINT('',#2031);
#2034=CARTESIAN_POINT('',(1.665E0,-4.72E0,-1.975E1));
#2035=VERTEX_POINT('',#2034);
#2036=CARTESIAN_POINT('',(2.145E0,-4.72E0,-1.975E1));
#2037=VERTEX_POINT('',#2036);
#2038=CARTESIAN_POINT('',(3.949999999999E-1,-6.92E0,-1.975E1));
#2039=CARTESIAN_POINT('',(8.749999999999E-1,-6.92E0,-1.975E1));
#2040=VERTEX_POINT('',#2038);
#2041=VERTEX_POINT('',#2039);
#2042=CARTESIAN_POINT('',(3.949999999999E-1,-7.26E0,-1.975E1));
#2043=VERTEX_POINT('',#2042);
#2044=CARTESIAN_POINT('',(8.749999999999E-1,-7.26E0,-1.975E1));
#2045=VERTEX_POINT('',#2044);
#2046=CARTESIAN_POINT('',(-3.415E0,-4.38E0,-1.975E1));
#2047=CARTESIAN_POINT('',(-2.935E0,-4.38E0,-1.975E1));
#2048=VERTEX_POINT('',#2046);
#2049=VERTEX_POINT('',#2047);
#2050=CARTESIAN_POINT('',(-3.415E0,-4.72E0,-1.975E1));
#2051=VERTEX_POINT('',#2050);
#2052=CARTESIAN_POINT('',(-2.935E0,-4.72E0,-1.975E1));
#2053=VERTEX_POINT('',#2052);
#2054=CARTESIAN_POINT('',(-2.145E0,-6.92E0,-1.975E1));
#2055=CARTESIAN_POINT('',(-1.665E0,-6.92E0,-1.975E1));
#2056=VERTEX_POINT('',#2054);
#2057=VERTEX_POINT('',#2055);
#2058=CARTESIAN_POINT('',(-2.145E0,-7.26E0,-1.975E1));
#2059=VERTEX_POINT('',#2058);
#2060=CARTESIAN_POINT('',(-1.665E0,-7.26E0,-1.975E1));
#2061=VERTEX_POINT('',#2060);
#2062=CARTESIAN_POINT('',(-8.750000000002E-1,-4.72E0,-1.975E1));
#2063=CARTESIAN_POINT('',(-8.750000000002E-1,-4.38E0,-1.975E1));
#2064=VERTEX_POINT('',#2062);
#2065=VERTEX_POINT('',#2063);
#2066=CARTESIAN_POINT('',(-3.950000000002E-1,-4.72E0,-1.975E1));
#2067=VERTEX_POINT('',#2066);
#2068=CARTESIAN_POINT('',(-3.950000000002E-1,-4.38E0,-1.975E1));
#2069=VERTEX_POINT('',#2068);
#2070=CARTESIAN_POINT('',(-4.685E0,-7.26E0,-1.975E1));
#2071=CARTESIAN_POINT('',(-4.685E0,-6.92E0,-1.975E1));
#2072=VERTEX_POINT('',#2070);
#2073=VERTEX_POINT('',#2071);
#2074=CARTESIAN_POINT('',(-4.205E0,-7.26E0,-1.975E1));
#2075=VERTEX_POINT('',#2074);
#2076=CARTESIAN_POINT('',(-4.205E0,-6.92E0,-1.975E1));
#2077=VERTEX_POINT('',#2076);
#2078=CARTESIAN_POINT('',(2.935E0,-6.92E0,-1.65E1));
#2079=VERTEX_POINT('',#2078);
#2080=CARTESIAN_POINT('',(2.935E0,-7.26E0,-1.65E1));
#2081=VERTEX_POINT('',#2080);
#2082=CARTESIAN_POINT('',(3.415E0,-7.26E0,-1.65E1));
#2083=VERTEX_POINT('',#2082);
#2084=CARTESIAN_POINT('',(3.415E0,-6.92E0,-1.65E1));
#2085=VERTEX_POINT('',#2084);
#2086=CARTESIAN_POINT('',(8.749999999999E-1,-6.92E0,-1.65E1));
#2087=VERTEX_POINT('',#2086);
#2088=CARTESIAN_POINT('',(3.949999999999E-1,-6.92E0,-1.65E1));
#2089=VERTEX_POINT('',#2088);
#2090=CARTESIAN_POINT('',(3.949999999999E-1,-7.26E0,-1.65E1));
#2091=VERTEX_POINT('',#2090);
#2092=CARTESIAN_POINT('',(8.749999999999E-1,-7.26E0,-1.65E1));
#2093=VERTEX_POINT('',#2092);
#2094=CARTESIAN_POINT('',(-1.665E0,-6.92E0,-1.65E1));
#2095=VERTEX_POINT('',#2094);
#2096=CARTESIAN_POINT('',(-2.145E0,-6.92E0,-1.65E1));
#2097=VERTEX_POINT('',#2096);
#2098=CARTESIAN_POINT('',(-2.145E0,-7.26E0,-1.65E1));
#2099=VERTEX_POINT('',#2098);
#2100=CARTESIAN_POINT('',(-1.665E0,-7.26E0,-1.65E1));
#2101=VERTEX_POINT('',#2100);
#2102=CARTESIAN_POINT('',(-4.685E0,-6.92E0,-1.65E1));
#2103=VERTEX_POINT('',#2102);
#2104=CARTESIAN_POINT('',(-4.685E0,-7.26E0,-1.65E1));
#2105=VERTEX_POINT('',#2104);
#2106=CARTESIAN_POINT('',(-4.205E0,-7.26E0,-1.65E1));
#2107=VERTEX_POINT('',#2106);
#2108=CARTESIAN_POINT('',(-4.205E0,-6.92E0,-1.65E1));
#2109=VERTEX_POINT('',#2108);
#2110=CARTESIAN_POINT('',(4.205E0,-4.38E0,-1.65E1));
#2111=CARTESIAN_POINT('',(4.205E0,-4.72E0,-1.65E1));
#2112=VERTEX_POINT('',#2110);
#2113=VERTEX_POINT('',#2111);
#2114=CARTESIAN_POINT('',(4.685E0,-4.72E0,-1.65E1));
#2115=VERTEX_POINT('',#2114);
#2116=CARTESIAN_POINT('',(4.685E0,-4.38E0,-1.65E1));
#2117=VERTEX_POINT('',#2116);
#2118=CARTESIAN_POINT('',(2.145E0,-4.38E0,-1.65E1));
#2119=CARTESIAN_POINT('',(1.665E0,-4.38E0,-1.65E1));
#2120=VERTEX_POINT('',#2118);
#2121=VERTEX_POINT('',#2119);
#2122=CARTESIAN_POINT('',(1.665E0,-4.72E0,-1.65E1));
#2123=VERTEX_POINT('',#2122);
#2124=CARTESIAN_POINT('',(2.145E0,-4.72E0,-1.65E1));
#2125=VERTEX_POINT('',#2124);
#2126=CARTESIAN_POINT('',(-2.935E0,-4.38E0,-1.65E1));
#2127=CARTESIAN_POINT('',(-3.415E0,-4.38E0,-1.65E1));
#2128=VERTEX_POINT('',#2126);
#2129=VERTEX_POINT('',#2127);
#2130=CARTESIAN_POINT('',(-3.415E0,-4.72E0,-1.65E1));
#2131=VERTEX_POINT('',#2130);
#2132=CARTESIAN_POINT('',(-2.935E0,-4.72E0,-1.65E1));
#2133=VERTEX_POINT('',#2132);
#2134=CARTESIAN_POINT('',(-8.750000000002E-1,-4.38E0,-1.65E1));
#2135=CARTESIAN_POINT('',(-8.750000000002E-1,-4.72E0,-1.65E1));
#2136=VERTEX_POINT('',#2134);
#2137=VERTEX_POINT('',#2135);
#2138=CARTESIAN_POINT('',(-3.950000000002E-1,-4.72E0,-1.65E1));
#2139=VERTEX_POINT('',#2138);
#2140=CARTESIAN_POINT('',(-3.950000000002E-1,-4.38E0,-1.65E1));
#2141=VERTEX_POINT('',#2140);
#2142=CARTESIAN_POINT('',(-2.03E0,7.15E0,-7.E0));
#2143=CARTESIAN_POINT('',(-2.03E0,7.15E0,-4.35E0));
#2144=VERTEX_POINT('',#2142);
#2145=VERTEX_POINT('',#2143);
#2146=CARTESIAN_POINT('',(-2.03E0,7.55E0,-2.3E0));
#2147=VERTEX_POINT('',#2146);
#2148=CARTESIAN_POINT('',(-2.03E0,8.09E0,-2.3E0));
#2149=VERTEX_POINT('',#2148);
#2150=CARTESIAN_POINT('',(2.03E0,7.15E0,-7.E0));
#2151=CARTESIAN_POINT('',(2.03E0,7.15E0,-4.35E0));
#2152=VERTEX_POINT('',#2150);
#2153=VERTEX_POINT('',#2151);
#2154=CARTESIAN_POINT('',(2.03E0,7.55E0,-2.3E0));
#2155=VERTEX_POINT('',#2154);
#2156=CARTESIAN_POINT('',(2.03E0,8.09E0,-2.3E0));
#2157=VERTEX_POINT('',#2156);
#2158=CARTESIAN_POINT('',(-2.03E0,8.09E0,-2.E-1));
#2159=CARTESIAN_POINT('',(2.03E0,8.09E0,-2.E-1));
#2160=VERTEX_POINT('',#2158);
#2161=VERTEX_POINT('',#2159);
#2162=CARTESIAN_POINT('',(2.03E0,6.75E0,-7.4E0));
#2163=CARTESIAN_POINT('',(-2.03E0,6.75E0,-7.4E0));
#2164=VERTEX_POINT('',#2162);
#2165=VERTEX_POINT('',#2163);
#2166=CARTESIAN_POINT('',(5.975E0,3.2E0,-1.254E1));
#2167=CARTESIAN_POINT('',(3.2275E0,3.2E0,-1.254E1));
#2168=VERTEX_POINT('',#2166);
#2169=VERTEX_POINT('',#2167);
#2170=CARTESIAN_POINT('',(-5.975E0,3.2E0,-1.254E1));
#2171=CARTESIAN_POINT('',(-3.2275E0,3.2E0,-1.254E1));
#2172=VERTEX_POINT('',#2170);
#2173=VERTEX_POINT('',#2171);
#2174=CARTESIAN_POINT('',(-3.2275E0,4.15E0,-1.094E1));
#2175=CARTESIAN_POINT('',(-5.975E0,4.15E0,-1.094E1));
#2176=VERTEX_POINT('',#2174);
#2177=VERTEX_POINT('',#2175);
#2178=CARTESIAN_POINT('',(-5.975E0,3.2E0,-1.094E1));
#2179=VERTEX_POINT('',#2178);
#2180=CARTESIAN_POINT('',(5.975E0,4.15E0,-1.094E1));
#2181=CARTESIAN_POINT('',(5.975E0,3.2E0,-1.094E1));
#2182=VERTEX_POINT('',#2180);
#2183=VERTEX_POINT('',#2181);
#2184=CARTESIAN_POINT('',(3.2275E0,4.15E0,-1.094E1));
#2185=VERTEX_POINT('',#2184);
#2186=CARTESIAN_POINT('',(3.2275E0,3.2E0,-1.094E1));
#2187=VERTEX_POINT('',#2186);
#2188=CARTESIAN_POINT('',(-3.2275E0,3.2E0,-1.094E1));
#2189=VERTEX_POINT('',#2188);
#2190=CARTESIAN_POINT('',(-6.238E0,2.1E0,0.E0));
#2191=CARTESIAN_POINT('',(-6.238E0,1.E-1,0.E0));
#2192=VERTEX_POINT('',#2190);
#2193=VERTEX_POINT('',#2191);
#2194=CARTESIAN_POINT('',(-5.811379550163E0,2.1E0,-2.987228549301E-1));
#2195=CARTESIAN_POINT('',(-5.811379550163E0,1.E-1,-2.987228549301E-1));
#2196=VERTEX_POINT('',#2194);
#2197=VERTEX_POINT('',#2195);
#2198=CARTESIAN_POINT('',(-5.249226520243E0,1.E-1,-2.427986490947E0));
#2199=CARTESIAN_POINT('',(-5.249226520243E0,2.1E0,-2.427986490947E0));
#2200=VERTEX_POINT('',#2198);
#2201=VERTEX_POINT('',#2199);
#2202=CARTESIAN_POINT('',(-5.061287996085E0,2.1E0,-2.359582462282E0));
#2203=CARTESIAN_POINT('',(-5.061287996085E0,1.E-1,-2.359582462282E0));
#2204=VERTEX_POINT('',#2202);
#2205=VERTEX_POINT('',#2203);
#2206=CARTESIAN_POINT('',(-5.142E0,1.E-1,-3.036098305780E0));
#2207=CARTESIAN_POINT('',(-5.142E0,2.1E0,-3.036098305780E0));
#2208=VERTEX_POINT('',#2206);
#2209=VERTEX_POINT('',#2207);
#2210=CARTESIAN_POINT('',(-4.942E0,2.1E0,-3.036098305781E0));
#2211=CARTESIAN_POINT('',(-4.942E0,1.E-1,-3.036098305780E0));
#2212=VERTEX_POINT('',#2210);
#2213=VERTEX_POINT('',#2211);
#2214=CARTESIAN_POINT('',(-5.142E0,1.E-1,-3.55E0));
#2215=CARTESIAN_POINT('',(-5.142E0,2.1E0,-3.55E0));
#2216=VERTEX_POINT('',#2214);
#2217=VERTEX_POINT('',#2215);
#2218=CARTESIAN_POINT('',(-4.942E0,2.1E0,-3.55E0));
#2219=VERTEX_POINT('',#2218);
#2220=CARTESIAN_POINT('',(-4.942E0,1.E-1,-3.55E0));
#2221=VERTEX_POINT('',#2220);
#2222=CARTESIAN_POINT('',(-5.975E0,2.1E0,-2.E-1));
#2223=CARTESIAN_POINT('',(-6.43E0,2.1E0,-2.E-1));
#2224=VERTEX_POINT('',#2222);
#2225=VERTEX_POINT('',#2223);
#2226=CARTESIAN_POINT('',(-6.43E0,1.E-1,-2.E-1));
#2227=CARTESIAN_POINT('',(-5.975E0,1.E-1,-2.E-1));
#2228=VERTEX_POINT('',#2226);
#2229=VERTEX_POINT('',#2227);
#2230=CARTESIAN_POINT('',(-6.43E0,2.1E0,0.E0));
#2231=VERTEX_POINT('',#2230);
#2232=CARTESIAN_POINT('',(-6.43E0,1.E-1,0.E0));
#2233=VERTEX_POINT('',#2232);
#2234=CARTESIAN_POINT('',(-5.975E0,2.1E0,-4.339402436751E-1));
#2235=VERTEX_POINT('',#2234);
#2236=CARTESIAN_POINT('',(-5.975E0,1.E-1,-4.339402436752E-1));
#2237=VERTEX_POINT('',#2236);
#2238=CARTESIAN_POINT('',(2.945E0,-3.689771914835E-1,-1.254E1));
#2239=CARTESIAN_POINT('',(2.945E0,0.E0,-1.254E1));
#2240=VERTEX_POINT('',#2238);
#2241=VERTEX_POINT('',#2239);
#2242=CARTESIAN_POINT('',(3.405E0,-3.689771914835E-1,-1.254E1));
#2243=CARTESIAN_POINT('',(3.405E0,0.E0,-1.254E1));
#2244=VERTEX_POINT('',#2242);
#2245=VERTEX_POINT('',#2243);
#2246=CARTESIAN_POINT('',(2.945E0,-2.75E0,-5.405589839209E0));
#2247=CARTESIAN_POINT('',(2.945E0,-2.75E0,-4.3E0));
#2248=VERTEX_POINT('',#2246);
#2249=VERTEX_POINT('',#2247);
#2250=CARTESIAN_POINT('',(3.405E0,-2.75E0,-5.405589839209E0));
#2251=CARTESIAN_POINT('',(3.405E0,-2.75E0,-4.3E0));
#2252=VERTEX_POINT('',#2250);
#2253=VERTEX_POINT('',#2251);
#2254=CARTESIAN_POINT('',(1.675E0,-3.689771914835E-1,-1.254E1));
#2255=CARTESIAN_POINT('',(1.675E0,0.E0,-1.254E1));
#2256=VERTEX_POINT('',#2254);
#2257=VERTEX_POINT('',#2255);
#2258=CARTESIAN_POINT('',(2.135E0,-3.689771914835E-1,-1.254E1));
#2259=CARTESIAN_POINT('',(2.135E0,0.E0,-1.254E1));
#2260=VERTEX_POINT('',#2258);
#2261=VERTEX_POINT('',#2259);
#2262=CARTESIAN_POINT('',(1.675E0,-2.75E0,-5.405589839209E0));
#2263=CARTESIAN_POINT('',(1.675E0,-2.75E0,-4.3E0));
#2264=VERTEX_POINT('',#2262);
#2265=VERTEX_POINT('',#2263);
#2266=CARTESIAN_POINT('',(2.135E0,-2.75E0,-5.405589839209E0));
#2267=CARTESIAN_POINT('',(2.135E0,-2.75E0,-4.3E0));
#2268=VERTEX_POINT('',#2266);
#2269=VERTEX_POINT('',#2267);
#2270=CARTESIAN_POINT('',(4.05E-1,-3.689771914835E-1,-1.254E1));
#2271=CARTESIAN_POINT('',(4.05E-1,0.E0,-1.254E1));
#2272=VERTEX_POINT('',#2270);
#2273=VERTEX_POINT('',#2271);
#2274=CARTESIAN_POINT('',(8.65E-1,-3.689771914835E-1,-1.254E1));
#2275=CARTESIAN_POINT('',(8.65E-1,0.E0,-1.254E1));
#2276=VERTEX_POINT('',#2274);
#2277=VERTEX_POINT('',#2275);
#2278=CARTESIAN_POINT('',(4.05E-1,-2.75E0,-5.405589839209E0));
#2279=CARTESIAN_POINT('',(4.05E-1,-2.75E0,-4.3E0));
#2280=VERTEX_POINT('',#2278);
#2281=VERTEX_POINT('',#2279);
#2282=CARTESIAN_POINT('',(8.65E-1,-2.75E0,-5.405589839209E0));
#2283=CARTESIAN_POINT('',(8.65E-1,-2.75E0,-4.3E0));
#2284=VERTEX_POINT('',#2282);
#2285=VERTEX_POINT('',#2283);
#2286=CARTESIAN_POINT('',(-8.65E-1,-3.689771914835E-1,-1.254E1));
#2287=CARTESIAN_POINT('',(-8.65E-1,0.E0,-1.254E1));
#2288=VERTEX_POINT('',#2286);
#2289=VERTEX_POINT('',#2287);
#2290=CARTESIAN_POINT('',(-4.05E-1,-3.689771914835E-1,-1.254E1));
#2291=CARTESIAN_POINT('',(-4.05E-1,0.E0,-1.254E1));
#2292=VERTEX_POINT('',#2290);
#2293=VERTEX_POINT('',#2291);
#2294=CARTESIAN_POINT('',(-8.65E-1,-2.75E0,-5.405589839209E0));
#2295=CARTESIAN_POINT('',(-8.65E-1,-2.75E0,-4.3E0));
#2296=VERTEX_POINT('',#2294);
#2297=VERTEX_POINT('',#2295);
#2298=CARTESIAN_POINT('',(-4.05E-1,-2.75E0,-5.405589839209E0));
#2299=CARTESIAN_POINT('',(-4.05E-1,-2.75E0,-4.3E0));
#2300=VERTEX_POINT('',#2298);
#2301=VERTEX_POINT('',#2299);
#2302=CARTESIAN_POINT('',(-2.135E0,-3.689771914835E-1,-1.254E1));
#2303=CARTESIAN_POINT('',(-2.135E0,0.E0,-1.254E1));
#2304=VERTEX_POINT('',#2302);
#2305=VERTEX_POINT('',#2303);
#2306=CARTESIAN_POINT('',(-1.675E0,-3.689771914835E-1,-1.254E1));
#2307=CARTESIAN_POINT('',(-1.675E0,0.E0,-1.254E1));
#2308=VERTEX_POINT('',#2306);
#2309=VERTEX_POINT('',#2307);
#2310=CARTESIAN_POINT('',(-2.135E0,-2.75E0,-5.405589839209E0));
#2311=CARTESIAN_POINT('',(-2.135E0,-2.75E0,-4.3E0));
#2312=VERTEX_POINT('',#2310);
#2313=VERTEX_POINT('',#2311);
#2314=CARTESIAN_POINT('',(-1.675E0,-2.75E0,-5.405589839209E0));
#2315=CARTESIAN_POINT('',(-1.675E0,-2.75E0,-4.3E0));
#2316=VERTEX_POINT('',#2314);
#2317=VERTEX_POINT('',#2315);
#2318=CARTESIAN_POINT('',(-3.405E0,-3.689771914835E-1,-1.254E1));
#2319=CARTESIAN_POINT('',(-3.405E0,0.E0,-1.254E1));
#2320=VERTEX_POINT('',#2318);
#2321=VERTEX_POINT('',#2319);
#2322=CARTESIAN_POINT('',(-2.945E0,-3.689771914835E-1,-1.254E1));
#2323=CARTESIAN_POINT('',(-2.945E0,0.E0,-1.254E1));
#2324=VERTEX_POINT('',#2322);
#2325=VERTEX_POINT('',#2323);
#2326=CARTESIAN_POINT('',(-3.405E0,-2.75E0,-5.405589839209E0));
#2327=CARTESIAN_POINT('',(-3.405E0,-2.75E0,-4.3E0));
#2328=VERTEX_POINT('',#2326);
#2329=VERTEX_POINT('',#2327);
#2330=CARTESIAN_POINT('',(-2.945E0,-2.75E0,-5.405589839209E0));
#2331=CARTESIAN_POINT('',(-2.945E0,-2.75E0,-4.3E0));
#2332=VERTEX_POINT('',#2330);
#2333=VERTEX_POINT('',#2331);
#2334=CARTESIAN_POINT('',(-4.675E0,-3.689771914835E-1,-1.254E1));
#2335=CARTESIAN_POINT('',(-4.675E0,0.E0,-1.254E1));
#2336=VERTEX_POINT('',#2334);
#2337=VERTEX_POINT('',#2335);
#2338=CARTESIAN_POINT('',(-4.215E0,-3.689771914835E-1,-1.254E1));
#2339=CARTESIAN_POINT('',(-4.215E0,0.E0,-1.254E1));
#2340=VERTEX_POINT('',#2338);
#2341=VERTEX_POINT('',#2339);
#2342=CARTESIAN_POINT('',(-4.675E0,-2.75E0,-5.405589839209E0));
#2343=CARTESIAN_POINT('',(-4.675E0,-2.75E0,-4.3E0));
#2344=VERTEX_POINT('',#2342);
#2345=VERTEX_POINT('',#2343);
#2346=CARTESIAN_POINT('',(-4.215E0,-2.75E0,-5.405589839209E0));
#2347=CARTESIAN_POINT('',(-4.215E0,-2.75E0,-4.3E0));
#2348=VERTEX_POINT('',#2346);
#2349=VERTEX_POINT('',#2347);
#2350=CARTESIAN_POINT('',(-6.18E0,4.85E0,-2.E-1));
#2351=CARTESIAN_POINT('',(-3.7E0,4.85E0,-2.E-1));
#2352=VERTEX_POINT('',#2350);
#2353=VERTEX_POINT('',#2351);
#2354=CARTESIAN_POINT('',(-3.7E0,6.65E0,-2.E-1));
#2355=VERTEX_POINT('',#2354);
#2356=CARTESIAN_POINT('',(3.7E0,6.65E0,-2.E-1));
#2357=CARTESIAN_POINT('',(3.7E0,4.85E0,-2.E-1));
#2358=VERTEX_POINT('',#2356);
#2359=VERTEX_POINT('',#2357);
#2360=CARTESIAN_POINT('',(6.18E0,4.85E0,-2.E-1));
#2361=VERTEX_POINT('',#2360);
#2362=CARTESIAN_POINT('',(-3.7E0,6.65E0,0.E0));
#2363=VERTEX_POINT('',#2362);
#2364=CARTESIAN_POINT('',(-6.18E0,4.85E0,0.E0));
#2365=VERTEX_POINT('',#2364);
#2366=CARTESIAN_POINT('',(6.18E0,4.85E0,0.E0));
#2367=VERTEX_POINT('',#2366);
#2368=CARTESIAN_POINT('',(3.7E0,6.65E0,0.E0));
#2369=VERTEX_POINT('',#2368);
#2370=CARTESIAN_POINT('',(-3.7E0,4.85E0,0.E0));
#2371=VERTEX_POINT('',#2370);
#2372=CARTESIAN_POINT('',(3.7E0,4.85E0,0.E0));
#2373=VERTEX_POINT('',#2372);
#2374=CARTESIAN_POINT('',(-8.075E0,5.5E0,-1.65E1));
#2375=CARTESIAN_POINT('',(-7.675E0,5.5E0,-1.65E1));
#2376=VERTEX_POINT('',#2374);
#2377=VERTEX_POINT('',#2375);
#2378=CARTESIAN_POINT('',(-7.675E0,4.2E0,-1.65E1));
#2379=VERTEX_POINT('',#2378);
#2380=CARTESIAN_POINT('',(-8.075E0,4.2E0,-1.65E1));
#2381=VERTEX_POINT('',#2380);
#2382=CARTESIAN_POINT('',(8.075E0,4.2E0,-1.65E1));
#2383=CARTESIAN_POINT('',(7.675E0,4.2E0,-1.65E1));
#2384=VERTEX_POINT('',#2382);
#2385=VERTEX_POINT('',#2383);
#2386=CARTESIAN_POINT('',(7.675E0,5.5E0,-1.65E1));
#2387=VERTEX_POINT('',#2386);
#2388=CARTESIAN_POINT('',(8.075E0,5.5E0,-1.65E1));
#2389=VERTEX_POINT('',#2388);
#2390=CARTESIAN_POINT('',(8.075E0,5.5E0,-1.93E1));
#2391=CARTESIAN_POINT('',(8.075E0,4.2E0,-1.93E1));
#2392=VERTEX_POINT('',#2390);
#2393=VERTEX_POINT('',#2391);
#2394=CARTESIAN_POINT('',(7.675E0,5.5E0,-1.93E1));
#2395=VERTEX_POINT('',#2394);
#2396=CARTESIAN_POINT('',(7.675E0,4.2E0,-1.93E1));
#2397=VERTEX_POINT('',#2396);
#2398=CARTESIAN_POINT('',(-7.675E0,5.5E0,-1.93E1));
#2399=CARTESIAN_POINT('',(-7.675E0,4.2E0,-1.93E1));
#2400=VERTEX_POINT('',#2398);
#2401=VERTEX_POINT('',#2399);
#2402=CARTESIAN_POINT('',(-8.075E0,5.5E0,-1.93E1));
#2403=VERTEX_POINT('',#2402);
#2404=CARTESIAN_POINT('',(-8.075E0,4.2E0,-1.93E1));
#2405=VERTEX_POINT('',#2404);
#2406=CARTESIAN_POINT('',(-8.075E0,0.E0,0.E0));
#2407=DIRECTION('',(1.E0,0.E0,0.E0));
#2408=DIRECTION('',(0.E0,-1.E0,0.E0));
#2409=AXIS2_PLACEMENT_3D('',#2406,#2407,#2408);
#2410=PLANE('',#2409);
#2412=ORIENTED_EDGE('',*,*,#2411,.T.);
#2414=ORIENTED_EDGE('',*,*,#2413,.F.);
#2416=ORIENTED_EDGE('',*,*,#2415,.T.);
#2418=ORIENTED_EDGE('',*,*,#2417,.T.);
#2420=ORIENTED_EDGE('',*,*,#2419,.T.);
#2422=ORIENTED_EDGE('',*,*,#2421,.T.);
#2424=ORIENTED_EDGE('',*,*,#2423,.T.);
#2426=ORIENTED_EDGE('',*,*,#2425,.T.);
#2428=ORIENTED_EDGE('',*,*,#2427,.T.);
#2430=ORIENTED_EDGE('',*,*,#2429,.T.);
#2431=EDGE_LOOP('',(#2412,#2414,#2416,#2418,#2420,#2422,#2424,#2426,#2428,
#2430));
#2432=FACE_OUTER_BOUND('',#2431,.F.);
#2433=ADVANCED_FACE('',(#2432),#2410,.F.);
#2434=CARTESIAN_POINT('',(2.912814E1,4.85E0,-1.93E1));
#2435=DIRECTION('',(-1.E0,0.E0,0.E0));
#2436=DIRECTION('',(0.E0,0.E0,-1.E0));
#2437=AXIS2_PLACEMENT_3D('',#2434,#2435,#2436);
#2438=CYLINDRICAL_SURFACE('',#2437,6.5E-1);
#2440=ORIENTED_EDGE('',*,*,#2439,.F.);
#2442=ORIENTED_EDGE('',*,*,#2441,.F.);
#2443=ORIENTED_EDGE('',*,*,#2411,.F.);
#2445=ORIENTED_EDGE('',*,*,#2444,.F.);
#2446=EDGE_LOOP('',(#2440,#2442,#2443,#2445));
#2447=FACE_OUTER_BOUND('',#2446,.F.);
#2448=ADVANCED_FACE('',(#2447),#2438,.T.);
#2449=CARTESIAN_POINT('',(-7.675E0,5.5E0,-1.65E1));
#2450=DIRECTION('',(1.E0,0.E0,0.E0));
#2451=DIRECTION('',(0.E0,-1.E0,0.E0));
#2452=AXIS2_PLACEMENT_3D('',#2449,#2450,#2451);
#2453=PLANE('',#2452);
#2454=ORIENTED_EDGE('',*,*,#2439,.T.);
#2456=ORIENTED_EDGE('',*,*,#2455,.F.);
#2458=ORIENTED_EDGE('',*,*,#2457,.F.);
#2460=ORIENTED_EDGE('',*,*,#2459,.T.);
#2461=EDGE_LOOP('',(#2454,#2456,#2458,#2460));
#2462=FACE_OUTER_BOUND('',#2461,.F.);
#2463=ADVANCED_FACE('',(#2462),#2453,.T.);
#2464=CARTESIAN_POINT('',(-7.675E0,4.2E0,-1.65E1));
#2465=DIRECTION('',(0.E0,-1.E0,0.E0));
#2466=DIRECTION('',(-1.E0,0.E0,0.E0));
#2467=AXIS2_PLACEMENT_3D('',#2464,#2465,#2466);
#2468=PLANE('',#2467);
#2469=ORIENTED_EDGE('',*,*,#2444,.T.);
#2470=ORIENTED_EDGE('',*,*,#2429,.F.);
#2472=ORIENTED_EDGE('',*,*,#2471,.T.);
#2473=ORIENTED_EDGE('',*,*,#2455,.T.);
#2474=EDGE_LOOP('',(#2469,#2470,#2472,#2473));
#2475=FACE_OUTER_BOUND('',#2474,.F.);
#2476=ADVANCED_FACE('',(#2475),#2468,.T.);
#2477=CARTESIAN_POINT('',(-8.075E0,-8.E0,-1.65E1));
#2478=DIRECTION('',(0.E0,0.E0,-1.E0));
#2479=DIRECTION('',(0.E0,1.E0,0.E0));
#2480=AXIS2_PLACEMENT_3D('',#2477,#2478,#2479);
#2481=PLANE('',#2480);
#2483=ORIENTED_EDGE('',*,*,#2482,.T.);
#2484=ORIENTED_EDGE('',*,*,#2457,.T.);
#2485=ORIENTED_EDGE('',*,*,#2471,.F.);
#2486=ORIENTED_EDGE('',*,*,#2427,.F.);
#2488=ORIENTED_EDGE('',*,*,#2487,.T.);
#2490=ORIENTED_EDGE('',*,*,#2489,.T.);
#2492=ORIENTED_EDGE('',*,*,#2491,.T.);
#2494=ORIENTED_EDGE('',*,*,#2493,.T.);
#2496=ORIENTED_EDGE('',*,*,#2495,.F.);
#2498=ORIENTED_EDGE('',*,*,#2497,.T.);
#2500=ORIENTED_EDGE('',*,*,#2499,.F.);
#2501=ORIENTED_EDGE('',*,*,#2415,.F.);
#2502=EDGE_LOOP('',(#2483,#2484,#2485,#2486,#2488,#2490,#2492,#2494,#2496,#2498,
#2500,#2501));
#2503=FACE_OUTER_BOUND('',#2502,.F.);
#2505=ORIENTED_EDGE('',*,*,#2504,.T.);
#2507=ORIENTED_EDGE('',*,*,#2506,.T.);
#2508=EDGE_LOOP('',(#2505,#2507));
#2509=FACE_BOUND('',#2508,.F.);
#2511=ORIENTED_EDGE('',*,*,#2510,.T.);
#2513=ORIENTED_EDGE('',*,*,#2512,.T.);
#2514=EDGE_LOOP('',(#2511,#2513));
#2515=FACE_BOUND('',#2514,.F.);
#2517=ORIENTED_EDGE('',*,*,#2516,.F.);
#2519=ORIENTED_EDGE('',*,*,#2518,.F.);
#2521=ORIENTED_EDGE('',*,*,#2520,.F.);
#2523=ORIENTED_EDGE('',*,*,#2522,.F.);
#2524=EDGE_LOOP('',(#2517,#2519,#2521,#2523));
#2525=FACE_BOUND('',#2524,.F.);
#2527=ORIENTED_EDGE('',*,*,#2526,.F.);
#2529=ORIENTED_EDGE('',*,*,#2528,.F.);
#2531=ORIENTED_EDGE('',*,*,#2530,.F.);
#2533=ORIENTED_EDGE('',*,*,#2532,.F.);
#2534=EDGE_LOOP('',(#2527,#2529,#2531,#2533));
#2535=FACE_BOUND('',#2534,.F.);
#2537=ORIENTED_EDGE('',*,*,#2536,.F.);
#2539=ORIENTED_EDGE('',*,*,#2538,.F.);
#2541=ORIENTED_EDGE('',*,*,#2540,.F.);
#2543=ORIENTED_EDGE('',*,*,#2542,.F.);
#2544=EDGE_LOOP('',(#2537,#2539,#2541,#2543));
#2545=FACE_BOUND('',#2544,.F.);
#2547=ORIENTED_EDGE('',*,*,#2546,.F.);
#2549=ORIENTED_EDGE('',*,*,#2548,.F.);
#2551=ORIENTED_EDGE('',*,*,#2550,.F.);
#2553=ORIENTED_EDGE('',*,*,#2552,.F.);
#2554=EDGE_LOOP('',(#2547,#2549,#2551,#2553));
#2555=FACE_BOUND('',#2554,.F.);
#2557=ORIENTED_EDGE('',*,*,#2556,.F.);
#2559=ORIENTED_EDGE('',*,*,#2558,.F.);
#2561=ORIENTED_EDGE('',*,*,#2560,.F.);
#2563=ORIENTED_EDGE('',*,*,#2562,.F.);
#2564=EDGE_LOOP('',(#2557,#2559,#2561,#2563));
#2565=FACE_BOUND('',#2564,.F.);
#2567=ORIENTED_EDGE('',*,*,#2566,.F.);
#2569=ORIENTED_EDGE('',*,*,#2568,.F.);
#2571=ORIENTED_EDGE('',*,*,#2570,.F.);
#2573=ORIENTED_EDGE('',*,*,#2572,.F.);
#2574=EDGE_LOOP('',(#2567,#2569,#2571,#2573));
#2575=FACE_BOUND('',#2574,.F.);
#2577=ORIENTED_EDGE('',*,*,#2576,.F.);
#2579=ORIENTED_EDGE('',*,*,#2578,.F.);
#2581=ORIENTED_EDGE('',*,*,#2580,.F.);
#2583=ORIENTED_EDGE('',*,*,#2582,.F.);
#2584=EDGE_LOOP('',(#2577,#2579,#2581,#2583));
#2585=FACE_BOUND('',#2584,.F.);
#2587=ORIENTED_EDGE('',*,*,#2586,.F.);
#2589=ORIENTED_EDGE('',*,*,#2588,.F.);
#2591=ORIENTED_EDGE('',*,*,#2590,.F.);
#2593=ORIENTED_EDGE('',*,*,#2592,.F.);
#2594=EDGE_LOOP('',(#2587,#2589,#2591,#2593));
#2595=FACE_BOUND('',#2594,.F.);
#2596=ADVANCED_FACE('',(#2503,#2509,#2515,#2525,#2535,#2545,#2555,#2565,#2575,
#2585,#2595),#2481,.T.);
#2597=CARTESIAN_POINT('',(-5.9025E0,3.3E0,-1.65E1));
#2598=DIRECTION('',(1.E0,0.E0,0.E0));
#2599=DIRECTION('',(0.E0,-1.E0,0.E0));
#2600=AXIS2_PLACEMENT_3D('',#2597,#2598,#2599);
#2601=PLANE('',#2600);
#2602=ORIENTED_EDGE('',*,*,#2504,.F.);
#2604=ORIENTED_EDGE('',*,*,#2603,.T.);
#2606=ORIENTED_EDGE('',*,*,#2605,.T.);
#2608=ORIENTED_EDGE('',*,*,#2607,.F.);
#2609=EDGE_LOOP('',(#2602,#2604,#2606,#2608));
#2610=FACE_OUTER_BOUND('',#2609,.F.);
#2611=ADVANCED_FACE('',(#2610),#2601,.T.);
#2612=CARTESIAN_POINT('',(-5.9025E0,1.8E0,-1.65E1));
#2613=DIRECTION('',(0.E0,0.E0,-1.E0));
#2614=DIRECTION('',(-1.E0,0.E0,0.E0));
#2615=AXIS2_PLACEMENT_3D('',#2612,#2613,#2614);
#2616=CYLINDRICAL_SURFACE('',#2615,1.5E0);
#2617=ORIENTED_EDGE('',*,*,#2506,.F.);
#2618=ORIENTED_EDGE('',*,*,#2607,.T.);
#2620=ORIENTED_EDGE('',*,*,#2619,.T.);
#2621=ORIENTED_EDGE('',*,*,#2603,.F.);
#2622=EDGE_LOOP('',(#2617,#2618,#2620,#2621));
#2623=FACE_OUTER_BOUND('',#2622,.F.);
#2624=ADVANCED_FACE('',(#2623),#2616,.T.);
#2625=CARTESIAN_POINT('',(-8.075E0,0.E0,-1.975E1));
#2626=DIRECTION('',(0.E0,0.E0,-1.E0));
#2627=DIRECTION('',(-1.E0,0.E0,0.E0));
#2628=AXIS2_PLACEMENT_3D('',#2625,#2626,#2627);
#2629=PLANE('',#2628);
#2630=ORIENTED_EDGE('',*,*,#2605,.F.);
#2631=ORIENTED_EDGE('',*,*,#2619,.F.);
#2632=EDGE_LOOP('',(#2630,#2631));
#2633=FACE_OUTER_BOUND('',#2632,.F.);
#2634=ADVANCED_FACE('',(#2633),#2629,.T.);
#2635=CARTESIAN_POINT('',(-8.075E0,0.E0,-1.975E1));
#2636=DIRECTION('',(0.E0,0.E0,-1.E0));
#2637=DIRECTION('',(-1.E0,0.E0,0.E0));
#2638=AXIS2_PLACEMENT_3D('',#2635,#2636,#2637);
#2639=PLANE('',#2638);
#2641=ORIENTED_EDGE('',*,*,#2640,.F.);
#2643=ORIENTED_EDGE('',*,*,#2642,.F.);
#2644=EDGE_LOOP('',(#2641,#2643));
#2645=FACE_OUTER_BOUND('',#2644,.F.);
#2646=ADVANCED_FACE('',(#2645),#2639,.T.);
#2647=CARTESIAN_POINT('',(5.9025E0,1.8E0,-1.65E1));
#2648=DIRECTION('',(0.E0,0.E0,-1.E0));
#2649=DIRECTION('',(-1.E0,0.E0,0.E0));
#2650=AXIS2_PLACEMENT_3D('',#2647,#2648,#2649);
#2651=CYLINDRICAL_SURFACE('',#2650,1.5E0);
#2652=ORIENTED_EDGE('',*,*,#2510,.F.);
#2654=ORIENTED_EDGE('',*,*,#2653,.T.);
#2655=ORIENTED_EDGE('',*,*,#2640,.T.);
#2657=ORIENTED_EDGE('',*,*,#2656,.F.);
#2658=EDGE_LOOP('',(#2652,#2654,#2655,#2657));
#2659=FACE_OUTER_BOUND('',#2658,.F.);
#2660=ADVANCED_FACE('',(#2659),#2651,.T.);
#2661=CARTESIAN_POINT('',(5.9025E0,3.E-1,-1.65E1));
#2662=DIRECTION('',(-1.E0,0.E0,0.E0));
#2663=DIRECTION('',(0.E0,1.E0,0.E0));
#2664=AXIS2_PLACEMENT_3D('',#2661,#2662,#2663);
#2665=PLANE('',#2664);
#2666=ORIENTED_EDGE('',*,*,#2512,.F.);
#2667=ORIENTED_EDGE('',*,*,#2656,.T.);
#2668=ORIENTED_EDGE('',*,*,#2642,.T.);
#2669=ORIENTED_EDGE('',*,*,#2653,.F.);
#2670=EDGE_LOOP('',(#2666,#2667,#2668,#2669));
#2671=FACE_OUTER_BOUND('',#2670,.F.);
#2672=ADVANCED_FACE('',(#2671),#2665,.T.);
#2673=CARTESIAN_POINT('',(4.205E0,-4.38E0,-1.65E1));
#2674=DIRECTION('',(-1.E0,0.E0,0.E0));
#2675=DIRECTION('',(0.E0,-1.E0,0.E0));
#2676=AXIS2_PLACEMENT_3D('',#2673,#2674,#2675);
#2677=PLANE('',#2676);
#2678=ORIENTED_EDGE('',*,*,#2516,.T.);
#2680=ORIENTED_EDGE('',*,*,#2679,.T.);
#2682=ORIENTED_EDGE('',*,*,#2681,.T.);
#2684=ORIENTED_EDGE('',*,*,#2683,.F.);
#2685=EDGE_LOOP('',(#2678,#2680,#2682,#2684));
#2686=FACE_OUTER_BOUND('',#2685,.F.);
#2687=ADVANCED_FACE('',(#2686),#2677,.T.);
#2688=CARTESIAN_POINT('',(4.205E0,-4.72E0,-1.65E1));
#2689=DIRECTION('',(0.E0,-1.E0,0.E0));
#2690=DIRECTION('',(1.E0,0.E0,0.E0));
#2691=AXIS2_PLACEMENT_3D('',#2688,#2689,#2690);
#2692=PLANE('',#2691);
#2693=ORIENTED_EDGE('',*,*,#2522,.T.);
#2695=ORIENTED_EDGE('',*,*,#2694,.T.);
#2697=ORIENTED_EDGE('',*,*,#2696,.T.);
#2698=ORIENTED_EDGE('',*,*,#2679,.F.);
#2699=EDGE_LOOP('',(#2693,#2695,#2697,#2698));
#2700=FACE_OUTER_BOUND('',#2699,.F.);
#2701=ADVANCED_FACE('',(#2700),#2692,.T.);
#2702=CARTESIAN_POINT('',(4.685E0,-4.72E0,-1.65E1));
#2703=DIRECTION('',(1.E0,0.E0,0.E0));
#2704=DIRECTION('',(0.E0,1.E0,0.E0));
#2705=AXIS2_PLACEMENT_3D('',#2702,#2703,#2704);
#2706=PLANE('',#2705);
#2707=ORIENTED_EDGE('',*,*,#2520,.T.);
#2709=ORIENTED_EDGE('',*,*,#2708,.T.);
#2711=ORIENTED_EDGE('',*,*,#2710,.T.);
#2712=ORIENTED_EDGE('',*,*,#2694,.F.);
#2713=EDGE_LOOP('',(#2707,#2709,#2711,#2712));
#2714=FACE_OUTER_BOUND('',#2713,.F.);
#2715=ADVANCED_FACE('',(#2714),#2706,.T.);
#2716=CARTESIAN_POINT('',(4.685E0,-4.38E0,-1.65E1));
#2717=DIRECTION('',(0.E0,1.E0,0.E0));
#2718=DIRECTION('',(-1.E0,0.E0,0.E0));
#2719=AXIS2_PLACEMENT_3D('',#2716,#2717,#2718);
#2720=PLANE('',#2719);
#2721=ORIENTED_EDGE('',*,*,#2518,.T.);
#2722=ORIENTED_EDGE('',*,*,#2683,.T.);
#2724=ORIENTED_EDGE('',*,*,#2723,.T.);
#2725=ORIENTED_EDGE('',*,*,#2708,.F.);
#2726=EDGE_LOOP('',(#2721,#2722,#2724,#2725));
#2727=FACE_OUTER_BOUND('',#2726,.F.);
#2728=ADVANCED_FACE('',(#2727),#2720,.T.);
#2729=CARTESIAN_POINT('',(-8.075E0,0.E0,-1.975E1));
#2730=DIRECTION('',(0.E0,0.E0,1.E0));
#2731=DIRECTION('',(1.E0,0.E0,0.E0));
#2732=AXIS2_PLACEMENT_3D('',#2729,#2730,#2731);
#2733=PLANE('',#2732);
#2734=ORIENTED_EDGE('',*,*,#2681,.F.);
#2735=ORIENTED_EDGE('',*,*,#2696,.F.);
#2736=ORIENTED_EDGE('',*,*,#2710,.F.);
#2737=ORIENTED_EDGE('',*,*,#2723,.F.);
#2738=EDGE_LOOP('',(#2734,#2735,#2736,#2737));
#2739=FACE_OUTER_BOUND('',#2738,.F.);
#2740=ADVANCED_FACE('',(#2739),#2733,.F.);
#2741=CARTESIAN_POINT('',(-8.075E0,0.E0,-1.975E1));
#2742=DIRECTION('',(0.E0,0.E0,1.E0));
#2743=DIRECTION('',(1.E0,0.E0,0.E0));
#2744=AXIS2_PLACEMENT_3D('',#2741,#2742,#2743);
#2745=PLANE('',#2744);
#2747=ORIENTED_EDGE('',*,*,#2746,.F.);
#2749=ORIENTED_EDGE('',*,*,#2748,.F.);
#2751=ORIENTED_EDGE('',*,*,#2750,.F.);
#2753=ORIENTED_EDGE('',*,*,#2752,.F.);
#2754=EDGE_LOOP('',(#2747,#2749,#2751,#2753));
#2755=FACE_OUTER_BOUND('',#2754,.F.);
#2756=ADVANCED_FACE('',(#2755),#2745,.F.);
#2757=CARTESIAN_POINT('',(-8.075E0,0.E0,-1.975E1));
#2758=DIRECTION('',(0.E0,0.E0,1.E0));
#2759=DIRECTION('',(1.E0,0.E0,0.E0));
#2760=AXIS2_PLACEMENT_3D('',#2757,#2758,#2759);
#2761=PLANE('',#2760);
#2763=ORIENTED_EDGE('',*,*,#2762,.F.);
#2765=ORIENTED_EDGE('',*,*,#2764,.F.);
#2767=ORIENTED_EDGE('',*,*,#2766,.F.);
#2769=ORIENTED_EDGE('',*,*,#2768,.F.);
#2770=EDGE_LOOP('',(#2763,#2765,#2767,#2769));
#2771=FACE_OUTER_BOUND('',#2770,.F.);
#2772=ADVANCED_FACE('',(#2771),#2761,.F.);
#2773=CARTESIAN_POINT('',(-8.075E0,0.E0,-1.975E1));
#2774=DIRECTION('',(0.E0,0.E0,1.E0));
#2775=DIRECTION('',(1.E0,0.E0,0.E0));
#2776=AXIS2_PLACEMENT_3D('',#2773,#2774,#2775);
#2777=PLANE('',#2776);
#2779=ORIENTED_EDGE('',*,*,#2778,.F.);
#2781=ORIENTED_EDGE('',*,*,#2780,.F.);
#2783=ORIENTED_EDGE('',*,*,#2782,.F.);
#2785=ORIENTED_EDGE('',*,*,#2784,.F.);
#2786=EDGE_LOOP('',(#2779,#2781,#2783,#2785));
#2787=FACE_OUTER_BOUND('',#2786,.F.);
#2788=ADVANCED_FACE('',(#2787),#2777,.F.);
#2789=CARTESIAN_POINT('',(-8.075E0,0.E0,-1.975E1));
#2790=DIRECTION('',(0.E0,0.E0,1.E0));
#2791=DIRECTION('',(1.E0,0.E0,0.E0));
#2792=AXIS2_PLACEMENT_3D('',#2789,#2790,#2791);
#2793=PLANE('',#2792);
#2795=ORIENTED_EDGE('',*,*,#2794,.F.);
#2797=ORIENTED_EDGE('',*,*,#2796,.F.);
#2799=ORIENTED_EDGE('',*,*,#2798,.F.);
#2801=ORIENTED_EDGE('',*,*,#2800,.F.);
#2802=EDGE_LOOP('',(#2795,#2797,#2799,#2801));
#2803=FACE_OUTER_BOUND('',#2802,.F.);
#2804=ADVANCED_FACE('',(#2803),#2793,.F.);
#2805=CARTESIAN_POINT('',(-8.075E0,0.E0,-1.975E1));
#2806=DIRECTION('',(0.E0,0.E0,1.E0));
#2807=DIRECTION('',(1.E0,0.E0,0.E0));
#2808=AXIS2_PLACEMENT_3D('',#2805,#2806,#2807);
#2809=PLANE('',#2808);
#2811=ORIENTED_EDGE('',*,*,#2810,.F.);
#2813=ORIENTED_EDGE('',*,*,#2812,.F.);
#2815=ORIENTED_EDGE('',*,*,#2814,.F.);
#2817=ORIENTED_EDGE('',*,*,#2816,.F.);
#2818=EDGE_LOOP('',(#2811,#2813,#2815,#2817));
#2819=FACE_OUTER_BOUND('',#2818,.F.);
#2820=ADVANCED_FACE('',(#2819),#2809,.F.);
#2821=CARTESIAN_POINT('',(-8.075E0,0.E0,-1.975E1));
#2822=DIRECTION('',(0.E0,0.E0,1.E0));
#2823=DIRECTION('',(1.E0,0.E0,0.E0));
#2824=AXIS2_PLACEMENT_3D('',#2821,#2822,#2823);
#2825=PLANE('',#2824);
#2827=ORIENTED_EDGE('',*,*,#2826,.F.);
#2829=ORIENTED_EDGE('',*,*,#2828,.F.);
#2831=ORIENTED_EDGE('',*,*,#2830,.F.);
#2833=ORIENTED_EDGE('',*,*,#2832,.F.);
#2834=EDGE_LOOP('',(#2827,#2829,#2831,#2833));
#2835=FACE_OUTER_BOUND('',#2834,.F.);
#2836=ADVANCED_FACE('',(#2835),#2825,.F.);
#2837=CARTESIAN_POINT('',(-8.075E0,0.E0,-1.975E1));
#2838=DIRECTION('',(0.E0,0.E0,1.E0));
#2839=DIRECTION('',(1.E0,0.E0,0.E0));
#2840=AXIS2_PLACEMENT_3D('',#2837,#2838,#2839);
#2841=PLANE('',#2840);
#2843=ORIENTED_EDGE('',*,*,#2842,.F.);
#2845=ORIENTED_EDGE('',*,*,#2844,.F.);
#2847=ORIENTED_EDGE('',*,*,#2846,.F.);
#2849=ORIENTED_EDGE('',*,*,#2848,.F.);
#2850=EDGE_LOOP('',(#2843,#2845,#2847,#2849));
#2851=FACE_OUTER_BOUND('',#2850,.F.);
#2852=ADVANCED_FACE('',(#2851),#2841,.F.);
#2853=CARTESIAN_POINT('',(2.935E0,-6.92E0,-1.65E1));
#2854=DIRECTION('',(-1.E0,0.E0,0.E0));
#2855=DIRECTION('',(0.E0,-1.E0,0.E0));
#2856=AXIS2_PLACEMENT_3D('',#2853,#2854,#2855);
#2857=PLANE('',#2856);
#2859=ORIENTED_EDGE('',*,*,#2858,.T.);
#2860=ORIENTED_EDGE('',*,*,#2556,.T.);
#2862=ORIENTED_EDGE('',*,*,#2861,.F.);
#2863=ORIENTED_EDGE('',*,*,#2746,.T.);
#2864=EDGE_LOOP('',(#2859,#2860,#2862,#2863));
#2865=FACE_OUTER_BOUND('',#2864,.F.);
#2866=ADVANCED_FACE('',(#2865),#2857,.T.);
#2867=CARTESIAN_POINT('',(3.415E0,-6.92E0,-1.65E1));
#2868=DIRECTION('',(0.E0,1.E0,0.E0));
#2869=DIRECTION('',(-1.E0,0.E0,0.E0));
#2870=AXIS2_PLACEMENT_3D('',#2867,#2868,#2869);
#2871=PLANE('',#2870);
#2872=ORIENTED_EDGE('',*,*,#2858,.F.);
#2873=ORIENTED_EDGE('',*,*,#2752,.T.);
#2875=ORIENTED_EDGE('',*,*,#2874,.T.);
#2876=ORIENTED_EDGE('',*,*,#2558,.T.);
#2877=EDGE_LOOP('',(#2872,#2873,#2875,#2876));
#2878=FACE_OUTER_BOUND('',#2877,.F.);
#2879=ADVANCED_FACE('',(#2878),#2871,.T.);
#2880=CARTESIAN_POINT('',(3.415E0,-7.26E0,-1.65E1));
#2881=DIRECTION('',(1.E0,0.E0,0.E0));
#2882=DIRECTION('',(0.E0,1.E0,0.E0));
#2883=AXIS2_PLACEMENT_3D('',#2880,#2881,#2882);
#2884=PLANE('',#2883);
#2886=ORIENTED_EDGE('',*,*,#2885,.T.);
#2887=ORIENTED_EDGE('',*,*,#2560,.T.);
#2888=ORIENTED_EDGE('',*,*,#2874,.F.);
#2889=ORIENTED_EDGE('',*,*,#2750,.T.);
#2890=EDGE_LOOP('',(#2886,#2887,#2888,#2889));
#2891=FACE_OUTER_BOUND('',#2890,.F.);
#2892=ADVANCED_FACE('',(#2891),#2884,.T.);
#2893=CARTESIAN_POINT('',(2.935E0,-7.26E0,-1.65E1));
#2894=DIRECTION('',(0.E0,-1.E0,0.E0));
#2895=DIRECTION('',(1.E0,0.E0,0.E0));
#2896=AXIS2_PLACEMENT_3D('',#2893,#2894,#2895);
#2897=PLANE('',#2896);
#2898=ORIENTED_EDGE('',*,*,#2861,.T.);
#2899=ORIENTED_EDGE('',*,*,#2562,.T.);
#2900=ORIENTED_EDGE('',*,*,#2885,.F.);
#2901=ORIENTED_EDGE('',*,*,#2748,.T.);
#2902=EDGE_LOOP('',(#2898,#2899,#2900,#2901));
#2903=FACE_OUTER_BOUND('',#2902,.F.);
#2904=ADVANCED_FACE('',(#2903),#2897,.T.);
#2905=CARTESIAN_POINT('',(2.145E0,-4.38E0,-1.65E1));
#2906=DIRECTION('',(0.E0,1.E0,0.E0));
#2907=DIRECTION('',(-1.E0,0.E0,0.E0));
#2908=AXIS2_PLACEMENT_3D('',#2905,#2906,#2907);
#2909=PLANE('',#2908);
#2910=ORIENTED_EDGE('',*,*,#2526,.T.);
#2912=ORIENTED_EDGE('',*,*,#2911,.T.);
#2913=ORIENTED_EDGE('',*,*,#2762,.T.);
#2915=ORIENTED_EDGE('',*,*,#2914,.F.);
#2916=EDGE_LOOP('',(#2910,#2912,#2913,#2915));
#2917=FACE_OUTER_BOUND('',#2916,.F.);
#2918=ADVANCED_FACE('',(#2917),#2909,.T.);
#2919=CARTESIAN_POINT('',(1.665E0,-4.38E0,-1.65E1));
#2920=DIRECTION('',(-1.E0,0.E0,0.E0));
#2921=DIRECTION('',(0.E0,-1.E0,0.E0));
#2922=AXIS2_PLACEMENT_3D('',#2919,#2920,#2921);
#2923=PLANE('',#2922);
#2924=ORIENTED_EDGE('',*,*,#2532,.T.);
#2926=ORIENTED_EDGE('',*,*,#2925,.T.);
#2927=ORIENTED_EDGE('',*,*,#2764,.T.);
#2928=ORIENTED_EDGE('',*,*,#2911,.F.);
#2929=EDGE_LOOP('',(#2924,#2926,#2927,#2928));
#2930=FACE_OUTER_BOUND('',#2929,.F.);
#2931=ADVANCED_FACE('',(#2930),#2923,.T.);
#2932=CARTESIAN_POINT('',(1.665E0,-4.72E0,-1.65E1));
#2933=DIRECTION('',(0.E0,-1.E0,0.E0));
#2934=DIRECTION('',(1.E0,0.E0,0.E0));
#2935=AXIS2_PLACEMENT_3D('',#2932,#2933,#2934);
#2936=PLANE('',#2935);
#2937=ORIENTED_EDGE('',*,*,#2530,.T.);
#2939=ORIENTED_EDGE('',*,*,#2938,.T.);
#2940=ORIENTED_EDGE('',*,*,#2766,.T.);
#2941=ORIENTED_EDGE('',*,*,#2925,.F.);
#2942=EDGE_LOOP('',(#2937,#2939,#2940,#2941));
#2943=FACE_OUTER_BOUND('',#2942,.F.);
#2944=ADVANCED_FACE('',(#2943),#2936,.T.);
#2945=CARTESIAN_POINT('',(2.145E0,-4.72E0,-1.65E1));
#2946=DIRECTION('',(1.E0,0.E0,0.E0));
#2947=DIRECTION('',(0.E0,1.E0,0.E0));
#2948=AXIS2_PLACEMENT_3D('',#2945,#2946,#2947);
#2949=PLANE('',#2948);
#2950=ORIENTED_EDGE('',*,*,#2528,.T.);
#2951=ORIENTED_EDGE('',*,*,#2914,.T.);
#2952=ORIENTED_EDGE('',*,*,#2768,.T.);
#2953=ORIENTED_EDGE('',*,*,#2938,.F.);
#2954=EDGE_LOOP('',(#2950,#2951,#2952,#2953));
#2955=FACE_OUTER_BOUND('',#2954,.F.);
#2956=ADVANCED_FACE('',(#2955),#2949,.T.);
#2957=CARTESIAN_POINT('',(8.749999999999E-1,-6.92E0,-1.65E1));
#2958=DIRECTION('',(0.E0,1.E0,0.E0));
#2959=DIRECTION('',(-1.E0,0.E0,0.E0));
#2960=AXIS2_PLACEMENT_3D('',#2957,#2958,#2959);
#2961=PLANE('',#2960);
#2963=ORIENTED_EDGE('',*,*,#2962,.T.);
#2964=ORIENTED_EDGE('',*,*,#2566,.T.);
#2966=ORIENTED_EDGE('',*,*,#2965,.F.);
#2967=ORIENTED_EDGE('',*,*,#2778,.T.);
#2968=EDGE_LOOP('',(#2963,#2964,#2966,#2967));
#2969=FACE_OUTER_BOUND('',#2968,.F.);
#2970=ADVANCED_FACE('',(#2969),#2961,.T.);
#2971=CARTESIAN_POINT('',(8.749999999999E-1,-7.26E0,-1.65E1));
#2972=DIRECTION('',(1.E0,0.E0,0.E0));
#2973=DIRECTION('',(0.E0,1.E0,0.E0));
#2974=AXIS2_PLACEMENT_3D('',#2971,#2972,#2973);
#2975=PLANE('',#2974);
#2976=ORIENTED_EDGE('',*,*,#2962,.F.);
#2977=ORIENTED_EDGE('',*,*,#2784,.T.);
#2979=ORIENTED_EDGE('',*,*,#2978,.T.);
#2980=ORIENTED_EDGE('',*,*,#2568,.T.);
#2981=EDGE_LOOP('',(#2976,#2977,#2979,#2980));
#2982=FACE_OUTER_BOUND('',#2981,.F.);
#2983=ADVANCED_FACE('',(#2982),#2975,.T.);
#2984=CARTESIAN_POINT('',(3.949999999999E-1,-7.26E0,-1.65E1));
#2985=DIRECTION('',(0.E0,-1.E0,0.E0));
#2986=DIRECTION('',(1.E0,0.E0,0.E0));
#2987=AXIS2_PLACEMENT_3D('',#2984,#2985,#2986);
#2988=PLANE('',#2987);
#2990=ORIENTED_EDGE('',*,*,#2989,.T.);
#2991=ORIENTED_EDGE('',*,*,#2570,.T.);
#2992=ORIENTED_EDGE('',*,*,#2978,.F.);
#2993=ORIENTED_EDGE('',*,*,#2782,.T.);
#2994=EDGE_LOOP('',(#2990,#2991,#2992,#2993));
#2995=FACE_OUTER_BOUND('',#2994,.F.);
#2996=ADVANCED_FACE('',(#2995),#2988,.T.);
#2997=CARTESIAN_POINT('',(3.949999999999E-1,-6.92E0,-1.65E1));
#2998=DIRECTION('',(-1.E0,0.E0,0.E0));
#2999=DIRECTION('',(0.E0,-1.E0,0.E0));
#3000=AXIS2_PLACEMENT_3D('',#2997,#2998,#2999);
#3001=PLANE('',#3000);
#3002=ORIENTED_EDGE('',*,*,#2965,.T.);
#3003=ORIENTED_EDGE('',*,*,#2572,.T.);
#3004=ORIENTED_EDGE('',*,*,#2989,.F.);
#3005=ORIENTED_EDGE('',*,*,#2780,.T.);
#3006=EDGE_LOOP('',(#3002,#3003,#3004,#3005));
#3007=FACE_OUTER_BOUND('',#3006,.F.);
#3008=ADVANCED_FACE('',(#3007),#3001,.T.);
#3009=CARTESIAN_POINT('',(-2.935E0,-4.38E0,-1.65E1));
#3010=DIRECTION('',(0.E0,1.E0,0.E0));
#3011=DIRECTION('',(-1.E0,0.E0,0.E0));
#3012=AXIS2_PLACEMENT_3D('',#3009,#3010,#3011);
#3013=PLANE('',#3012);
#3014=ORIENTED_EDGE('',*,*,#2536,.T.);
#3016=ORIENTED_EDGE('',*,*,#3015,.T.);
#3017=ORIENTED_EDGE('',*,*,#2794,.T.);
#3019=ORIENTED_EDGE('',*,*,#3018,.F.);
#3020=EDGE_LOOP('',(#3014,#3016,#3017,#3019));
#3021=FACE_OUTER_BOUND('',#3020,.F.);
#3022=ADVANCED_FACE('',(#3021),#3013,.T.);
#3023=CARTESIAN_POINT('',(-3.415E0,-4.38E0,-1.65E1));
#3024=DIRECTION('',(-1.E0,0.E0,0.E0));
#3025=DIRECTION('',(0.E0,-1.E0,0.E0));
#3026=AXIS2_PLACEMENT_3D('',#3023,#3024,#3025);
#3027=PLANE('',#3026);
#3028=ORIENTED_EDGE('',*,*,#2542,.T.);
#3030=ORIENTED_EDGE('',*,*,#3029,.T.);
#3031=ORIENTED_EDGE('',*,*,#2796,.T.);
#3032=ORIENTED_EDGE('',*,*,#3015,.F.);
#3033=EDGE_LOOP('',(#3028,#3030,#3031,#3032));
#3034=FACE_OUTER_BOUND('',#3033,.F.);
#3035=ADVANCED_FACE('',(#3034),#3027,.T.);
#3036=CARTESIAN_POINT('',(-3.415E0,-4.72E0,-1.65E1));
#3037=DIRECTION('',(0.E0,-1.E0,0.E0));
#3038=DIRECTION('',(1.E0,0.E0,0.E0));
#3039=AXIS2_PLACEMENT_3D('',#3036,#3037,#3038);
#3040=PLANE('',#3039);
#3041=ORIENTED_EDGE('',*,*,#2540,.T.);
#3043=ORIENTED_EDGE('',*,*,#3042,.T.);
#3044=ORIENTED_EDGE('',*,*,#2798,.T.);
#3045=ORIENTED_EDGE('',*,*,#3029,.F.);
#3046=EDGE_LOOP('',(#3041,#3043,#3044,#3045));
#3047=FACE_OUTER_BOUND('',#3046,.F.);
#3048=ADVANCED_FACE('',(#3047),#3040,.T.);
#3049=CARTESIAN_POINT('',(-2.935E0,-4.72E0,-1.65E1));
#3050=DIRECTION('',(1.E0,0.E0,0.E0));
#3051=DIRECTION('',(0.E0,1.E0,0.E0));
#3052=AXIS2_PLACEMENT_3D('',#3049,#3050,#3051);
#3053=PLANE('',#3052);
#3054=ORIENTED_EDGE('',*,*,#2538,.T.);
#3055=ORIENTED_EDGE('',*,*,#3018,.T.);
#3056=ORIENTED_EDGE('',*,*,#2800,.T.);
#3057=ORIENTED_EDGE('',*,*,#3042,.F.);
#3058=EDGE_LOOP('',(#3054,#3055,#3056,#3057));
#3059=FACE_OUTER_BOUND('',#3058,.F.);
#3060=ADVANCED_FACE('',(#3059),#3053,.T.);
#3061=CARTESIAN_POINT('',(-1.665E0,-6.92E0,-1.65E1));
#3062=DIRECTION('',(0.E0,1.E0,0.E0));
#3063=DIRECTION('',(-1.E0,0.E0,0.E0));
#3064=AXIS2_PLACEMENT_3D('',#3061,#3062,#3063);
#3065=PLANE('',#3064);
#3067=ORIENTED_EDGE('',*,*,#3066,.T.);
#3068=ORIENTED_EDGE('',*,*,#2576,.T.);
#3070=ORIENTED_EDGE('',*,*,#3069,.F.);
#3071=ORIENTED_EDGE('',*,*,#2810,.T.);
#3072=EDGE_LOOP('',(#3067,#3068,#3070,#3071));
#3073=FACE_OUTER_BOUND('',#3072,.F.);
#3074=ADVANCED_FACE('',(#3073),#3065,.T.);
#3075=CARTESIAN_POINT('',(-1.665E0,-7.26E0,-1.65E1));
#3076=DIRECTION('',(1.E0,0.E0,0.E0));
#3077=DIRECTION('',(0.E0,1.E0,0.E0));
#3078=AXIS2_PLACEMENT_3D('',#3075,#3076,#3077);
#3079=PLANE('',#3078);
#3080=ORIENTED_EDGE('',*,*,#3066,.F.);
#3081=ORIENTED_EDGE('',*,*,#2816,.T.);
#3083=ORIENTED_EDGE('',*,*,#3082,.T.);
#3084=ORIENTED_EDGE('',*,*,#2578,.T.);
#3085=EDGE_LOOP('',(#3080,#3081,#3083,#3084));
#3086=FACE_OUTER_BOUND('',#3085,.F.);
#3087=ADVANCED_FACE('',(#3086),#3079,.T.);
#3088=CARTESIAN_POINT('',(-2.145E0,-7.26E0,-1.65E1));
#3089=DIRECTION('',(0.E0,-1.E0,0.E0));
#3090=DIRECTION('',(1.E0,0.E0,0.E0));
#3091=AXIS2_PLACEMENT_3D('',#3088,#3089,#3090);
#3092=PLANE('',#3091);
#3094=ORIENTED_EDGE('',*,*,#3093,.T.);
#3095=ORIENTED_EDGE('',*,*,#2580,.T.);
#3096=ORIENTED_EDGE('',*,*,#3082,.F.);
#3097=ORIENTED_EDGE('',*,*,#2814,.T.);
#3098=EDGE_LOOP('',(#3094,#3095,#3096,#3097));
#3099=FACE_OUTER_BOUND('',#3098,.F.);
#3100=ADVANCED_FACE('',(#3099),#3092,.T.);
#3101=CARTESIAN_POINT('',(-2.145E0,-6.92E0,-1.65E1));
#3102=DIRECTION('',(-1.E0,0.E0,0.E0));
#3103=DIRECTION('',(0.E0,-1.E0,0.E0));
#3104=AXIS2_PLACEMENT_3D('',#3101,#3102,#3103);
#3105=PLANE('',#3104);
#3106=ORIENTED_EDGE('',*,*,#3069,.T.);
#3107=ORIENTED_EDGE('',*,*,#2582,.T.);
#3108=ORIENTED_EDGE('',*,*,#3093,.F.);
#3109=ORIENTED_EDGE('',*,*,#2812,.T.);
#3110=EDGE_LOOP('',(#3106,#3107,#3108,#3109));
#3111=FACE_OUTER_BOUND('',#3110,.F.);
#3112=ADVANCED_FACE('',(#3111),#3105,.T.);
#3113=CARTESIAN_POINT('',(-8.750000000002E-1,-4.38E0,-1.65E1));
#3114=DIRECTION('',(-1.E0,-1.044915787883E-14,0.E0));
#3115=DIRECTION('',(1.044915787883E-14,-1.E0,0.E0));
#3116=AXIS2_PLACEMENT_3D('',#3113,#3114,#3115);
#3117=PLANE('',#3116);
#3118=ORIENTED_EDGE('',*,*,#2546,.T.);
#3120=ORIENTED_EDGE('',*,*,#3119,.T.);
#3121=ORIENTED_EDGE('',*,*,#2826,.T.);
#3123=ORIENTED_EDGE('',*,*,#3122,.F.);
#3124=EDGE_LOOP('',(#3118,#3120,#3121,#3123));
#3125=FACE_OUTER_BOUND('',#3124,.F.);
#3126=ADVANCED_FACE('',(#3125),#3117,.T.);
#3127=CARTESIAN_POINT('',(-8.750000000002E-1,-4.72E0,-1.65E1));
#3128=DIRECTION('',(0.E0,-1.E0,0.E0));
#3129=DIRECTION('',(1.E0,0.E0,0.E0));
#3130=AXIS2_PLACEMENT_3D('',#3127,#3128,#3129);
#3131=PLANE('',#3130);
#3132=ORIENTED_EDGE('',*,*,#2552,.T.);
#3134=ORIENTED_EDGE('',*,*,#3133,.T.);
#3135=ORIENTED_EDGE('',*,*,#2828,.T.);
#3136=ORIENTED_EDGE('',*,*,#3119,.F.);
#3137=EDGE_LOOP('',(#3132,#3134,#3135,#3136));
#3138=FACE_OUTER_BOUND('',#3137,.F.);
#3139=ADVANCED_FACE('',(#3138),#3131,.T.);
#3140=CARTESIAN_POINT('',(-3.950000000002E-1,-4.72E0,-1.65E1));
#3141=DIRECTION('',(1.E0,0.E0,0.E0));
#3142=DIRECTION('',(0.E0,1.E0,0.E0));
#3143=AXIS2_PLACEMENT_3D('',#3140,#3141,#3142);
#3144=PLANE('',#3143);
#3145=ORIENTED_EDGE('',*,*,#2550,.T.);
#3147=ORIENTED_EDGE('',*,*,#3146,.T.);
#3148=ORIENTED_EDGE('',*,*,#2830,.T.);
#3149=ORIENTED_EDGE('',*,*,#3133,.F.);
#3150=EDGE_LOOP('',(#3145,#3147,#3148,#3149));
#3151=FACE_OUTER_BOUND('',#3150,.F.);
#3152=ADVANCED_FACE('',(#3151),#3144,.T.);
#3153=CARTESIAN_POINT('',(-3.950000000002E-1,-4.38E0,-1.65E1));
#3154=DIRECTION('',(0.E0,1.E0,0.E0));
#3155=DIRECTION('',(-1.E0,0.E0,0.E0));
#3156=AXIS2_PLACEMENT_3D('',#3153,#3154,#3155);
#3157=PLANE('',#3156);
#3158=ORIENTED_EDGE('',*,*,#2548,.T.);
#3159=ORIENTED_EDGE('',*,*,#3122,.T.);
#3160=ORIENTED_EDGE('',*,*,#2832,.T.);
#3161=ORIENTED_EDGE('',*,*,#3146,.F.);
#3162=EDGE_LOOP('',(#3158,#3159,#3160,#3161));
#3163=FACE_OUTER_BOUND('',#3162,.F.);
#3164=ADVANCED_FACE('',(#3163),#3157,.T.);
#3165=CARTESIAN_POINT('',(-4.685E0,-6.92E0,-1.65E1));
#3166=DIRECTION('',(-1.E0,0.E0,0.E0));
#3167=DIRECTION('',(0.E0,-1.E0,0.E0));
#3168=AXIS2_PLACEMENT_3D('',#3165,#3166,#3167);
#3169=PLANE('',#3168);
#3171=ORIENTED_EDGE('',*,*,#3170,.T.);
#3172=ORIENTED_EDGE('',*,*,#2586,.T.);
#3174=ORIENTED_EDGE('',*,*,#3173,.F.);
#3175=ORIENTED_EDGE('',*,*,#2842,.T.);
#3176=EDGE_LOOP('',(#3171,#3172,#3174,#3175));
#3177=FACE_OUTER_BOUND('',#3176,.F.);
#3178=ADVANCED_FACE('',(#3177),#3169,.T.);
#3179=CARTESIAN_POINT('',(-4.205E0,-6.92E0,-1.65E1));
#3180=DIRECTION('',(0.E0,1.E0,0.E0));
#3181=DIRECTION('',(-1.E0,0.E0,0.E0));
#3182=AXIS2_PLACEMENT_3D('',#3179,#3180,#3181);
#3183=PLANE('',#3182);
#3184=ORIENTED_EDGE('',*,*,#3170,.F.);
#3185=ORIENTED_EDGE('',*,*,#2848,.T.);
#3187=ORIENTED_EDGE('',*,*,#3186,.T.);
#3188=ORIENTED_EDGE('',*,*,#2588,.T.);
#3189=EDGE_LOOP('',(#3184,#3185,#3187,#3188));
#3190=FACE_OUTER_BOUND('',#3189,.F.);
#3191=ADVANCED_FACE('',(#3190),#3183,.T.);
#3192=CARTESIAN_POINT('',(-4.205E0,-7.26E0,-1.65E1));
#3193=DIRECTION('',(1.E0,0.E0,0.E0));
#3194=DIRECTION('',(0.E0,1.E0,0.E0));
#3195=AXIS2_PLACEMENT_3D('',#3192,#3193,#3194);
#3196=PLANE('',#3195);
#3198=ORIENTED_EDGE('',*,*,#3197,.T.);
#3199=ORIENTED_EDGE('',*,*,#2590,.T.);
#3200=ORIENTED_EDGE('',*,*,#3186,.F.);
#3201=ORIENTED_EDGE('',*,*,#2846,.T.);
#3202=EDGE_LOOP('',(#3198,#3199,#3200,#3201));
#3203=FACE_OUTER_BOUND('',#3202,.F.);
#3204=ADVANCED_FACE('',(#3203),#3196,.T.);
#3205=CARTESIAN_POINT('',(-4.685E0,-7.26E0,-1.65E1));
#3206=DIRECTION('',(0.E0,-1.E0,0.E0));
#3207=DIRECTION('',(1.E0,0.E0,0.E0));
#3208=AXIS2_PLACEMENT_3D('',#3205,#3206,#3207);
#3209=PLANE('',#3208);
#3210=ORIENTED_EDGE('',*,*,#3173,.T.);
#3211=ORIENTED_EDGE('',*,*,#2592,.T.);
#3212=ORIENTED_EDGE('',*,*,#3197,.F.);
#3213=ORIENTED_EDGE('',*,*,#2844,.T.);
#3214=EDGE_LOOP('',(#3210,#3211,#3212,#3213));
#3215=FACE_OUTER_BOUND('',#3214,.F.);
#3216=ADVANCED_FACE('',(#3215),#3209,.T.);
#3217=CARTESIAN_POINT('',(-8.075E0,5.5E0,-1.65E1));
#3218=DIRECTION('',(0.E0,1.E0,0.E0));
#3219=DIRECTION('',(1.E0,0.E0,0.E0));
#3220=AXIS2_PLACEMENT_3D('',#3217,#3218,#3219);
#3221=PLANE('',#3220);
#3222=ORIENTED_EDGE('',*,*,#2441,.T.);
#3223=ORIENTED_EDGE('',*,*,#2459,.F.);
#3224=ORIENTED_EDGE('',*,*,#2482,.F.);
#3225=ORIENTED_EDGE('',*,*,#2413,.T.);
#3226=EDGE_LOOP('',(#3222,#3223,#3224,#3225));
#3227=FACE_OUTER_BOUND('',#3226,.F.);
#3228=ADVANCED_FACE('',(#3227),#3221,.T.);
#3229=CARTESIAN_POINT('',(-8.075E0,-8.E0,-1.475E1));
#3230=DIRECTION('',(0.E0,-1.E0,0.E0));
#3231=DIRECTION('',(0.E0,0.E0,-1.E0));
#3232=AXIS2_PLACEMENT_3D('',#3229,#3230,#3231);
#3233=PLANE('',#3232);
#3234=ORIENTED_EDGE('',*,*,#2425,.F.);
#3236=ORIENTED_EDGE('',*,*,#3235,.T.);
#3238=ORIENTED_EDGE('',*,*,#3237,.T.);
#3239=ORIENTED_EDGE('',*,*,#2487,.F.);
#3240=EDGE_LOOP('',(#3234,#3236,#3238,#3239));
#3241=FACE_OUTER_BOUND('',#3240,.F.);
#3242=ADVANCED_FACE('',(#3241),#3233,.T.);
#3243=CARTESIAN_POINT('',(-8.075E0,-8.35E0,-1.475E1));
#3244=DIRECTION('',(0.E0,0.E0,-1.E0));
#3245=DIRECTION('',(0.E0,1.E0,0.E0));
#3246=AXIS2_PLACEMENT_3D('',#3243,#3244,#3245);
#3247=PLANE('',#3246);
#3248=ORIENTED_EDGE('',*,*,#2423,.F.);
#3250=ORIENTED_EDGE('',*,*,#3249,.T.);
#3252=ORIENTED_EDGE('',*,*,#3251,.T.);
#3253=ORIENTED_EDGE('',*,*,#3235,.F.);
#3254=EDGE_LOOP('',(#3248,#3250,#3252,#3253));
#3255=FACE_OUTER_BOUND('',#3254,.F.);
#3256=ADVANCED_FACE('',(#3255),#3247,.T.);
#3257=CARTESIAN_POINT('',(-8.075E0,-8.35E0,0.E0));
#3258=DIRECTION('',(0.E0,-1.E0,0.E0));
#3259=DIRECTION('',(0.E0,0.E0,-1.E0));
#3260=AXIS2_PLACEMENT_3D('',#3257,#3258,#3259);
#3261=PLANE('',#3260);
#3262=ORIENTED_EDGE('',*,*,#2421,.F.);
#3264=ORIENTED_EDGE('',*,*,#3263,.T.);
#3266=ORIENTED_EDGE('',*,*,#3265,.T.);
#3267=ORIENTED_EDGE('',*,*,#3249,.F.);
#3268=EDGE_LOOP('',(#3262,#3264,#3266,#3267));
#3269=FACE_OUTER_BOUND('',#3268,.F.);
#3270=ADVANCED_FACE('',(#3269),#3261,.T.);
#3271=CARTESIAN_POINT('',(-8.075E0,8.35E0,0.E0));
#3272=DIRECTION('',(0.E0,0.E0,1.E0));
#3273=DIRECTION('',(0.E0,-1.E0,0.E0));
#3274=AXIS2_PLACEMENT_3D('',#3271,#3272,#3273);
#3275=PLANE('',#3274);
#3277=ORIENTED_EDGE('',*,*,#3276,.T.);
#3279=ORIENTED_EDGE('',*,*,#3278,.F.);
#3281=ORIENTED_EDGE('',*,*,#3280,.F.);
#3283=ORIENTED_EDGE('',*,*,#3282,.T.);
#3285=ORIENTED_EDGE('',*,*,#3284,.F.);
#3287=ORIENTED_EDGE('',*,*,#3286,.T.);
#3289=ORIENTED_EDGE('',*,*,#3288,.T.);
#3290=ORIENTED_EDGE('',*,*,#3263,.F.);
#3291=ORIENTED_EDGE('',*,*,#2419,.F.);
#3293=ORIENTED_EDGE('',*,*,#3292,.T.);
#3295=ORIENTED_EDGE('',*,*,#3294,.T.);
#3297=ORIENTED_EDGE('',*,*,#3296,.T.);
#3299=ORIENTED_EDGE('',*,*,#3298,.F.);
#3301=ORIENTED_EDGE('',*,*,#3300,.F.);
#3303=ORIENTED_EDGE('',*,*,#3302,.T.);
#3305=ORIENTED_EDGE('',*,*,#3304,.T.);
#3307=ORIENTED_EDGE('',*,*,#3306,.T.);
#3309=ORIENTED_EDGE('',*,*,#3308,.T.);
#3311=ORIENTED_EDGE('',*,*,#3310,.T.);
#3313=ORIENTED_EDGE('',*,*,#3312,.F.);
#3315=ORIENTED_EDGE('',*,*,#3314,.T.);
#3317=ORIENTED_EDGE('',*,*,#3316,.T.);
#3319=ORIENTED_EDGE('',*,*,#3318,.T.);
#3321=ORIENTED_EDGE('',*,*,#3320,.T.);
#3323=ORIENTED_EDGE('',*,*,#3322,.T.);
#3325=ORIENTED_EDGE('',*,*,#3324,.T.);
#3327=ORIENTED_EDGE('',*,*,#3326,.T.);
#3329=ORIENTED_EDGE('',*,*,#3328,.T.);
#3331=ORIENTED_EDGE('',*,*,#3330,.T.);
#3333=ORIENTED_EDGE('',*,*,#3332,.F.);
#3335=ORIENTED_EDGE('',*,*,#3334,.T.);
#3337=ORIENTED_EDGE('',*,*,#3336,.T.);
#3338=EDGE_LOOP('',(#3277,#3279,#3281,#3283,#3285,#3287,#3289,#3290,#3291,#3293,
#3295,#3297,#3299,#3301,#3303,#3305,#3307,#3309,#3311,#3313,#3315,#3317,#3319,
#3321,#3323,#3325,#3327,#3329,#3331,#3333,#3335,#3337));
#3339=FACE_OUTER_BOUND('',#3338,.F.);
#3340=ADVANCED_FACE('',(#3339),#3275,.T.);
#3341=CARTESIAN_POINT('',(6.18E0,2.35E0,0.E0));
#3342=DIRECTION('',(1.E0,0.E0,0.E0));
#3343=DIRECTION('',(0.E0,1.E0,0.E0));
#3344=AXIS2_PLACEMENT_3D('',#3341,#3342,#3343);
#3345=PLANE('',#3344);
#3347=ORIENTED_EDGE('',*,*,#3346,.T.);
#3348=ORIENTED_EDGE('',*,*,#3276,.F.);
#3350=ORIENTED_EDGE('',*,*,#3349,.T.);
#3352=ORIENTED_EDGE('',*,*,#3351,.T.);
#3353=EDGE_LOOP('',(#3347,#3348,#3350,#3352));
#3354=FACE_OUTER_BOUND('',#3353,.F.);
#3355=ADVANCED_FACE('',(#3354),#3345,.F.);
#3356=CARTESIAN_POINT('',(3.7E0,4.85E0,0.E0));
#3357=DIRECTION('',(0.E0,-1.E0,0.E0));
#3358=DIRECTION('',(1.E0,0.E0,0.E0));
#3359=AXIS2_PLACEMENT_3D('',#3356,#3357,#3358);
#3360=PLANE('',#3359);
#3362=ORIENTED_EDGE('',*,*,#3361,.T.);
#3364=ORIENTED_EDGE('',*,*,#3363,.F.);
#3365=ORIENTED_EDGE('',*,*,#3278,.T.);
#3366=ORIENTED_EDGE('',*,*,#3346,.F.);
#3367=EDGE_LOOP('',(#3362,#3364,#3365,#3366));
#3368=FACE_OUTER_BOUND('',#3367,.F.);
#3369=ADVANCED_FACE('',(#3368),#3360,.T.);
#3370=CARTESIAN_POINT('',(0.E0,0.E0,-2.E-1));
#3371=DIRECTION('',(0.E0,0.E0,1.E0));
#3372=DIRECTION('',(1.E0,0.E0,0.E0));
#3373=AXIS2_PLACEMENT_3D('',#3370,#3371,#3372);
#3374=PLANE('',#3373);
#3376=ORIENTED_EDGE('',*,*,#3375,.T.);
#3378=ORIENTED_EDGE('',*,*,#3377,.F.);
#3380=ORIENTED_EDGE('',*,*,#3379,.T.);
#3382=ORIENTED_EDGE('',*,*,#3381,.T.);
#3384=ORIENTED_EDGE('',*,*,#3383,.T.);
#3386=ORIENTED_EDGE('',*,*,#3385,.F.);
#3388=ORIENTED_EDGE('',*,*,#3387,.F.);
#3390=ORIENTED_EDGE('',*,*,#3389,.F.);
#3392=ORIENTED_EDGE('',*,*,#3391,.F.);
#3394=ORIENTED_EDGE('',*,*,#3393,.F.);
#3396=ORIENTED_EDGE('',*,*,#3395,.F.);
#3398=ORIENTED_EDGE('',*,*,#3397,.F.);
#3399=EDGE_LOOP('',(#3376,#3378,#3380,#3382,#3384,#3386,#3388,#3390,#3392,#3394,
#3396,#3398));
#3400=FACE_OUTER_BOUND('',#3399,.F.);
#3401=ADVANCED_FACE('',(#3400),#3374,.T.);
#3402=CARTESIAN_POINT('',(0.E0,0.E0,-2.E-1));
#3403=DIRECTION('',(0.E0,0.E0,1.E0));
#3404=DIRECTION('',(1.E0,0.E0,0.E0));
#3405=AXIS2_PLACEMENT_3D('',#3402,#3403,#3404);
#3406=PLANE('',#3405);
#3408=ORIENTED_EDGE('',*,*,#3407,.T.);
#3410=ORIENTED_EDGE('',*,*,#3409,.T.);
#3412=ORIENTED_EDGE('',*,*,#3411,.F.);
#3414=ORIENTED_EDGE('',*,*,#3413,.F.);
#3416=ORIENTED_EDGE('',*,*,#3415,.T.);
#3418=ORIENTED_EDGE('',*,*,#3417,.F.);
#3420=ORIENTED_EDGE('',*,*,#3419,.F.);
#3422=ORIENTED_EDGE('',*,*,#3421,.T.);
#3423=ORIENTED_EDGE('',*,*,#3361,.F.);
#3424=ORIENTED_EDGE('',*,*,#3351,.F.);
#3426=ORIENTED_EDGE('',*,*,#3425,.F.);
#3428=ORIENTED_EDGE('',*,*,#3427,.F.);
#3430=ORIENTED_EDGE('',*,*,#3429,.T.);
#3432=ORIENTED_EDGE('',*,*,#3431,.T.);
#3434=ORIENTED_EDGE('',*,*,#3433,.T.);
#3436=ORIENTED_EDGE('',*,*,#3435,.T.);
#3438=ORIENTED_EDGE('',*,*,#3437,.T.);
#3440=ORIENTED_EDGE('',*,*,#3439,.F.);
#3442=ORIENTED_EDGE('',*,*,#3441,.F.);
#3444=ORIENTED_EDGE('',*,*,#3443,.F.);
#3446=ORIENTED_EDGE('',*,*,#3445,.T.);
#3448=ORIENTED_EDGE('',*,*,#3447,.T.);
#3450=ORIENTED_EDGE('',*,*,#3449,.T.);
#3452=ORIENTED_EDGE('',*,*,#3451,.F.);
#3454=ORIENTED_EDGE('',*,*,#3453,.T.);
#3456=ORIENTED_EDGE('',*,*,#3455,.F.);
#3458=ORIENTED_EDGE('',*,*,#3457,.F.);
#3460=ORIENTED_EDGE('',*,*,#3459,.F.);
#3461=EDGE_LOOP('',(#3408,#3410,#3412,#3414,#3416,#3418,#3420,#3422,#3423,#3424,
#3426,#3428,#3430,#3432,#3434,#3436,#3438,#3440,#3442,#3444,#3446,#3448,#3450,
#3452,#3454,#3456,#3458,#3460));
#3462=FACE_OUTER_BOUND('',#3461,.F.);
#3463=ADVANCED_FACE('',(#3462),#3406,.T.);
#3464=CARTESIAN_POINT('',(-6.334E0,1.E-1,-1.E-1));
#3465=DIRECTION('',(0.E0,1.E0,0.E0));
#3466=DIRECTION('',(1.E0,0.E0,0.E0));
#3467=AXIS2_PLACEMENT_3D('',#3464,#3465,#3466);
#3468=PLANE('',#3467);
#3469=ORIENTED_EDGE('',*,*,#3375,.F.);
#3471=ORIENTED_EDGE('',*,*,#3470,.T.);
#3472=ORIENTED_EDGE('',*,*,#3312,.T.);
#3474=ORIENTED_EDGE('',*,*,#3473,.T.);
#3476=ORIENTED_EDGE('',*,*,#3475,.T.);
#3478=ORIENTED_EDGE('',*,*,#3477,.T.);
#3480=ORIENTED_EDGE('',*,*,#3479,.T.);
#3482=ORIENTED_EDGE('',*,*,#3481,.T.);
#3484=ORIENTED_EDGE('',*,*,#3483,.F.);
#3486=ORIENTED_EDGE('',*,*,#3485,.F.);
#3488=ORIENTED_EDGE('',*,*,#3487,.F.);
#3490=ORIENTED_EDGE('',*,*,#3489,.F.);
#3491=EDGE_LOOP('',(#3469,#3471,#3472,#3474,#3476,#3478,#3480,#3482,#3484,#3486,
#3488,#3490));
#3492=FACE_OUTER_BOUND('',#3491,.F.);
#3493=ADVANCED_FACE('',(#3492),#3468,.F.);
#3494=CARTESIAN_POINT('',(-6.43E0,2.35E0,0.E0));
#3495=DIRECTION('',(-1.E0,0.E0,0.E0));
#3496=DIRECTION('',(0.E0,-1.E0,0.E0));
#3497=AXIS2_PLACEMENT_3D('',#3494,#3495,#3496);
#3498=PLANE('',#3497);
#3500=ORIENTED_EDGE('',*,*,#3499,.T.);
#3501=ORIENTED_EDGE('',*,*,#3306,.F.);
#3503=ORIENTED_EDGE('',*,*,#3502,.T.);
#3504=ORIENTED_EDGE('',*,*,#3455,.T.);
#3505=EDGE_LOOP('',(#3500,#3501,#3503,#3504));
#3506=FACE_OUTER_BOUND('',#3505,.F.);
#3507=ADVANCED_FACE('',(#3506),#3498,.F.);
#3508=CARTESIAN_POINT('',(-6.43E0,2.35E0,0.E0));
#3509=DIRECTION('',(-1.E0,0.E0,0.E0));
#3510=DIRECTION('',(0.E0,-1.E0,0.E0));
#3511=AXIS2_PLACEMENT_3D('',#3508,#3509,#3510);
#3512=PLANE('',#3511);
#3513=ORIENTED_EDGE('',*,*,#3470,.F.);
#3514=ORIENTED_EDGE('',*,*,#3397,.T.);
#3516=ORIENTED_EDGE('',*,*,#3515,.F.);
#3517=ORIENTED_EDGE('',*,*,#3314,.F.);
#3518=EDGE_LOOP('',(#3513,#3514,#3516,#3517));
#3519=FACE_OUTER_BOUND('',#3518,.F.);
#3520=ADVANCED_FACE('',(#3519),#3512,.F.);
#3521=CARTESIAN_POINT('',(-6.334E0,2.1E0,-1.E-1));
#3522=DIRECTION('',(0.E0,1.E0,0.E0));
#3523=DIRECTION('',(1.E0,0.E0,0.E0));
#3524=AXIS2_PLACEMENT_3D('',#3521,#3522,#3523);
#3525=PLANE('',#3524);
#3526=ORIENTED_EDGE('',*,*,#3453,.F.);
#3528=ORIENTED_EDGE('',*,*,#3527,.T.);
#3530=ORIENTED_EDGE('',*,*,#3529,.T.);
#3532=ORIENTED_EDGE('',*,*,#3531,.T.);
#3534=ORIENTED_EDGE('',*,*,#3533,.T.);
#3536=ORIENTED_EDGE('',*,*,#3535,.T.);
#3538=ORIENTED_EDGE('',*,*,#3537,.F.);
#3540=ORIENTED_EDGE('',*,*,#3539,.F.);
#3542=ORIENTED_EDGE('',*,*,#3541,.F.);
#3544=ORIENTED_EDGE('',*,*,#3543,.F.);
#3545=ORIENTED_EDGE('',*,*,#3308,.F.);
#3546=ORIENTED_EDGE('',*,*,#3499,.F.);
#3547=EDGE_LOOP('',(#3526,#3528,#3530,#3532,#3534,#3536,#3538,#3540,#3542,#3544,
#3545,#3546));
#3548=FACE_OUTER_BOUND('',#3547,.F.);
#3549=ADVANCED_FACE('',(#3548),#3525,.T.);
#3550=CARTESIAN_POINT('',(-5.975E0,4.15E0,-2.E-1));
#3551=DIRECTION('',(-1.E0,0.E0,0.E0));
#3552=DIRECTION('',(0.E0,-1.E0,0.E0));
#3553=AXIS2_PLACEMENT_3D('',#3550,#3551,#3552);
#3554=PLANE('',#3553);
#3555=ORIENTED_EDGE('',*,*,#3527,.F.);
#3556=ORIENTED_EDGE('',*,*,#3451,.T.);
#3558=ORIENTED_EDGE('',*,*,#3557,.T.);
#3560=ORIENTED_EDGE('',*,*,#3559,.T.);
#3562=ORIENTED_EDGE('',*,*,#3561,.F.);
#3564=ORIENTED_EDGE('',*,*,#3563,.T.);
#3566=ORIENTED_EDGE('',*,*,#3565,.F.);
#3567=ORIENTED_EDGE('',*,*,#3377,.T.);
#3568=ORIENTED_EDGE('',*,*,#3489,.T.);
#3570=ORIENTED_EDGE('',*,*,#3569,.T.);
#3571=EDGE_LOOP('',(#3555,#3556,#3558,#3560,#3562,#3564,#3566,#3567,#3568,
#3570));
#3572=FACE_OUTER_BOUND('',#3571,.F.);
#3573=ADVANCED_FACE('',(#3572),#3554,.F.);
#3574=CARTESIAN_POINT('',(-3.2275E0,4.15E0,-2.E-1));
#3575=DIRECTION('',(0.E0,1.E0,0.E0));
#3576=DIRECTION('',(-1.E0,0.E0,0.E0));
#3577=AXIS2_PLACEMENT_3D('',#3574,#3575,#3576);
#3578=PLANE('',#3577);
#3580=ORIENTED_EDGE('',*,*,#3579,.T.);
#3581=ORIENTED_EDGE('',*,*,#3557,.F.);
#3582=ORIENTED_EDGE('',*,*,#3449,.F.);
#3584=ORIENTED_EDGE('',*,*,#3583,.T.);
#3585=EDGE_LOOP('',(#3580,#3581,#3582,#3584));
#3586=FACE_OUTER_BOUND('',#3585,.F.);
#3587=ADVANCED_FACE('',(#3586),#3578,.F.);
#3588=CARTESIAN_POINT('',(0.E0,0.E0,-1.094E1));
#3589=DIRECTION('',(0.E0,0.E0,1.E0));
#3590=DIRECTION('',(1.E0,0.E0,0.E0));
#3591=AXIS2_PLACEMENT_3D('',#3588,#3589,#3590);
#3592=PLANE('',#3591);
#3593=ORIENTED_EDGE('',*,*,#3579,.F.);
#3595=ORIENTED_EDGE('',*,*,#3594,.F.);
#3597=ORIENTED_EDGE('',*,*,#3596,.F.);
#3598=ORIENTED_EDGE('',*,*,#3559,.F.);
#3599=EDGE_LOOP('',(#3593,#3595,#3597,#3598));
#3600=FACE_OUTER_BOUND('',#3599,.F.);
#3601=ADVANCED_FACE('',(#3600),#3592,.T.);
#3602=CARTESIAN_POINT('',(0.E0,0.E0,-1.094E1));
#3603=DIRECTION('',(0.E0,0.E0,1.E0));
#3604=DIRECTION('',(1.E0,0.E0,0.E0));
#3605=AXIS2_PLACEMENT_3D('',#3602,#3603,#3604);
#3606=PLANE('',#3605);
#3608=ORIENTED_EDGE('',*,*,#3607,.T.);
#3610=ORIENTED_EDGE('',*,*,#3609,.F.);
#3612=ORIENTED_EDGE('',*,*,#3611,.F.);
#3614=ORIENTED_EDGE('',*,*,#3613,.F.);
#3615=EDGE_LOOP('',(#3608,#3610,#3612,#3614));
#3616=FACE_OUTER_BOUND('',#3615,.F.);
#3617=ADVANCED_FACE('',(#3616),#3606,.T.);
#3618=CARTESIAN_POINT('',(-3.2275E0,5.85E0,-2.E-1));
#3619=DIRECTION('',(-1.E0,0.E0,0.E0));
#3620=DIRECTION('',(0.E0,-1.E0,0.E0));
#3621=AXIS2_PLACEMENT_3D('',#3618,#3619,#3620);
#3622=PLANE('',#3621);
#3624=ORIENTED_EDGE('',*,*,#3623,.F.);
#3626=ORIENTED_EDGE('',*,*,#3625,.T.);
#3627=ORIENTED_EDGE('',*,*,#3594,.T.);
#3628=ORIENTED_EDGE('',*,*,#3583,.F.);
#3629=ORIENTED_EDGE('',*,*,#3447,.F.);
#3631=ORIENTED_EDGE('',*,*,#3630,.T.);
#3633=ORIENTED_EDGE('',*,*,#3632,.T.);
#3635=ORIENTED_EDGE('',*,*,#3634,.F.);
#3636=EDGE_LOOP('',(#3624,#3626,#3627,#3628,#3629,#3631,#3633,#3635));
#3637=FACE_OUTER_BOUND('',#3636,.F.);
#3638=ADVANCED_FACE('',(#3637),#3622,.F.);
#3639=CARTESIAN_POINT('',(0.E0,0.E0,-1.254E1));
#3640=DIRECTION('',(0.E0,0.E0,1.E0));
#3641=DIRECTION('',(1.E0,0.E0,0.E0));
#3642=AXIS2_PLACEMENT_3D('',#3639,#3640,#3641);
#3643=PLANE('',#3642);
#3645=ORIENTED_EDGE('',*,*,#3644,.F.);
#3647=ORIENTED_EDGE('',*,*,#3646,.F.);
#3649=ORIENTED_EDGE('',*,*,#3648,.F.);
#3650=ORIENTED_EDGE('',*,*,#3563,.F.);
#3652=ORIENTED_EDGE('',*,*,#3651,.T.);
#3653=ORIENTED_EDGE('',*,*,#3623,.T.);
#3655=ORIENTED_EDGE('',*,*,#3654,.T.);
#3657=ORIENTED_EDGE('',*,*,#3656,.T.);
#3658=EDGE_LOOP('',(#3645,#3647,#3649,#3650,#3652,#3653,#3655,#3657));
#3659=FACE_OUTER_BOUND('',#3658,.F.);
#3661=ORIENTED_EDGE('',*,*,#3660,.F.);
#3663=ORIENTED_EDGE('',*,*,#3662,.T.);
#3665=ORIENTED_EDGE('',*,*,#3664,.T.);
#3667=ORIENTED_EDGE('',*,*,#3666,.F.);
#3668=EDGE_LOOP('',(#3661,#3663,#3665,#3667));
#3669=FACE_BOUND('',#3668,.F.);
#3671=ORIENTED_EDGE('',*,*,#3670,.F.);
#3673=ORIENTED_EDGE('',*,*,#3672,.T.);
#3675=ORIENTED_EDGE('',*,*,#3674,.T.);
#3677=ORIENTED_EDGE('',*,*,#3676,.F.);
#3678=EDGE_LOOP('',(#3671,#3673,#3675,#3677));
#3679=FACE_BOUND('',#3678,.F.);
#3681=ORIENTED_EDGE('',*,*,#3680,.F.);
#3683=ORIENTED_EDGE('',*,*,#3682,.T.);
#3685=ORIENTED_EDGE('',*,*,#3684,.T.);
#3687=ORIENTED_EDGE('',*,*,#3686,.F.);
#3688=EDGE_LOOP('',(#3681,#3683,#3685,#3687));
#3689=FACE_BOUND('',#3688,.F.);
#3691=ORIENTED_EDGE('',*,*,#3690,.F.);
#3693=ORIENTED_EDGE('',*,*,#3692,.T.);
#3695=ORIENTED_EDGE('',*,*,#3694,.T.);
#3697=ORIENTED_EDGE('',*,*,#3696,.F.);
#3698=EDGE_LOOP('',(#3691,#3693,#3695,#3697));
#3699=FACE_BOUND('',#3698,.F.);
#3701=ORIENTED_EDGE('',*,*,#3700,.F.);
#3703=ORIENTED_EDGE('',*,*,#3702,.T.);
#3705=ORIENTED_EDGE('',*,*,#3704,.T.);
#3707=ORIENTED_EDGE('',*,*,#3706,.F.);
#3708=EDGE_LOOP('',(#3701,#3703,#3705,#3707));
#3709=FACE_BOUND('',#3708,.F.);
#3711=ORIENTED_EDGE('',*,*,#3710,.F.);
#3713=ORIENTED_EDGE('',*,*,#3712,.T.);
#3715=ORIENTED_EDGE('',*,*,#3714,.T.);
#3717=ORIENTED_EDGE('',*,*,#3716,.F.);
#3718=EDGE_LOOP('',(#3711,#3713,#3715,#3717));
#3719=FACE_BOUND('',#3718,.F.);
#3721=ORIENTED_EDGE('',*,*,#3720,.F.);
#3723=ORIENTED_EDGE('',*,*,#3722,.T.);
#3725=ORIENTED_EDGE('',*,*,#3724,.T.);
#3727=ORIENTED_EDGE('',*,*,#3726,.F.);
#3728=EDGE_LOOP('',(#3721,#3723,#3725,#3727));
#3729=FACE_BOUND('',#3728,.F.);
#3731=ORIENTED_EDGE('',*,*,#3730,.F.);
#3733=ORIENTED_EDGE('',*,*,#3732,.T.);
#3735=ORIENTED_EDGE('',*,*,#3734,.T.);
#3737=ORIENTED_EDGE('',*,*,#3736,.F.);
#3738=EDGE_LOOP('',(#3731,#3733,#3735,#3737));
#3739=FACE_BOUND('',#3738,.F.);
#3740=ADVANCED_FACE('',(#3659,#3669,#3679,#3689,#3699,#3709,#3719,#3729,#3739),
#3643,.T.);
#3741=CARTESIAN_POINT('',(3.2275E0,3.2E0,-1.254E1));
#3742=DIRECTION('',(0.E0,-1.E0,0.E0));
#3743=DIRECTION('',(1.E0,0.E0,0.E0));
#3744=AXIS2_PLACEMENT_3D('',#3741,#3742,#3743);
#3745=PLANE('',#3744);
#3746=ORIENTED_EDGE('',*,*,#3644,.T.);
#3748=ORIENTED_EDGE('',*,*,#3747,.T.);
#3749=ORIENTED_EDGE('',*,*,#3609,.T.);
#3751=ORIENTED_EDGE('',*,*,#3750,.F.);
#3752=EDGE_LOOP('',(#3746,#3748,#3749,#3751));
#3753=FACE_OUTER_BOUND('',#3752,.F.);
#3754=ADVANCED_FACE('',(#3753),#3745,.T.);
#3755=CARTESIAN_POINT('',(3.2275E0,2.15E0,-2.E-1));
#3756=DIRECTION('',(1.E0,0.E0,0.E0));
#3757=DIRECTION('',(0.E0,1.E0,0.E0));
#3758=AXIS2_PLACEMENT_3D('',#3755,#3756,#3757);
#3759=PLANE('',#3758);
#3761=ORIENTED_EDGE('',*,*,#3760,.T.);
#3762=ORIENTED_EDGE('',*,*,#3611,.T.);
#3763=ORIENTED_EDGE('',*,*,#3747,.F.);
#3764=ORIENTED_EDGE('',*,*,#3656,.F.);
#3766=ORIENTED_EDGE('',*,*,#3765,.T.);
#3768=ORIENTED_EDGE('',*,*,#3767,.T.);
#3770=ORIENTED_EDGE('',*,*,#3769,.F.);
#3771=ORIENTED_EDGE('',*,*,#3435,.F.);
#3772=EDGE_LOOP('',(#3761,#3762,#3763,#3764,#3766,#3768,#3770,#3771));
#3773=FACE_OUTER_BOUND('',#3772,.F.);
#3774=ADVANCED_FACE('',(#3773),#3759,.F.);
#3775=CARTESIAN_POINT('',(5.975E0,4.15E0,-2.E-1));
#3776=DIRECTION('',(0.E0,1.E0,0.E0));
#3777=DIRECTION('',(-1.E0,0.E0,0.E0));
#3778=AXIS2_PLACEMENT_3D('',#3775,#3776,#3777);
#3779=PLANE('',#3778);
#3780=ORIENTED_EDGE('',*,*,#3613,.T.);
#3781=ORIENTED_EDGE('',*,*,#3760,.F.);
#3782=ORIENTED_EDGE('',*,*,#3433,.F.);
#3784=ORIENTED_EDGE('',*,*,#3783,.T.);
#3785=EDGE_LOOP('',(#3780,#3781,#3782,#3784));
#3786=FACE_OUTER_BOUND('',#3785,.F.);
#3787=ADVANCED_FACE('',(#3786),#3779,.F.);
#3788=CARTESIAN_POINT('',(5.975E0,-2.75E0,-2.E-1));
#3789=DIRECTION('',(1.E0,0.E0,0.E0));
#3790=DIRECTION('',(0.E0,1.E0,0.E0));
#3791=AXIS2_PLACEMENT_3D('',#3788,#3789,#3790);
#3792=PLANE('',#3791);
#3794=ORIENTED_EDGE('',*,*,#3793,.T.);
#3796=ORIENTED_EDGE('',*,*,#3795,.F.);
#3797=ORIENTED_EDGE('',*,*,#3381,.F.);
#3799=ORIENTED_EDGE('',*,*,#3798,.T.);
#3800=ORIENTED_EDGE('',*,*,#3646,.T.);
#3801=ORIENTED_EDGE('',*,*,#3750,.T.);
#3802=ORIENTED_EDGE('',*,*,#3607,.F.);
#3803=ORIENTED_EDGE('',*,*,#3783,.F.);
#3804=ORIENTED_EDGE('',*,*,#3431,.F.);
#3806=ORIENTED_EDGE('',*,*,#3805,.T.);
#3807=EDGE_LOOP('',(#3794,#3796,#3797,#3799,#3800,#3801,#3802,#3803,#3804,
#3806));
#3808=FACE_OUTER_BOUND('',#3807,.F.);
#3809=ADVANCED_FACE('',(#3808),#3792,.F.);
#3810=CARTESIAN_POINT('',(5.624272297282E0,1.1E0,-1.397556687271E0));
#3811=DIRECTION('',(9.396926207859E-1,0.E0,-3.420201433257E-1));
#3812=DIRECTION('',(0.E0,1.E0,0.E0));
#3813=AXIS2_PLACEMENT_3D('',#3810,#3811,#3812);
#3814=PLANE('',#3813);
#3815=ORIENTED_EDGE('',*,*,#3793,.F.);
#3817=ORIENTED_EDGE('',*,*,#3816,.T.);
#3819=ORIENTED_EDGE('',*,*,#3818,.T.);
#3821=ORIENTED_EDGE('',*,*,#3820,.F.);
#3822=EDGE_LOOP('',(#3815,#3817,#3819,#3821));
#3823=FACE_OUTER_BOUND('',#3822,.F.);
#3824=ADVANCED_FACE('',(#3823),#3814,.T.);
#3825=CARTESIAN_POINT('',(6.334E0,2.1E0,-1.E-1));
#3826=DIRECTION('',(0.E0,1.E0,0.E0));
#3827=DIRECTION('',(1.E0,0.E0,0.E0));
#3828=AXIS2_PLACEMENT_3D('',#3825,#3826,#3827);
#3829=PLANE('',#3828);
#3830=ORIENTED_EDGE('',*,*,#3429,.F.);
#3832=ORIENTED_EDGE('',*,*,#3831,.F.);
#3833=ORIENTED_EDGE('',*,*,#3332,.T.);
#3835=ORIENTED_EDGE('',*,*,#3834,.T.);
#3837=ORIENTED_EDGE('',*,*,#3836,.T.);
#3839=ORIENTED_EDGE('',*,*,#3838,.T.);
#3841=ORIENTED_EDGE('',*,*,#3840,.T.);
#3843=ORIENTED_EDGE('',*,*,#3842,.T.);
#3845=ORIENTED_EDGE('',*,*,#3844,.F.);
#3847=ORIENTED_EDGE('',*,*,#3846,.F.);
#3848=ORIENTED_EDGE('',*,*,#3816,.F.);
#3849=ORIENTED_EDGE('',*,*,#3805,.F.);
#3850=EDGE_LOOP('',(#3830,#3832,#3833,#3835,#3837,#3839,#3841,#3843,#3845,#3847,
#3848,#3849));
#3851=FACE_OUTER_BOUND('',#3850,.F.);
#3852=ADVANCED_FACE('',(#3851),#3829,.T.);
#3853=CARTESIAN_POINT('',(6.43E0,-1.5E-1,0.E0));
#3854=DIRECTION('',(1.E0,0.E0,0.E0));
#3855=DIRECTION('',(0.E0,1.E0,0.E0));
#3856=AXIS2_PLACEMENT_3D('',#3853,#3854,#3855);
#3857=PLANE('',#3856);
#3858=ORIENTED_EDGE('',*,*,#3831,.T.);
#3859=ORIENTED_EDGE('',*,*,#3427,.T.);
#3861=ORIENTED_EDGE('',*,*,#3860,.F.);
#3862=ORIENTED_EDGE('',*,*,#3334,.F.);
#3863=EDGE_LOOP('',(#3858,#3859,#3861,#3862));
#3864=FACE_OUTER_BOUND('',#3863,.F.);
#3865=ADVANCED_FACE('',(#3864),#3857,.F.);
#3866=CARTESIAN_POINT('',(6.43E0,-1.5E-1,0.E0));
#3867=DIRECTION('',(1.E0,0.E0,0.E0));
#3868=DIRECTION('',(0.E0,1.E0,0.E0));
#3869=AXIS2_PLACEMENT_3D('',#3866,#3867,#3868);
#3870=PLANE('',#3869);
#3872=ORIENTED_EDGE('',*,*,#3871,.T.);
#3873=ORIENTED_EDGE('',*,*,#3326,.F.);
#3875=ORIENTED_EDGE('',*,*,#3874,.T.);
#3876=ORIENTED_EDGE('',*,*,#3385,.T.);
#3877=EDGE_LOOP('',(#3872,#3873,#3875,#3876));
#3878=FACE_OUTER_BOUND('',#3877,.F.);
#3879=ADVANCED_FACE('',(#3878),#3870,.F.);
#3880=CARTESIAN_POINT('',(6.43E0,2.35E0,0.E0));
#3881=DIRECTION('',(0.E0,1.E0,0.E0));
#3882=DIRECTION('',(-1.E0,0.E0,0.E0));
#3883=AXIS2_PLACEMENT_3D('',#3880,#3881,#3882);
#3884=PLANE('',#3883);
#3885=ORIENTED_EDGE('',*,*,#3336,.F.);
#3886=ORIENTED_EDGE('',*,*,#3860,.T.);
#3887=ORIENTED_EDGE('',*,*,#3425,.T.);
#3888=ORIENTED_EDGE('',*,*,#3349,.F.);
#3889=EDGE_LOOP('',(#3885,#3886,#3887,#3888));
#3890=FACE_OUTER_BOUND('',#3889,.F.);
#3891=ADVANCED_FACE('',(#3890),#3884,.F.);
#3892=CARTESIAN_POINT('',(6.334E0,1.E-1,-1.E-1));
#3893=DIRECTION('',(0.E0,1.E0,0.E0));
#3894=DIRECTION('',(1.E0,0.E0,0.E0));
#3895=AXIS2_PLACEMENT_3D('',#3892,#3893,#3894);
#3896=PLANE('',#3895);
#3897=ORIENTED_EDGE('',*,*,#3383,.F.);
#3898=ORIENTED_EDGE('',*,*,#3795,.T.);
#3899=ORIENTED_EDGE('',*,*,#3820,.T.);
#3901=ORIENTED_EDGE('',*,*,#3900,.T.);
#3903=ORIENTED_EDGE('',*,*,#3902,.T.);
#3905=ORIENTED_EDGE('',*,*,#3904,.T.);
#3907=ORIENTED_EDGE('',*,*,#3906,.F.);
#3909=ORIENTED_EDGE('',*,*,#3908,.F.);
#3911=ORIENTED_EDGE('',*,*,#3910,.F.);
#3913=ORIENTED_EDGE('',*,*,#3912,.F.);
#3914=ORIENTED_EDGE('',*,*,#3328,.F.);
#3915=ORIENTED_EDGE('',*,*,#3871,.F.);
#3916=EDGE_LOOP('',(#3897,#3898,#3899,#3901,#3903,#3905,#3907,#3909,#3911,#3913,
#3914,#3915));
#3917=FACE_OUTER_BOUND('',#3916,.F.);
#3918=ADVANCED_FACE('',(#3917),#3896,.F.);
#3919=CARTESIAN_POINT('',(6.92E0,1.1E0,-3.036098305780E0));
#3920=DIRECTION('',(0.E0,-1.E0,0.E0));
#3921=DIRECTION('',(-9.396926207859E-1,0.E0,3.420201433257E-1));
#3922=AXIS2_PLACEMENT_3D('',#3919,#3920,#3921);
#3923=CYLINDRICAL_SURFACE('',#3922,1.778E0);
#3924=ORIENTED_EDGE('',*,*,#3818,.F.);
#3925=ORIENTED_EDGE('',*,*,#3846,.T.);
#3927=ORIENTED_EDGE('',*,*,#3926,.T.);
#3928=ORIENTED_EDGE('',*,*,#3900,.F.);
#3929=EDGE_LOOP('',(#3924,#3925,#3927,#3928));
#3930=FACE_OUTER_BOUND('',#3929,.F.);
#3931=ADVANCED_FACE('',(#3930),#3923,.F.);
#3932=CARTESIAN_POINT('',(5.142E0,1.1E0,-3.293049152890E0));
#3933=DIRECTION('',(1.E0,0.E0,0.E0));
#3934=DIRECTION('',(0.E0,1.E0,0.E0));
#3935=AXIS2_PLACEMENT_3D('',#3932,#3933,#3934);
#3936=PLANE('',#3935);
#3937=ORIENTED_EDGE('',*,*,#3926,.F.);
#3938=ORIENTED_EDGE('',*,*,#3844,.T.);
#3940=ORIENTED_EDGE('',*,*,#3939,.T.);
#3941=ORIENTED_EDGE('',*,*,#3902,.F.);
#3942=EDGE_LOOP('',(#3937,#3938,#3940,#3941));
#3943=FACE_OUTER_BOUND('',#3942,.F.);
#3944=ADVANCED_FACE('',(#3943),#3936,.T.);
#3945=CARTESIAN_POINT('',(5.142E0,1.1E0,-3.55E0));
#3946=DIRECTION('',(0.E0,0.E0,-1.E0));
#3947=DIRECTION('',(1.E0,0.E0,0.E0));
#3948=AXIS2_PLACEMENT_3D('',#3945,#3946,#3947);
#3949=PLANE('',#3948);
#3950=ORIENTED_EDGE('',*,*,#3904,.F.);
#3951=ORIENTED_EDGE('',*,*,#3939,.F.);
#3952=ORIENTED_EDGE('',*,*,#3842,.F.);
#3954=ORIENTED_EDGE('',*,*,#3953,.F.);
#3955=EDGE_LOOP('',(#3950,#3951,#3952,#3954));
#3956=FACE_OUTER_BOUND('',#3955,.F.);
#3957=ADVANCED_FACE('',(#3956),#3949,.T.);
#3958=CARTESIAN_POINT('',(4.942E0,1.1E0,-3.293049152890E0));
#3959=DIRECTION('',(1.E0,0.E0,0.E0));
#3960=DIRECTION('',(0.E0,1.E0,0.E0));
#3961=AXIS2_PLACEMENT_3D('',#3958,#3959,#3960);
#3962=PLANE('',#3961);
#3964=ORIENTED_EDGE('',*,*,#3963,.F.);
#3965=ORIENTED_EDGE('',*,*,#3906,.T.);
#3966=ORIENTED_EDGE('',*,*,#3953,.T.);
#3967=ORIENTED_EDGE('',*,*,#3840,.F.);
#3968=EDGE_LOOP('',(#3964,#3965,#3966,#3967));
#3969=FACE_OUTER_BOUND('',#3968,.F.);
#3970=ADVANCED_FACE('',(#3969),#3962,.F.);
#3971=CARTESIAN_POINT('',(6.92E0,1.1E0,-3.036098305780E0));
#3972=DIRECTION('',(0.E0,-1.E0,0.E0));
#3973=DIRECTION('',(-9.396926207859E-1,0.E0,3.420201433257E-1));
#3974=AXIS2_PLACEMENT_3D('',#3971,#3972,#3973);
#3975=CYLINDRICAL_SURFACE('',#3974,1.978E0);
#3977=ORIENTED_EDGE('',*,*,#3976,.F.);
#3978=ORIENTED_EDGE('',*,*,#3908,.T.);
#3979=ORIENTED_EDGE('',*,*,#3963,.T.);
#3980=ORIENTED_EDGE('',*,*,#3838,.F.);
#3981=EDGE_LOOP('',(#3977,#3978,#3979,#3980));
#3982=FACE_OUTER_BOUND('',#3981,.F.);
#3983=ADVANCED_FACE('',(#3982),#3975,.T.);
#3984=CARTESIAN_POINT('',(5.436333773124E0,1.1E0,-1.329152658606E0));
#3985=DIRECTION('',(9.396926207859E-1,0.E0,-3.420201433257E-1));
#3986=DIRECTION('',(0.E0,1.E0,0.E0));
#3987=AXIS2_PLACEMENT_3D('',#3984,#3985,#3986);
#3988=PLANE('',#3987);
#3990=ORIENTED_EDGE('',*,*,#3989,.F.);
#3991=ORIENTED_EDGE('',*,*,#3910,.T.);
#3992=ORIENTED_EDGE('',*,*,#3976,.T.);
#3993=ORIENTED_EDGE('',*,*,#3836,.F.);
#3994=EDGE_LOOP('',(#3990,#3991,#3992,#3993));
#3995=FACE_OUTER_BOUND('',#3994,.F.);
#3996=ADVANCED_FACE('',(#3995),#3988,.F.);
#3997=CARTESIAN_POINT('',(6.238E0,1.1E0,-4.54E-1));
#3998=DIRECTION('',(0.E0,-1.E0,0.E0));
#3999=DIRECTION('',(0.E0,0.E0,1.E0));
#4000=AXIS2_PLACEMENT_3D('',#3997,#3998,#3999);
#4001=CYLINDRICAL_SURFACE('',#4000,4.54E-1);
#4002=ORIENTED_EDGE('',*,*,#3330,.F.);
#4003=ORIENTED_EDGE('',*,*,#3912,.T.);
#4004=ORIENTED_EDGE('',*,*,#3989,.T.);
#4005=ORIENTED_EDGE('',*,*,#3834,.F.);
#4006=EDGE_LOOP('',(#4002,#4003,#4004,#4005));
#4007=FACE_OUTER_BOUND('',#4006,.F.);
#4008=ADVANCED_FACE('',(#4007),#4001,.T.);
#4009=CARTESIAN_POINT('',(6.18E0,-1.5E-1,0.E0));
#4010=DIRECTION('',(0.E0,-1.E0,0.E0));
#4011=DIRECTION('',(1.E0,0.E0,0.E0));
#4012=AXIS2_PLACEMENT_3D('',#4009,#4010,#4011);
#4013=PLANE('',#4012);
#4014=ORIENTED_EDGE('',*,*,#3324,.F.);
#4016=ORIENTED_EDGE('',*,*,#4015,.T.);
#4017=ORIENTED_EDGE('',*,*,#3387,.T.);
#4018=ORIENTED_EDGE('',*,*,#3874,.F.);
#4019=EDGE_LOOP('',(#4014,#4016,#4017,#4018));
#4020=FACE_OUTER_BOUND('',#4019,.F.);
#4021=ADVANCED_FACE('',(#4020),#4013,.F.);
#4022=CARTESIAN_POINT('',(6.18E0,-3.05E0,0.E0));
#4023=DIRECTION('',(1.E0,0.E0,0.E0));
#4024=DIRECTION('',(0.E0,1.E0,0.E0));
#4025=AXIS2_PLACEMENT_3D('',#4022,#4023,#4024);
#4026=PLANE('',#4025);
#4027=ORIENTED_EDGE('',*,*,#3322,.F.);
#4029=ORIENTED_EDGE('',*,*,#4028,.T.);
#4030=ORIENTED_EDGE('',*,*,#3389,.T.);
#4031=ORIENTED_EDGE('',*,*,#4015,.F.);
#4032=EDGE_LOOP('',(#4027,#4029,#4030,#4031));
#4033=FACE_OUTER_BOUND('',#4032,.F.);
#4034=ADVANCED_FACE('',(#4033),#4026,.F.);
#4035=CARTESIAN_POINT('',(-6.18E0,-3.05E0,0.E0));
#4036=DIRECTION('',(0.E0,-1.E0,0.E0));
#4037=DIRECTION('',(1.E0,0.E0,0.E0));
#4038=AXIS2_PLACEMENT_3D('',#4035,#4036,#4037);
#4039=PLANE('',#4038);
#4040=ORIENTED_EDGE('',*,*,#3320,.F.);
#4042=ORIENTED_EDGE('',*,*,#4041,.T.);
#4043=ORIENTED_EDGE('',*,*,#3391,.T.);
#4044=ORIENTED_EDGE('',*,*,#4028,.F.);
#4045=EDGE_LOOP('',(#4040,#4042,#4043,#4044));
#4046=FACE_OUTER_BOUND('',#4045,.F.);
#4047=ADVANCED_FACE('',(#4046),#4039,.F.);
#4048=CARTESIAN_POINT('',(-6.18E0,-1.5E-1,0.E0));
#4049=DIRECTION('',(-1.E0,0.E0,0.E0));
#4050=DIRECTION('',(0.E0,-1.E0,0.E0));
#4051=AXIS2_PLACEMENT_3D('',#4048,#4049,#4050);
#4052=PLANE('',#4051);
#4053=ORIENTED_EDGE('',*,*,#3318,.F.);
#4055=ORIENTED_EDGE('',*,*,#4054,.T.);
#4056=ORIENTED_EDGE('',*,*,#3393,.T.);
#4057=ORIENTED_EDGE('',*,*,#4041,.F.);
#4058=EDGE_LOOP('',(#4053,#4055,#4056,#4057));
#4059=FACE_OUTER_BOUND('',#4058,.F.);
#4060=ADVANCED_FACE('',(#4059),#4052,.F.);
#4061=CARTESIAN_POINT('',(-6.43E0,-1.5E-1,0.E0));
#4062=DIRECTION('',(0.E0,-1.E0,0.E0));
#4063=DIRECTION('',(1.E0,0.E0,0.E0));
#4064=AXIS2_PLACEMENT_3D('',#4061,#4062,#4063);
#4065=PLANE('',#4064);
#4066=ORIENTED_EDGE('',*,*,#3316,.F.);
#4067=ORIENTED_EDGE('',*,*,#3515,.T.);
#4068=ORIENTED_EDGE('',*,*,#3395,.T.);
#4069=ORIENTED_EDGE('',*,*,#4054,.F.);
#4070=EDGE_LOOP('',(#4066,#4067,#4068,#4069));
#4071=FACE_OUTER_BOUND('',#4070,.F.);
#4072=ADVANCED_FACE('',(#4071),#4065,.F.);
#4073=CARTESIAN_POINT('',(-5.975E0,-2.75E0,-2.E-1));
#4074=DIRECTION('',(0.E0,-1.E0,0.E0));
#4075=DIRECTION('',(1.E0,0.E0,0.E0));
#4076=AXIS2_PLACEMENT_3D('',#4073,#4074,#4075);
#4077=PLANE('',#4076);
#4078=ORIENTED_EDGE('',*,*,#3565,.T.);
#4079=ORIENTED_EDGE('',*,*,#3648,.T.);
#4080=ORIENTED_EDGE('',*,*,#3798,.F.);
#4081=ORIENTED_EDGE('',*,*,#3379,.F.);
#4082=EDGE_LOOP('',(#4078,#4079,#4080,#4081));
#4083=FACE_OUTER_BOUND('',#4082,.F.);
#4085=ORIENTED_EDGE('',*,*,#4084,.T.);
#4087=ORIENTED_EDGE('',*,*,#4086,.T.);
#4089=ORIENTED_EDGE('',*,*,#4088,.F.);
#4091=ORIENTED_EDGE('',*,*,#4090,.F.);
#4092=EDGE_LOOP('',(#4085,#4087,#4089,#4091));
#4093=FACE_BOUND('',#4092,.F.);
#4095=ORIENTED_EDGE('',*,*,#4094,.T.);
#4097=ORIENTED_EDGE('',*,*,#4096,.T.);
#4099=ORIENTED_EDGE('',*,*,#4098,.F.);
#4101=ORIENTED_EDGE('',*,*,#4100,.F.);
#4102=EDGE_LOOP('',(#4095,#4097,#4099,#4101));
#4103=FACE_BOUND('',#4102,.F.);
#4105=ORIENTED_EDGE('',*,*,#4104,.T.);
#4107=ORIENTED_EDGE('',*,*,#4106,.T.);
#4109=ORIENTED_EDGE('',*,*,#4108,.F.);
#4111=ORIENTED_EDGE('',*,*,#4110,.F.);
#4112=EDGE_LOOP('',(#4105,#4107,#4109,#4111));
#4113=FACE_BOUND('',#4112,.F.);
#4115=ORIENTED_EDGE('',*,*,#4114,.T.);
#4117=ORIENTED_EDGE('',*,*,#4116,.T.);
#4119=ORIENTED_EDGE('',*,*,#4118,.F.);
#4121=ORIENTED_EDGE('',*,*,#4120,.F.);
#4122=EDGE_LOOP('',(#4115,#4117,#4119,#4121));
#4123=FACE_BOUND('',#4122,.F.);
#4125=ORIENTED_EDGE('',*,*,#4124,.T.);
#4127=ORIENTED_EDGE('',*,*,#4126,.T.);
#4129=ORIENTED_EDGE('',*,*,#4128,.F.);
#4131=ORIENTED_EDGE('',*,*,#4130,.F.);
#4132=EDGE_LOOP('',(#4125,#4127,#4129,#4131));
#4133=FACE_BOUND('',#4132,.F.);
#4135=ORIENTED_EDGE('',*,*,#4134,.T.);
#4137=ORIENTED_EDGE('',*,*,#4136,.T.);
#4139=ORIENTED_EDGE('',*,*,#4138,.F.);
#4141=ORIENTED_EDGE('',*,*,#4140,.F.);
#4142=EDGE_LOOP('',(#4135,#4137,#4139,#4141));
#4143=FACE_BOUND('',#4142,.F.);
#4145=ORIENTED_EDGE('',*,*,#4144,.T.);
#4147=ORIENTED_EDGE('',*,*,#4146,.T.);
#4149=ORIENTED_EDGE('',*,*,#4148,.F.);
#4151=ORIENTED_EDGE('',*,*,#4150,.F.);
#4152=EDGE_LOOP('',(#4145,#4147,#4149,#4151));
#4153=FACE_BOUND('',#4152,.F.);
#4155=ORIENTED_EDGE('',*,*,#4154,.T.);
#4157=ORIENTED_EDGE('',*,*,#4156,.T.);
#4159=ORIENTED_EDGE('',*,*,#4158,.F.);
#4161=ORIENTED_EDGE('',*,*,#4160,.F.);
#4162=EDGE_LOOP('',(#4155,#4157,#4159,#4161));
#4163=FACE_BOUND('',#4162,.F.);
#4164=ADVANCED_FACE('',(#4083,#4093,#4103,#4113,#4123,#4133,#4143,#4153,#4163),
#4077,.F.);
#4165=CARTESIAN_POINT('',(4.215E0,0.E0,0.E0));
#4166=DIRECTION('',(1.E0,0.E0,0.E0));
#4167=DIRECTION('',(0.E0,0.E0,-1.E0));
#4168=AXIS2_PLACEMENT_3D('',#4165,#4166,#4167);
#4169=PLANE('',#4168);
#4171=ORIENTED_EDGE('',*,*,#4170,.T.);
#4172=ORIENTED_EDGE('',*,*,#3660,.T.);
#4174=ORIENTED_EDGE('',*,*,#4173,.T.);
#4175=ORIENTED_EDGE('',*,*,#4084,.F.);
#4176=EDGE_LOOP('',(#4171,#4172,#4174,#4175));
#4177=FACE_OUTER_BOUND('',#4176,.F.);
#4178=ADVANCED_FACE('',(#4177),#4169,.F.);
#4179=CARTESIAN_POINT('',(4.215E0,-2.75E0,-5.405589839209E0));
#4180=DIRECTION('',(0.E0,-9.485681177006E-1,-3.165730975336E-1));
#4181=DIRECTION('',(0.E0,3.165730975336E-1,-9.485681177006E-1));
#4182=AXIS2_PLACEMENT_3D('',#4179,#4180,#4181);
#4183=PLANE('',#4182);
#4184=ORIENTED_EDGE('',*,*,#4170,.F.);
#4185=ORIENTED_EDGE('',*,*,#4090,.T.);
#4187=ORIENTED_EDGE('',*,*,#4186,.T.);
#4188=ORIENTED_EDGE('',*,*,#3662,.F.);
#4189=EDGE_LOOP('',(#4184,#4185,#4187,#4188));
#4190=FACE_OUTER_BOUND('',#4189,.F.);
#4191=ADVANCED_FACE('',(#4190),#4183,.T.);
#4192=CARTESIAN_POINT('',(4.675E0,0.E0,0.E0));
#4193=DIRECTION('',(1.E0,0.E0,0.E0));
#4194=DIRECTION('',(0.E0,0.E0,-1.E0));
#4195=AXIS2_PLACEMENT_3D('',#4192,#4193,#4194);
#4196=PLANE('',#4195);
#4197=ORIENTED_EDGE('',*,*,#4186,.F.);
#4198=ORIENTED_EDGE('',*,*,#4088,.T.);
#4200=ORIENTED_EDGE('',*,*,#4199,.F.);
#4201=ORIENTED_EDGE('',*,*,#3664,.F.);
#4202=EDGE_LOOP('',(#4197,#4198,#4200,#4201));
#4203=FACE_OUTER_BOUND('',#4202,.F.);
#4204=ADVANCED_FACE('',(#4203),#4196,.T.);
#4205=CARTESIAN_POINT('',(4.215E0,0.E0,-1.254E1));
#4206=DIRECTION('',(0.E0,9.485681177006E-1,3.165730975336E-1));
#4207=DIRECTION('',(0.E0,-3.165730975336E-1,9.485681177006E-1));
#4208=AXIS2_PLACEMENT_3D('',#4205,#4206,#4207);
#4209=PLANE('',#4208);
#4210=ORIENTED_EDGE('',*,*,#4173,.F.);
#4211=ORIENTED_EDGE('',*,*,#3666,.T.);
#4212=ORIENTED_EDGE('',*,*,#4199,.T.);
#4213=ORIENTED_EDGE('',*,*,#4086,.F.);
#4214=EDGE_LOOP('',(#4210,#4211,#4212,#4213));
#4215=FACE_OUTER_BOUND('',#4214,.F.);
#4216=ADVANCED_FACE('',(#4215),#4209,.T.);
#4217=CARTESIAN_POINT('',(2.945E0,0.E0,0.E0));
#4218=DIRECTION('',(1.E0,0.E0,0.E0));
#4219=DIRECTION('',(0.E0,0.E0,-1.E0));
#4220=AXIS2_PLACEMENT_3D('',#4217,#4218,#4219);
#4221=PLANE('',#4220);
#4222=ORIENTED_EDGE('',*,*,#3670,.T.);
#4224=ORIENTED_EDGE('',*,*,#4223,.T.);
#4225=ORIENTED_EDGE('',*,*,#4094,.F.);
#4227=ORIENTED_EDGE('',*,*,#4226,.T.);
#4228=EDGE_LOOP('',(#4222,#4224,#4225,#4227));
#4229=FACE_OUTER_BOUND('',#4228,.F.);
#4230=ADVANCED_FACE('',(#4229),#4221,.F.);
#4231=CARTESIAN_POINT('',(2.945E0,0.E0,-1.254E1));
#4232=DIRECTION('',(0.E0,9.485681177006E-1,3.165730975336E-1));
#4233=DIRECTION('',(0.E0,-3.165730975336E-1,9.485681177006E-1));
#4234=AXIS2_PLACEMENT_3D('',#4231,#4232,#4233);
#4235=PLANE('',#4234);
#4236=ORIENTED_EDGE('',*,*,#3676,.T.);
#4238=ORIENTED_EDGE('',*,*,#4237,.T.);
#4239=ORIENTED_EDGE('',*,*,#4096,.F.);
#4240=ORIENTED_EDGE('',*,*,#4223,.F.);
#4241=EDGE_LOOP('',(#4236,#4238,#4239,#4240));
#4242=FACE_OUTER_BOUND('',#4241,.F.);
#4243=ADVANCED_FACE('',(#4242),#4235,.T.);
#4244=CARTESIAN_POINT('',(3.405E0,0.E0,0.E0));
#4245=DIRECTION('',(1.E0,0.E0,0.E0));
#4246=DIRECTION('',(0.E0,0.E0,-1.E0));
#4247=AXIS2_PLACEMENT_3D('',#4244,#4245,#4246);
#4248=PLANE('',#4247);
#4249=ORIENTED_EDGE('',*,*,#3674,.F.);
#4251=ORIENTED_EDGE('',*,*,#4250,.F.);
#4252=ORIENTED_EDGE('',*,*,#4098,.T.);
#4253=ORIENTED_EDGE('',*,*,#4237,.F.);
#4254=EDGE_LOOP('',(#4249,#4251,#4252,#4253));
#4255=FACE_OUTER_BOUND('',#4254,.F.);
#4256=ADVANCED_FACE('',(#4255),#4248,.T.);
#4257=CARTESIAN_POINT('',(2.945E0,-2.75E0,-5.405589839209E0));
#4258=DIRECTION('',(0.E0,-9.485681177006E-1,-3.165730975336E-1));
#4259=DIRECTION('',(0.E0,3.165730975336E-1,-9.485681177006E-1));
#4260=AXIS2_PLACEMENT_3D('',#4257,#4258,#4259);
#4261=PLANE('',#4260);
#4262=ORIENTED_EDGE('',*,*,#3672,.F.);
#4263=ORIENTED_EDGE('',*,*,#4226,.F.);
#4264=ORIENTED_EDGE('',*,*,#4100,.T.);
#4265=ORIENTED_EDGE('',*,*,#4250,.T.);
#4266=EDGE_LOOP('',(#4262,#4263,#4264,#4265));
#4267=FACE_OUTER_BOUND('',#4266,.F.);
#4268=ADVANCED_FACE('',(#4267),#4261,.T.);
#4269=CARTESIAN_POINT('',(1.675E0,0.E0,0.E0));
#4270=DIRECTION('',(1.E0,0.E0,0.E0));
#4271=DIRECTION('',(0.E0,0.E0,-1.E0));
#4272=AXIS2_PLACEMENT_3D('',#4269,#4270,#4271);
#4273=PLANE('',#4272);
#4274=ORIENTED_EDGE('',*,*,#3680,.T.);
#4276=ORIENTED_EDGE('',*,*,#4275,.T.);
#4277=ORIENTED_EDGE('',*,*,#4104,.F.);
#4279=ORIENTED_EDGE('',*,*,#4278,.T.);
#4280=EDGE_LOOP('',(#4274,#4276,#4277,#4279));
#4281=FACE_OUTER_BOUND('',#4280,.F.);
#4282=ADVANCED_FACE('',(#4281),#4273,.F.);
#4283=CARTESIAN_POINT('',(1.675E0,0.E0,-1.254E1));
#4284=DIRECTION('',(0.E0,9.485681177006E-1,3.165730975336E-1));
#4285=DIRECTION('',(0.E0,-3.165730975336E-1,9.485681177006E-1));
#4286=AXIS2_PLACEMENT_3D('',#4283,#4284,#4285);
#4287=PLANE('',#4286);
#4288=ORIENTED_EDGE('',*,*,#3686,.T.);
#4290=ORIENTED_EDGE('',*,*,#4289,.T.);
#4291=ORIENTED_EDGE('',*,*,#4106,.F.);
#4292=ORIENTED_EDGE('',*,*,#4275,.F.);
#4293=EDGE_LOOP('',(#4288,#4290,#4291,#4292));
#4294=FACE_OUTER_BOUND('',#4293,.F.);
#4295=ADVANCED_FACE('',(#4294),#4287,.T.);
#4296=CARTESIAN_POINT('',(2.135E0,0.E0,0.E0));
#4297=DIRECTION('',(1.E0,0.E0,0.E0));
#4298=DIRECTION('',(0.E0,0.E0,-1.E0));
#4299=AXIS2_PLACEMENT_3D('',#4296,#4297,#4298);
#4300=PLANE('',#4299);
#4301=ORIENTED_EDGE('',*,*,#3684,.F.);
#4303=ORIENTED_EDGE('',*,*,#4302,.F.);
#4304=ORIENTED_EDGE('',*,*,#4108,.T.);
#4305=ORIENTED_EDGE('',*,*,#4289,.F.);
#4306=EDGE_LOOP('',(#4301,#4303,#4304,#4305));
#4307=FACE_OUTER_BOUND('',#4306,.F.);
#4308=ADVANCED_FACE('',(#4307),#4300,.T.);
#4309=CARTESIAN_POINT('',(1.675E0,-2.75E0,-5.405589839209E0));
#4310=DIRECTION('',(0.E0,-9.485681177006E-1,-3.165730975336E-1));
#4311=DIRECTION('',(0.E0,3.165730975336E-1,-9.485681177006E-1));
#4312=AXIS2_PLACEMENT_3D('',#4309,#4310,#4311);
#4313=PLANE('',#4312);
#4314=ORIENTED_EDGE('',*,*,#3682,.F.);
#4315=ORIENTED_EDGE('',*,*,#4278,.F.);
#4316=ORIENTED_EDGE('',*,*,#4110,.T.);
#4317=ORIENTED_EDGE('',*,*,#4302,.T.);
#4318=EDGE_LOOP('',(#4314,#4315,#4316,#4317));
#4319=FACE_OUTER_BOUND('',#4318,.F.);
#4320=ADVANCED_FACE('',(#4319),#4313,.T.);
#4321=CARTESIAN_POINT('',(4.05E-1,0.E0,0.E0));
#4322=DIRECTION('',(1.E0,0.E0,0.E0));
#4323=DIRECTION('',(0.E0,0.E0,-1.E0));
#4324=AXIS2_PLACEMENT_3D('',#4321,#4322,#4323);
#4325=PLANE('',#4324);
#4326=ORIENTED_EDGE('',*,*,#3690,.T.);
#4328=ORIENTED_EDGE('',*,*,#4327,.T.);
#4329=ORIENTED_EDGE('',*,*,#4114,.F.);
#4331=ORIENTED_EDGE('',*,*,#4330,.T.);
#4332=EDGE_LOOP('',(#4326,#4328,#4329,#4331));
#4333=FACE_OUTER_BOUND('',#4332,.F.);
#4334=ADVANCED_FACE('',(#4333),#4325,.F.);
#4335=CARTESIAN_POINT('',(4.05E-1,0.E0,-1.254E1));
#4336=DIRECTION('',(0.E0,9.485681177006E-1,3.165730975336E-1));
#4337=DIRECTION('',(0.E0,-3.165730975336E-1,9.485681177006E-1));
#4338=AXIS2_PLACEMENT_3D('',#4335,#4336,#4337);
#4339=PLANE('',#4338);
#4340=ORIENTED_EDGE('',*,*,#3696,.T.);
#4342=ORIENTED_EDGE('',*,*,#4341,.T.);
#4343=ORIENTED_EDGE('',*,*,#4116,.F.);
#4344=ORIENTED_EDGE('',*,*,#4327,.F.);
#4345=EDGE_LOOP('',(#4340,#4342,#4343,#4344));
#4346=FACE_OUTER_BOUND('',#4345,.F.);
#4347=ADVANCED_FACE('',(#4346),#4339,.T.);
#4348=CARTESIAN_POINT('',(8.65E-1,0.E0,0.E0));
#4349=DIRECTION('',(1.E0,0.E0,0.E0));
#4350=DIRECTION('',(0.E0,0.E0,-1.E0));
#4351=AXIS2_PLACEMENT_3D('',#4348,#4349,#4350);
#4352=PLANE('',#4351);
#4353=ORIENTED_EDGE('',*,*,#3694,.F.);
#4355=ORIENTED_EDGE('',*,*,#4354,.F.);
#4356=ORIENTED_EDGE('',*,*,#4118,.T.);
#4357=ORIENTED_EDGE('',*,*,#4341,.F.);
#4358=EDGE_LOOP('',(#4353,#4355,#4356,#4357));
#4359=FACE_OUTER_BOUND('',#4358,.F.);
#4360=ADVANCED_FACE('',(#4359),#4352,.T.);
#4361=CARTESIAN_POINT('',(4.05E-1,-2.75E0,-5.405589839209E0));
#4362=DIRECTION('',(0.E0,-9.485681177006E-1,-3.165730975336E-1));
#4363=DIRECTION('',(0.E0,3.165730975336E-1,-9.485681177006E-1));
#4364=AXIS2_PLACEMENT_3D('',#4361,#4362,#4363);
#4365=PLANE('',#4364);
#4366=ORIENTED_EDGE('',*,*,#3692,.F.);
#4367=ORIENTED_EDGE('',*,*,#4330,.F.);
#4368=ORIENTED_EDGE('',*,*,#4120,.T.);
#4369=ORIENTED_EDGE('',*,*,#4354,.T.);
#4370=EDGE_LOOP('',(#4366,#4367,#4368,#4369));
#4371=FACE_OUTER_BOUND('',#4370,.F.);
#4372=ADVANCED_FACE('',(#4371),#4365,.T.);
#4373=CARTESIAN_POINT('',(-8.65E-1,0.E0,0.E0));
#4374=DIRECTION('',(1.E0,0.E0,0.E0));
#4375=DIRECTION('',(0.E0,0.E0,-1.E0));
#4376=AXIS2_PLACEMENT_3D('',#4373,#4374,#4375);
#4377=PLANE('',#4376);
#4378=ORIENTED_EDGE('',*,*,#3700,.T.);
#4380=ORIENTED_EDGE('',*,*,#4379,.T.);
#4381=ORIENTED_EDGE('',*,*,#4124,.F.);
#4383=ORIENTED_EDGE('',*,*,#4382,.T.);
#4384=EDGE_LOOP('',(#4378,#4380,#4381,#4383));
#4385=FACE_OUTER_BOUND('',#4384,.F.);
#4386=ADVANCED_FACE('',(#4385),#4377,.F.);
#4387=CARTESIAN_POINT('',(-8.65E-1,0.E0,-1.254E1));
#4388=DIRECTION('',(0.E0,9.485681177006E-1,3.165730975336E-1));
#4389=DIRECTION('',(0.E0,-3.165730975336E-1,9.485681177006E-1));
#4390=AXIS2_PLACEMENT_3D('',#4387,#4388,#4389);
#4391=PLANE('',#4390);
#4392=ORIENTED_EDGE('',*,*,#3706,.T.);
#4394=ORIENTED_EDGE('',*,*,#4393,.T.);
#4395=ORIENTED_EDGE('',*,*,#4126,.F.);
#4396=ORIENTED_EDGE('',*,*,#4379,.F.);
#4397=EDGE_LOOP('',(#4392,#4394,#4395,#4396));
#4398=FACE_OUTER_BOUND('',#4397,.F.);
#4399=ADVANCED_FACE('',(#4398),#4391,.T.);
#4400=CARTESIAN_POINT('',(-4.05E-1,0.E0,0.E0));
#4401=DIRECTION('',(1.E0,0.E0,0.E0));
#4402=DIRECTION('',(0.E0,0.E0,-1.E0));
#4403=AXIS2_PLACEMENT_3D('',#4400,#4401,#4402);
#4404=PLANE('',#4403);
#4405=ORIENTED_EDGE('',*,*,#3704,.F.);
#4407=ORIENTED_EDGE('',*,*,#4406,.F.);
#4408=ORIENTED_EDGE('',*,*,#4128,.T.);
#4409=ORIENTED_EDGE('',*,*,#4393,.F.);
#4410=EDGE_LOOP('',(#4405,#4407,#4408,#4409));
#4411=FACE_OUTER_BOUND('',#4410,.F.);
#4412=ADVANCED_FACE('',(#4411),#4404,.T.);
#4413=CARTESIAN_POINT('',(-8.65E-1,-2.75E0,-5.405589839209E0));
#4414=DIRECTION('',(0.E0,-9.485681177006E-1,-3.165730975336E-1));
#4415=DIRECTION('',(0.E0,3.165730975336E-1,-9.485681177006E-1));
#4416=AXIS2_PLACEMENT_3D('',#4413,#4414,#4415);
#4417=PLANE('',#4416);
#4418=ORIENTED_EDGE('',*,*,#3702,.F.);
#4419=ORIENTED_EDGE('',*,*,#4382,.F.);
#4420=ORIENTED_EDGE('',*,*,#4130,.T.);
#4421=ORIENTED_EDGE('',*,*,#4406,.T.);
#4422=EDGE_LOOP('',(#4418,#4419,#4420,#4421));
#4423=FACE_OUTER_BOUND('',#4422,.F.);
#4424=ADVANCED_FACE('',(#4423),#4417,.T.);
#4425=CARTESIAN_POINT('',(-2.135E0,0.E0,0.E0));
#4426=DIRECTION('',(1.E0,0.E0,0.E0));
#4427=DIRECTION('',(0.E0,0.E0,-1.E0));
#4428=AXIS2_PLACEMENT_3D('',#4425,#4426,#4427);
#4429=PLANE('',#4428);
#4430=ORIENTED_EDGE('',*,*,#3710,.T.);
#4432=ORIENTED_EDGE('',*,*,#4431,.T.);
#4433=ORIENTED_EDGE('',*,*,#4134,.F.);
#4435=ORIENTED_EDGE('',*,*,#4434,.T.);
#4436=EDGE_LOOP('',(#4430,#4432,#4433,#4435));
#4437=FACE_OUTER_BOUND('',#4436,.F.);
#4438=ADVANCED_FACE('',(#4437),#4429,.F.);
#4439=CARTESIAN_POINT('',(-2.135E0,0.E0,-1.254E1));
#4440=DIRECTION('',(0.E0,9.485681177006E-1,3.165730975336E-1));
#4441=DIRECTION('',(0.E0,-3.165730975336E-1,9.485681177006E-1));
#4442=AXIS2_PLACEMENT_3D('',#4439,#4440,#4441);
#4443=PLANE('',#4442);
#4444=ORIENTED_EDGE('',*,*,#3716,.T.);
#4446=ORIENTED_EDGE('',*,*,#4445,.T.);
#4447=ORIENTED_EDGE('',*,*,#4136,.F.);
#4448=ORIENTED_EDGE('',*,*,#4431,.F.);
#4449=EDGE_LOOP('',(#4444,#4446,#4447,#4448));
#4450=FACE_OUTER_BOUND('',#4449,.F.);
#4451=ADVANCED_FACE('',(#4450),#4443,.T.);
#4452=CARTESIAN_POINT('',(-1.675E0,0.E0,0.E0));
#4453=DIRECTION('',(1.E0,0.E0,0.E0));
#4454=DIRECTION('',(0.E0,0.E0,-1.E0));
#4455=AXIS2_PLACEMENT_3D('',#4452,#4453,#4454);
#4456=PLANE('',#4455);
#4457=ORIENTED_EDGE('',*,*,#3714,.F.);
#4459=ORIENTED_EDGE('',*,*,#4458,.F.);
#4460=ORIENTED_EDGE('',*,*,#4138,.T.);
#4461=ORIENTED_EDGE('',*,*,#4445,.F.);
#4462=EDGE_LOOP('',(#4457,#4459,#4460,#4461));
#4463=FACE_OUTER_BOUND('',#4462,.F.);
#4464=ADVANCED_FACE('',(#4463),#4456,.T.);
#4465=CARTESIAN_POINT('',(-2.135E0,-2.75E0,-5.405589839209E0));
#4466=DIRECTION('',(0.E0,-9.485681177006E-1,-3.165730975336E-1));
#4467=DIRECTION('',(0.E0,3.165730975336E-1,-9.485681177006E-1));
#4468=AXIS2_PLACEMENT_3D('',#4465,#4466,#4467);
#4469=PLANE('',#4468);
#4470=ORIENTED_EDGE('',*,*,#3712,.F.);
#4471=ORIENTED_EDGE('',*,*,#4434,.F.);
#4472=ORIENTED_EDGE('',*,*,#4140,.T.);
#4473=ORIENTED_EDGE('',*,*,#4458,.T.);
#4474=EDGE_LOOP('',(#4470,#4471,#4472,#4473));
#4475=FACE_OUTER_BOUND('',#4474,.F.);
#4476=ADVANCED_FACE('',(#4475),#4469,.T.);
#4477=CARTESIAN_POINT('',(-3.405E0,0.E0,0.E0));
#4478=DIRECTION('',(1.E0,0.E0,0.E0));
#4479=DIRECTION('',(0.E0,0.E0,-1.E0));
#4480=AXIS2_PLACEMENT_3D('',#4477,#4478,#4479);
#4481=PLANE('',#4480);
#4482=ORIENTED_EDGE('',*,*,#3720,.T.);
#4484=ORIENTED_EDGE('',*,*,#4483,.T.);
#4485=ORIENTED_EDGE('',*,*,#4144,.F.);
#4487=ORIENTED_EDGE('',*,*,#4486,.T.);
#4488=EDGE_LOOP('',(#4482,#4484,#4485,#4487));
#4489=FACE_OUTER_BOUND('',#4488,.F.);
#4490=ADVANCED_FACE('',(#4489),#4481,.F.);
#4491=CARTESIAN_POINT('',(-3.405E0,0.E0,-1.254E1));
#4492=DIRECTION('',(0.E0,9.485681177006E-1,3.165730975336E-1));
#4493=DIRECTION('',(0.E0,-3.165730975336E-1,9.485681177006E-1));
#4494=AXIS2_PLACEMENT_3D('',#4491,#4492,#4493);
#4495=PLANE('',#4494);
#4496=ORIENTED_EDGE('',*,*,#3726,.T.);
#4498=ORIENTED_EDGE('',*,*,#4497,.T.);
#4499=ORIENTED_EDGE('',*,*,#4146,.F.);
#4500=ORIENTED_EDGE('',*,*,#4483,.F.);
#4501=EDGE_LOOP('',(#4496,#4498,#4499,#4500));
#4502=FACE_OUTER_BOUND('',#4501,.F.);
#4503=ADVANCED_FACE('',(#4502),#4495,.T.);
#4504=CARTESIAN_POINT('',(-2.945E0,0.E0,0.E0));
#4505=DIRECTION('',(1.E0,0.E0,0.E0));
#4506=DIRECTION('',(0.E0,0.E0,-1.E0));
#4507=AXIS2_PLACEMENT_3D('',#4504,#4505,#4506);
#4508=PLANE('',#4507);
#4509=ORIENTED_EDGE('',*,*,#3724,.F.);
#4511=ORIENTED_EDGE('',*,*,#4510,.F.);
#4512=ORIENTED_EDGE('',*,*,#4148,.T.);
#4513=ORIENTED_EDGE('',*,*,#4497,.F.);
#4514=EDGE_LOOP('',(#4509,#4511,#4512,#4513));
#4515=FACE_OUTER_BOUND('',#4514,.F.);
#4516=ADVANCED_FACE('',(#4515),#4508,.T.);
#4517=CARTESIAN_POINT('',(-3.405E0,-2.75E0,-5.405589839209E0));
#4518=DIRECTION('',(0.E0,-9.485681177006E-1,-3.165730975336E-1));
#4519=DIRECTION('',(0.E0,3.165730975336E-1,-9.485681177006E-1));
#4520=AXIS2_PLACEMENT_3D('',#4517,#4518,#4519);
#4521=PLANE('',#4520);
#4522=ORIENTED_EDGE('',*,*,#3722,.F.);
#4523=ORIENTED_EDGE('',*,*,#4486,.F.);
#4524=ORIENTED_EDGE('',*,*,#4150,.T.);
#4525=ORIENTED_EDGE('',*,*,#4510,.T.);
#4526=EDGE_LOOP('',(#4522,#4523,#4524,#4525));
#4527=FACE_OUTER_BOUND('',#4526,.F.);
#4528=ADVANCED_FACE('',(#4527),#4521,.T.);
#4529=CARTESIAN_POINT('',(-4.675E0,0.E0,0.E0));
#4530=DIRECTION('',(1.E0,0.E0,0.E0));
#4531=DIRECTION('',(0.E0,0.E0,-1.E0));
#4532=AXIS2_PLACEMENT_3D('',#4529,#4530,#4531);
#4533=PLANE('',#4532);
#4534=ORIENTED_EDGE('',*,*,#3730,.T.);
#4536=ORIENTED_EDGE('',*,*,#4535,.T.);
#4537=ORIENTED_EDGE('',*,*,#4154,.F.);
#4539=ORIENTED_EDGE('',*,*,#4538,.T.);
#4540=EDGE_LOOP('',(#4534,#4536,#4537,#4539));
#4541=FACE_OUTER_BOUND('',#4540,.F.);
#4542=ADVANCED_FACE('',(#4541),#4533,.F.);
#4543=CARTESIAN_POINT('',(-4.675E0,0.E0,-1.254E1));
#4544=DIRECTION('',(0.E0,9.485681177006E-1,3.165730975336E-1));
#4545=DIRECTION('',(0.E0,-3.165730975336E-1,9.485681177006E-1));
#4546=AXIS2_PLACEMENT_3D('',#4543,#4544,#4545);
#4547=PLANE('',#4546);
#4548=ORIENTED_EDGE('',*,*,#3736,.T.);
#4550=ORIENTED_EDGE('',*,*,#4549,.T.);
#4551=ORIENTED_EDGE('',*,*,#4156,.F.);
#4552=ORIENTED_EDGE('',*,*,#4535,.F.);
#4553=EDGE_LOOP('',(#4548,#4550,#4551,#4552));
#4554=FACE_OUTER_BOUND('',#4553,.F.);
#4555=ADVANCED_FACE('',(#4554),#4547,.T.);
#4556=CARTESIAN_POINT('',(-4.215E0,0.E0,0.E0));
#4557=DIRECTION('',(1.E0,0.E0,0.E0));
#4558=DIRECTION('',(0.E0,0.E0,-1.E0));
#4559=AXIS2_PLACEMENT_3D('',#4556,#4557,#4558);
#4560=PLANE('',#4559);
#4561=ORIENTED_EDGE('',*,*,#3734,.F.);
#4563=ORIENTED_EDGE('',*,*,#4562,.F.);
#4564=ORIENTED_EDGE('',*,*,#4158,.T.);
#4565=ORIENTED_EDGE('',*,*,#4549,.F.);
#4566=EDGE_LOOP('',(#4561,#4563,#4564,#4565));
#4567=FACE_OUTER_BOUND('',#4566,.F.);
#4568=ADVANCED_FACE('',(#4567),#4560,.T.);
#4569=CARTESIAN_POINT('',(-4.675E0,-2.75E0,-5.405589839209E0));
#4570=DIRECTION('',(0.E0,-9.485681177006E-1,-3.165730975336E-1));
#4571=DIRECTION('',(0.E0,3.165730975336E-1,-9.485681177006E-1));
#4572=AXIS2_PLACEMENT_3D('',#4569,#4570,#4571);
#4573=PLANE('',#4572);
#4574=ORIENTED_EDGE('',*,*,#3732,.F.);
#4575=ORIENTED_EDGE('',*,*,#4538,.F.);
#4576=ORIENTED_EDGE('',*,*,#4160,.T.);
#4577=ORIENTED_EDGE('',*,*,#4562,.T.);
#4578=EDGE_LOOP('',(#4574,#4575,#4576,#4577));
#4579=FACE_OUTER_BOUND('',#4578,.F.);
#4580=ADVANCED_FACE('',(#4579),#4573,.T.);
#4581=CARTESIAN_POINT('',(-3.2275E0,2.15E0,-2.E-1));
#4582=DIRECTION('',(0.E0,-1.E0,0.E0));
#4583=DIRECTION('',(1.E0,0.E0,0.E0));
#4584=AXIS2_PLACEMENT_3D('',#4581,#4582,#4583);
#4585=PLANE('',#4584);
#4586=ORIENTED_EDGE('',*,*,#3654,.F.);
#4587=ORIENTED_EDGE('',*,*,#3634,.T.);
#4589=ORIENTED_EDGE('',*,*,#4588,.T.);
#4590=ORIENTED_EDGE('',*,*,#3765,.F.);
#4591=EDGE_LOOP('',(#4586,#4587,#4589,#4590));
#4592=FACE_OUTER_BOUND('',#4591,.F.);
#4593=ADVANCED_FACE('',(#4592),#4585,.F.);
#4594=CARTESIAN_POINT('',(0.E0,0.E0,-1.35E1));
#4595=DIRECTION('',(0.E0,0.E0,1.E0));
#4596=DIRECTION('',(1.E0,0.E0,0.E0));
#4597=AXIS2_PLACEMENT_3D('',#4594,#4595,#4596);
#4598=PLANE('',#4597);
#4600=ORIENTED_EDGE('',*,*,#4599,.F.);
#4602=ORIENTED_EDGE('',*,*,#4601,.F.);
#4604=ORIENTED_EDGE('',*,*,#4603,.F.);
#4606=ORIENTED_EDGE('',*,*,#4605,.F.);
#4607=ORIENTED_EDGE('',*,*,#3767,.F.);
#4608=ORIENTED_EDGE('',*,*,#4588,.F.);
#4609=ORIENTED_EDGE('',*,*,#3632,.F.);
#4611=ORIENTED_EDGE('',*,*,#4610,.F.);
#4612=EDGE_LOOP('',(#4600,#4602,#4604,#4606,#4607,#4608,#4609,#4611));
#4613=FACE_OUTER_BOUND('',#4612,.F.);
#4614=ADVANCED_FACE('',(#4613),#4598,.T.);
#4615=CARTESIAN_POINT('',(-2.03E0,6.75E0,-2.E-1));
#4616=DIRECTION('',(-1.E0,0.E0,0.E0));
#4617=DIRECTION('',(0.E0,-1.E0,0.E0));
#4618=AXIS2_PLACEMENT_3D('',#4615,#4616,#4617);
#4619=PLANE('',#4618);
#4620=ORIENTED_EDGE('',*,*,#3443,.T.);
#4622=ORIENTED_EDGE('',*,*,#4621,.F.);
#4624=ORIENTED_EDGE('',*,*,#4623,.F.);
#4626=ORIENTED_EDGE('',*,*,#4625,.F.);
#4628=ORIENTED_EDGE('',*,*,#4627,.F.);
#4630=ORIENTED_EDGE('',*,*,#4629,.F.);
#4632=ORIENTED_EDGE('',*,*,#4631,.T.);
#4633=ORIENTED_EDGE('',*,*,#4599,.T.);
#4635=ORIENTED_EDGE('',*,*,#4634,.F.);
#4636=EDGE_LOOP('',(#4620,#4622,#4624,#4626,#4628,#4630,#4632,#4633,#4635));
#4637=FACE_OUTER_BOUND('',#4636,.F.);
#4638=ADVANCED_FACE('',(#4637),#4619,.F.);
#4639=CARTESIAN_POINT('',(-2.03E0,8.09E0,-2.3E0));
#4640=DIRECTION('',(0.E0,1.E0,0.E0));
#4641=DIRECTION('',(0.E0,0.E0,1.E0));
#4642=AXIS2_PLACEMENT_3D('',#4639,#4640,#4641);
#4643=PLANE('',#4642);
#4644=ORIENTED_EDGE('',*,*,#3441,.T.);
#4646=ORIENTED_EDGE('',*,*,#4645,.F.);
#4648=ORIENTED_EDGE('',*,*,#4647,.F.);
#4649=ORIENTED_EDGE('',*,*,#4621,.T.);
#4650=EDGE_LOOP('',(#4644,#4646,#4648,#4649));
#4651=FACE_OUTER_BOUND('',#4650,.F.);
#4652=ADVANCED_FACE('',(#4651),#4643,.F.);
#4653=CARTESIAN_POINT('',(2.03E0,5.85E0,-2.E-1));
#4654=DIRECTION('',(1.E0,0.E0,0.E0));
#4655=DIRECTION('',(0.E0,1.E0,0.E0));
#4656=AXIS2_PLACEMENT_3D('',#4653,#4654,#4655);
#4657=PLANE('',#4656);
#4659=ORIENTED_EDGE('',*,*,#4658,.F.);
#4661=ORIENTED_EDGE('',*,*,#4660,.T.);
#4663=ORIENTED_EDGE('',*,*,#4662,.T.);
#4665=ORIENTED_EDGE('',*,*,#4664,.T.);
#4667=ORIENTED_EDGE('',*,*,#4666,.T.);
#4668=ORIENTED_EDGE('',*,*,#4645,.T.);
#4669=ORIENTED_EDGE('',*,*,#3439,.T.);
#4671=ORIENTED_EDGE('',*,*,#4670,.T.);
#4672=ORIENTED_EDGE('',*,*,#4603,.T.);
#4673=EDGE_LOOP('',(#4659,#4661,#4663,#4665,#4667,#4668,#4669,#4671,#4672));
#4674=FACE_OUTER_BOUND('',#4673,.F.);
#4675=ADVANCED_FACE('',(#4674),#4657,.F.);
#4676=CARTESIAN_POINT('',(2.03E0,6.75E0,-2.E-1));
#4677=DIRECTION('',(0.E0,1.E0,0.E0));
#4678=DIRECTION('',(-1.E0,0.E0,0.E0));
#4679=AXIS2_PLACEMENT_3D('',#4676,#4677,#4678);
#4680=PLANE('',#4679);
#4682=ORIENTED_EDGE('',*,*,#4681,.F.);
#4683=ORIENTED_EDGE('',*,*,#4658,.T.);
#4684=ORIENTED_EDGE('',*,*,#4601,.T.);
#4685=ORIENTED_EDGE('',*,*,#4631,.F.);
#4686=EDGE_LOOP('',(#4682,#4683,#4684,#4685));
#4687=FACE_OUTER_BOUND('',#4686,.F.);
#4688=ADVANCED_FACE('',(#4687),#4680,.F.);
#4689=CARTESIAN_POINT('',(-2.03E0,6.75E0,-7.4E0));
#4690=DIRECTION('',(0.E0,7.071067811865E-1,-7.071067811865E-1));
#4691=DIRECTION('',(0.E0,7.071067811865E-1,7.071067811865E-1));
#4692=AXIS2_PLACEMENT_3D('',#4689,#4690,#4691);
#4693=PLANE('',#4692);
#4694=ORIENTED_EDGE('',*,*,#4681,.T.);
#4695=ORIENTED_EDGE('',*,*,#4629,.T.);
#4697=ORIENTED_EDGE('',*,*,#4696,.T.);
#4698=ORIENTED_EDGE('',*,*,#4660,.F.);
#4699=EDGE_LOOP('',(#4694,#4695,#4697,#4698));
#4700=FACE_OUTER_BOUND('',#4699,.F.);
#4701=ADVANCED_FACE('',(#4700),#4693,.F.);
#4702=CARTESIAN_POINT('',(-2.03E0,7.15E0,-7.E0));
#4703=DIRECTION('',(0.E0,1.E0,0.E0));
#4704=DIRECTION('',(0.E0,0.E0,1.E0));
#4705=AXIS2_PLACEMENT_3D('',#4702,#4703,#4704);
#4706=PLANE('',#4705);
#4707=ORIENTED_EDGE('',*,*,#4627,.T.);
#4709=ORIENTED_EDGE('',*,*,#4708,.T.);
#4710=ORIENTED_EDGE('',*,*,#4662,.F.);
#4711=ORIENTED_EDGE('',*,*,#4696,.F.);
#4712=EDGE_LOOP('',(#4707,#4709,#4710,#4711));
#4713=FACE_OUTER_BOUND('',#4712,.F.);
#4714=ADVANCED_FACE('',(#4713),#4706,.F.);
#4715=CARTESIAN_POINT('',(-2.03E0,7.15E0,-4.35E0));
#4716=DIRECTION('',(0.E0,9.814905920257E-1,-1.915103594197E-1));
#4717=DIRECTION('',(0.E0,1.915103594197E-1,9.814905920257E-1));
#4718=AXIS2_PLACEMENT_3D('',#4715,#4716,#4717);
#4719=PLANE('',#4718);
#4720=ORIENTED_EDGE('',*,*,#4625,.T.);
#4722=ORIENTED_EDGE('',*,*,#4721,.T.);
#4723=ORIENTED_EDGE('',*,*,#4664,.F.);
#4724=ORIENTED_EDGE('',*,*,#4708,.F.);
#4725=EDGE_LOOP('',(#4720,#4722,#4723,#4724));
#4726=FACE_OUTER_BOUND('',#4725,.F.);
#4727=ADVANCED_FACE('',(#4726),#4719,.F.);
#4728=CARTESIAN_POINT('',(-2.03E0,7.55E0,-2.3E0));
#4729=DIRECTION('',(0.E0,0.E0,-1.E0));
#4730=DIRECTION('',(0.E0,1.E0,0.E0));
#4731=AXIS2_PLACEMENT_3D('',#4728,#4729,#4730);
#4732=PLANE('',#4731);
#4733=ORIENTED_EDGE('',*,*,#4623,.T.);
#4734=ORIENTED_EDGE('',*,*,#4647,.T.);
#4735=ORIENTED_EDGE('',*,*,#4666,.F.);
#4736=ORIENTED_EDGE('',*,*,#4721,.F.);
#4737=EDGE_LOOP('',(#4733,#4734,#4735,#4736));
#4738=FACE_OUTER_BOUND('',#4737,.F.);
#4739=ADVANCED_FACE('',(#4738),#4732,.F.);
#4740=CARTESIAN_POINT('',(3.2275E0,5.85E0,-2.E-1));
#4741=DIRECTION('',(0.E0,1.E0,0.E0));
#4742=DIRECTION('',(-1.E0,0.E0,0.E0));
#4743=AXIS2_PLACEMENT_3D('',#4740,#4741,#4742);
#4744=PLANE('',#4743);
#4745=ORIENTED_EDGE('',*,*,#3437,.F.);
#4746=ORIENTED_EDGE('',*,*,#3769,.T.);
#4747=ORIENTED_EDGE('',*,*,#4605,.T.);
#4748=ORIENTED_EDGE('',*,*,#4670,.F.);
#4749=EDGE_LOOP('',(#4745,#4746,#4747,#4748));
#4750=FACE_OUTER_BOUND('',#4749,.F.);
#4751=ADVANCED_FACE('',(#4750),#4744,.F.);
#4752=CARTESIAN_POINT('',(-2.03E0,5.85E0,-2.E-1));
#4753=DIRECTION('',(0.E0,1.E0,0.E0));
#4754=DIRECTION('',(-1.E0,0.E0,0.E0));
#4755=AXIS2_PLACEMENT_3D('',#4752,#4753,#4754);
#4756=PLANE('',#4755);
#4757=ORIENTED_EDGE('',*,*,#3445,.F.);
#4758=ORIENTED_EDGE('',*,*,#4634,.T.);
#4759=ORIENTED_EDGE('',*,*,#4610,.T.);
#4760=ORIENTED_EDGE('',*,*,#3630,.F.);
#4761=EDGE_LOOP('',(#4757,#4758,#4759,#4760));
#4762=FACE_OUTER_BOUND('',#4761,.F.);
#4763=ADVANCED_FACE('',(#4762),#4756,.F.);
#4764=CARTESIAN_POINT('',(-5.975E0,3.2E0,-1.254E1));
#4765=DIRECTION('',(0.E0,-1.E0,0.E0));
#4766=DIRECTION('',(1.E0,0.E0,0.E0));
#4767=AXIS2_PLACEMENT_3D('',#4764,#4765,#4766);
#4768=PLANE('',#4767);
#4769=ORIENTED_EDGE('',*,*,#3651,.F.);
#4770=ORIENTED_EDGE('',*,*,#3561,.T.);
#4771=ORIENTED_EDGE('',*,*,#3596,.T.);
#4772=ORIENTED_EDGE('',*,*,#3625,.F.);
#4773=EDGE_LOOP('',(#4769,#4770,#4771,#4772));
#4774=FACE_OUTER_BOUND('',#4773,.F.);
#4775=ADVANCED_FACE('',(#4774),#4768,.T.);
#4776=CARTESIAN_POINT('',(-5.624272297282E0,1.1E0,-1.397556687271E0));
#4777=DIRECTION('',(9.396926207859E-1,0.E0,3.420201433257E-1));
#4778=DIRECTION('',(0.E0,1.E0,0.E0));
#4779=AXIS2_PLACEMENT_3D('',#4776,#4777,#4778);
#4780=PLANE('',#4779);
#4781=ORIENTED_EDGE('',*,*,#3569,.F.);
#4782=ORIENTED_EDGE('',*,*,#3487,.T.);
#4784=ORIENTED_EDGE('',*,*,#4783,.T.);
#4785=ORIENTED_EDGE('',*,*,#3529,.F.);
#4786=EDGE_LOOP('',(#4781,#4782,#4784,#4785));
#4787=FACE_OUTER_BOUND('',#4786,.F.);
#4788=ADVANCED_FACE('',(#4787),#4780,.F.);
#4789=CARTESIAN_POINT('',(-6.92E0,1.1E0,-3.036098305780E0));
#4790=DIRECTION('',(0.E0,1.E0,0.E0));
#4791=DIRECTION('',(9.396926207859E-1,0.E0,3.420201433257E-1));
#4792=AXIS2_PLACEMENT_3D('',#4789,#4790,#4791);
#4793=CYLINDRICAL_SURFACE('',#4792,1.778E0);
#4794=ORIENTED_EDGE('',*,*,#4783,.F.);
#4795=ORIENTED_EDGE('',*,*,#3485,.T.);
#4797=ORIENTED_EDGE('',*,*,#4796,.T.);
#4798=ORIENTED_EDGE('',*,*,#3531,.F.);
#4799=EDGE_LOOP('',(#4794,#4795,#4797,#4798));
#4800=FACE_OUTER_BOUND('',#4799,.F.);
#4801=ADVANCED_FACE('',(#4800),#4793,.F.);
#4802=CARTESIAN_POINT('',(-5.142E0,1.1E0,-3.293049152890E0));
#4803=DIRECTION('',(1.E0,0.E0,0.E0));
#4804=DIRECTION('',(0.E0,1.E0,0.E0));
#4805=AXIS2_PLACEMENT_3D('',#4802,#4803,#4804);
#4806=PLANE('',#4805);
#4807=ORIENTED_EDGE('',*,*,#4796,.F.);
#4808=ORIENTED_EDGE('',*,*,#3483,.T.);
#4810=ORIENTED_EDGE('',*,*,#4809,.T.);
#4811=ORIENTED_EDGE('',*,*,#3533,.F.);
#4812=EDGE_LOOP('',(#4807,#4808,#4810,#4811));
#4813=FACE_OUTER_BOUND('',#4812,.F.);
#4814=ADVANCED_FACE('',(#4813),#4806,.F.);
#4815=CARTESIAN_POINT('',(-5.142E0,1.1E0,-3.55E0));
#4816=DIRECTION('',(0.E0,0.E0,-1.E0));
#4817=DIRECTION('',(1.E0,0.E0,0.E0));
#4818=AXIS2_PLACEMENT_3D('',#4815,#4816,#4817);
#4819=PLANE('',#4818);
#4820=ORIENTED_EDGE('',*,*,#4809,.F.);
#4821=ORIENTED_EDGE('',*,*,#3481,.F.);
#4823=ORIENTED_EDGE('',*,*,#4822,.F.);
#4824=ORIENTED_EDGE('',*,*,#3535,.F.);
#4825=EDGE_LOOP('',(#4820,#4821,#4823,#4824));
#4826=FACE_OUTER_BOUND('',#4825,.F.);
#4827=ADVANCED_FACE('',(#4826),#4819,.T.);
#4828=CARTESIAN_POINT('',(-4.942E0,1.1E0,-3.293049152890E0));
#4829=DIRECTION('',(1.E0,0.E0,0.E0));
#4830=DIRECTION('',(0.E0,1.E0,0.E0));
#4831=AXIS2_PLACEMENT_3D('',#4828,#4829,#4830);
#4832=PLANE('',#4831);
#4834=ORIENTED_EDGE('',*,*,#4833,.F.);
#4835=ORIENTED_EDGE('',*,*,#3537,.T.);
#4836=ORIENTED_EDGE('',*,*,#4822,.T.);
#4837=ORIENTED_EDGE('',*,*,#3479,.F.);
#4838=EDGE_LOOP('',(#4834,#4835,#4836,#4837));
#4839=FACE_OUTER_BOUND('',#4838,.F.);
#4840=ADVANCED_FACE('',(#4839),#4832,.T.);
#4841=CARTESIAN_POINT('',(-6.92E0,1.1E0,-3.036098305780E0));
#4842=DIRECTION('',(0.E0,1.E0,0.E0));
#4843=DIRECTION('',(9.396926207859E-1,0.E0,3.420201433257E-1));
#4844=AXIS2_PLACEMENT_3D('',#4841,#4842,#4843);
#4845=CYLINDRICAL_SURFACE('',#4844,1.978E0);
#4847=ORIENTED_EDGE('',*,*,#4846,.F.);
#4848=ORIENTED_EDGE('',*,*,#3539,.T.);
#4849=ORIENTED_EDGE('',*,*,#4833,.T.);
#4850=ORIENTED_EDGE('',*,*,#3477,.F.);
#4851=EDGE_LOOP('',(#4847,#4848,#4849,#4850));
#4852=FACE_OUTER_BOUND('',#4851,.F.);
#4853=ADVANCED_FACE('',(#4852),#4845,.T.);
#4854=CARTESIAN_POINT('',(-5.436333773124E0,1.1E0,-1.329152658606E0));
#4855=DIRECTION('',(9.396926207859E-1,0.E0,3.420201433257E-1));
#4856=DIRECTION('',(0.E0,1.E0,0.E0));
#4857=AXIS2_PLACEMENT_3D('',#4854,#4855,#4856);
#4858=PLANE('',#4857);
#4860=ORIENTED_EDGE('',*,*,#4859,.F.);
#4861=ORIENTED_EDGE('',*,*,#3541,.T.);
#4862=ORIENTED_EDGE('',*,*,#4846,.T.);
#4863=ORIENTED_EDGE('',*,*,#3475,.F.);
#4864=EDGE_LOOP('',(#4860,#4861,#4862,#4863));
#4865=FACE_OUTER_BOUND('',#4864,.F.);
#4866=ADVANCED_FACE('',(#4865),#4858,.T.);
#4867=CARTESIAN_POINT('',(-6.238E0,1.1E0,-4.54E-1));
#4868=DIRECTION('',(0.E0,1.E0,0.E0));
#4869=DIRECTION('',(0.E0,0.E0,1.E0));
#4870=AXIS2_PLACEMENT_3D('',#4867,#4868,#4869);
#4871=CYLINDRICAL_SURFACE('',#4870,4.54E-1);
#4872=ORIENTED_EDGE('',*,*,#3310,.F.);
#4873=ORIENTED_EDGE('',*,*,#3543,.T.);
#4874=ORIENTED_EDGE('',*,*,#4859,.T.);
#4875=ORIENTED_EDGE('',*,*,#3473,.F.);
#4876=EDGE_LOOP('',(#4872,#4873,#4874,#4875));
#4877=FACE_OUTER_BOUND('',#4876,.F.);
#4878=ADVANCED_FACE('',(#4877),#4871,.T.);
#4879=CARTESIAN_POINT('',(-6.18E0,2.35E0,0.E0));
#4880=DIRECTION('',(0.E0,1.E0,0.E0));
#4881=DIRECTION('',(-1.E0,0.E0,0.E0));
#4882=AXIS2_PLACEMENT_3D('',#4879,#4880,#4881);
#4883=PLANE('',#4882);
#4884=ORIENTED_EDGE('',*,*,#3304,.F.);
#4886=ORIENTED_EDGE('',*,*,#4885,.T.);
#4887=ORIENTED_EDGE('',*,*,#3457,.T.);
#4888=ORIENTED_EDGE('',*,*,#3502,.F.);
#4889=EDGE_LOOP('',(#4884,#4886,#4887,#4888));
#4890=FACE_OUTER_BOUND('',#4889,.F.);
#4891=ADVANCED_FACE('',(#4890),#4883,.F.);
#4892=CARTESIAN_POINT('',(-6.18E0,4.85E0,0.E0));
#4893=DIRECTION('',(-1.E0,0.E0,0.E0));
#4894=DIRECTION('',(0.E0,-1.E0,0.E0));
#4895=AXIS2_PLACEMENT_3D('',#4892,#4893,#4894);
#4896=PLANE('',#4895);
#4898=ORIENTED_EDGE('',*,*,#4897,.F.);
#4899=ORIENTED_EDGE('',*,*,#3459,.T.);
#4900=ORIENTED_EDGE('',*,*,#4885,.F.);
#4901=ORIENTED_EDGE('',*,*,#3302,.F.);
#4902=EDGE_LOOP('',(#4898,#4899,#4900,#4901));
#4903=FACE_OUTER_BOUND('',#4902,.F.);
#4904=ADVANCED_FACE('',(#4903),#4896,.F.);
#4905=CARTESIAN_POINT('',(-7.E0,4.85E0,0.E0));
#4906=DIRECTION('',(0.E0,-1.E0,0.E0));
#4907=DIRECTION('',(1.E0,0.E0,0.E0));
#4908=AXIS2_PLACEMENT_3D('',#4905,#4906,#4907);
#4909=PLANE('',#4908);
#4910=ORIENTED_EDGE('',*,*,#3407,.F.);
#4911=ORIENTED_EDGE('',*,*,#4897,.T.);
#4912=ORIENTED_EDGE('',*,*,#3300,.T.);
#4914=ORIENTED_EDGE('',*,*,#4913,.T.);
#4915=EDGE_LOOP('',(#4910,#4911,#4912,#4914));
#4916=FACE_OUTER_BOUND('',#4915,.F.);
#4917=ADVANCED_FACE('',(#4916),#4909,.T.);
#4918=CARTESIAN_POINT('',(-3.7E0,4.85E0,0.E0));
#4919=DIRECTION('',(1.E0,0.E0,0.E0));
#4920=DIRECTION('',(0.E0,1.E0,0.E0));
#4921=AXIS2_PLACEMENT_3D('',#4918,#4919,#4920);
#4922=PLANE('',#4921);
#4923=ORIENTED_EDGE('',*,*,#3409,.F.);
#4924=ORIENTED_EDGE('',*,*,#4913,.F.);
#4925=ORIENTED_EDGE('',*,*,#3298,.T.);
#4927=ORIENTED_EDGE('',*,*,#4926,.F.);
#4928=EDGE_LOOP('',(#4923,#4924,#4925,#4927));
#4929=FACE_OUTER_BOUND('',#4928,.F.);
#4930=ADVANCED_FACE('',(#4929),#4922,.T.);
#4931=CARTESIAN_POINT('',(-2.475E0,6.65E0,0.E0));
#4932=DIRECTION('',(0.E0,1.E0,0.E0));
#4933=DIRECTION('',(-1.E0,0.E0,0.E0));
#4934=AXIS2_PLACEMENT_3D('',#4931,#4932,#4933);
#4935=PLANE('',#4934);
#4936=ORIENTED_EDGE('',*,*,#4926,.T.);
#4937=ORIENTED_EDGE('',*,*,#3296,.F.);
#4939=ORIENTED_EDGE('',*,*,#4938,.T.);
#4940=ORIENTED_EDGE('',*,*,#3411,.T.);
#4941=EDGE_LOOP('',(#4936,#4937,#4939,#4940));
#4942=FACE_OUTER_BOUND('',#4941,.F.);
#4943=ADVANCED_FACE('',(#4942),#4935,.F.);
#4944=CARTESIAN_POINT('',(-2.475E0,8.35E0,0.E0));
#4945=DIRECTION('',(-1.E0,0.E0,0.E0));
#4946=DIRECTION('',(0.E0,-1.E0,0.E0));
#4947=AXIS2_PLACEMENT_3D('',#4944,#4945,#4946);
#4948=PLANE('',#4947);
#4949=ORIENTED_EDGE('',*,*,#3294,.F.);
#4951=ORIENTED_EDGE('',*,*,#4950,.T.);
#4952=ORIENTED_EDGE('',*,*,#3413,.T.);
#4953=ORIENTED_EDGE('',*,*,#4938,.F.);
#4954=EDGE_LOOP('',(#4949,#4951,#4952,#4953));
#4955=FACE_OUTER_BOUND('',#4954,.F.);
#4956=ADVANCED_FACE('',(#4955),#4948,.F.);
#4957=CARTESIAN_POINT('',(-8.075E0,8.35E0,-1.65E1));
#4958=DIRECTION('',(0.E0,1.E0,0.E0));
#4959=DIRECTION('',(0.E0,0.E0,1.E0));
#4960=AXIS2_PLACEMENT_3D('',#4957,#4958,#4959);
#4961=PLANE('',#4960);
#4962=ORIENTED_EDGE('',*,*,#3292,.F.);
#4963=ORIENTED_EDGE('',*,*,#2417,.F.);
#4964=ORIENTED_EDGE('',*,*,#2499,.T.);
#4966=ORIENTED_EDGE('',*,*,#4965,.T.);
#4967=ORIENTED_EDGE('',*,*,#3286,.F.);
#4969=ORIENTED_EDGE('',*,*,#4968,.T.);
#4970=ORIENTED_EDGE('',*,*,#3415,.F.);
#4971=ORIENTED_EDGE('',*,*,#4950,.F.);
#4972=EDGE_LOOP('',(#4962,#4963,#4964,#4966,#4967,#4969,#4970,#4971));
#4973=FACE_OUTER_BOUND('',#4972,.F.);
#4974=ADVANCED_FACE('',(#4973),#4961,.T.);
#4975=CARTESIAN_POINT('',(8.075E0,0.E0,0.E0));
#4976=DIRECTION('',(1.E0,0.E0,0.E0));
#4977=DIRECTION('',(0.E0,-1.E0,0.E0));
#4978=AXIS2_PLACEMENT_3D('',#4975,#4976,#4977);
#4979=PLANE('',#4978);
#4981=ORIENTED_EDGE('',*,*,#4980,.T.);
#4983=ORIENTED_EDGE('',*,*,#4982,.F.);
#4984=ORIENTED_EDGE('',*,*,#2489,.F.);
#4985=ORIENTED_EDGE('',*,*,#3237,.F.);
#4986=ORIENTED_EDGE('',*,*,#3251,.F.);
#4987=ORIENTED_EDGE('',*,*,#3265,.F.);
#4988=ORIENTED_EDGE('',*,*,#3288,.F.);
#4989=ORIENTED_EDGE('',*,*,#4965,.F.);
#4990=ORIENTED_EDGE('',*,*,#2497,.F.);
#4992=ORIENTED_EDGE('',*,*,#4991,.T.);
#4993=EDGE_LOOP('',(#4981,#4983,#4984,#4985,#4986,#4987,#4988,#4989,#4990,
#4992));
#4994=FACE_OUTER_BOUND('',#4993,.F.);
#4995=ADVANCED_FACE('',(#4994),#4979,.T.);
#4996=CARTESIAN_POINT('',(2.912814E1,4.85E0,-1.93E1));
#4997=DIRECTION('',(-1.E0,0.E0,0.E0));
#4998=DIRECTION('',(0.E0,0.E0,-1.E0));
#4999=AXIS2_PLACEMENT_3D('',#4996,#4997,#4998);
#5000=CYLINDRICAL_SURFACE('',#4999,6.5E-1);
#5001=ORIENTED_EDGE('',*,*,#4980,.F.);
#5003=ORIENTED_EDGE('',*,*,#5002,.F.);
#5005=ORIENTED_EDGE('',*,*,#5004,.F.);
#5007=ORIENTED_EDGE('',*,*,#5006,.F.);
#5008=EDGE_LOOP('',(#5001,#5003,#5005,#5007));
#5009=FACE_OUTER_BOUND('',#5008,.F.);
#5010=ADVANCED_FACE('',(#5009),#5000,.T.);
#5011=CARTESIAN_POINT('',(7.675E0,5.5E0,-1.65E1));
#5012=DIRECTION('',(0.E0,1.E0,0.E0));
#5013=DIRECTION('',(1.E0,0.E0,0.E0));
#5014=AXIS2_PLACEMENT_3D('',#5011,#5012,#5013);
#5015=PLANE('',#5014);
#5016=ORIENTED_EDGE('',*,*,#5002,.T.);
#5017=ORIENTED_EDGE('',*,*,#4991,.F.);
#5018=ORIENTED_EDGE('',*,*,#2495,.T.);
#5020=ORIENTED_EDGE('',*,*,#5019,.T.);
#5021=EDGE_LOOP('',(#5016,#5017,#5018,#5020));
#5022=FACE_OUTER_BOUND('',#5021,.F.);
#5023=ADVANCED_FACE('',(#5022),#5015,.T.);
#5024=CARTESIAN_POINT('',(7.675E0,4.2E0,-1.65E1));
#5025=DIRECTION('',(-1.E0,0.E0,0.E0));
#5026=DIRECTION('',(0.E0,1.E0,0.E0));
#5027=AXIS2_PLACEMENT_3D('',#5024,#5025,#5026);
#5028=PLANE('',#5027);
#5029=ORIENTED_EDGE('',*,*,#5004,.T.);
#5030=ORIENTED_EDGE('',*,*,#5019,.F.);
#5031=ORIENTED_EDGE('',*,*,#2493,.F.);
#5033=ORIENTED_EDGE('',*,*,#5032,.T.);
#5034=EDGE_LOOP('',(#5029,#5030,#5031,#5033));
#5035=FACE_OUTER_BOUND('',#5034,.F.);
#5036=ADVANCED_FACE('',(#5035),#5028,.T.);
#5037=CARTESIAN_POINT('',(8.075E0,4.2E0,-1.65E1));
#5038=DIRECTION('',(0.E0,-1.E0,0.E0));
#5039=DIRECTION('',(-1.E0,0.E0,0.E0));
#5040=AXIS2_PLACEMENT_3D('',#5037,#5038,#5039);
#5041=PLANE('',#5040);
#5042=ORIENTED_EDGE('',*,*,#5006,.T.);
#5043=ORIENTED_EDGE('',*,*,#5032,.F.);
#5044=ORIENTED_EDGE('',*,*,#2491,.F.);
#5045=ORIENTED_EDGE('',*,*,#4982,.T.);
#5046=EDGE_LOOP('',(#5042,#5043,#5044,#5045));
#5047=FACE_OUTER_BOUND('',#5046,.F.);
#5048=ADVANCED_FACE('',(#5047),#5041,.T.);
#5049=CARTESIAN_POINT('',(2.475E0,6.65E0,0.E0));
#5050=DIRECTION('',(1.E0,0.E0,0.E0));
#5051=DIRECTION('',(0.E0,1.E0,0.E0));
#5052=AXIS2_PLACEMENT_3D('',#5049,#5050,#5051);
#5053=PLANE('',#5052);
#5054=ORIENTED_EDGE('',*,*,#3284,.T.);
#5056=ORIENTED_EDGE('',*,*,#5055,.T.);
#5057=ORIENTED_EDGE('',*,*,#3417,.T.);
#5058=ORIENTED_EDGE('',*,*,#4968,.F.);
#5059=EDGE_LOOP('',(#5054,#5056,#5057,#5058));
#5060=FACE_OUTER_BOUND('',#5059,.F.);
#5061=ADVANCED_FACE('',(#5060),#5053,.F.);
#5062=CARTESIAN_POINT('',(7.E0,6.65E0,0.E0));
#5063=DIRECTION('',(0.E0,1.E0,0.E0));
#5064=DIRECTION('',(-1.E0,0.E0,0.E0));
#5065=AXIS2_PLACEMENT_3D('',#5062,#5063,#5064);
#5066=PLANE('',#5065);
#5068=ORIENTED_EDGE('',*,*,#5067,.F.);
#5069=ORIENTED_EDGE('',*,*,#3419,.T.);
#5070=ORIENTED_EDGE('',*,*,#5055,.F.);
#5071=ORIENTED_EDGE('',*,*,#3282,.F.);
#5072=EDGE_LOOP('',(#5068,#5069,#5070,#5071));
#5073=FACE_OUTER_BOUND('',#5072,.F.);
#5074=ADVANCED_FACE('',(#5073),#5066,.F.);
#5075=CARTESIAN_POINT('',(3.7E0,6.65E0,0.E0));
#5076=DIRECTION('',(-1.E0,0.E0,0.E0));
#5077=DIRECTION('',(0.E0,-1.E0,0.E0));
#5078=AXIS2_PLACEMENT_3D('',#5075,#5076,#5077);
#5079=PLANE('',#5078);
#5080=ORIENTED_EDGE('',*,*,#3421,.F.);
#5081=ORIENTED_EDGE('',*,*,#5067,.T.);
#5082=ORIENTED_EDGE('',*,*,#3280,.T.);
#5083=ORIENTED_EDGE('',*,*,#3363,.T.);
#5084=EDGE_LOOP('',(#5080,#5081,#5082,#5083));
#5085=FACE_OUTER_BOUND('',#5084,.F.);
#5086=ADVANCED_FACE('',(#5085),#5079,.T.);
#5087=CLOSED_SHELL('',(#2433,#2448,#2463,#2476,#2596,#2611,#2624,#2634,#2646,
#2660,#2672,#2687,#2701,#2715,#2728,#2740,#2756,#2772,#2788,#2804,#2820,#2836,
#2852,#2866,#2879,#2892,#2904,#2918,#2931,#2944,#2956,#2970,#2983,#2996,#3008,
#3022,#3035,#3048,#3060,#3074,#3087,#3100,#3112,#3126,#3139,#3152,#3164,#3178,
#3191,#3204,#3216,#3228,#3242,#3256,#3270,#3340,#3355,#3369,#3401,#3463,#3493,
#3507,#3520,#3549,#3573,#3587,#3601,#3617,#3638,#3740,#3754,#3774,#3787,#3809,
#3824,#3852,#3865,#3879,#3891,#3918,#3931,#3944,#3957,#3970,#3983,#3996,#4008,
#4021,#4034,#4047,#4060,#4072,#4164,#4178,#4191,#4204,#4216,#4230,#4243,#4256,
#4268,#4282,#4295,#4308,#4320,#4334,#4347,#4360,#4372,#4386,#4399,#4412,#4424,
#4438,#4451,#4464,#4476,#4490,#4503,#4516,#4528,#4542,#4555,#4568,#4580,#4593,
#4614,#4638,#4652,#4675,#4688,#4701,#4714,#4727,#4739,#4751,#4763,#4775,#4788,
#4801,#4814,#4827,#4840,#4853,#4866,#4878,#4891,#4904,#4917,#4930,#4943,#4956,
#4974,#4995,#5010,#5023,#5036,#5048,#5061,#5074,#5086));
#5088=MANIFOLD_SOLID_BREP('',#5087);
#5090=DIMENSIONAL_EXPONENTS(0.E0,0.E0,0.E0,0.E0,0.E0,0.E0,0.E0);
#5092=PLANE_ANGLE_MEASURE_WITH_UNIT(PLANE_ANGLE_MEASURE(1.745329251994E-2),
#5091);
#5093=(CONVERSION_BASED_UNIT('DEGREE',#5092)NAMED_UNIT(#5090)PLANE_ANGLE_UNIT(
));
#5095=UNCERTAINTY_MEASURE_WITH_UNIT(LENGTH_MEASURE(3.062090763352E-3),#5089,
'distance_accuracy_value',
'Maximum model space distance between geometric entities at asserted connectivities');
#5096=(GEOMETRIC_REPRESENTATION_CONTEXT(3)GLOBAL_UNCERTAINTY_ASSIGNED_CONTEXT((
#5095))GLOBAL_UNIT_ASSIGNED_CONTEXT((#5089,#5093,#5094))REPRESENTATION_CONTEXT(
'ID1','3'));
#5098=APPLICATION_CONTEXT('automotive_design');
#5099=APPLICATION_PROTOCOL_DEFINITION('international standard',
'automotive_design',2001,#5098);
#5100=PRODUCT_DEFINITION_CONTEXT('part definition',#5098,'design');
#5101=PRODUCT_CONTEXT('',#5098,'mechanical');
#5102=PRODUCT('C-3-1734577-4','C-3-1734577-4','NOT SPECIFIED',(#5101));
#5103=PRODUCT_DEFINITION_FORMATION('1','LAST_VERSION',#5102);
#5111=DERIVED_UNIT_ELEMENT(#5110,2.E0);
#5112=DERIVED_UNIT((#5111));
#5113=MEASURE_REPRESENTATION_ITEM('surface area measure',AREA_MEASURE(
2.433154398374E3),#5112);
#5118=DERIVED_UNIT_ELEMENT(#5117,3.E0);
#5119=DERIVED_UNIT((#5118));
#5120=MEASURE_REPRESENTATION_ITEM('volume measure',VOLUME_MEASURE(
3.223209878819E3),#5119);
#5124=CARTESIAN_POINT('centre point',(1.330835784878E-8,-5.746138782679E-1,
-9.082224851585E0));
#5129=DERIVED_UNIT_ELEMENT(#5128,2.E0);
#5130=DERIVED_UNIT((#5129));
#5131=MEASURE_REPRESENTATION_ITEM('surface area measure',AREA_MEASURE(
2.433154398374E3),#5130);
#5136=DERIVED_UNIT_ELEMENT(#5135,3.E0);
#5137=DERIVED_UNIT((#5136));
#5138=MEASURE_REPRESENTATION_ITEM('volume measure',VOLUME_MEASURE(
3.223209878819E3),#5137);
#5142=CARTESIAN_POINT('centre point',(1.330835784878E-8,-5.746138782679E-1,
-9.082224851585E0));
#5147=PRODUCT_RELATED_PRODUCT_CATEGORY('part','',(#5102));
#5149=GENERAL_PROPERTY('user defined attribute','','');
#5150=GENERAL_PROPERTY_ASSOCIATION('user defined attribute','',#5149,#5148);
#5151=DESCRIPTIVE_REPRESENTATION_ITEM('PART_NO','1734577');
#5155=GENERAL_PROPERTY('user defined attribute','','');
#5156=GENERAL_PROPERTY_ASSOCIATION('user defined attribute','',#5155,#5154);
#5157=DESCRIPTIVE_REPRESENTATION_ITEM('DWG_TITLE','MODULAR JACK CONNECTOR');
#5161=GENERAL_PROPERTY('user defined attribute','','');
#5162=GENERAL_PROPERTY_ASSOCIATION('user defined attribute','',#5161,#5160);
#5163=DESCRIPTIVE_REPRESENTATION_ITEM('DWG_TITLE_2',
'RJ45, 8P8C, VERTICAL, DIP TYPE');
#5167=GENERAL_PROPERTY('user defined attribute','','');
#5168=GENERAL_PROPERTY_ASSOCIATION('user defined attribute','',#5167,#5166);
#5169=DESCRIPTIVE_REPRESENTATION_ITEM('DESC',
'MODULAR JACK CONNECTOR RJ45, 8P8C, VERTICAL, DIP TYPE');
#5173=GENERAL_PROPERTY('user defined attribute','','');
#5174=GENERAL_PROPERTY_ASSOCIATION('user defined attribute','',#5173,#5172);
#5175=VALUE_REPRESENTATION_ITEM('SORT',NUMERIC_MEASURE(0.E0));
#5179=GENERAL_PROPERTY('user defined attribute','','');
#5180=GENERAL_PROPERTY_ASSOCIATION('user defined attribute','',#5179,#5178);
#5181=DESCRIPTIVE_REPRESENTATION_ITEM('TIR','A');
#5185=GENERAL_PROPERTY('user defined attribute','','');
#5186=GENERAL_PROPERTY_ASSOCIATION('user defined attribute','',#5185,#5184);
#5187=DESCRIPTIVE_REPRESENTATION_ITEM('DOC_STATUS','Active');
#5191=GENERAL_PROPERTY('user defined attribute','','');
#5192=GENERAL_PROPERTY_ASSOCIATION('user defined attribute','',#5191,#5190);
#5193=DESCRIPTIVE_REPRESENTATION_ITEM('PROI_CREATED_BY','FR015761');
#5197=GENERAL_PROPERTY('user defined attribute','','');
#5198=GENERAL_PROPERTY_ASSOCIATION('user defined attribute','',#5197,#5196);
#5199=DESCRIPTIVE_REPRESENTATION_ITEM('PROI_CREATED_ON','07/09/09 03:33:58');
#5203=GENERAL_PROPERTY('user defined attribute','','');
#5204=GENERAL_PROPERTY_ASSOCIATION('user defined attribute','',#5203,#5202);
#5205=DESCRIPTIVE_REPRESENTATION_ITEM('PROI_LOCATION',
'Root Folder/EMCS MOD SVCS/GPL-073');
#5209=GENERAL_PROPERTY('user defined attribute','','');
#5210=GENERAL_PROPERTY_ASSOCIATION('user defined attribute','',#5209,#5208);
#5211=DESCRIPTIVE_REPRESENTATION_ITEM('PTC_MODIFIED','NO');
#5215=GENERAL_PROPERTY('user defined attribute','','');
#5216=GENERAL_PROPERTY_ASSOCIATION('user defined attribute','',#5215,#5214);
#5217=DESCRIPTIVE_REPRESENTATION_ITEM('PDMREV','');
#5221=GENERAL_PROPERTY('user defined attribute','','');
#5222=GENERAL_PROPERTY_ASSOCIATION('user defined attribute','',#5221,#5220);
#5223=DESCRIPTIVE_REPRESENTATION_ITEM('PDMDB','');
#5227=GENERAL_PROPERTY('user defined attribute','','');
#5228=GENERAL_PROPERTY_ASSOCIATION('user defined attribute','',#5227,#5226);
#5229=DESCRIPTIVE_REPRESENTATION_ITEM('PDMRL','');
#5233=GENERAL_PROPERTY('user defined attribute','','');
#5234=GENERAL_PROPERTY_ASSOCIATION('user defined attribute','',#5233,#5232);
#5235=DESCRIPTIVE_REPRESENTATION_ITEM('PROI_REVISION','');
#5239=GENERAL_PROPERTY('user defined attribute','','');
#5240=GENERAL_PROPERTY_ASSOCIATION('user defined attribute','',#5239,#5238);
#5241=DESCRIPTIVE_REPRESENTATION_ITEM('PROI_VERSION','');
#5245=GENERAL_PROPERTY('user defined attribute','','');
#5246=GENERAL_PROPERTY_ASSOCIATION('user defined attribute','',#5245,#5244);
#5247=DESCRIPTIVE_REPRESENTATION_ITEM('PROI_BRANCH','');
#5251=GENERAL_PROPERTY('user defined attribute','','');
#5252=GENERAL_PROPERTY_ASSOCIATION('user defined attribute','',#5251,#5250);
#5253=DESCRIPTIVE_REPRESENTATION_ITEM('PROI_RELEASE','');
#5257=GENERAL_PROPERTY('user defined attribute','','');
#5258=GENERAL_PROPERTY_ASSOCIATION('user defined attribute','',#5257,#5256);
#5259=DESCRIPTIVE_REPRESENTATION_ITEM('MOD_NUM','MOD33303');
#5263=GENERAL_PROPERTY('user defined attribute','','');
#5264=GENERAL_PROPERTY_ASSOCIATION('user defined attribute','',#5263,#5262);
#5265=DESCRIPTIVE_REPRESENTATION_ITEM('PART_REV','C');
#5269=GENERAL_PROPERTY('user defined attribute','','');
#5270=GENERAL_PROPERTY_ASSOCIATION('user defined attribute','',#5269,#5268);
#5271=DESCRIPTIVE_REPRESENTATION_ITEM('PTC_COMMON_NAME','');
#5275=GENERAL_PROPERTY('user defined attribute','','');
#5276=GENERAL_PROPERTY_ASSOCIATION('user defined attribute','',#5275,#5274);
#5277=DESCRIPTIVE_REPRESENTATION_ITEM('DOC_LANGUAGE','English');
#5281=GENERAL_PROPERTY('user defined attribute','','');
#5282=GENERAL_PROPERTY_ASSOCIATION('user defined attribute','',#5281,#5280);
#5283=DESCRIPTIVE_REPRESENTATION_ITEM('REASON_DOC_CHANGE','Not Specified');
#5287=GENERAL_PROPERTY('user defined attribute','','');
#5288=GENERAL_PROPERTY_ASSOCIATION('user defined attribute','',#5287,#5286);
#5289=DESCRIPTIVE_REPRESENTATION_ITEM('SEND_WEIGHT','NO');
#6=CIRCLE('',#5,6.5E-1);
#43=CIRCLE('',#42,6.5E-1);
#64=CIRCLE('',#63,1.5E0);
#69=CIRCLE('',#68,1.5E0);
#246=CIRCLE('',#245,1.5E0);
#251=CIRCLE('',#250,1.5E0);
#808=CIRCLE('',#807,4.54E-1);
#817=CIRCLE('',#816,1.978E0);
#842=CIRCLE('',#841,1.778E0);
#1115=CIRCLE('',#1114,4.54E-1);
#1124=CIRCLE('',#1123,1.978E0);
#1153=CIRCLE('',#1152,1.778E0);
#1166=CIRCLE('',#1165,1.778E0);
#1207=CIRCLE('',#1206,1.978E0);
#1224=CIRCLE('',#1223,4.54E-1);
#1645=CIRCLE('',#1644,1.778E0);
#1686=CIRCLE('',#1685,1.978E0);
#1703=CIRCLE('',#1702,4.54E-1);
#1744=CIRCLE('',#1743,6.5E-1);
#1789=CIRCLE('',#1788,6.5E-1);
#2411=EDGE_CURVE('',#2405,#2403,#6,.T.);
#2413=EDGE_CURVE('',#2376,#2403,#527,.T.);
#2415=EDGE_CURVE('',#2376,#1821,#10,.T.);
#2417=EDGE_CURVE('',#1821,#1812,#14,.T.);
#2419=EDGE_CURVE('',#1812,#1813,#18,.T.);
#2421=EDGE_CURVE('',#1813,#1815,#22,.T.);
#2423=EDGE_CURVE('',#1815,#1817,#26,.T.);
#2425=EDGE_CURVE('',#1817,#1819,#30,.T.);
#2427=EDGE_CURVE('',#1819,#2381,#34,.T.);
#2429=EDGE_CURVE('',#2381,#2405,#38,.T.);
#2439=EDGE_CURVE('',#2400,#2401,#43,.T.);
#2441=EDGE_CURVE('',#2403,#2400,#523,.T.);
#2444=EDGE_CURVE('',#2401,#2405,#51,.T.);
#2455=EDGE_CURVE('',#2379,#2401,#55,.T.);
#2457=EDGE_CURVE('',#2377,#2379,#209,.T.);
#2459=EDGE_CURVE('',#2377,#2400,#47,.T.);
#2471=EDGE_CURVE('',#2381,#2379,#213,.T.);
#2482=EDGE_CURVE('',#2376,#2377,#205,.T.);
#2487=EDGE_CURVE('',#1819,#1831,#217,.T.);
#2489=EDGE_CURVE('',#1831,#2384,#1748,.T.);
#2491=EDGE_CURVE('',#2384,#2385,#221,.T.);
#2493=EDGE_CURVE('',#2385,#2387,#225,.T.);
#2495=EDGE_CURVE('',#2389,#2387,#229,.T.);
#2497=EDGE_CURVE('',#2389,#1833,#1772,.T.);
#2499=EDGE_CURVE('',#1821,#1833,#1727,.T.);
#2504=EDGE_CURVE('',#2008,#2009,#59,.T.);
#2506=EDGE_CURVE('',#2009,#2008,#64,.T.);
#2510=EDGE_CURVE('',#2012,#2013,#69,.T.);
#2512=EDGE_CURVE('',#2013,#2012,#73,.T.);
#2516=EDGE_CURVE('',#2112,#2113,#77,.T.);
#2518=EDGE_CURVE('',#2117,#2112,#81,.T.);
#2520=EDGE_CURVE('',#2115,#2117,#85,.T.);
#2522=EDGE_CURVE('',#2113,#2115,#89,.T.);
#2526=EDGE_CURVE('',#2120,#2121,#93,.T.);
#2528=EDGE_CURVE('',#2125,#2120,#97,.T.);
#2530=EDGE_CURVE('',#2123,#2125,#101,.T.);
#2532=EDGE_CURVE('',#2121,#2123,#105,.T.);
#2536=EDGE_CURVE('',#2128,#2129,#109,.T.);
#2538=EDGE_CURVE('',#2133,#2128,#113,.T.);
#2540=EDGE_CURVE('',#2131,#2133,#117,.T.);
#2542=EDGE_CURVE('',#2129,#2131,#121,.T.);
#2546=EDGE_CURVE('',#2136,#2137,#125,.T.);
#2548=EDGE_CURVE('',#2141,#2136,#129,.T.);
#2550=EDGE_CURVE('',#2139,#2141,#133,.T.);
#2552=EDGE_CURVE('',#2137,#2139,#137,.T.);
#2556=EDGE_CURVE('',#2079,#2081,#141,.T.);
#2558=EDGE_CURVE('',#2085,#2079,#145,.T.);
#2560=EDGE_CURVE('',#2083,#2085,#149,.T.);
#2562=EDGE_CURVE('',#2081,#2083,#153,.T.);
#2566=EDGE_CURVE('',#2087,#2089,#157,.T.);
#2568=EDGE_CURVE('',#2093,#2087,#161,.T.);
#2570=EDGE_CURVE('',#2091,#2093,#165,.T.);
#2572=EDGE_CURVE('',#2089,#2091,#169,.T.);
#2576=EDGE_CURVE('',#2095,#2097,#173,.T.);
#2578=EDGE_CURVE('',#2101,#2095,#177,.T.);
#2580=EDGE_CURVE('',#2099,#2101,#181,.T.);
#2582=EDGE_CURVE('',#2097,#2099,#185,.T.);
#2586=EDGE_CURVE('',#2103,#2105,#189,.T.);
#2588=EDGE_CURVE('',#2109,#2103,#193,.T.);
#2590=EDGE_CURVE('',#2107,#2109,#197,.T.);
#2592=EDGE_CURVE('',#2105,#2107,#201,.T.);
#2603=EDGE_CURVE('',#2008,#2000,#233,.T.);
#2605=EDGE_CURVE('',#2000,#2001,#241,.T.);
#2607=EDGE_CURVE('',#2009,#2001,#237,.T.);
#2619=EDGE_CURVE('',#2001,#2000,#246,.T.);
#2640=EDGE_CURVE('',#2004,#2005,#251,.T.);
#2642=EDGE_CURVE('',#2005,#2004,#255,.T.);
#2653=EDGE_CURVE('',#2012,#2004,#259,.T.);
#2656=EDGE_CURVE('',#2013,#2005,#263,.T.);
#2679=EDGE_CURVE('',#2113,#2016,#271,.T.);
#2681=EDGE_CURVE('',#2016,#2017,#283,.T.);
#2683=EDGE_CURVE('',#2112,#2017,#267,.T.);
#2694=EDGE_CURVE('',#2115,#2019,#275,.T.);
#2696=EDGE_CURVE('',#2019,#2016,#287,.T.);
#2708=EDGE_CURVE('',#2117,#2021,#279,.T.);
#2710=EDGE_CURVE('',#2021,#2019,#291,.T.);
#2723=EDGE_CURVE('',#2017,#2021,#295,.T.);
#2746=EDGE_CURVE('',#2024,#2025,#299,.T.);
#2748=EDGE_CURVE('',#2027,#2024,#303,.T.);
#2750=EDGE_CURVE('',#2029,#2027,#307,.T.);
#2752=EDGE_CURVE('',#2025,#2029,#311,.T.);
#2762=EDGE_CURVE('',#2032,#2033,#315,.T.);
#2764=EDGE_CURVE('',#2035,#2032,#319,.T.);
#2766=EDGE_CURVE('',#2037,#2035,#323,.T.);
#2768=EDGE_CURVE('',#2033,#2037,#327,.T.);
#2778=EDGE_CURVE('',#2040,#2041,#331,.T.);
#2780=EDGE_CURVE('',#2043,#2040,#335,.T.);
#2782=EDGE_CURVE('',#2045,#2043,#339,.T.);
#2784=EDGE_CURVE('',#2041,#2045,#343,.T.);
#2794=EDGE_CURVE('',#2048,#2049,#347,.T.);
#2796=EDGE_CURVE('',#2051,#2048,#351,.T.);
#2798=EDGE_CURVE('',#2053,#2051,#355,.T.);
#2800=EDGE_CURVE('',#2049,#2053,#359,.T.);
#2810=EDGE_CURVE('',#2056,#2057,#363,.T.);
#2812=EDGE_CURVE('',#2059,#2056,#367,.T.);
#2814=EDGE_CURVE('',#2061,#2059,#371,.T.);
#2816=EDGE_CURVE('',#2057,#2061,#375,.T.);
#2826=EDGE_CURVE('',#2064,#2065,#379,.T.);
#2828=EDGE_CURVE('',#2067,#2064,#383,.T.);
#2830=EDGE_CURVE('',#2069,#2067,#387,.T.);
#2832=EDGE_CURVE('',#2065,#2069,#391,.T.);
#2842=EDGE_CURVE('',#2072,#2073,#395,.T.);
#2844=EDGE_CURVE('',#2075,#2072,#399,.T.);
#2846=EDGE_CURVE('',#2077,#2075,#403,.T.);
#2848=EDGE_CURVE('',#2073,#2077,#407,.T.);
#2858=EDGE_CURVE('',#2025,#2079,#411,.T.);
#2861=EDGE_CURVE('',#2024,#2081,#423,.T.);
#2874=EDGE_CURVE('',#2029,#2085,#415,.T.);
#2885=EDGE_CURVE('',#2027,#2083,#419,.T.);
#2911=EDGE_CURVE('',#2121,#2032,#431,.T.);
#2914=EDGE_CURVE('',#2120,#2033,#427,.T.);
#2925=EDGE_CURVE('',#2123,#2035,#435,.T.);
#2938=EDGE_CURVE('',#2125,#2037,#439,.T.);
#2962=EDGE_CURVE('',#2041,#2087,#443,.T.);
#2965=EDGE_CURVE('',#2040,#2089,#455,.T.);
#2978=EDGE_CURVE('',#2045,#2093,#447,.T.);
#2989=EDGE_CURVE('',#2043,#2091,#451,.T.);
#3015=EDGE_CURVE('',#2129,#2048,#463,.T.);
#3018=EDGE_CURVE('',#2128,#2049,#459,.T.);
#3029=EDGE_CURVE('',#2131,#2051,#467,.T.);
#3042=EDGE_CURVE('',#2133,#2053,#471,.T.);
#3066=EDGE_CURVE('',#2057,#2095,#475,.T.);
#3069=EDGE_CURVE('',#2056,#2097,#487,.T.);
#3082=EDGE_CURVE('',#2061,#2101,#479,.T.);
#3093=EDGE_CURVE('',#2059,#2099,#483,.T.);
#3119=EDGE_CURVE('',#2137,#2064,#495,.T.);
#3122=EDGE_CURVE('',#2136,#2065,#491,.T.);
#3133=EDGE_CURVE('',#2139,#2067,#499,.T.);
#3146=EDGE_CURVE('',#2141,#2069,#503,.T.);
#3170=EDGE_CURVE('',#2073,#2103,#507,.T.);
#3173=EDGE_CURVE('',#2072,#2105,#519,.T.);
#3186=EDGE_CURVE('',#2077,#2109,#511,.T.);
#3197=EDGE_CURVE('',#2075,#2107,#515,.T.);
#3235=EDGE_CURVE('',#1817,#1829,#531,.T.);
#3237=EDGE_CURVE('',#1829,#1831,#1752,.T.);
#3249=EDGE_CURVE('',#1815,#1827,#535,.T.);
#3251=EDGE_CURVE('',#1827,#1829,#1756,.T.);
#3263=EDGE_CURVE('',#1813,#1825,#539,.T.);
#3265=EDGE_CURVE('',#1825,#1827,#1760,.T.);
#3276=EDGE_CURVE('',#1877,#2367,#543,.T.);
#3278=EDGE_CURVE('',#2373,#2367,#547,.T.);
#3280=EDGE_CURVE('',#2369,#2373,#551,.T.);
#3282=EDGE_CURVE('',#2369,#1881,#555,.T.);
#3284=EDGE_CURVE('',#1880,#1881,#559,.T.);
#3286=EDGE_CURVE('',#1880,#1824,#563,.T.);
#3288=EDGE_CURVE('',#1824,#1825,#1764,.T.);
#3292=EDGE_CURVE('',#1812,#1856,#567,.T.);
#3294=EDGE_CURVE('',#1856,#1857,#571,.T.);
#3296=EDGE_CURVE('',#1857,#2363,#575,.T.);
#3298=EDGE_CURVE('',#2371,#2363,#579,.T.);
#3300=EDGE_CURVE('',#2365,#2371,#583,.T.);
#3302=EDGE_CURVE('',#2365,#1860,#587,.T.);
#3304=EDGE_CURVE('',#1860,#1861,#591,.T.);
#3306=EDGE_CURVE('',#1861,#2231,#595,.T.);
#3308=EDGE_CURVE('',#2231,#2192,#599,.T.);
#3310=EDGE_CURVE('',#2192,#2193,#1698,.T.);
#3312=EDGE_CURVE('',#2233,#2193,#803,.T.);
#3314=EDGE_CURVE('',#2233,#1864,#603,.T.);
#3316=EDGE_CURVE('',#1864,#1865,#607,.T.);
#3318=EDGE_CURVE('',#1865,#1867,#611,.T.);
#3320=EDGE_CURVE('',#1867,#1869,#615,.T.);
#3322=EDGE_CURVE('',#1869,#1871,#619,.T.);
#3324=EDGE_CURVE('',#1871,#1873,#623,.T.);
#3326=EDGE_CURVE('',#1873,#1993,#627,.T.);
#3328=EDGE_CURVE('',#1993,#1952,#631,.T.);
#3330=EDGE_CURVE('',#1952,#1953,#1219,.T.);
#3332=EDGE_CURVE('',#1991,#1953,#1110,.T.);
#3334=EDGE_CURVE('',#1991,#1876,#635,.T.);
#3336=EDGE_CURVE('',#1876,#1877,#639,.T.);
#3346=EDGE_CURVE('',#2361,#2367,#643,.T.);
#3349=EDGE_CURVE('',#1877,#1853,#647,.T.);
#3351=EDGE_CURVE('',#1853,#2361,#735,.T.);
#3361=EDGE_CURVE('',#2361,#2359,#731,.T.);
#3363=EDGE_CURVE('',#2373,#2359,#651,.T.);
#3375=EDGE_CURVE('',#2228,#2229,#655,.T.);
#3377=EDGE_CURVE('',#1931,#2229,#659,.T.);
#3379=EDGE_CURVE('',#1931,#1933,#663,.T.);
#3381=EDGE_CURVE('',#1933,#1988,#667,.T.);
#3383=EDGE_CURVE('',#1988,#1989,#671,.T.);
#3385=EDGE_CURVE('',#1849,#1989,#675,.T.);
#3387=EDGE_CURVE('',#1847,#1849,#679,.T.);
#3389=EDGE_CURVE('',#1845,#1847,#683,.T.);
#3391=EDGE_CURVE('',#1843,#1845,#687,.T.);
#3393=EDGE_CURVE('',#1841,#1843,#691,.T.);
#3395=EDGE_CURVE('',#1840,#1841,#695,.T.);
#3397=EDGE_CURVE('',#2228,#1840,#699,.T.);
#3407=EDGE_CURVE('',#2352,#2353,#703,.T.);
#3409=EDGE_CURVE('',#2353,#2355,#707,.T.);
#3411=EDGE_CURVE('',#1883,#2355,#711,.T.);
#3413=EDGE_CURVE('',#1888,#1883,#715,.T.);
#3415=EDGE_CURVE('',#1888,#1889,#1735,.T.);
#3417=EDGE_CURVE('',#1885,#1889,#719,.T.);
#3419=EDGE_CURVE('',#2358,#1885,#723,.T.);
#3421=EDGE_CURVE('',#2358,#2359,#727,.T.);
#3425=EDGE_CURVE('',#1852,#1853,#739,.T.);
#3427=EDGE_CURVE('',#1984,#1852,#743,.T.);
#3429=EDGE_CURVE('',#1984,#1985,#747,.T.);
#3431=EDGE_CURVE('',#1985,#1924,#751,.T.);
#3433=EDGE_CURVE('',#1924,#1925,#755,.T.);
#3435=EDGE_CURVE('',#1925,#1912,#759,.T.);
#3437=EDGE_CURVE('',#1912,#1913,#763,.T.);
#3439=EDGE_CURVE('',#2161,#1913,#1600,.T.);
#3441=EDGE_CURVE('',#2160,#2161,#767,.T.);
#3443=EDGE_CURVE('',#1908,#2160,#1548,.T.);
#3445=EDGE_CURVE('',#1908,#1909,#771,.T.);
#3447=EDGE_CURVE('',#1909,#1920,#775,.T.);
#3449=EDGE_CURVE('',#1920,#1921,#779,.T.);
#3451=EDGE_CURVE('',#2224,#1921,#783,.T.);
#3453=EDGE_CURVE('',#2224,#2225,#787,.T.);
#3455=EDGE_CURVE('',#1837,#2225,#791,.T.);
#3457=EDGE_CURVE('',#1836,#1837,#795,.T.);
#3459=EDGE_CURVE('',#2352,#1836,#799,.T.);
#3470=EDGE_CURVE('',#2228,#2233,#833,.T.);
#3473=EDGE_CURVE('',#2193,#2197,#808,.T.);
#3475=EDGE_CURVE('',#2197,#2205,#812,.T.);
#3477=EDGE_CURVE('',#2205,#2213,#817,.T.);
#3479=EDGE_CURVE('',#2213,#2221,#821,.T.);
#3481=EDGE_CURVE('',#2221,#2216,#1661,.T.);
#3483=EDGE_CURVE('',#2208,#2216,#1653,.T.);
#3485=EDGE_CURVE('',#2200,#2208,#1645,.T.);
#3487=EDGE_CURVE('',#2237,#2200,#1636,.T.);
#3489=EDGE_CURVE('',#2229,#2237,#866,.T.);
#3499=EDGE_CURVE('',#2225,#2231,#825,.T.);
#3502=EDGE_CURVE('',#1861,#1837,#829,.T.);
#3515=EDGE_CURVE('',#1864,#1840,#1244,.T.);
#3527=EDGE_CURVE('',#2224,#2235,#850,.T.);
#3529=EDGE_CURVE('',#2235,#2201,#837,.T.);
#3531=EDGE_CURVE('',#2201,#2209,#842,.T.);
#3533=EDGE_CURVE('',#2209,#2217,#846,.T.);
#3535=EDGE_CURVE('',#2217,#2219,#1669,.T.);
#3537=EDGE_CURVE('',#2212,#2219,#1677,.T.);
#3539=EDGE_CURVE('',#2204,#2212,#1686,.T.);
#3541=EDGE_CURVE('',#2196,#2204,#1694,.T.);
#3543=EDGE_CURVE('',#2192,#2196,#1703,.T.);
#3557=EDGE_CURVE('',#1921,#2177,#854,.T.);
#3559=EDGE_CURVE('',#2177,#2179,#858,.T.);
#3561=EDGE_CURVE('',#2172,#2179,#862,.T.);
#3563=EDGE_CURVE('',#2172,#1916,#922,.T.);
#3565=EDGE_CURVE('',#1931,#1916,#1248,.T.);
#3569=EDGE_CURVE('',#2237,#2235,#870,.T.);
#3579=EDGE_CURVE('',#2176,#2177,#874,.T.);
#3583=EDGE_CURVE('',#1920,#2176,#902,.T.);
#3594=EDGE_CURVE('',#2189,#2176,#878,.T.);
#3596=EDGE_CURVE('',#2179,#2189,#882,.T.);
#3607=EDGE_CURVE('',#2182,#2183,#1098,.T.);
#3609=EDGE_CURVE('',#2187,#2183,#886,.T.);
#3611=EDGE_CURVE('',#2185,#2187,#890,.T.);
#3613=EDGE_CURVE('',#2182,#2185,#1074,.T.);
#3623=EDGE_CURVE('',#2173,#1928,#894,.T.);
#3625=EDGE_CURVE('',#2173,#2189,#898,.T.);
#3630=EDGE_CURVE('',#1909,#1895,#906,.T.);
#3632=EDGE_CURVE('',#1895,#1897,#1540,.T.);
#3634=EDGE_CURVE('',#1928,#1897,#1512,.T.);
#3644=EDGE_CURVE('',#2168,#2169,#910,.T.);
#3646=EDGE_CURVE('',#1917,#2168,#914,.T.);
#3648=EDGE_CURVE('',#1916,#1917,#918,.T.);
#3651=EDGE_CURVE('',#2172,#2173,#926,.T.);
#3654=EDGE_CURVE('',#1928,#1929,#1508,.T.);
#3656=EDGE_CURVE('',#1929,#2169,#1066,.T.);
#3660=EDGE_CURVE('',#1937,#1940,#930,.T.);
#3662=EDGE_CURVE('',#1937,#1945,#934,.T.);
#3664=EDGE_CURVE('',#1945,#1948,#938,.T.);
#3666=EDGE_CURVE('',#1940,#1948,#942,.T.);
#3670=EDGE_CURVE('',#2240,#2241,#946,.T.);
#3672=EDGE_CURVE('',#2240,#2244,#950,.T.);
#3674=EDGE_CURVE('',#2244,#2245,#954,.T.);
#3676=EDGE_CURVE('',#2241,#2245,#958,.T.);
#3680=EDGE_CURVE('',#2256,#2257,#962,.T.);
#3682=EDGE_CURVE('',#2256,#2260,#966,.T.);
#3684=EDGE_CURVE('',#2260,#2261,#970,.T.);
#3686=EDGE_CURVE('',#2257,#2261,#974,.T.);
#3690=EDGE_CURVE('',#2272,#2273,#978,.T.);
#3692=EDGE_CURVE('',#2272,#2276,#982,.T.);
#3694=EDGE_CURVE('',#2276,#2277,#986,.T.);
#3696=EDGE_CURVE('',#2273,#2277,#990,.T.);
#3700=EDGE_CURVE('',#2288,#2289,#994,.T.);
#3702=EDGE_CURVE('',#2288,#2292,#998,.T.);
#3704=EDGE_CURVE('',#2292,#2293,#1002,.T.);
#3706=EDGE_CURVE('',#2289,#2293,#1006,.T.);
#3710=EDGE_CURVE('',#2304,#2305,#1010,.T.);
#3712=EDGE_CURVE('',#2304,#2308,#1014,.T.);
#3714=EDGE_CURVE('',#2308,#2309,#1018,.T.);
#3716=EDGE_CURVE('',#2305,#2309,#1022,.T.);
#3720=EDGE_CURVE('',#2320,#2321,#1026,.T.);
#3722=EDGE_CURVE('',#2320,#2324,#1030,.T.);
#3724=EDGE_CURVE('',#2324,#2325,#1034,.T.);
#3726=EDGE_CURVE('',#2321,#2325,#1038,.T.);
#3730=EDGE_CURVE('',#2336,#2337,#1042,.T.);
#3732=EDGE_CURVE('',#2336,#2340,#1046,.T.);
#3734=EDGE_CURVE('',#2340,#2341,#1050,.T.);
#3736=EDGE_CURVE('',#2337,#2341,#1054,.T.);
#3747=EDGE_CURVE('',#2169,#2187,#1058,.T.);
#3750=EDGE_CURVE('',#2168,#2183,#1094,.T.);
#3760=EDGE_CURVE('',#1925,#2185,#1062,.T.);
#3765=EDGE_CURVE('',#1929,#1899,#1070,.T.);
#3767=EDGE_CURVE('',#1899,#1901,#1532,.T.);
#3769=EDGE_CURVE('',#1912,#1901,#1628,.T.);
#3783=EDGE_CURVE('',#1924,#2182,#1078,.T.);
#3793=EDGE_CURVE('',#1996,#1997,#1082,.T.);
#3795=EDGE_CURVE('',#1988,#1997,#1086,.T.);
#3798=EDGE_CURVE('',#1933,#1917,#1090,.T.);
#3805=EDGE_CURVE('',#1985,#1996,#1102,.T.);
#3816=EDGE_CURVE('',#1996,#1960,#1106,.T.);
#3818=EDGE_CURVE('',#1960,#1961,#1161,.T.);
#3820=EDGE_CURVE('',#1997,#1961,#1148,.T.);
#3831=EDGE_CURVE('',#1991,#1984,#1132,.T.);
#3834=EDGE_CURVE('',#1953,#1957,#1115,.T.);
#3836=EDGE_CURVE('',#1957,#1965,#1119,.T.);
#3838=EDGE_CURVE('',#1965,#1973,#1124,.T.);
#3840=EDGE_CURVE('',#1973,#1979,#1128,.T.);
#3842=EDGE_CURVE('',#1979,#1976,#1186,.T.);
#3844=EDGE_CURVE('',#1968,#1976,#1174,.T.);
#3846=EDGE_CURVE('',#1960,#1968,#1166,.T.);
#3860=EDGE_CURVE('',#1876,#1852,#1144,.T.);
#3871=EDGE_CURVE('',#1989,#1993,#1136,.T.);
#3874=EDGE_CURVE('',#1873,#1849,#1140,.T.);
#3900=EDGE_CURVE('',#1961,#1969,#1153,.T.);
#3902=EDGE_CURVE('',#1969,#1977,#1157,.T.);
#3904=EDGE_CURVE('',#1977,#1981,#1178,.T.);
#3906=EDGE_CURVE('',#1972,#1981,#1198,.T.);
#3908=EDGE_CURVE('',#1964,#1972,#1207,.T.);
#3910=EDGE_CURVE('',#1956,#1964,#1215,.T.);
#3912=EDGE_CURVE('',#1952,#1956,#1224,.T.);
#3926=EDGE_CURVE('',#1968,#1969,#1170,.T.);
#3939=EDGE_CURVE('',#1976,#1977,#1182,.T.);
#3953=EDGE_CURVE('',#1981,#1979,#1190,.T.);
#3963=EDGE_CURVE('',#1972,#1973,#1194,.T.);
#3976=EDGE_CURVE('',#1964,#1965,#1202,.T.);
#3989=EDGE_CURVE('',#1956,#1957,#1211,.T.);
#4015=EDGE_CURVE('',#1871,#1847,#1228,.T.);
#4028=EDGE_CURVE('',#1869,#1845,#1232,.T.);
#4041=EDGE_CURVE('',#1867,#1843,#1236,.T.);
#4054=EDGE_CURVE('',#1865,#1841,#1240,.T.);
#4084=EDGE_CURVE('',#1936,#1941,#1252,.T.);
#4086=EDGE_CURVE('',#1941,#1949,#1256,.T.);
#4088=EDGE_CURVE('',#1944,#1949,#1260,.T.);
#4090=EDGE_CURVE('',#1936,#1944,#1264,.T.);
#4094=EDGE_CURVE('',#2248,#2249,#1268,.T.);
#4096=EDGE_CURVE('',#2249,#2253,#1272,.T.);
#4098=EDGE_CURVE('',#2252,#2253,#1276,.T.);
#4100=EDGE_CURVE('',#2248,#2252,#1280,.T.);
#4104=EDGE_CURVE('',#2264,#2265,#1284,.T.);
#4106=EDGE_CURVE('',#2265,#2269,#1288,.T.);
#4108=EDGE_CURVE('',#2268,#2269,#1292,.T.);
#4110=EDGE_CURVE('',#2264,#2268,#1296,.T.);
#4114=EDGE_CURVE('',#2280,#2281,#1300,.T.);
#4116=EDGE_CURVE('',#2281,#2285,#1304,.T.);
#4118=EDGE_CURVE('',#2284,#2285,#1308,.T.);
#4120=EDGE_CURVE('',#2280,#2284,#1312,.T.);
#4124=EDGE_CURVE('',#2296,#2297,#1316,.T.);
#4126=EDGE_CURVE('',#2297,#2301,#1320,.T.);
#4128=EDGE_CURVE('',#2300,#2301,#1324,.T.);
#4130=EDGE_CURVE('',#2296,#2300,#1328,.T.);
#4134=EDGE_CURVE('',#2312,#2313,#1332,.T.);
#4136=EDGE_CURVE('',#2313,#2317,#1336,.T.);
#4138=EDGE_CURVE('',#2316,#2317,#1340,.T.);
#4140=EDGE_CURVE('',#2312,#2316,#1344,.T.);
#4144=EDGE_CURVE('',#2328,#2329,#1348,.T.);
#4146=EDGE_CURVE('',#2329,#2333,#1352,.T.);
#4148=EDGE_CURVE('',#2332,#2333,#1356,.T.);
#4150=EDGE_CURVE('',#2328,#2332,#1360,.T.);
#4154=EDGE_CURVE('',#2344,#2345,#1364,.T.);
#4156=EDGE_CURVE('',#2345,#2349,#1368,.T.);
#4158=EDGE_CURVE('',#2348,#2349,#1372,.T.);
#4160=EDGE_CURVE('',#2344,#2348,#1376,.T.);
#4170=EDGE_CURVE('',#1936,#1937,#1380,.T.);
#4173=EDGE_CURVE('',#1940,#1941,#1384,.T.);
#4186=EDGE_CURVE('',#1944,#1945,#1388,.T.);
#4199=EDGE_CURVE('',#1948,#1949,#1392,.T.);
#4223=EDGE_CURVE('',#2241,#2249,#1396,.T.);
#4226=EDGE_CURVE('',#2248,#2240,#1400,.T.);
#4237=EDGE_CURVE('',#2245,#2253,#1408,.T.);
#4250=EDGE_CURVE('',#2252,#2244,#1404,.T.);
#4275=EDGE_CURVE('',#2257,#2265,#1412,.T.);
#4278=EDGE_CURVE('',#2264,#2256,#1416,.T.);
#4289=EDGE_CURVE('',#2261,#2269,#1424,.T.);
#4302=EDGE_CURVE('',#2268,#2260,#1420,.T.);
#4327=EDGE_CURVE('',#2273,#2281,#1428,.T.);
#4330=EDGE_CURVE('',#2280,#2272,#1432,.T.);
#4341=EDGE_CURVE('',#2277,#2285,#1440,.T.);
#4354=EDGE_CURVE('',#2284,#2276,#1436,.T.);
#4379=EDGE_CURVE('',#2289,#2297,#1444,.T.);
#4382=EDGE_CURVE('',#2296,#2288,#1448,.T.);
#4393=EDGE_CURVE('',#2293,#2301,#1456,.T.);
#4406=EDGE_CURVE('',#2300,#2292,#1452,.T.);
#4431=EDGE_CURVE('',#2305,#2313,#1460,.T.);
#4434=EDGE_CURVE('',#2312,#2304,#1464,.T.);
#4445=EDGE_CURVE('',#2309,#2317,#1472,.T.);
#4458=EDGE_CURVE('',#2316,#2308,#1468,.T.);
#4483=EDGE_CURVE('',#2321,#2329,#1476,.T.);
#4486=EDGE_CURVE('',#2328,#2320,#1480,.T.);
#4497=EDGE_CURVE('',#2325,#2333,#1488,.T.);
#4510=EDGE_CURVE('',#2332,#2324,#1484,.T.);
#4535=EDGE_CURVE('',#2337,#2345,#1492,.T.);
#4538=EDGE_CURVE('',#2344,#2336,#1496,.T.);
#4549=EDGE_CURVE('',#2341,#2349,#1504,.T.);
#4562=EDGE_CURVE('',#2348,#2340,#1500,.T.);
#4588=EDGE_CURVE('',#1897,#1899,#1536,.T.);
#4599=EDGE_CURVE('',#1892,#1893,#1516,.T.);
#4601=EDGE_CURVE('',#1905,#1892,#1520,.T.);
#4603=EDGE_CURVE('',#1903,#1905,#1524,.T.);
#4605=EDGE_CURVE('',#1901,#1903,#1528,.T.);
#4610=EDGE_CURVE('',#1893,#1895,#1544,.T.);
#4621=EDGE_CURVE('',#2149,#2160,#1552,.T.);
#4623=EDGE_CURVE('',#2147,#2149,#1556,.T.);
#4625=EDGE_CURVE('',#2145,#2147,#1560,.T.);
#4627=EDGE_CURVE('',#2144,#2145,#1564,.T.);
#4629=EDGE_CURVE('',#2165,#2144,#1568,.T.);
#4631=EDGE_CURVE('',#2165,#1892,#1572,.T.);
#4634=EDGE_CURVE('',#1908,#1893,#1632,.T.);
#4645=EDGE_CURVE('',#2157,#2161,#1596,.T.);
#4647=EDGE_CURVE('',#2149,#2157,#1576,.T.);
#4658=EDGE_CURVE('',#2164,#1905,#1612,.T.);
#4660=EDGE_CURVE('',#2164,#2152,#1580,.T.);
#4662=EDGE_CURVE('',#2152,#2153,#1584,.T.);
#4664=EDGE_CURVE('',#2153,#2155,#1588,.T.);
#4666=EDGE_CURVE('',#2155,#2157,#1592,.T.);
#4670=EDGE_CURVE('',#1913,#1903,#1604,.T.);
#4681=EDGE_CURVE('',#2164,#2165,#1608,.T.);
#4696=EDGE_CURVE('',#2144,#2152,#1616,.T.);
#4708=EDGE_CURVE('',#2145,#2153,#1620,.T.);
#4721=EDGE_CURVE('',#2147,#2155,#1624,.T.);
#4783=EDGE_CURVE('',#2200,#2201,#1640,.T.);
#4796=EDGE_CURVE('',#2208,#2209,#1649,.T.);
#4809=EDGE_CURVE('',#2216,#2217,#1657,.T.);
#4822=EDGE_CURVE('',#2219,#2221,#1665,.T.);
#4833=EDGE_CURVE('',#2212,#2213,#1673,.T.);
#4846=EDGE_CURVE('',#2204,#2205,#1681,.T.);
#4859=EDGE_CURVE('',#2196,#2197,#1690,.T.);
#4885=EDGE_CURVE('',#1860,#1836,#1707,.T.);
#4897=EDGE_CURVE('',#2352,#2365,#1711,.T.);
#4913=EDGE_CURVE('',#2371,#2353,#1715,.T.);
#4926=EDGE_CURVE('',#2355,#2363,#1719,.T.);
#4938=EDGE_CURVE('',#1857,#1883,#1723,.T.);
#4950=EDGE_CURVE('',#1856,#1888,#1739,.T.);
#4965=EDGE_CURVE('',#1833,#1824,#1768,.T.);
#4968=EDGE_CURVE('',#1880,#1889,#1731,.T.);
#4980=EDGE_CURVE('',#2392,#2393,#1744,.T.);
#4982=EDGE_CURVE('',#2384,#2393,#1801,.T.);
#4991=EDGE_CURVE('',#2389,#2392,#1776,.T.);
#5002=EDGE_CURVE('',#2395,#2392,#1780,.T.);
#5004=EDGE_CURVE('',#2397,#2395,#1789,.T.);
#5006=EDGE_CURVE('',#2393,#2397,#1797,.T.);
#5019=EDGE_CURVE('',#2387,#2395,#1784,.T.);
#5032=EDGE_CURVE('',#2385,#2397,#1793,.T.);
#5055=EDGE_CURVE('',#1881,#1885,#1805,.T.);
#5067=EDGE_CURVE('',#2358,#2369,#1809,.T.);
#5089=(LENGTH_UNIT()NAMED_UNIT(*)SI_UNIT(.MILLI.,.METRE.));
#5091=(NAMED_UNIT(*)PLANE_ANGLE_UNIT()SI_UNIT($,.RADIAN.));
#5094=(NAMED_UNIT(*)SI_UNIT($,.STERADIAN.)SOLID_ANGLE_UNIT());
#5097=ADVANCED_BREP_SHAPE_REPRESENTATION('',(#5088),#5096);
#5104=PRODUCT_DEFINITION('part definition','',#5103,#5100);
#5105=PRODUCT_DEFINITION_SHAPE('','SHAPE FOR C-3-1734577-4.',#5104);
#5106=SHAPE_ASPECT('','solid data associated with C-3-1734577-4',#5105,.F.);
#5107=PROPERTY_DEFINITION('',
'shape for solid data with which properties are associated',#5106);
#5108=SHAPE_REPRESENTATION('',(#5088),#5096);
#5109=SHAPE_DEFINITION_REPRESENTATION(#5107,#5108);
#5110=(LENGTH_UNIT()NAMED_UNIT(*)SI_UNIT(.MILLI.,.METRE.));
#5114=PROPERTY_DEFINITION('geometric validation property',
'area of C-3-1734577-4',#5106);
#5115=REPRESENTATION('surface area',(#5113),#5096);
#5116=PROPERTY_DEFINITION_REPRESENTATION(#5114,#5115);
#5117=(LENGTH_UNIT()NAMED_UNIT(*)SI_UNIT(.MILLI.,.METRE.));
#5121=PROPERTY_DEFINITION('geometric validation property',
'volume of C-3-1734577-4',#5106);
#5122=REPRESENTATION('volume',(#5120),#5096);
#5123=PROPERTY_DEFINITION_REPRESENTATION(#5121,#5122);
#5125=PROPERTY_DEFINITION('geometric validation property',
'centroid of C-3-1734577-4',#5106);
#5126=REPRESENTATION('centroid',(#5124),#5096);
#5127=PROPERTY_DEFINITION_REPRESENTATION(#5125,#5126);
#5128=(LENGTH_UNIT()NAMED_UNIT(*)SI_UNIT(.MILLI.,.METRE.));
#5132=PROPERTY_DEFINITION('geometric validation property',
'area of C-3-1734577-4',#5105);
#5133=REPRESENTATION('surface area',(#5131),#5096);
#5134=PROPERTY_DEFINITION_REPRESENTATION(#5132,#5133);
#5135=(LENGTH_UNIT()NAMED_UNIT(*)SI_UNIT(.MILLI.,.METRE.));
#5139=PROPERTY_DEFINITION('geometric validation property',
'volume of C-3-1734577-4',#5105);
#5140=REPRESENTATION('volume',(#5138),#5096);
#5141=PROPERTY_DEFINITION_REPRESENTATION(#5139,#5140);
#5143=PROPERTY_DEFINITION('geometric validation property',
'centroid of C-3-1734577-4',#5105);
#5144=REPRESENTATION('centroid',(#5142),#5096);
#5145=PROPERTY_DEFINITION_REPRESENTATION(#5143,#5144);
#5146=SHAPE_DEFINITION_REPRESENTATION(#5105,#5097);
#5148=PROPERTY_DEFINITION('user defined attribute','',#5104);
#5152=REPRESENTATION('',(#5151),#5096);
#5153=PROPERTY_DEFINITION_REPRESENTATION(#5148,#5152);
#5154=PROPERTY_DEFINITION('user defined attribute','',#5104);
#5158=REPRESENTATION('',(#5157),#5096);
#5159=PROPERTY_DEFINITION_REPRESENTATION(#5154,#5158);
#5160=PROPERTY_DEFINITION('user defined attribute','',#5104);
#5164=REPRESENTATION('',(#5163),#5096);
#5165=PROPERTY_DEFINITION_REPRESENTATION(#5160,#5164);
#5166=PROPERTY_DEFINITION('user defined attribute','',#5104);
#5170=REPRESENTATION('',(#5169),#5096);
#5171=PROPERTY_DEFINITION_REPRESENTATION(#5166,#5170);
#5172=PROPERTY_DEFINITION('user defined attribute','',#5104);
#5176=REPRESENTATION('',(#5175),#5096);
#5177=PROPERTY_DEFINITION_REPRESENTATION(#5172,#5176);
#5178=PROPERTY_DEFINITION('user defined attribute','',#5104);
#5182=REPRESENTATION('',(#5181),#5096);
#5183=PROPERTY_DEFINITION_REPRESENTATION(#5178,#5182);
#5184=PROPERTY_DEFINITION('user defined attribute','',#5104);
#5188=REPRESENTATION('',(#5187),#5096);
#5189=PROPERTY_DEFINITION_REPRESENTATION(#5184,#5188);
#5190=PROPERTY_DEFINITION('user defined attribute','',#5104);
#5194=REPRESENTATION('',(#5193),#5096);
#5195=PROPERTY_DEFINITION_REPRESENTATION(#5190,#5194);
#5196=PROPERTY_DEFINITION('user defined attribute','',#5104);
#5200=REPRESENTATION('',(#5199),#5096);
#5201=PROPERTY_DEFINITION_REPRESENTATION(#5196,#5200);
#5202=PROPERTY_DEFINITION('user defined attribute','',#5104);
#5206=REPRESENTATION('',(#5205),#5096);
#5207=PROPERTY_DEFINITION_REPRESENTATION(#5202,#5206);
#5208=PROPERTY_DEFINITION('user defined attribute','',#5104);
#5212=REPRESENTATION('',(#5211),#5096);
#5213=PROPERTY_DEFINITION_REPRESENTATION(#5208,#5212);
#5214=PROPERTY_DEFINITION('user defined attribute','',#5104);
#5218=REPRESENTATION('',(#5217),#5096);
#5219=PROPERTY_DEFINITION_REPRESENTATION(#5214,#5218);
#5220=PROPERTY_DEFINITION('user defined attribute','',#5104);
#5224=REPRESENTATION('',(#5223),#5096);
#5225=PROPERTY_DEFINITION_REPRESENTATION(#5220,#5224);
#5226=PROPERTY_DEFINITION('user defined attribute','',#5104);
#5230=REPRESENTATION('',(#5229),#5096);
#5231=PROPERTY_DEFINITION_REPRESENTATION(#5226,#5230);
#5232=PROPERTY_DEFINITION('user defined attribute','',#5104);
#5236=REPRESENTATION('',(#5235),#5096);
#5237=PROPERTY_DEFINITION_REPRESENTATION(#5232,#5236);
#5238=PROPERTY_DEFINITION('user defined attribute','',#5104);
#5242=REPRESENTATION('',(#5241),#5096);
#5243=PROPERTY_DEFINITION_REPRESENTATION(#5238,#5242);
#5244=PROPERTY_DEFINITION('user defined attribute','',#5104);
#5248=REPRESENTATION('',(#5247),#5096);
#5249=PROPERTY_DEFINITION_REPRESENTATION(#5244,#5248);
#5250=PROPERTY_DEFINITION('user defined attribute','',#5104);
#5254=REPRESENTATION('',(#5253),#5096);
#5255=PROPERTY_DEFINITION_REPRESENTATION(#5250,#5254);
#5256=PROPERTY_DEFINITION('user defined attribute','',#5104);
#5260=REPRESENTATION('',(#5259),#5096);
#5261=PROPERTY_DEFINITION_REPRESENTATION(#5256,#5260);
#5262=PROPERTY_DEFINITION('user defined attribute','',#5104);
#5266=REPRESENTATION('',(#5265),#5096);
#5267=PROPERTY_DEFINITION_REPRESENTATION(#5262,#5266);
#5268=PROPERTY_DEFINITION('user defined attribute','',#5104);
#5272=REPRESENTATION('',(#5271),#5096);
#5273=PROPERTY_DEFINITION_REPRESENTATION(#5268,#5272);
#5274=PROPERTY_DEFINITION('user defined attribute','',#5104);
#5278=REPRESENTATION('',(#5277),#5096);
#5279=PROPERTY_DEFINITION_REPRESENTATION(#5274,#5278);
#5280=PROPERTY_DEFINITION('user defined attribute','',#5104);
#5284=REPRESENTATION('',(#5283),#5096);
#5285=PROPERTY_DEFINITION_REPRESENTATION(#5280,#5284);
#5286=PROPERTY_DEFINITION('user defined attribute','',#5104);
#5290=REPRESENTATION('',(#5289),#5096);
#5291=PROPERTY_DEFINITION_REPRESENTATION(#5286,#5290);
ENDSEC;
END-ISO-10303-21;
